ISO-10303-21;
HEADER;
/* Generated by software containing ST-Developer
 * from STEP Tools, Inc. (www.steptools.com) 
 */
/* OPTION: using custom renumber hook */

FILE_DESCRIPTION(
/* description */ ('STEP AP242 Edition 2',
'CAx-IF Rec.Pracs.---Representation and Presentation of Product Manufa
cturing Information (PMI)---4.0---2014-10-13',
'CAx-IF Rec.Pracs.---3D Tessellated Geometry---0.4---2014-09-14','2;1',
'CAx-IF Rec.Pracs.---User Defined Attributes---1.5---2016-08-15'),
/* implementation_level */ '2;1');

FILE_NAME(
/* name */ 'Part Studio 1 - Laptop Stand',
/* time_stamp */ '2026-08-05T21:18:51Z',
/* author */ (''),
/* organization */ (''),
/* preprocessor_version */ 'ST-DEVELOPER v20',
/* originating_system */ 'ONSHAPE BY PTC INC, 1.218',
/* authorisation */ '  ');

FILE_SCHEMA (('AP242_MANAGED_MODEL_BASED_3D_ENGINEERING_MIM_LF { 1 0 10303 442 3 1 4 }'));
ENDSEC;

DATA;
#10=SHAPE_REPRESENTATION_RELATIONSHIP('','',#3859,#11);
#11=ADVANCED_BREP_SHAPE_REPRESENTATION('',(#3857),#6902);
#12=SPHERICAL_SURFACE('',#3964,0.001016);
#13=SPHERICAL_SURFACE('',#3979,0.001016);
#14=SPHERICAL_SURFACE('',#4056,0.001016);
#15=SPHERICAL_SURFACE('',#4059,0.001016);
#16=SPHERICAL_SURFACE('',#4062,0.001016);
#17=SPHERICAL_SURFACE('',#4065,0.001016);
#18=TOROIDAL_SURFACE('',#3948,0.002032,0.001016);
#19=TOROIDAL_SURFACE('',#3960,0.008984,0.001016);
#20=TOROIDAL_SURFACE('',#3962,0.002032,0.001016);
#21=TOROIDAL_SURFACE('',#3974,0.008984,0.001016);
#22=TOROIDAL_SURFACE('',#3983,0.008984,0.001016);
#23=TOROIDAL_SURFACE('',#3992,0.002032,0.001016);
#24=TOROIDAL_SURFACE('',#3994,0.008984,0.001016);
#25=TOROIDAL_SURFACE('',#4000,0.002032,0.001016);
#26=TOROIDAL_SURFACE('',#4028,0.004064,0.001016);
#27=TOROIDAL_SURFACE('',#4030,0.004064,0.001016);
#28=TOROIDAL_SURFACE('',#4043,0.004064,0.001016);
#29=TOROIDAL_SURFACE('',#4045,0.004064,0.001016);
#30=TOROIDAL_SURFACE('',#4130,0.008984,0.001016);
#31=TOROIDAL_SURFACE('',#4134,0.008984,0.001016);
#32=TOROIDAL_SURFACE('',#4135,0.008984,0.001016);
#33=TOROIDAL_SURFACE('',#4139,0.008984,0.001016);
#34=(
BOUNDED_SURFACE()
B_SPLINE_SURFACE(3,2,((#5627,#5628,#5629),(#5630,#5631,#5632),(#5633,#5634,
#5635),(#5636,#5637,#5638),(#5639,#5640,#5641)),.UNSPECIFIED.,.F.,.F.,.F.)
B_SPLINE_SURFACE_WITH_KNOTS((4,1,4),(3,3),(0.01758060227733,0.0769379389123186,
0.136295275547307),(0.,1.),.UNSPECIFIED.)
GEOMETRIC_REPRESENTATION_ITEM()
RATIONAL_B_SPLINE_SURFACE(((1.,0.714076685773812,1.),(1.,0.710807849167581,
1.),(1.,0.701904076246028,1.),(1.,0.683835818197756,1.),(1.,0.660750243479207,
1.)))
REPRESENTATION_ITEM('')
SURFACE()
);
#35=(
BOUNDED_SURFACE()
B_SPLINE_SURFACE(3,2,((#5642,#5643,#5644),(#5645,#5646,#5647),(#5648,#5649,
#5650),(#5651,#5652,#5653)),.UNSPECIFIED.,.F.,.F.,.F.)
B_SPLINE_SURFACE_WITH_KNOTS((4,4),(3,3),(0.0136456138862673,0.138869995621412),
(0.,1.),.PIECEWISE_BEZIER_KNOTS.)
GEOMETRIC_REPRESENTATION_ITEM()
RATIONAL_B_SPLINE_SURFACE(((1.,0.697940330046171,1.),(1.,0.70434946190192,
1.),(1.,0.705712342603,1.),(1.,0.746167146505385,1.)))
REPRESENTATION_ITEM('')
SURFACE()
);
#36=(
BOUNDED_SURFACE()
B_SPLINE_SURFACE(3,2,((#5663,#5664,#5665),(#5666,#5667,#5668),(#5669,#5670,
#5671),(#5672,#5673,#5674),(#5675,#5676,#5677)),.UNSPECIFIED.,.F.,.F.,.F.)
B_SPLINE_SURFACE_WITH_KNOTS((4,1,4),(3,3),(0.0175887238715123,0.0769460605131006,
0.136303397154689),(0.,1.),.UNSPECIFIED.)
GEOMETRIC_REPRESENTATION_ITEM()
RATIONAL_B_SPLINE_SURFACE(((1.,0.714076685773826,1.),(1.,0.710807848788296,
1.),(1.,0.7019040766469,1.),(1.,0.68383581776604,1.),(1.,0.660750243480139,
1.)))
REPRESENTATION_ITEM('')
SURFACE()
);
#37=(
BOUNDED_SURFACE()
B_SPLINE_SURFACE(3,2,((#5678,#5679,#5680),(#5681,#5682,#5683),(#5684,#5685,
#5686),(#5687,#5688,#5689)),.UNSPECIFIED.,.F.,.F.,.F.)
B_SPLINE_SURFACE_WITH_KNOTS((4,4),(3,3),(0.0136537459221807,0.138876366478079),
(0.,1.),.PIECEWISE_BEZIER_KNOTS.)
GEOMETRIC_REPRESENTATION_ITEM()
RATIONAL_B_SPLINE_SURFACE(((1.,0.697940331649428,1.),(1.,0.704349374591679,
1.),(1.,0.705712930956386,1.),(1.,0.746165449765992,1.)))
REPRESENTATION_ITEM('')
SURFACE()
);
#38=B_SPLINE_SURFACE_WITH_KNOTS('',3,1,((#5568,#5569),(#5570,#5571),(#5572,
#5573),(#5574,#5575)),.RULED_SURF.,.F.,.F.,.F.,(4,4),(2,2),(0.0794390322680357,
0.92533521319305),(0.,1.),.PIECEWISE_BEZIER_KNOTS.);
#39=B_SPLINE_SURFACE_WITH_KNOTS('',3,1,((#5599,#5600),(#5601,#5602),(#5603,
#5604),(#5605,#5606)),.RULED_SURF.,.F.,.F.,.F.,(4,4),(2,2),(0.0746647868069523,
0.92056096773196),(0.,1.),.PIECEWISE_BEZIER_KNOTS.);
#40=B_SPLINE_SURFACE_WITH_KNOTS('',3,1,((#5943,#5944),(#5945,#5946),(#5947,
#5948),(#5949,#5950)),.SURF_OF_LINEAR_EXTRUSION.,.F.,.F.,.F.,(4,4),(2,2),
(0.,1.),(0.,1.),.PIECEWISE_BEZIER_KNOTS.);
#41=B_SPLINE_SURFACE_WITH_KNOTS('',3,1,((#5956,#5957),(#5958,#5959),(#5960,
#5961),(#5962,#5963)),.SURF_OF_LINEAR_EXTRUSION.,.F.,.F.,.F.,(4,4),(2,2),
(0.,1.),(0.,1.),.PIECEWISE_BEZIER_KNOTS.);
#42=B_SPLINE_SURFACE_WITH_KNOTS('',3,1,((#5969,#5970),(#5971,#5972),(#5973,
#5974),(#5975,#5976)),.SURF_OF_LINEAR_EXTRUSION.,.F.,.F.,.F.,(4,4),(2,2),
(0.,1.),(0.,1.),.PIECEWISE_BEZIER_KNOTS.);
#43=B_SPLINE_SURFACE_WITH_KNOTS('',3,1,((#6026,#6027),(#6028,#6029),(#6030,
#6031),(#6032,#6033)),.SURF_OF_LINEAR_EXTRUSION.,.F.,.F.,.F.,(4,4),(2,2),
(0.,1.),(0.,1.),.PIECEWISE_BEZIER_KNOTS.);
#44=B_SPLINE_SURFACE_WITH_KNOTS('',3,1,((#6038,#6039),(#6040,#6041),(#6042,
#6043),(#6044,#6045)),.SURF_OF_LINEAR_EXTRUSION.,.F.,.F.,.F.,(4,4),(2,2),
(0.,1.),(0.,1.),.PIECEWISE_BEZIER_KNOTS.);
#45=B_SPLINE_SURFACE_WITH_KNOTS('',3,1,((#6053,#6054),(#6055,#6056),(#6057,
#6058),(#6059,#6060)),.SURF_OF_LINEAR_EXTRUSION.,.F.,.F.,.F.,(4,4),(2,2),
(0.,1.),(0.,1.),.PIECEWISE_BEZIER_KNOTS.);
#46=B_SPLINE_SURFACE_WITH_KNOTS('',3,1,((#6070,#6071),(#6072,#6073),(#6074,
#6075),(#6076,#6077)),.SURF_OF_LINEAR_EXTRUSION.,.F.,.F.,.F.,(4,4),(2,2),
(0.,1.),(0.,1.),.PIECEWISE_BEZIER_KNOTS.);
#47=B_SPLINE_SURFACE_WITH_KNOTS('',3,1,((#6083,#6084),(#6085,#6086),(#6087,
#6088),(#6089,#6090)),.SURF_OF_LINEAR_EXTRUSION.,.F.,.F.,.F.,(4,4),(2,2),
(0.,1.),(0.,1.),.PIECEWISE_BEZIER_KNOTS.);
#48=B_SPLINE_SURFACE_WITH_KNOTS('',3,1,((#6096,#6097),(#6098,#6099),(#6100,
#6101),(#6102,#6103)),.SURF_OF_LINEAR_EXTRUSION.,.F.,.F.,.F.,(4,4),(2,2),
(0.,1.),(0.,1.),.PIECEWISE_BEZIER_KNOTS.);
#49=B_SPLINE_SURFACE_WITH_KNOTS('',3,1,((#6109,#6110),(#6111,#6112),(#6113,
#6114),(#6115,#6116)),.SURF_OF_LINEAR_EXTRUSION.,.F.,.F.,.F.,(4,4),(2,2),
(0.,1.),(0.,1.),.PIECEWISE_BEZIER_KNOTS.);
#50=B_SPLINE_SURFACE_WITH_KNOTS('',3,1,((#6122,#6123),(#6124,#6125),(#6126,
#6127),(#6128,#6129)),.SURF_OF_LINEAR_EXTRUSION.,.F.,.F.,.F.,(4,4),(2,2),
(0.,1.),(0.,1.),.PIECEWISE_BEZIER_KNOTS.);
#51=B_SPLINE_SURFACE_WITH_KNOTS('',3,1,((#6135,#6136),(#6137,#6138),(#6139,
#6140),(#6141,#6142)),.SURF_OF_LINEAR_EXTRUSION.,.F.,.F.,.F.,(4,4),(2,2),
(0.,1.),(0.,1.),.PIECEWISE_BEZIER_KNOTS.);
#52=B_SPLINE_SURFACE_WITH_KNOTS('',3,1,((#6148,#6149),(#6150,#6151),(#6152,
#6153),(#6154,#6155)),.SURF_OF_LINEAR_EXTRUSION.,.F.,.F.,.F.,(4,4),(2,2),
(0.,1.),(0.,1.),.PIECEWISE_BEZIER_KNOTS.);
#53=B_SPLINE_SURFACE_WITH_KNOTS('',3,1,((#6161,#6162),(#6163,#6164),(#6165,
#6166),(#6167,#6168)),.SURF_OF_LINEAR_EXTRUSION.,.F.,.F.,.F.,(4,4),(2,2),
(0.,1.),(0.,1.),.PIECEWISE_BEZIER_KNOTS.);
#54=B_SPLINE_SURFACE_WITH_KNOTS('',3,1,((#6174,#6175),(#6176,#6177),(#6178,
#6179),(#6180,#6181)),.SURF_OF_LINEAR_EXTRUSION.,.F.,.F.,.F.,(4,4),(2,2),
(0.,1.),(0.,1.),.PIECEWISE_BEZIER_KNOTS.);
#55=B_SPLINE_SURFACE_WITH_KNOTS('',3,1,((#6191,#6192),(#6193,#6194),(#6195,
#6196),(#6197,#6198)),.SURF_OF_LINEAR_EXTRUSION.,.F.,.F.,.F.,(4,4),(2,2),
(0.,1.),(0.,1.),.PIECEWISE_BEZIER_KNOTS.);
#56=B_SPLINE_SURFACE_WITH_KNOTS('',3,1,((#6204,#6205),(#6206,#6207),(#6208,
#6209),(#6210,#6211)),.SURF_OF_LINEAR_EXTRUSION.,.F.,.F.,.F.,(4,4),(2,2),
(0.,1.),(0.,1.),.PIECEWISE_BEZIER_KNOTS.);
#57=B_SPLINE_SURFACE_WITH_KNOTS('',3,1,((#6217,#6218),(#6219,#6220),(#6221,
#6222),(#6223,#6224)),.SURF_OF_LINEAR_EXTRUSION.,.F.,.F.,.F.,(4,4),(2,2),
(0.,1.),(0.,1.),.PIECEWISE_BEZIER_KNOTS.);
#58=B_SPLINE_SURFACE_WITH_KNOTS('',3,1,((#6230,#6231),(#6232,#6233),(#6234,
#6235),(#6236,#6237)),.SURF_OF_LINEAR_EXTRUSION.,.F.,.F.,.F.,(4,4),(2,2),
(0.,1.),(0.,1.),.PIECEWISE_BEZIER_KNOTS.);
#59=B_SPLINE_SURFACE_WITH_KNOTS('',3,1,((#6243,#6244),(#6245,#6246),(#6247,
#6248),(#6249,#6250)),.SURF_OF_LINEAR_EXTRUSION.,.F.,.F.,.F.,(4,4),(2,2),
(0.,1.),(0.,1.),.PIECEWISE_BEZIER_KNOTS.);
#60=B_SPLINE_SURFACE_WITH_KNOTS('',3,1,((#6256,#6257),(#6258,#6259),(#6260,
#6261),(#6262,#6263)),.SURF_OF_LINEAR_EXTRUSION.,.F.,.F.,.F.,(4,4),(2,2),
(0.,1.),(0.,1.),.PIECEWISE_BEZIER_KNOTS.);
#61=B_SPLINE_SURFACE_WITH_KNOTS('',3,1,((#6269,#6270),(#6271,#6272),(#6273,
#6274),(#6275,#6276)),.SURF_OF_LINEAR_EXTRUSION.,.F.,.F.,.F.,(4,4),(2,2),
(0.,1.),(0.,1.),.PIECEWISE_BEZIER_KNOTS.);
#62=B_SPLINE_SURFACE_WITH_KNOTS('',3,1,((#6286,#6287),(#6288,#6289),(#6290,
#6291),(#6292,#6293)),.SURF_OF_LINEAR_EXTRUSION.,.F.,.F.,.F.,(4,4),(2,2),
(0.,1.),(0.,1.),.PIECEWISE_BEZIER_KNOTS.);
#63=B_SPLINE_SURFACE_WITH_KNOTS('',3,1,((#6299,#6300),(#6301,#6302),(#6303,
#6304),(#6305,#6306)),.SURF_OF_LINEAR_EXTRUSION.,.F.,.F.,.F.,(4,4),(2,2),
(0.,1.),(0.,1.),.PIECEWISE_BEZIER_KNOTS.);
#64=B_SPLINE_SURFACE_WITH_KNOTS('',3,1,((#6312,#6313),(#6314,#6315),(#6316,
#6317),(#6318,#6319)),.SURF_OF_LINEAR_EXTRUSION.,.F.,.F.,.F.,(4,4),(2,2),
(0.,1.),(0.,1.),.PIECEWISE_BEZIER_KNOTS.);
#65=B_SPLINE_SURFACE_WITH_KNOTS('',3,1,((#6325,#6326),(#6327,#6328),(#6329,
#6330),(#6331,#6332)),.SURF_OF_LINEAR_EXTRUSION.,.F.,.F.,.F.,(4,4),(2,2),
(0.,1.),(0.,1.),.PIECEWISE_BEZIER_KNOTS.);
#66=B_SPLINE_SURFACE_WITH_KNOTS('',3,1,((#6338,#6339),(#6340,#6341),(#6342,
#6343),(#6344,#6345)),.SURF_OF_LINEAR_EXTRUSION.,.F.,.F.,.F.,(4,4),(2,2),
(0.,1.),(0.,1.),.PIECEWISE_BEZIER_KNOTS.);
#67=B_SPLINE_SURFACE_WITH_KNOTS('',3,1,((#6351,#6352),(#6353,#6354),(#6355,
#6356),(#6357,#6358)),.SURF_OF_LINEAR_EXTRUSION.,.F.,.F.,.F.,(4,4),(2,2),
(0.,1.),(0.,1.),.PIECEWISE_BEZIER_KNOTS.);
#68=B_SPLINE_SURFACE_WITH_KNOTS('',3,1,((#6368,#6369),(#6370,#6371),(#6372,
#6373),(#6374,#6375)),.SURF_OF_LINEAR_EXTRUSION.,.F.,.F.,.F.,(4,4),(2,2),
(0.,1.),(0.,1.),.PIECEWISE_BEZIER_KNOTS.);
#69=B_SPLINE_SURFACE_WITH_KNOTS('',3,1,((#6381,#6382),(#6383,#6384),(#6385,
#6386),(#6387,#6388)),.SURF_OF_LINEAR_EXTRUSION.,.F.,.F.,.F.,(4,4),(2,2),
(0.,1.),(0.,1.),.PIECEWISE_BEZIER_KNOTS.);
#70=B_SPLINE_SURFACE_WITH_KNOTS('',3,1,((#6394,#6395),(#6396,#6397),(#6398,
#6399),(#6400,#6401)),.SURF_OF_LINEAR_EXTRUSION.,.F.,.F.,.F.,(4,4),(2,2),
(0.,1.),(0.,1.),.PIECEWISE_BEZIER_KNOTS.);
#71=B_SPLINE_SURFACE_WITH_KNOTS('',3,1,((#6423,#6424),(#6425,#6426),(#6427,
#6428),(#6429,#6430)),.SURF_OF_LINEAR_EXTRUSION.,.F.,.F.,.F.,(4,4),(2,2),
(0.,1.),(0.,1.),.PIECEWISE_BEZIER_KNOTS.);
#72=B_SPLINE_SURFACE_WITH_KNOTS('',3,1,((#6443,#6444),(#6445,#6446),(#6447,
#6448),(#6449,#6450)),.SURF_OF_LINEAR_EXTRUSION.,.F.,.F.,.F.,(4,4),(2,2),
(0.,1.),(0.,1.),.PIECEWISE_BEZIER_KNOTS.);
#73=B_SPLINE_SURFACE_WITH_KNOTS('',3,1,((#6460,#6461),(#6462,#6463),(#6464,
#6465),(#6466,#6467)),.SURF_OF_LINEAR_EXTRUSION.,.F.,.F.,.F.,(4,4),(2,2),
(0.,1.),(0.,1.),.PIECEWISE_BEZIER_KNOTS.);
#74=B_SPLINE_SURFACE_WITH_KNOTS('',3,1,((#6477,#6478),(#6479,#6480),(#6481,
#6482),(#6483,#6484)),.SURF_OF_LINEAR_EXTRUSION.,.F.,.F.,.F.,(4,4),(2,2),
(0.,1.),(0.,1.),.PIECEWISE_BEZIER_KNOTS.);
#75=B_SPLINE_SURFACE_WITH_KNOTS('',3,1,((#6494,#6495),(#6496,#6497),(#6498,
#6499),(#6500,#6501)),.SURF_OF_LINEAR_EXTRUSION.,.F.,.F.,.F.,(4,4),(2,2),
(0.,1.),(0.,1.),.PIECEWISE_BEZIER_KNOTS.);
#76=B_SPLINE_SURFACE_WITH_KNOTS('',3,1,((#6511,#6512),(#6513,#6514),(#6515,
#6516),(#6517,#6518)),.SURF_OF_LINEAR_EXTRUSION.,.F.,.F.,.F.,(4,4),(2,2),
(0.,1.),(0.,1.),.PIECEWISE_BEZIER_KNOTS.);
#77=B_SPLINE_SURFACE_WITH_KNOTS('',3,1,((#6540,#6541),(#6542,#6543),(#6544,
#6545),(#6546,#6547)),.SURF_OF_LINEAR_EXTRUSION.,.F.,.F.,.F.,(4,4),(2,2),
(0.,1.),(0.,1.),.PIECEWISE_BEZIER_KNOTS.);
#78=B_SPLINE_SURFACE_WITH_KNOTS('',3,1,((#6557,#6558),(#6559,#6560),(#6561,
#6562),(#6563,#6564)),.SURF_OF_LINEAR_EXTRUSION.,.F.,.F.,.F.,(4,4),(2,2),
(0.,1.),(0.,1.),.PIECEWISE_BEZIER_KNOTS.);
#79=B_SPLINE_SURFACE_WITH_KNOTS('',3,1,((#6572,#6573),(#6574,#6575),(#6576,
#6577),(#6578,#6579)),.SURF_OF_LINEAR_EXTRUSION.,.F.,.F.,.F.,(4,4),(2,2),
(0.,1.),(0.,1.),.PIECEWISE_BEZIER_KNOTS.);
#80=B_SPLINE_SURFACE_WITH_KNOTS('',3,1,((#6585,#6586),(#6587,#6588),(#6589,
#6590),(#6591,#6592)),.SURF_OF_LINEAR_EXTRUSION.,.F.,.F.,.F.,(4,4),(2,2),
(0.,1.),(0.,1.),.PIECEWISE_BEZIER_KNOTS.);
#81=B_SPLINE_SURFACE_WITH_KNOTS('',3,1,((#6602,#6603),(#6604,#6605),(#6606,
#6607),(#6608,#6609)),.SURF_OF_LINEAR_EXTRUSION.,.F.,.F.,.F.,(4,4),(2,2),
(0.,1.),(0.,1.),.PIECEWISE_BEZIER_KNOTS.);
#82=B_SPLINE_SURFACE_WITH_KNOTS('',3,1,((#6615,#6616),(#6617,#6618),(#6619,
#6620),(#6621,#6622)),.SURF_OF_LINEAR_EXTRUSION.,.F.,.F.,.F.,(4,4),(2,2),
(0.,1.),(0.,1.),.PIECEWISE_BEZIER_KNOTS.);
#83=B_SPLINE_SURFACE_WITH_KNOTS('',3,1,((#6640,#6641),(#6642,#6643),(#6644,
#6645),(#6646,#6647)),.SURF_OF_LINEAR_EXTRUSION.,.F.,.F.,.F.,(4,4),(2,2),
(0.,1.),(0.,1.),.PIECEWISE_BEZIER_KNOTS.);
#84=B_SPLINE_SURFACE_WITH_KNOTS('',3,1,((#6653,#6654),(#6655,#6656),(#6657,
#6658),(#6659,#6660)),.SURF_OF_LINEAR_EXTRUSION.,.F.,.F.,.F.,(4,4),(2,2),
(0.,1.),(0.,1.),.PIECEWISE_BEZIER_KNOTS.);
#85=B_SPLINE_SURFACE_WITH_KNOTS('',3,1,((#6670,#6671),(#6672,#6673),(#6674,
#6675),(#6676,#6677)),.SURF_OF_LINEAR_EXTRUSION.,.F.,.F.,.F.,(4,4),(2,2),
(0.,1.),(0.,1.),.PIECEWISE_BEZIER_KNOTS.);
#86=B_SPLINE_SURFACE_WITH_KNOTS('',3,1,((#6683,#6684),(#6685,#6686),(#6687,
#6688),(#6689,#6690)),.SURF_OF_LINEAR_EXTRUSION.,.F.,.F.,.F.,(4,4),(2,2),
(0.,1.),(0.,1.),.PIECEWISE_BEZIER_KNOTS.);
#87=B_SPLINE_SURFACE_WITH_KNOTS('',3,1,((#6696,#6697),(#6698,#6699),(#6700,
#6701),(#6702,#6703)),.SURF_OF_LINEAR_EXTRUSION.,.F.,.F.,.F.,(4,4),(2,2),
(0.,1.),(0.,1.),.PIECEWISE_BEZIER_KNOTS.);
#88=B_SPLINE_SURFACE_WITH_KNOTS('',3,1,((#6713,#6714),(#6715,#6716),(#6717,
#6718),(#6719,#6720)),.SURF_OF_LINEAR_EXTRUSION.,.F.,.F.,.F.,(4,4),(2,2),
(0.,1.),(0.,1.),.PIECEWISE_BEZIER_KNOTS.);
#89=B_SPLINE_SURFACE_WITH_KNOTS('',3,1,((#6726,#6727),(#6728,#6729),(#6730,
#6731),(#6732,#6733)),.SURF_OF_LINEAR_EXTRUSION.,.F.,.F.,.F.,(4,4),(2,2),
(0.,1.),(0.,1.),.PIECEWISE_BEZIER_KNOTS.);
#90=B_SPLINE_SURFACE_WITH_KNOTS('',3,1,((#6739,#6740),(#6741,#6742),(#6743,
#6744),(#6745,#6746)),.SURF_OF_LINEAR_EXTRUSION.,.F.,.F.,.F.,(4,4),(2,2),
(0.,1.),(0.,1.),.PIECEWISE_BEZIER_KNOTS.);
#91=B_SPLINE_SURFACE_WITH_KNOTS('',3,1,((#6752,#6753),(#6754,#6755),(#6756,
#6757),(#6758,#6759)),.SURF_OF_LINEAR_EXTRUSION.,.F.,.F.,.F.,(4,4),(2,2),
(0.,1.),(0.,1.),.PIECEWISE_BEZIER_KNOTS.);
#92=B_SPLINE_SURFACE_WITH_KNOTS('',3,1,((#6773,#6774),(#6775,#6776),(#6777,
#6778),(#6779,#6780)),.SURF_OF_LINEAR_EXTRUSION.,.F.,.F.,.F.,(4,4),(2,2),
(0.,1.),(0.,1.),.PIECEWISE_BEZIER_KNOTS.);
#93=B_SPLINE_SURFACE_WITH_KNOTS('',3,1,((#6786,#6787),(#6788,#6789),(#6790,
#6791),(#6792,#6793)),.SURF_OF_LINEAR_EXTRUSION.,.F.,.F.,.F.,(4,4),(2,2),
(0.,1.),(0.,1.),.PIECEWISE_BEZIER_KNOTS.);
#94=B_SPLINE_SURFACE_WITH_KNOTS('',3,1,((#6799,#6800),(#6801,#6802),(#6803,
#6804),(#6805,#6806)),.SURF_OF_LINEAR_EXTRUSION.,.F.,.F.,.F.,(4,4),(2,2),
(0.,1.),(0.,1.),.PIECEWISE_BEZIER_KNOTS.);
#95=ELLIPSE('',#3897,0.00143684097937106,0.001016);
#96=ELLIPSE('',#3909,0.00109971047549707,0.001016);
#97=ELLIPSE('',#3912,0.00143684097937106,0.001016);
#98=ELLIPSE('',#3914,0.00109971047549707,0.001016);
#99=ELLIPSE('',#4023,0.00143684097937106,0.001016);
#100=ELLIPSE('',#4026,0.00143684097937106,0.001016);
#101=ELLIPSE('',#4033,0.00143684097937106,0.001016);
#102=ELLIPSE('',#4035,0.00143684097937106,0.001016);
#103=ELLIPSE('',#4038,0.00143684097937106,0.001016);
#104=ELLIPSE('',#4041,0.00143684097937106,0.001016);
#105=ELLIPSE('',#4048,0.00143684097937106,0.001016);
#106=ELLIPSE('',#4050,0.00143684097937106,0.001016);
#107=CYLINDRICAL_SURFACE('',#3879,0.00762);
#108=CYLINDRICAL_SURFACE('',#3882,0.00762);
#109=CYLINDRICAL_SURFACE('',#3885,0.00508);
#110=CYLINDRICAL_SURFACE('',#3888,0.00508);
#111=CYLINDRICAL_SURFACE('',#3904,0.001016);
#112=CYLINDRICAL_SURFACE('',#3907,0.001016);
#113=CYLINDRICAL_SURFACE('',#3910,0.001016);
#114=CYLINDRICAL_SURFACE('',#3913,0.001016);
#115=CYLINDRICAL_SURFACE('',#3915,0.001016);
#116=CYLINDRICAL_SURFACE('',#3916,0.001016);
#117=CYLINDRICAL_SURFACE('',#3918,0.001016);
#118=CYLINDRICAL_SURFACE('',#3920,0.001016);
#119=CYLINDRICAL_SURFACE('',#3933,0.01);
#120=CYLINDRICAL_SURFACE('',#3937,0.01);
#121=CYLINDRICAL_SURFACE('',#3945,0.001016);
#122=CYLINDRICAL_SURFACE('',#3951,0.001016);
#123=CYLINDRICAL_SURFACE('',#3954,0.001016);
#124=CYLINDRICAL_SURFACE('',#3956,0.001016);
#125=CYLINDRICAL_SURFACE('',#3958,0.001016);
#126=CYLINDRICAL_SURFACE('',#3966,0.001016);
#127=CYLINDRICAL_SURFACE('',#3968,0.001016);
#128=CYLINDRICAL_SURFACE('',#3970,0.001016);
#129=CYLINDRICAL_SURFACE('',#3972,0.001016);
#130=CYLINDRICAL_SURFACE('',#3976,0.001016);
#131=CYLINDRICAL_SURFACE('',#3981,0.001016);
#132=CYLINDRICAL_SURFACE('',#3985,0.001016);
#133=CYLINDRICAL_SURFACE('',#3987,0.001016);
#134=CYLINDRICAL_SURFACE('',#3990,0.001016);
#135=CYLINDRICAL_SURFACE('',#3996,0.001016);
#136=CYLINDRICAL_SURFACE('',#3998,0.001016);
#137=CYLINDRICAL_SURFACE('',#4002,0.001016);
#138=CYLINDRICAL_SURFACE('',#4022,0.001016);
#139=CYLINDRICAL_SURFACE('',#4025,0.001016);
#140=CYLINDRICAL_SURFACE('',#4032,0.001016);
#141=CYLINDRICAL_SURFACE('',#4034,0.001016);
#142=CYLINDRICAL_SURFACE('',#4036,0.001016);
#143=CYLINDRICAL_SURFACE('',#4037,0.001016);
#144=CYLINDRICAL_SURFACE('',#4040,0.001016);
#145=CYLINDRICAL_SURFACE('',#4047,0.001016);
#146=CYLINDRICAL_SURFACE('',#4049,0.001016);
#147=CYLINDRICAL_SURFACE('',#4051,0.001016);
#148=CYLINDRICAL_SURFACE('',#4052,0.001016);
#149=CYLINDRICAL_SURFACE('',#4053,0.001016);
#150=CYLINDRICAL_SURFACE('',#4054,0.001016);
#151=CYLINDRICAL_SURFACE('',#4057,0.001016);
#152=CYLINDRICAL_SURFACE('',#4060,0.001016);
#153=CYLINDRICAL_SURFACE('',#4063,0.001016);
#154=CYLINDRICAL_SURFACE('',#4066,0.00454212611899443);
#155=CYLINDRICAL_SURFACE('',#4081,0.00173375226485085);
#156=CYLINDRICAL_SURFACE('',#4095,0.00394226669657859);
#157=CYLINDRICAL_SURFACE('',#4098,0.00187883022180421);
#158=CYLINDRICAL_SURFACE('',#4104,0.0021433866606897);
#159=CYLINDRICAL_SURFACE('',#4110,0.0156904841133661);
#160=CYLINDRICAL_SURFACE('',#4124,0.0240529157539271);
#161=CYLINDRICAL_SURFACE('',#4132,0.01);
#162=CYLINDRICAL_SURFACE('',#4137,0.01);
#163=B_SPLINE_CURVE_WITH_KNOTS('',2,(#5048,#5049,#5050),.UNSPECIFIED.,.F.,
 .F.,(3,3),(0.,1.),.PIECEWISE_BEZIER_KNOTS.);
#164=B_SPLINE_CURVE_WITH_KNOTS('',2,(#5053,#5054,#5055),.UNSPECIFIED.,.F.,
 .F.,(3,3),(0.,1.),.PIECEWISE_BEZIER_KNOTS.);
#165=B_SPLINE_CURVE_WITH_KNOTS('',2,(#5057,#5058,#5059),.UNSPECIFIED.,.F.,
 .F.,(3,3),(0.,1.),.PIECEWISE_BEZIER_KNOTS.);
#166=B_SPLINE_CURVE_WITH_KNOTS('',2,(#5061,#5062,#5063),.UNSPECIFIED.,.F.,
 .F.,(3,3),(0.,1.),.PIECEWISE_BEZIER_KNOTS.);
#167=B_SPLINE_CURVE_WITH_KNOTS('',2,(#5065,#5066,#5067),.UNSPECIFIED.,.F.,
 .F.,(3,3),(0.,1.),.PIECEWISE_BEZIER_KNOTS.);
#168=B_SPLINE_CURVE_WITH_KNOTS('',2,(#5073,#5074,#5075),.UNSPECIFIED.,.F.,
 .F.,(3,3),(0.,1.),.PIECEWISE_BEZIER_KNOTS.);
#169=B_SPLINE_CURVE_WITH_KNOTS('',2,(#5077,#5078,#5079),.UNSPECIFIED.,.F.,
 .F.,(3,3),(0.,1.),.PIECEWISE_BEZIER_KNOTS.);
#170=B_SPLINE_CURVE_WITH_KNOTS('',2,(#5081,#5082,#5083),.UNSPECIFIED.,.F.,
 .F.,(3,3),(0.,1.),.PIECEWISE_BEZIER_KNOTS.);
#171=B_SPLINE_CURVE_WITH_KNOTS('',2,(#5085,#5086,#5087),.UNSPECIFIED.,.F.,
 .F.,(3,3),(0.,1.),.PIECEWISE_BEZIER_KNOTS.);
#172=B_SPLINE_CURVE_WITH_KNOTS('',2,(#5091,#5092,#5093),.UNSPECIFIED.,.F.,
 .F.,(3,3),(0.,1.),.PIECEWISE_BEZIER_KNOTS.);
#173=B_SPLINE_CURVE_WITH_KNOTS('',2,(#5095,#5096,#5097),.UNSPECIFIED.,.F.,
 .F.,(3,3),(0.,1.),.PIECEWISE_BEZIER_KNOTS.);
#174=B_SPLINE_CURVE_WITH_KNOTS('',2,(#5099,#5100,#5101),.UNSPECIFIED.,.F.,
 .F.,(3,3),(0.,1.),.PIECEWISE_BEZIER_KNOTS.);
#175=B_SPLINE_CURVE_WITH_KNOTS('',2,(#5105,#5106,#5107),.UNSPECIFIED.,.F.,
 .F.,(3,3),(0.,1.),.PIECEWISE_BEZIER_KNOTS.);
#176=B_SPLINE_CURVE_WITH_KNOTS('',2,(#5109,#5110,#5111),.UNSPECIFIED.,.F.,
 .F.,(3,3),(0.,1.),.PIECEWISE_BEZIER_KNOTS.);
#177=B_SPLINE_CURVE_WITH_KNOTS('',2,(#5119,#5120,#5121),.UNSPECIFIED.,.F.,
 .F.,(3,3),(0.,1.),.PIECEWISE_BEZIER_KNOTS.);
#178=B_SPLINE_CURVE_WITH_KNOTS('',2,(#5123,#5124,#5125),.UNSPECIFIED.,.F.,
 .F.,(3,3),(0.,1.),.PIECEWISE_BEZIER_KNOTS.);
#179=B_SPLINE_CURVE_WITH_KNOTS('',2,(#5129,#5130,#5131),.UNSPECIFIED.,.F.,
 .F.,(3,3),(0.,1.),.PIECEWISE_BEZIER_KNOTS.);
#180=B_SPLINE_CURVE_WITH_KNOTS('',2,(#5137,#5138,#5139),.UNSPECIFIED.,.F.,
 .F.,(3,3),(0.,1.),.PIECEWISE_BEZIER_KNOTS.);
#181=B_SPLINE_CURVE_WITH_KNOTS('',2,(#5163,#5164,#5165),.UNSPECIFIED.,.F.,
 .F.,(3,3),(0.,1.),.PIECEWISE_BEZIER_KNOTS.);
#182=B_SPLINE_CURVE_WITH_KNOTS('',2,(#5167,#5168,#5169),.UNSPECIFIED.,.F.,
 .F.,(3,3),(0.,1.),.PIECEWISE_BEZIER_KNOTS.);
#183=B_SPLINE_CURVE_WITH_KNOTS('',2,(#5171,#5172,#5173),.UNSPECIFIED.,.F.,
 .F.,(3,3),(0.,1.),.PIECEWISE_BEZIER_KNOTS.);
#184=B_SPLINE_CURVE_WITH_KNOTS('',2,(#5174,#5175,#5176),.UNSPECIFIED.,.F.,
 .F.,(3,3),(0.,1.),.PIECEWISE_BEZIER_KNOTS.);
#185=B_SPLINE_CURVE_WITH_KNOTS('',2,(#5179,#5180,#5181),.UNSPECIFIED.,.F.,
 .F.,(3,3),(0.,1.),.PIECEWISE_BEZIER_KNOTS.);
#186=B_SPLINE_CURVE_WITH_KNOTS('',2,(#5183,#5184,#5185),.UNSPECIFIED.,.F.,
 .F.,(3,3),(0.,1.),.PIECEWISE_BEZIER_KNOTS.);
#187=B_SPLINE_CURVE_WITH_KNOTS('',2,(#5187,#5188,#5189),.UNSPECIFIED.,.F.,
 .F.,(3,3),(0.,1.),.PIECEWISE_BEZIER_KNOTS.);
#188=B_SPLINE_CURVE_WITH_KNOTS('',2,(#5191,#5192,#5193),.UNSPECIFIED.,.F.,
 .F.,(3,3),(0.,1.),.PIECEWISE_BEZIER_KNOTS.);
#189=B_SPLINE_CURVE_WITH_KNOTS('',2,(#5197,#5198,#5199),.UNSPECIFIED.,.F.,
 .F.,(3,3),(0.,1.),.PIECEWISE_BEZIER_KNOTS.);
#190=B_SPLINE_CURVE_WITH_KNOTS('',2,(#5201,#5202,#5203),.UNSPECIFIED.,.F.,
 .F.,(3,3),(0.,1.),.PIECEWISE_BEZIER_KNOTS.);
#191=B_SPLINE_CURVE_WITH_KNOTS('',2,(#5205,#5206,#5207),.UNSPECIFIED.,.F.,
 .F.,(3,3),(0.,1.),.PIECEWISE_BEZIER_KNOTS.);
#192=B_SPLINE_CURVE_WITH_KNOTS('',2,(#5209,#5210,#5211),.UNSPECIFIED.,.F.,
 .F.,(3,3),(0.,1.),.PIECEWISE_BEZIER_KNOTS.);
#193=B_SPLINE_CURVE_WITH_KNOTS('',2,(#5213,#5214,#5215),.UNSPECIFIED.,.F.,
 .F.,(3,3),(0.,1.),.PIECEWISE_BEZIER_KNOTS.);
#194=B_SPLINE_CURVE_WITH_KNOTS('',2,(#5217,#5218,#5219),.UNSPECIFIED.,.F.,
 .F.,(3,3),(0.,1.),.PIECEWISE_BEZIER_KNOTS.);
#195=B_SPLINE_CURVE_WITH_KNOTS('',2,(#5223,#5224,#5225),.UNSPECIFIED.,.F.,
 .F.,(3,3),(0.,1.),.PIECEWISE_BEZIER_KNOTS.);
#196=B_SPLINE_CURVE_WITH_KNOTS('',2,(#5227,#5228,#5229),.UNSPECIFIED.,.F.,
 .F.,(3,3),(0.,1.),.PIECEWISE_BEZIER_KNOTS.);
#197=B_SPLINE_CURVE_WITH_KNOTS('',2,(#5231,#5232,#5233),.UNSPECIFIED.,.F.,
 .F.,(3,3),(0.,1.),.PIECEWISE_BEZIER_KNOTS.);
#198=B_SPLINE_CURVE_WITH_KNOTS('',2,(#5235,#5236,#5237),.UNSPECIFIED.,.F.,
 .F.,(3,3),(0.,1.),.PIECEWISE_BEZIER_KNOTS.);
#199=B_SPLINE_CURVE_WITH_KNOTS('',2,(#5239,#5240,#5241),.UNSPECIFIED.,.F.,
 .F.,(3,3),(0.,1.),.PIECEWISE_BEZIER_KNOTS.);
#200=B_SPLINE_CURVE_WITH_KNOTS('',2,(#5243,#5244,#5245),.UNSPECIFIED.,.F.,
 .F.,(3,3),(0.,1.),.PIECEWISE_BEZIER_KNOTS.);
#201=B_SPLINE_CURVE_WITH_KNOTS('',2,(#5247,#5248,#5249),.UNSPECIFIED.,.F.,
 .F.,(3,3),(0.,1.),.PIECEWISE_BEZIER_KNOTS.);
#202=B_SPLINE_CURVE_WITH_KNOTS('',2,(#5253,#5254,#5255),.UNSPECIFIED.,.F.,
 .F.,(3,3),(0.,1.),.PIECEWISE_BEZIER_KNOTS.);
#203=B_SPLINE_CURVE_WITH_KNOTS('',2,(#5257,#5258,#5259),.UNSPECIFIED.,.F.,
 .F.,(3,3),(0.,1.),.PIECEWISE_BEZIER_KNOTS.);
#204=B_SPLINE_CURVE_WITH_KNOTS('',2,(#5261,#5262,#5263),.UNSPECIFIED.,.F.,
 .F.,(3,3),(0.,1.),.PIECEWISE_BEZIER_KNOTS.);
#205=B_SPLINE_CURVE_WITH_KNOTS('',2,(#5265,#5266,#5267),.UNSPECIFIED.,.F.,
 .F.,(3,3),(0.,1.),.PIECEWISE_BEZIER_KNOTS.);
#206=B_SPLINE_CURVE_WITH_KNOTS('',2,(#5269,#5270,#5271),.UNSPECIFIED.,.F.,
 .F.,(3,3),(0.,1.),.PIECEWISE_BEZIER_KNOTS.);
#207=B_SPLINE_CURVE_WITH_KNOTS('',2,(#5273,#5274,#5275),.UNSPECIFIED.,.F.,
 .F.,(3,3),(0.,1.),.PIECEWISE_BEZIER_KNOTS.);
#208=B_SPLINE_CURVE_WITH_KNOTS('',2,(#5277,#5278,#5279),.UNSPECIFIED.,.F.,
 .F.,(3,3),(0.,1.),.PIECEWISE_BEZIER_KNOTS.);
#209=B_SPLINE_CURVE_WITH_KNOTS('',2,(#5281,#5282,#5283),.UNSPECIFIED.,.F.,
 .F.,(3,3),(0.,1.),.PIECEWISE_BEZIER_KNOTS.);
#210=B_SPLINE_CURVE_WITH_KNOTS('',2,(#5285,#5286,#5287),.UNSPECIFIED.,.F.,
 .F.,(3,3),(0.,1.),.PIECEWISE_BEZIER_KNOTS.);
#211=B_SPLINE_CURVE_WITH_KNOTS('',3,(#5321,#5322,#5323,#5324),
 .UNSPECIFIED.,.F.,.F.,(4,4),(0.00133307624696792,0.00157479119768462),
 .UNSPECIFIED.);
#212=B_SPLINE_CURVE_WITH_KNOTS('',3,(#5328,#5329,#5330,#5331),
 .UNSPECIFIED.,.F.,.F.,(4,4),(0.,0.000243467931167798),.UNSPECIFIED.);
#213=B_SPLINE_CURVE_WITH_KNOTS('',3,(#5440,#5441,#5442,#5443),
 .UNSPECIFIED.,.F.,.F.,(4,4),(0.00215337465603926,0.00229453795521972),
 .UNSPECIFIED.);
#214=B_SPLINE_CURVE_WITH_KNOTS('',3,(#5450,#5451,#5452,#5453,#5454,#5455),
 .UNSPECIFIED.,.F.,.F.,(4,1,1,4),(0.,0.000576685098674146,0.00115337019734829,
0.00230674039469658),.UNSPECIFIED.);
#215=B_SPLINE_CURVE_WITH_KNOTS('',3,(#5464,#5465,#5466,#5467,#5468),
 .UNSPECIFIED.,.F.,.F.,(4,1,4),(0.,0.000875362990837777,0.00175072598167555),
 .UNSPECIFIED.);
#216=B_SPLINE_CURVE_WITH_KNOTS('',3,(#5534,#5535,#5536,#5537,#5538,#5539),
 .UNSPECIFIED.,.F.,.F.,(4,1,1,4),(0.,0.00107668732801963,0.00161503099202944,
0.00215337465603926),.UNSPECIFIED.);
#217=B_SPLINE_CURVE_WITH_KNOTS('',3,(#5543,#5544,#5545,#5546,#5547),
 .UNSPECIFIED.,.F.,.F.,(4,1,4),(0.,0.000880877267290919,0.00176175453458184),
 .UNSPECIFIED.);
#218=B_SPLINE_CURVE_WITH_KNOTS('',3,(#5555,#5556,#5557,#5558),
 .UNSPECIFIED.,.F.,.F.,(4,4),(0.000243467931167798,0.00157479148814543),
 .UNSPECIFIED.);
#219=B_SPLINE_CURVE_WITH_KNOTS('',3,(#5560,#5561,#5562,#5563),
 .UNSPECIFIED.,.F.,.F.,(4,4),(0.,0.115768494094652),.UNSPECIFIED.);
#220=B_SPLINE_CURVE_WITH_KNOTS('',3,(#5564,#5565,#5566,#5567),
 .UNSPECIFIED.,.F.,.F.,(4,4),(3.81608198554806E-18,0.115768527512863),
 .UNSPECIFIED.);
#221=B_SPLINE_CURVE_WITH_KNOTS('',3,(#5578,#5579,#5580,#5581,#5582),
 .UNSPECIFIED.,.F.,.F.,(4,1,4),(1.27319582278634E-19,0.0586552517185727,
0.117310503437145),.UNSPECIFIED.);
#222=B_SPLINE_CURVE_WITH_KNOTS('',3,(#5583,#5584,#5585,#5586),
 .UNSPECIFIED.,.F.,.F.,(4,4),(0.,0.122523422780509),.UNSPECIFIED.);
#223=B_SPLINE_CURVE_WITH_KNOTS('',3,(#5591,#5592,#5593,#5594),
 .UNSPECIFIED.,.F.,.F.,(4,4),(0.,0.123730645534845),.UNSPECIFIED.);
#224=B_SPLINE_CURVE_WITH_KNOTS('',3,(#5595,#5596,#5597,#5598),
 .UNSPECIFIED.,.F.,.F.,(4,4),(0.,0.123730631594753),.UNSPECIFIED.);
#225=B_SPLINE_CURVE_WITH_KNOTS('',3,(#5607,#5608,#5609,#5610,#5611),
 .UNSPECIFIED.,.F.,.F.,(4,1,4),(0.,0.0586552190613331,0.117310438122666),
 .UNSPECIFIED.);
#226=B_SPLINE_CURVE_WITH_KNOTS('',3,(#5617,#5618,#5619,#5620),
 .UNSPECIFIED.,.F.,.F.,(4,4),(0.,0.122523445905865),.UNSPECIFIED.);
#227=B_SPLINE_CURVE_WITH_KNOTS('',3,(#5622,#5623,#5624,#5625),
 .UNSPECIFIED.,.F.,.F.,(4,4),(0.,0.00133307624696792),.UNSPECIFIED.);
#228=B_SPLINE_CURVE_WITH_KNOTS('',3,(#5654,#5655,#5656,#5657),
 .UNSPECIFIED.,.F.,.F.,(4,4),(4.30755468272141E-5,0.00032861170288252),
 .UNSPECIFIED.);
#229=B_SPLINE_CURVE_WITH_KNOTS('',3,(#5659,#5660,#5661,#5662),
 .UNSPECIFIED.,.F.,.F.,(4,4),(0.00646101121191632,0.00775741591341625),
 .UNSPECIFIED.);
#230=B_SPLINE_CURVE_WITH_KNOTS('',3,(#5745,#5746,#5747,#5748,#5749),
 .UNSPECIFIED.,.F.,.F.,(4,1,4),(0.,0.00104012195480147,0.00208024390960293),
 .UNSPECIFIED.);
#231=B_SPLINE_CURVE_WITH_KNOTS('',3,(#5761,#5762,#5763,#5764,#5765),
 .UNSPECIFIED.,.F.,.F.,(4,1,4),(0.,0.00104012195480148,0.00208024390960295),
 .UNSPECIFIED.);
#232=B_SPLINE_CURVE_WITH_KNOTS('',2,(#5953,#5954,#5955),.UNSPECIFIED.,.F.,
 .F.,(3,3),(0.,1.),.PIECEWISE_BEZIER_KNOTS.);
#233=B_SPLINE_CURVE_WITH_KNOTS('',2,(#5966,#5967,#5968),.UNSPECIFIED.,.F.,
 .F.,(3,3),(0.,1.),.PIECEWISE_BEZIER_KNOTS.);
#234=B_SPLINE_CURVE_WITH_KNOTS('',2,(#5979,#5980,#5981),.UNSPECIFIED.,.F.,
 .F.,(3,3),(0.,1.),.PIECEWISE_BEZIER_KNOTS.);
#235=B_SPLINE_CURVE_WITH_KNOTS('',2,(#6034,#6035,#6036),.UNSPECIFIED.,.F.,
 .F.,(3,3),(0.,1.),.PIECEWISE_BEZIER_KNOTS.);
#236=B_SPLINE_CURVE_WITH_KNOTS('',2,(#6048,#6049,#6050),.UNSPECIFIED.,.F.,
 .F.,(3,3),(0.,1.),.PIECEWISE_BEZIER_KNOTS.);
#237=B_SPLINE_CURVE_WITH_KNOTS('',2,(#6063,#6064,#6065),.UNSPECIFIED.,.F.,
 .F.,(3,3),(0.,1.),.PIECEWISE_BEZIER_KNOTS.);
#238=B_SPLINE_CURVE_WITH_KNOTS('',2,(#6080,#6081,#6082),.UNSPECIFIED.,.F.,
 .F.,(3,3),(0.,1.),.PIECEWISE_BEZIER_KNOTS.);
#239=B_SPLINE_CURVE_WITH_KNOTS('',2,(#6093,#6094,#6095),.UNSPECIFIED.,.F.,
 .F.,(3,3),(0.,1.),.PIECEWISE_BEZIER_KNOTS.);
#240=B_SPLINE_CURVE_WITH_KNOTS('',2,(#6106,#6107,#6108),.UNSPECIFIED.,.F.,
 .F.,(3,3),(0.,1.),.PIECEWISE_BEZIER_KNOTS.);
#241=B_SPLINE_CURVE_WITH_KNOTS('',2,(#6119,#6120,#6121),.UNSPECIFIED.,.F.,
 .F.,(3,3),(0.,1.),.PIECEWISE_BEZIER_KNOTS.);
#242=B_SPLINE_CURVE_WITH_KNOTS('',2,(#6132,#6133,#6134),.UNSPECIFIED.,.F.,
 .F.,(3,3),(0.,1.),.PIECEWISE_BEZIER_KNOTS.);
#243=B_SPLINE_CURVE_WITH_KNOTS('',2,(#6145,#6146,#6147),.UNSPECIFIED.,.F.,
 .F.,(3,3),(0.,1.),.PIECEWISE_BEZIER_KNOTS.);
#244=B_SPLINE_CURVE_WITH_KNOTS('',2,(#6158,#6159,#6160),.UNSPECIFIED.,.F.,
 .F.,(3,3),(0.,1.),.PIECEWISE_BEZIER_KNOTS.);
#245=B_SPLINE_CURVE_WITH_KNOTS('',2,(#6171,#6172,#6173),.UNSPECIFIED.,.F.,
 .F.,(3,3),(0.,1.),.PIECEWISE_BEZIER_KNOTS.);
#246=B_SPLINE_CURVE_WITH_KNOTS('',2,(#6184,#6185,#6186),.UNSPECIFIED.,.F.,
 .F.,(3,3),(0.,1.),.PIECEWISE_BEZIER_KNOTS.);
#247=B_SPLINE_CURVE_WITH_KNOTS('',2,(#6201,#6202,#6203),.UNSPECIFIED.,.F.,
 .F.,(3,3),(0.,1.),.PIECEWISE_BEZIER_KNOTS.);
#248=B_SPLINE_CURVE_WITH_KNOTS('',2,(#6214,#6215,#6216),.UNSPECIFIED.,.F.,
 .F.,(3,3),(0.,1.),.PIECEWISE_BEZIER_KNOTS.);
#249=B_SPLINE_CURVE_WITH_KNOTS('',2,(#6227,#6228,#6229),.UNSPECIFIED.,.F.,
 .F.,(3,3),(0.,1.),.PIECEWISE_BEZIER_KNOTS.);
#250=B_SPLINE_CURVE_WITH_KNOTS('',2,(#6240,#6241,#6242),.UNSPECIFIED.,.F.,
 .F.,(3,3),(0.,1.),.PIECEWISE_BEZIER_KNOTS.);
#251=B_SPLINE_CURVE_WITH_KNOTS('',2,(#6253,#6254,#6255),.UNSPECIFIED.,.F.,
 .F.,(3,3),(0.,1.),.PIECEWISE_BEZIER_KNOTS.);
#252=B_SPLINE_CURVE_WITH_KNOTS('',2,(#6266,#6267,#6268),.UNSPECIFIED.,.F.,
 .F.,(3,3),(0.,1.),.PIECEWISE_BEZIER_KNOTS.);
#253=B_SPLINE_CURVE_WITH_KNOTS('',2,(#6279,#6280,#6281),.UNSPECIFIED.,.F.,
 .F.,(3,3),(0.,1.),.PIECEWISE_BEZIER_KNOTS.);
#254=B_SPLINE_CURVE_WITH_KNOTS('',2,(#6296,#6297,#6298),.UNSPECIFIED.,.F.,
 .F.,(3,3),(0.,1.),.PIECEWISE_BEZIER_KNOTS.);
#255=B_SPLINE_CURVE_WITH_KNOTS('',2,(#6309,#6310,#6311),.UNSPECIFIED.,.F.,
 .F.,(3,3),(0.,1.),.PIECEWISE_BEZIER_KNOTS.);
#256=B_SPLINE_CURVE_WITH_KNOTS('',2,(#6322,#6323,#6324),.UNSPECIFIED.,.F.,
 .F.,(3,3),(0.,1.),.PIECEWISE_BEZIER_KNOTS.);
#257=B_SPLINE_CURVE_WITH_KNOTS('',2,(#6335,#6336,#6337),.UNSPECIFIED.,.F.,
 .F.,(3,3),(0.,1.),.PIECEWISE_BEZIER_KNOTS.);
#258=B_SPLINE_CURVE_WITH_KNOTS('',2,(#6348,#6349,#6350),.UNSPECIFIED.,.F.,
 .F.,(3,3),(0.,1.),.PIECEWISE_BEZIER_KNOTS.);
#259=B_SPLINE_CURVE_WITH_KNOTS('',2,(#6361,#6362,#6363),.UNSPECIFIED.,.F.,
 .F.,(3,3),(0.,1.),.PIECEWISE_BEZIER_KNOTS.);
#260=B_SPLINE_CURVE_WITH_KNOTS('',2,(#6378,#6379,#6380),.UNSPECIFIED.,.F.,
 .F.,(3,3),(0.,1.),.PIECEWISE_BEZIER_KNOTS.);
#261=B_SPLINE_CURVE_WITH_KNOTS('',2,(#6391,#6392,#6393),.UNSPECIFIED.,.F.,
 .F.,(3,3),(0.,1.),.PIECEWISE_BEZIER_KNOTS.);
#262=B_SPLINE_CURVE_WITH_KNOTS('',2,(#6402,#6403,#6404),.UNSPECIFIED.,.F.,
 .F.,(3,3),(0.,1.),.PIECEWISE_BEZIER_KNOTS.);
#263=B_SPLINE_CURVE_WITH_KNOTS('',2,(#6431,#6432,#6433),.UNSPECIFIED.,.F.,
 .F.,(3,3),(0.,1.),.PIECEWISE_BEZIER_KNOTS.);
#264=B_SPLINE_CURVE_WITH_KNOTS('',2,(#6438,#6439,#6440),.UNSPECIFIED.,.F.,
 .F.,(3,3),(0.,1.),.PIECEWISE_BEZIER_KNOTS.);
#265=B_SPLINE_CURVE_WITH_KNOTS('',2,(#6451,#6452,#6453),.UNSPECIFIED.,.F.,
 .F.,(3,3),(0.,1.),.PIECEWISE_BEZIER_KNOTS.);
#266=B_SPLINE_CURVE_WITH_KNOTS('',2,(#6457,#6458,#6459),.UNSPECIFIED.,.F.,
 .F.,(3,3),(0.,1.),.PIECEWISE_BEZIER_KNOTS.);
#267=B_SPLINE_CURVE_WITH_KNOTS('',2,(#6468,#6469,#6470),.UNSPECIFIED.,.F.,
 .F.,(3,3),(0.,1.),.PIECEWISE_BEZIER_KNOTS.);
#268=B_SPLINE_CURVE_WITH_KNOTS('',2,(#6474,#6475,#6476),.UNSPECIFIED.,.F.,
 .F.,(3,3),(0.,1.),.PIECEWISE_BEZIER_KNOTS.);
#269=B_SPLINE_CURVE_WITH_KNOTS('',2,(#6485,#6486,#6487),.UNSPECIFIED.,.F.,
 .F.,(3,3),(0.,1.),.PIECEWISE_BEZIER_KNOTS.);
#270=B_SPLINE_CURVE_WITH_KNOTS('',2,(#6491,#6492,#6493),.UNSPECIFIED.,.F.,
 .F.,(3,3),(0.,1.),.PIECEWISE_BEZIER_KNOTS.);
#271=B_SPLINE_CURVE_WITH_KNOTS('',2,(#6502,#6503,#6504),.UNSPECIFIED.,.F.,
 .F.,(3,3),(0.,1.),.PIECEWISE_BEZIER_KNOTS.);
#272=B_SPLINE_CURVE_WITH_KNOTS('',2,(#6508,#6509,#6510),.UNSPECIFIED.,.F.,
 .F.,(3,3),(0.,1.),.PIECEWISE_BEZIER_KNOTS.);
#273=B_SPLINE_CURVE_WITH_KNOTS('',2,(#6519,#6520,#6521),.UNSPECIFIED.,.F.,
 .F.,(3,3),(0.,1.),.PIECEWISE_BEZIER_KNOTS.);
#274=B_SPLINE_CURVE_WITH_KNOTS('',2,(#6525,#6526,#6527),.UNSPECIFIED.,.F.,
 .F.,(3,3),(0.,1.),.PIECEWISE_BEZIER_KNOTS.);
#275=B_SPLINE_CURVE_WITH_KNOTS('',2,(#6548,#6549,#6550),.UNSPECIFIED.,.F.,
 .F.,(3,3),(0.,1.),.PIECEWISE_BEZIER_KNOTS.);
#276=B_SPLINE_CURVE_WITH_KNOTS('',2,(#6554,#6555,#6556),.UNSPECIFIED.,.F.,
 .F.,(3,3),(0.,1.),.PIECEWISE_BEZIER_KNOTS.);
#277=B_SPLINE_CURVE_WITH_KNOTS('',2,(#6567,#6568,#6569),.UNSPECIFIED.,.F.,
 .F.,(3,3),(0.,1.),.PIECEWISE_BEZIER_KNOTS.);
#278=B_SPLINE_CURVE_WITH_KNOTS('',2,(#6582,#6583,#6584),.UNSPECIFIED.,.F.,
 .F.,(3,3),(0.,1.),.PIECEWISE_BEZIER_KNOTS.);
#279=B_SPLINE_CURVE_WITH_KNOTS('',2,(#6595,#6596,#6597),.UNSPECIFIED.,.F.,
 .F.,(3,3),(0.,1.),.PIECEWISE_BEZIER_KNOTS.);
#280=B_SPLINE_CURVE_WITH_KNOTS('',2,(#6612,#6613,#6614),.UNSPECIFIED.,.F.,
 .F.,(3,3),(0.,1.),.PIECEWISE_BEZIER_KNOTS.);
#281=B_SPLINE_CURVE_WITH_KNOTS('',2,(#6625,#6626,#6627),.UNSPECIFIED.,.F.,
 .F.,(3,3),(0.,1.),.PIECEWISE_BEZIER_KNOTS.);
#282=B_SPLINE_CURVE_WITH_KNOTS('',2,(#6650,#6651,#6652),.UNSPECIFIED.,.F.,
 .F.,(3,3),(0.,1.),.PIECEWISE_BEZIER_KNOTS.);
#283=B_SPLINE_CURVE_WITH_KNOTS('',2,(#6663,#6664,#6665),.UNSPECIFIED.,.F.,
 .F.,(3,3),(0.,1.),.PIECEWISE_BEZIER_KNOTS.);
#284=B_SPLINE_CURVE_WITH_KNOTS('',2,(#6680,#6681,#6682),.UNSPECIFIED.,.F.,
 .F.,(3,3),(0.,1.),.PIECEWISE_BEZIER_KNOTS.);
#285=B_SPLINE_CURVE_WITH_KNOTS('',2,(#6693,#6694,#6695),.UNSPECIFIED.,.F.,
 .F.,(3,3),(0.,1.),.PIECEWISE_BEZIER_KNOTS.);
#286=B_SPLINE_CURVE_WITH_KNOTS('',2,(#6706,#6707,#6708),.UNSPECIFIED.,.F.,
 .F.,(3,3),(0.,1.),.PIECEWISE_BEZIER_KNOTS.);
#287=B_SPLINE_CURVE_WITH_KNOTS('',2,(#6723,#6724,#6725),.UNSPECIFIED.,.F.,
 .F.,(3,3),(0.,1.),.PIECEWISE_BEZIER_KNOTS.);
#288=B_SPLINE_CURVE_WITH_KNOTS('',2,(#6736,#6737,#6738),.UNSPECIFIED.,.F.,
 .F.,(3,3),(0.,1.),.PIECEWISE_BEZIER_KNOTS.);
#289=B_SPLINE_CURVE_WITH_KNOTS('',2,(#6749,#6750,#6751),.UNSPECIFIED.,.F.,
 .F.,(3,3),(0.,1.),.PIECEWISE_BEZIER_KNOTS.);
#290=B_SPLINE_CURVE_WITH_KNOTS('',2,(#6762,#6763,#6764),.UNSPECIFIED.,.F.,
 .F.,(3,3),(0.,1.),.PIECEWISE_BEZIER_KNOTS.);
#291=B_SPLINE_CURVE_WITH_KNOTS('',2,(#6783,#6784,#6785),.UNSPECIFIED.,.F.,
 .F.,(3,3),(0.,1.),.PIECEWISE_BEZIER_KNOTS.);
#292=B_SPLINE_CURVE_WITH_KNOTS('',2,(#6796,#6797,#6798),.UNSPECIFIED.,.F.,
 .F.,(3,3),(0.,1.),.PIECEWISE_BEZIER_KNOTS.);
#293=B_SPLINE_CURVE_WITH_KNOTS('',2,(#6807,#6808,#6809),.UNSPECIFIED.,.F.,
 .F.,(3,3),(0.,1.),.PIECEWISE_BEZIER_KNOTS.);
#294=LINE('',#5022,#611);
#295=LINE('',#5026,#612);
#296=LINE('',#5030,#613);
#297=LINE('',#5034,#614);
#298=LINE('',#5038,#615);
#299=LINE('',#5040,#616);
#300=LINE('',#5042,#617);
#301=LINE('',#5046,#618);
#302=LINE('',#5069,#619);
#303=LINE('',#5071,#620);
#304=LINE('',#5089,#621);
#305=LINE('',#5103,#622);
#306=LINE('',#5115,#623);
#307=LINE('',#5127,#624);
#308=LINE('',#5132,#625);
#309=LINE('',#5141,#626);
#310=LINE('',#5143,#627);
#311=LINE('',#5145,#628);
#312=LINE('',#5147,#629);
#313=LINE('',#5149,#630);
#314=LINE('',#5151,#631);
#315=LINE('',#5153,#632);
#316=LINE('',#5155,#633);
#317=LINE('',#5157,#634);
#318=LINE('',#5159,#635);
#319=LINE('',#5161,#636);
#320=LINE('',#5195,#637);
#321=LINE('',#5221,#638);
#322=LINE('',#5251,#639);
#323=LINE('',#5290,#640);
#324=LINE('',#5293,#641);
#325=LINE('',#5295,#642);
#326=LINE('',#5297,#643);
#327=LINE('',#5298,#644);
#328=LINE('',#5301,#645);
#329=LINE('',#5303,#646);
#330=LINE('',#5305,#647);
#331=LINE('',#5307,#648);
#332=LINE('',#5309,#649);
#333=LINE('',#5311,#650);
#334=LINE('',#5313,#651);
#335=LINE('',#5317,#652);
#336=LINE('',#5326,#653);
#337=LINE('',#5335,#654);
#338=LINE('',#5339,#655);
#339=LINE('',#5343,#656);
#340=LINE('',#5347,#657);
#341=LINE('',#5349,#658);
#342=LINE('',#5354,#659);
#343=LINE('',#5358,#660);
#344=LINE('',#5363,#661);
#345=LINE('',#5367,#662);
#346=LINE('',#5372,#663);
#347=LINE('',#5376,#664);
#348=LINE('',#5381,#665);
#349=LINE('',#5385,#666);
#350=LINE('',#5388,#667);
#351=LINE('',#5390,#668);
#352=LINE('',#5392,#669);
#353=LINE('',#5394,#670);
#354=LINE('',#5396,#671);
#355=LINE('',#5398,#672);
#356=LINE('',#5400,#673);
#357=LINE('',#5402,#674);
#358=LINE('',#5404,#675);
#359=LINE('',#5406,#676);
#360=LINE('',#5408,#677);
#361=LINE('',#5410,#678);
#362=LINE('',#5413,#679);
#363=LINE('',#5415,#680);
#364=LINE('',#5417,#681);
#365=LINE('',#5419,#682);
#366=LINE('',#5422,#683);
#367=LINE('',#5424,#684);
#368=LINE('',#5426,#685);
#369=LINE('',#5428,#686);
#370=LINE('',#5431,#687);
#371=LINE('',#5433,#688);
#372=LINE('',#5435,#689);
#373=LINE('',#5437,#690);
#374=LINE('',#5445,#691);
#375=LINE('',#5447,#692);
#376=LINE('',#5457,#693);
#377=LINE('',#5461,#694);
#378=LINE('',#5470,#695);
#379=LINE('',#5472,#696);
#380=LINE('',#5474,#697);
#381=LINE('',#5477,#698);
#382=LINE('',#5479,#699);
#383=LINE('',#5482,#700);
#384=LINE('',#5484,#701);
#385=LINE('',#5486,#702);
#386=LINE('',#5488,#703);
#387=LINE('',#5490,#704);
#388=LINE('',#5493,#705);
#389=LINE('',#5494,#706);
#390=LINE('',#5495,#707);
#391=LINE('',#5497,#708);
#392=LINE('',#5499,#709);
#393=LINE('',#5501,#710);
#394=LINE('',#5502,#711);
#395=LINE('',#5504,#712);
#396=LINE('',#5506,#713);
#397=LINE('',#5507,#714);
#398=LINE('',#5508,#715);
#399=LINE('',#5510,#716);
#400=LINE('',#5512,#717);
#401=LINE('',#5524,#718);
#402=LINE('',#5541,#719);
#403=LINE('',#5549,#720);
#404=LINE('',#5551,#721);
#405=LINE('',#5576,#722);
#406=LINE('',#5588,#723);
#407=LINE('',#5613,#724);
#408=LINE('',#5615,#725);
#409=LINE('',#5692,#726);
#410=LINE('',#5695,#727);
#411=LINE('',#5697,#728);
#412=LINE('',#5699,#729);
#413=LINE('',#5701,#730);
#414=LINE('',#5704,#731);
#415=LINE('',#5706,#732);
#416=LINE('',#5708,#733);
#417=LINE('',#5712,#734);
#418=LINE('',#5716,#735);
#419=LINE('',#5718,#736);
#420=LINE('',#5720,#737);
#421=LINE('',#5724,#738);
#422=LINE('',#5728,#739);
#423=LINE('',#5730,#740);
#424=LINE('',#5732,#741);
#425=LINE('',#5734,#742);
#426=LINE('',#5737,#743);
#427=LINE('',#5739,#744);
#428=LINE('',#5741,#745);
#429=LINE('',#5743,#746);
#430=LINE('',#5751,#747);
#431=LINE('',#5753,#748);
#432=LINE('',#5755,#749);
#433=LINE('',#5757,#750);
#434=LINE('',#5759,#751);
#435=LINE('',#5767,#752);
#436=LINE('',#5770,#753);
#437=LINE('',#5771,#754);
#438=LINE('',#5832,#755);
#439=LINE('',#5833,#756);
#440=LINE('',#5835,#757);
#441=LINE('',#5839,#758);
#442=LINE('',#5842,#759);
#443=LINE('',#5844,#760);
#444=LINE('',#5846,#761);
#445=LINE('',#5850,#762);
#446=LINE('',#5852,#763);
#447=LINE('',#5855,#764);
#448=LINE('',#5856,#765);
#449=LINE('',#5858,#766);
#450=LINE('',#5860,#767);
#451=LINE('',#5862,#768);
#452=LINE('',#5866,#769);
#453=LINE('',#5868,#770);
#454=LINE('',#5869,#771);
#455=LINE('',#5871,#772);
#456=LINE('',#5875,#773);
#457=LINE('',#5878,#774);
#458=LINE('',#5880,#775);
#459=LINE('',#5882,#776);
#460=LINE('',#5885,#777);
#461=LINE('',#5888,#778);
#462=LINE('',#5934,#779);
#463=LINE('',#5938,#780);
#464=LINE('',#5940,#781);
#465=LINE('',#5942,#782);
#466=LINE('',#5951,#783);
#467=LINE('',#5964,#784);
#468=LINE('',#5977,#785);
#469=LINE('',#5983,#786);
#470=LINE('',#5985,#787);
#471=LINE('',#5987,#788);
#472=LINE('',#5989,#789);
#473=LINE('',#5991,#790);
#474=LINE('',#5993,#791);
#475=LINE('',#5995,#792);
#476=LINE('',#5997,#793);
#477=LINE('',#5999,#794);
#478=LINE('',#6001,#795);
#479=LINE('',#6003,#796);
#480=LINE('',#6005,#797);
#481=LINE('',#6007,#798);
#482=LINE('',#6009,#799);
#483=LINE('',#6011,#800);
#484=LINE('',#6013,#801);
#485=LINE('',#6015,#802);
#486=LINE('',#6017,#803);
#487=LINE('',#6019,#804);
#488=LINE('',#6021,#805);
#489=LINE('',#6023,#806);
#490=LINE('',#6025,#807);
#491=LINE('',#6046,#808);
#492=LINE('',#6052,#809);
#493=LINE('',#6061,#810);
#494=LINE('',#6067,#811);
#495=LINE('',#6078,#812);
#496=LINE('',#6091,#813);
#497=LINE('',#6104,#814);
#498=LINE('',#6117,#815);
#499=LINE('',#6130,#816);
#500=LINE('',#6143,#817);
#501=LINE('',#6156,#818);
#502=LINE('',#6169,#819);
#503=LINE('',#6182,#820);
#504=LINE('',#6188,#821);
#505=LINE('',#6190,#822);
#506=LINE('',#6199,#823);
#507=LINE('',#6212,#824);
#508=LINE('',#6225,#825);
#509=LINE('',#6238,#826);
#510=LINE('',#6251,#827);
#511=LINE('',#6264,#828);
#512=LINE('',#6277,#829);
#513=LINE('',#6283,#830);
#514=LINE('',#6285,#831);
#515=LINE('',#6294,#832);
#516=LINE('',#6307,#833);
#517=LINE('',#6320,#834);
#518=LINE('',#6333,#835);
#519=LINE('',#6346,#836);
#520=LINE('',#6359,#837);
#521=LINE('',#6365,#838);
#522=LINE('',#6367,#839);
#523=LINE('',#6376,#840);
#524=LINE('',#6389,#841);
#525=LINE('',#6407,#842);
#526=LINE('',#6409,#843);
#527=LINE('',#6411,#844);
#528=LINE('',#6413,#845);
#529=LINE('',#6415,#846);
#530=LINE('',#6417,#847);
#531=LINE('',#6419,#848);
#532=LINE('',#6421,#849);
#533=LINE('',#6436,#850);
#534=LINE('',#6442,#851);
#535=LINE('',#6455,#852);
#536=LINE('',#6472,#853);
#537=LINE('',#6489,#854);
#538=LINE('',#6506,#855);
#539=LINE('',#6523,#856);
#540=LINE('',#6529,#857);
#541=LINE('',#6531,#858);
#542=LINE('',#6533,#859);
#543=LINE('',#6535,#860);
#544=LINE('',#6537,#861);
#545=LINE('',#6539,#862);
#546=LINE('',#6552,#863);
#547=LINE('',#6565,#864);
#548=LINE('',#6571,#865);
#549=LINE('',#6580,#866);
#550=LINE('',#6593,#867);
#551=LINE('',#6599,#868);
#552=LINE('',#6601,#869);
#553=LINE('',#6610,#870);
#554=LINE('',#6623,#871);
#555=LINE('',#6629,#872);
#556=LINE('',#6633,#873);
#557=LINE('',#6635,#874);
#558=LINE('',#6637,#875);
#559=LINE('',#6648,#876);
#560=LINE('',#6661,#877);
#561=LINE('',#6667,#878);
#562=LINE('',#6669,#879);
#563=LINE('',#6678,#880);
#564=LINE('',#6691,#881);
#565=LINE('',#6704,#882);
#566=LINE('',#6710,#883);
#567=LINE('',#6712,#884);
#568=LINE('',#6721,#885);
#569=LINE('',#6734,#886);
#570=LINE('',#6747,#887);
#571=LINE('',#6760,#888);
#572=LINE('',#6766,#889);
#573=LINE('',#6768,#890);
#574=LINE('',#6770,#891);
#575=LINE('',#6772,#892);
#576=LINE('',#6781,#893);
#577=LINE('',#6794,#894);
#578=LINE('',#6815,#895);
#579=LINE('',#6818,#896);
#580=LINE('',#6820,#897);
#581=LINE('',#6822,#898);
#582=LINE('',#6824,#899);
#583=LINE('',#6826,#900);
#584=LINE('',#6828,#901);
#585=LINE('',#6832,#902);
#586=LINE('',#6836,#903);
#587=LINE('',#6838,#904);
#588=LINE('',#6840,#905);
#589=LINE('',#6842,#906);
#590=LINE('',#6844,#907);
#591=LINE('',#6846,#908);
#592=LINE('',#6848,#909);
#593=LINE('',#6850,#910);
#594=LINE('',#6852,#911);
#595=LINE('',#6854,#912);
#596=LINE('',#6856,#913);
#597=LINE('',#6858,#914);
#598=LINE('',#6860,#915);
#599=LINE('',#6862,#916);
#600=LINE('',#6864,#917);
#601=LINE('',#6866,#918);
#602=LINE('',#6868,#919);
#603=LINE('',#6870,#920);
#604=LINE('',#6872,#921);
#605=LINE('',#6874,#922);
#606=LINE('',#6876,#923);
#607=LINE('',#6878,#924);
#608=LINE('',#6880,#925);
#609=LINE('',#6882,#926);
#610=LINE('',#6884,#927);
#611=VECTOR('',#4146,1.);
#612=VECTOR('',#4149,1.);
#613=VECTOR('',#4152,1.);
#614=VECTOR('',#4155,1.);
#615=VECTOR('',#4158,1.);
#616=VECTOR('',#4159,1.);
#617=VECTOR('',#4160,1.);
#618=VECTOR('',#4163,1.);
#619=VECTOR('',#4166,1.);
#620=VECTOR('',#4167,1.);
#621=VECTOR('',#4168,1.);
#622=VECTOR('',#4169,1.);
#623=VECTOR('',#4172,1.);
#624=VECTOR('',#4175,1.);
#625=VECTOR('',#4176,1.);
#626=VECTOR('',#4179,1.);
#627=VECTOR('',#4180,1.);
#628=VECTOR('',#4181,1.);
#629=VECTOR('',#4182,1.);
#630=VECTOR('',#4183,1.);
#631=VECTOR('',#4184,1.);
#632=VECTOR('',#4185,1.);
#633=VECTOR('',#4186,1.);
#634=VECTOR('',#4187,1.);
#635=VECTOR('',#4188,1.);
#636=VECTOR('',#4189,1.);
#637=VECTOR('',#4190,1.);
#638=VECTOR('',#4191,1.);
#639=VECTOR('',#4192,1.);
#640=VECTOR('',#4195,1.);
#641=VECTOR('',#4196,1.);
#642=VECTOR('',#4197,1.);
#643=VECTOR('',#4198,1.);
#644=VECTOR('',#4199,1.);
#645=VECTOR('',#4200,1.);
#646=VECTOR('',#4201,1.);
#647=VECTOR('',#4202,1.);
#648=VECTOR('',#4203,1.);
#649=VECTOR('',#4204,1.);
#650=VECTOR('',#4205,1.);
#651=VECTOR('',#4206,1.);
#652=VECTOR('',#4209,1.);
#653=VECTOR('',#4212,1.);
#654=VECTOR('',#4215,1.);
#655=VECTOR('',#4218,1.);
#656=VECTOR('',#4221,1.);
#657=VECTOR('',#4224,1.);
#658=VECTOR('',#4227,1.);
#659=VECTOR('',#4230,1.);
#660=VECTOR('',#4235,1.);
#661=VECTOR('',#4238,1.);
#662=VECTOR('',#4243,1.);
#663=VECTOR('',#4246,1.);
#664=VECTOR('',#4251,1.);
#665=VECTOR('',#4254,1.);
#666=VECTOR('',#4259,1.);
#667=VECTOR('',#4260,1.);
#668=VECTOR('',#4261,1.);
#669=VECTOR('',#4262,1.);
#670=VECTOR('',#4263,1.);
#671=VECTOR('',#4264,1.);
#672=VECTOR('',#4265,1.);
#673=VECTOR('',#4266,1.);
#674=VECTOR('',#4267,1.);
#675=VECTOR('',#4268,1.);
#676=VECTOR('',#4269,1.);
#677=VECTOR('',#4270,1.);
#678=VECTOR('',#4273,1.);
#679=VECTOR('',#4274,1.);
#680=VECTOR('',#4275,1.);
#681=VECTOR('',#4276,1.);
#682=VECTOR('',#4279,1.);
#683=VECTOR('',#4280,1.);
#684=VECTOR('',#4281,1.);
#685=VECTOR('',#4282,1.);
#686=VECTOR('',#4285,1.);
#687=VECTOR('',#4286,1.);
#688=VECTOR('',#4287,1.);
#689=VECTOR('',#4288,1.);
#690=VECTOR('',#4291,1.);
#691=VECTOR('',#4292,1.);
#692=VECTOR('',#4295,1.);
#693=VECTOR('',#4296,1.);
#694=VECTOR('',#4301,1.);
#695=VECTOR('',#4302,1.);
#696=VECTOR('',#4305,1.);
#697=VECTOR('',#4306,1.);
#698=VECTOR('',#4309,1.);
#699=VECTOR('',#4312,1.);
#700=VECTOR('',#4313,1.);
#701=VECTOR('',#4314,1.);
#702=VECTOR('',#4315,1.);
#703=VECTOR('',#4316,1.);
#704=VECTOR('',#4319,1.);
#705=VECTOR('',#4320,1.);
#706=VECTOR('',#4321,1.);
#707=VECTOR('',#4322,1.);
#708=VECTOR('',#4325,1.);
#709=VECTOR('',#4326,1.);
#710=VECTOR('',#4327,1.);
#711=VECTOR('',#4328,1.);
#712=VECTOR('',#4329,1.);
#713=VECTOR('',#4330,1.);
#714=VECTOR('',#4331,1.);
#715=VECTOR('',#4332,1.);
#716=VECTOR('',#4333,1.);
#717=VECTOR('',#4334,1.);
#718=VECTOR('',#4357,1.);
#719=VECTOR('',#4376,1.);
#720=VECTOR('',#4377,1.);
#721=VECTOR('',#4380,1.);
#722=VECTOR('',#4385,1.);
#723=VECTOR('',#4388,1.);
#724=VECTOR('',#4389,1.);
#725=VECTOR('',#4390,1.);
#726=VECTOR('',#4399,1.);
#727=VECTOR('',#4400,1.);
#728=VECTOR('',#4401,1.);
#729=VECTOR('',#4402,1.);
#730=VECTOR('',#4405,1.);
#731=VECTOR('',#4406,1.);
#732=VECTOR('',#4407,1.);
#733=VECTOR('',#4408,1.);
#734=VECTOR('',#4413,1.);
#735=VECTOR('',#4418,1.);
#736=VECTOR('',#4419,1.);
#737=VECTOR('',#4420,1.);
#738=VECTOR('',#4425,1.);
#739=VECTOR('',#4430,1.);
#740=VECTOR('',#4431,1.);
#741=VECTOR('',#4432,1.);
#742=VECTOR('',#4435,1.);
#743=VECTOR('',#4436,1.);
#744=VECTOR('',#4437,1.);
#745=VECTOR('',#4438,1.);
#746=VECTOR('',#4441,1.);
#747=VECTOR('',#4442,1.);
#748=VECTOR('',#4443,1.);
#749=VECTOR('',#4446,1.);
#750=VECTOR('',#4447,1.);
#751=VECTOR('',#4448,1.);
#752=VECTOR('',#4451,1.);
#753=VECTOR('',#4452,1.);
#754=VECTOR('',#4453,1.);
#755=VECTOR('',#4574,1.);
#756=VECTOR('',#4575,1.);
#757=VECTOR('',#4576,1.);
#758=VECTOR('',#4579,1.);
#759=VECTOR('',#4584,1.);
#760=VECTOR('',#4585,1.);
#761=VECTOR('',#4588,1.);
#762=VECTOR('',#4591,1.);
#763=VECTOR('',#4594,1.);
#764=VECTOR('',#4595,1.);
#765=VECTOR('',#4596,1.);
#766=VECTOR('',#4599,1.);
#767=VECTOR('',#4600,1.);
#768=VECTOR('',#4603,1.);
#769=VECTOR('',#4606,1.);
#770=VECTOR('',#4609,1.);
#771=VECTOR('',#4610,1.);
#772=VECTOR('',#4611,1.);
#773=VECTOR('',#4614,1.);
#774=VECTOR('',#4619,1.);
#775=VECTOR('',#4620,1.);
#776=VECTOR('',#4621,1.);
#777=VECTOR('',#4626,1.);
#778=VECTOR('',#4631,1.);
#779=VECTOR('',#4722,1.);
#780=VECTOR('',#4725,1.);
#781=VECTOR('',#4728,1.);
#782=VECTOR('',#4729,1.);
#783=VECTOR('',#4730,1.);
#784=VECTOR('',#4731,1.);
#785=VECTOR('',#4732,1.);
#786=VECTOR('',#4735,1.);
#787=VECTOR('',#4736,1.);
#788=VECTOR('',#4739,1.);
#789=VECTOR('',#4740,1.);
#790=VECTOR('',#4743,1.);
#791=VECTOR('',#4744,1.);
#792=VECTOR('',#4747,1.);
#793=VECTOR('',#4748,1.);
#794=VECTOR('',#4751,1.);
#795=VECTOR('',#4752,1.);
#796=VECTOR('',#4755,1.);
#797=VECTOR('',#4756,1.);
#798=VECTOR('',#4759,1.);
#799=VECTOR('',#4760,1.);
#800=VECTOR('',#4763,1.);
#801=VECTOR('',#4764,1.);
#802=VECTOR('',#4767,1.);
#803=VECTOR('',#4768,1.);
#804=VECTOR('',#4771,1.);
#805=VECTOR('',#4772,1.);
#806=VECTOR('',#4775,1.);
#807=VECTOR('',#4776,1.);
#808=VECTOR('',#4779,1.);
#809=VECTOR('',#4780,1.);
#810=VECTOR('',#4781,1.);
#811=VECTOR('',#4784,1.);
#812=VECTOR('',#4787,1.);
#813=VECTOR('',#4788,1.);
#814=VECTOR('',#4789,1.);
#815=VECTOR('',#4790,1.);
#816=VECTOR('',#4791,1.);
#817=VECTOR('',#4792,1.);
#818=VECTOR('',#4793,1.);
#819=VECTOR('',#4794,1.);
#820=VECTOR('',#4795,1.);
#821=VECTOR('',#4798,1.);
#822=VECTOR('',#4799,1.);
#823=VECTOR('',#4800,1.);
#824=VECTOR('',#4801,1.);
#825=VECTOR('',#4802,1.);
#826=VECTOR('',#4803,1.);
#827=VECTOR('',#4804,1.);
#828=VECTOR('',#4805,1.);
#829=VECTOR('',#4806,1.);
#830=VECTOR('',#4809,1.);
#831=VECTOR('',#4810,1.);
#832=VECTOR('',#4811,1.);
#833=VECTOR('',#4812,1.);
#834=VECTOR('',#4813,1.);
#835=VECTOR('',#4814,1.);
#836=VECTOR('',#4815,1.);
#837=VECTOR('',#4816,1.);
#838=VECTOR('',#4819,1.);
#839=VECTOR('',#4820,1.);
#840=VECTOR('',#4821,1.);
#841=VECTOR('',#4822,1.);
#842=VECTOR('',#4827,1.);
#843=VECTOR('',#4828,1.);
#844=VECTOR('',#4829,1.);
#845=VECTOR('',#4832,1.);
#846=VECTOR('',#4833,1.);
#847=VECTOR('',#4836,1.);
#848=VECTOR('',#4837,1.);
#849=VECTOR('',#4840,1.);
#850=VECTOR('',#4843,1.);
#851=VECTOR('',#4844,1.);
#852=VECTOR('',#4845,1.);
#853=VECTOR('',#4846,1.);
#854=VECTOR('',#4847,1.);
#855=VECTOR('',#4848,1.);
#856=VECTOR('',#4849,1.);
#857=VECTOR('',#4852,1.);
#858=VECTOR('',#4853,1.);
#859=VECTOR('',#4854,1.);
#860=VECTOR('',#4857,1.);
#861=VECTOR('',#4858,1.);
#862=VECTOR('',#4859,1.);
#863=VECTOR('',#4860,1.);
#864=VECTOR('',#4861,1.);
#865=VECTOR('',#4862,1.);
#866=VECTOR('',#4863,1.);
#867=VECTOR('',#4864,1.);
#868=VECTOR('',#4867,1.);
#869=VECTOR('',#4868,1.);
#870=VECTOR('',#4869,1.);
#871=VECTOR('',#4870,1.);
#872=VECTOR('',#4873,1.);
#873=VECTOR('',#4878,1.);
#874=VECTOR('',#4879,1.);
#875=VECTOR('',#4882,1.);
#876=VECTOR('',#4885,1.);
#877=VECTOR('',#4886,1.);
#878=VECTOR('',#4889,1.);
#879=VECTOR('',#4890,1.);
#880=VECTOR('',#4891,1.);
#881=VECTOR('',#4892,1.);
#882=VECTOR('',#4893,1.);
#883=VECTOR('',#4896,1.);
#884=VECTOR('',#4897,1.);
#885=VECTOR('',#4898,1.);
#886=VECTOR('',#4899,1.);
#887=VECTOR('',#4900,1.);
#888=VECTOR('',#4901,1.);
#889=VECTOR('',#4904,1.);
#890=VECTOR('',#4905,1.);
#891=VECTOR('',#4908,1.);
#892=VECTOR('',#4909,1.);
#893=VECTOR('',#4910,1.);
#894=VECTOR('',#4911,1.);
#895=VECTOR('',#4922,1.);
#896=VECTOR('',#4923,1.);
#897=VECTOR('',#4924,1.);
#898=VECTOR('',#4925,1.);
#899=VECTOR('',#4928,1.);
#900=VECTOR('',#4929,1.);
#901=VECTOR('',#4930,1.);
#902=VECTOR('',#4935,1.);
#903=VECTOR('',#4940,1.);
#904=VECTOR('',#4941,1.);
#905=VECTOR('',#4942,1.);
#906=VECTOR('',#4945,1.);
#907=VECTOR('',#4946,1.);
#908=VECTOR('',#4947,1.);
#909=VECTOR('',#4950,1.);
#910=VECTOR('',#4951,1.);
#911=VECTOR('',#4952,1.);
#912=VECTOR('',#4955,1.);
#913=VECTOR('',#4956,1.);
#914=VECTOR('',#4957,1.);
#915=VECTOR('',#4960,1.);
#916=VECTOR('',#4961,1.);
#917=VECTOR('',#4964,1.);
#918=VECTOR('',#4965,1.);
#919=VECTOR('',#4968,1.);
#920=VECTOR('',#4969,1.);
#921=VECTOR('',#4972,1.);
#922=VECTOR('',#4973,1.);
#923=VECTOR('',#4976,1.);
#924=VECTOR('',#4977,1.);
#925=VECTOR('',#4980,1.);
#926=VECTOR('',#4981,1.);
#927=VECTOR('',#4984,1.);
#928=ORIENTED_EDGE('',*,*,#2060,.F.);
#929=ORIENTED_EDGE('',*,*,#2061,.T.);
#930=ORIENTED_EDGE('',*,*,#2062,.T.);
#931=ORIENTED_EDGE('',*,*,#2063,.T.);
#932=ORIENTED_EDGE('',*,*,#2064,.T.);
#933=ORIENTED_EDGE('',*,*,#2065,.T.);
#934=ORIENTED_EDGE('',*,*,#2066,.F.);
#935=ORIENTED_EDGE('',*,*,#2067,.T.);
#936=ORIENTED_EDGE('',*,*,#2068,.F.);
#937=ORIENTED_EDGE('',*,*,#2069,.T.);
#938=ORIENTED_EDGE('',*,*,#2070,.T.);
#939=ORIENTED_EDGE('',*,*,#2071,.T.);
#940=ORIENTED_EDGE('',*,*,#2072,.F.);
#941=ORIENTED_EDGE('',*,*,#2073,.T.);
#942=ORIENTED_EDGE('',*,*,#2074,.T.);
#943=ORIENTED_EDGE('',*,*,#2075,.T.);
#944=ORIENTED_EDGE('',*,*,#2076,.T.);
#945=ORIENTED_EDGE('',*,*,#2077,.T.);
#946=ORIENTED_EDGE('',*,*,#2078,.T.);
#947=ORIENTED_EDGE('',*,*,#2079,.T.);
#948=ORIENTED_EDGE('',*,*,#2080,.T.);
#949=ORIENTED_EDGE('',*,*,#2081,.T.);
#950=ORIENTED_EDGE('',*,*,#2082,.T.);
#951=ORIENTED_EDGE('',*,*,#2083,.T.);
#952=ORIENTED_EDGE('',*,*,#2084,.T.);
#953=ORIENTED_EDGE('',*,*,#2085,.T.);
#954=ORIENTED_EDGE('',*,*,#2086,.T.);
#955=ORIENTED_EDGE('',*,*,#2087,.T.);
#956=ORIENTED_EDGE('',*,*,#2088,.T.);
#957=ORIENTED_EDGE('',*,*,#2089,.T.);
#958=ORIENTED_EDGE('',*,*,#2090,.T.);
#959=ORIENTED_EDGE('',*,*,#2091,.T.);
#960=ORIENTED_EDGE('',*,*,#2092,.T.);
#961=ORIENTED_EDGE('',*,*,#2093,.T.);
#962=ORIENTED_EDGE('',*,*,#2094,.T.);
#963=ORIENTED_EDGE('',*,*,#2095,.T.);
#964=ORIENTED_EDGE('',*,*,#2096,.T.);
#965=ORIENTED_EDGE('',*,*,#2097,.T.);
#966=ORIENTED_EDGE('',*,*,#2098,.T.);
#967=ORIENTED_EDGE('',*,*,#2099,.T.);
#968=ORIENTED_EDGE('',*,*,#2100,.T.);
#969=ORIENTED_EDGE('',*,*,#2101,.T.);
#970=ORIENTED_EDGE('',*,*,#2102,.T.);
#971=ORIENTED_EDGE('',*,*,#2103,.T.);
#972=ORIENTED_EDGE('',*,*,#2104,.T.);
#973=ORIENTED_EDGE('',*,*,#2105,.T.);
#974=ORIENTED_EDGE('',*,*,#2106,.T.);
#975=ORIENTED_EDGE('',*,*,#2107,.T.);
#976=ORIENTED_EDGE('',*,*,#2108,.T.);
#977=ORIENTED_EDGE('',*,*,#2109,.T.);
#978=ORIENTED_EDGE('',*,*,#2110,.T.);
#979=ORIENTED_EDGE('',*,*,#2111,.T.);
#980=ORIENTED_EDGE('',*,*,#2112,.T.);
#981=ORIENTED_EDGE('',*,*,#2113,.T.);
#982=ORIENTED_EDGE('',*,*,#2114,.T.);
#983=ORIENTED_EDGE('',*,*,#2115,.T.);
#984=ORIENTED_EDGE('',*,*,#2116,.T.);
#985=ORIENTED_EDGE('',*,*,#2117,.T.);
#986=ORIENTED_EDGE('',*,*,#2118,.T.);
#987=ORIENTED_EDGE('',*,*,#2119,.T.);
#988=ORIENTED_EDGE('',*,*,#2120,.T.);
#989=ORIENTED_EDGE('',*,*,#2121,.T.);
#990=ORIENTED_EDGE('',*,*,#2122,.T.);
#991=ORIENTED_EDGE('',*,*,#2123,.T.);
#992=ORIENTED_EDGE('',*,*,#2124,.T.);
#993=ORIENTED_EDGE('',*,*,#2125,.T.);
#994=ORIENTED_EDGE('',*,*,#2126,.T.);
#995=ORIENTED_EDGE('',*,*,#2127,.T.);
#996=ORIENTED_EDGE('',*,*,#2128,.T.);
#997=ORIENTED_EDGE('',*,*,#2129,.T.);
#998=ORIENTED_EDGE('',*,*,#2130,.T.);
#999=ORIENTED_EDGE('',*,*,#2131,.T.);
#1000=ORIENTED_EDGE('',*,*,#2132,.T.);
#1001=ORIENTED_EDGE('',*,*,#2133,.T.);
#1002=ORIENTED_EDGE('',*,*,#2134,.T.);
#1003=ORIENTED_EDGE('',*,*,#2135,.T.);
#1004=ORIENTED_EDGE('',*,*,#2136,.T.);
#1005=ORIENTED_EDGE('',*,*,#2137,.T.);
#1006=ORIENTED_EDGE('',*,*,#2138,.T.);
#1007=ORIENTED_EDGE('',*,*,#2139,.T.);
#1008=ORIENTED_EDGE('',*,*,#2140,.T.);
#1009=ORIENTED_EDGE('',*,*,#2141,.T.);
#1010=ORIENTED_EDGE('',*,*,#2142,.T.);
#1011=ORIENTED_EDGE('',*,*,#2143,.T.);
#1012=ORIENTED_EDGE('',*,*,#2144,.T.);
#1013=ORIENTED_EDGE('',*,*,#2145,.T.);
#1014=ORIENTED_EDGE('',*,*,#2146,.T.);
#1015=ORIENTED_EDGE('',*,*,#2147,.T.);
#1016=ORIENTED_EDGE('',*,*,#2148,.T.);
#1017=ORIENTED_EDGE('',*,*,#2149,.T.);
#1018=ORIENTED_EDGE('',*,*,#2150,.T.);
#1019=ORIENTED_EDGE('',*,*,#2151,.T.);
#1020=ORIENTED_EDGE('',*,*,#2152,.T.);
#1021=ORIENTED_EDGE('',*,*,#2153,.T.);
#1022=ORIENTED_EDGE('',*,*,#2154,.T.);
#1023=ORIENTED_EDGE('',*,*,#2155,.T.);
#1024=ORIENTED_EDGE('',*,*,#2156,.T.);
#1025=ORIENTED_EDGE('',*,*,#2157,.T.);
#1026=ORIENTED_EDGE('',*,*,#2158,.T.);
#1027=ORIENTED_EDGE('',*,*,#2159,.F.);
#1028=ORIENTED_EDGE('',*,*,#2160,.T.);
#1029=ORIENTED_EDGE('',*,*,#2161,.T.);
#1030=ORIENTED_EDGE('',*,*,#2162,.T.);
#1031=ORIENTED_EDGE('',*,*,#2163,.F.);
#1032=ORIENTED_EDGE('',*,*,#2164,.T.);
#1033=ORIENTED_EDGE('',*,*,#2165,.T.);
#1034=ORIENTED_EDGE('',*,*,#2166,.T.);
#1035=ORIENTED_EDGE('',*,*,#2167,.F.);
#1036=ORIENTED_EDGE('',*,*,#2168,.T.);
#1037=ORIENTED_EDGE('',*,*,#2169,.T.);
#1038=ORIENTED_EDGE('',*,*,#2170,.T.);
#1039=ORIENTED_EDGE('',*,*,#2171,.T.);
#1040=ORIENTED_EDGE('',*,*,#2172,.T.);
#1041=ORIENTED_EDGE('',*,*,#2173,.F.);
#1042=ORIENTED_EDGE('',*,*,#2174,.F.);
#1043=ORIENTED_EDGE('',*,*,#2175,.F.);
#1044=ORIENTED_EDGE('',*,*,#2176,.F.);
#1045=ORIENTED_EDGE('',*,*,#2177,.F.);
#1046=ORIENTED_EDGE('',*,*,#2178,.F.);
#1047=ORIENTED_EDGE('',*,*,#2179,.F.);
#1048=ORIENTED_EDGE('',*,*,#2180,.F.);
#1049=ORIENTED_EDGE('',*,*,#2181,.F.);
#1050=ORIENTED_EDGE('',*,*,#2182,.T.);
#1051=ORIENTED_EDGE('',*,*,#2183,.F.);
#1052=ORIENTED_EDGE('',*,*,#2184,.T.);
#1053=ORIENTED_EDGE('',*,*,#2185,.F.);
#1054=ORIENTED_EDGE('',*,*,#2186,.T.);
#1055=ORIENTED_EDGE('',*,*,#2187,.F.);
#1056=ORIENTED_EDGE('',*,*,#2188,.T.);
#1057=ORIENTED_EDGE('',*,*,#2189,.T.);
#1058=ORIENTED_EDGE('',*,*,#2190,.T.);
#1059=ORIENTED_EDGE('',*,*,#2191,.T.);
#1060=ORIENTED_EDGE('',*,*,#2192,.T.);
#1061=ORIENTED_EDGE('',*,*,#2193,.T.);
#1062=ORIENTED_EDGE('',*,*,#2194,.T.);
#1063=ORIENTED_EDGE('',*,*,#2195,.F.);
#1064=ORIENTED_EDGE('',*,*,#2196,.T.);
#1065=ORIENTED_EDGE('',*,*,#2197,.T.);
#1066=ORIENTED_EDGE('',*,*,#2198,.T.);
#1067=ORIENTED_EDGE('',*,*,#2199,.T.);
#1068=ORIENTED_EDGE('',*,*,#2200,.T.);
#1069=ORIENTED_EDGE('',*,*,#2201,.T.);
#1070=ORIENTED_EDGE('',*,*,#2202,.T.);
#1071=ORIENTED_EDGE('',*,*,#2203,.T.);
#1072=ORIENTED_EDGE('',*,*,#2204,.T.);
#1073=ORIENTED_EDGE('',*,*,#2205,.T.);
#1074=ORIENTED_EDGE('',*,*,#2206,.T.);
#1075=ORIENTED_EDGE('',*,*,#2207,.F.);
#1076=ORIENTED_EDGE('',*,*,#2208,.T.);
#1077=ORIENTED_EDGE('',*,*,#2209,.F.);
#1078=ORIENTED_EDGE('',*,*,#2210,.T.);
#1079=ORIENTED_EDGE('',*,*,#2211,.T.);
#1080=ORIENTED_EDGE('',*,*,#2212,.T.);
#1081=ORIENTED_EDGE('',*,*,#2213,.T.);
#1082=ORIENTED_EDGE('',*,*,#2214,.T.);
#1083=ORIENTED_EDGE('',*,*,#2215,.F.);
#1084=ORIENTED_EDGE('',*,*,#2216,.F.);
#1085=ORIENTED_EDGE('',*,*,#2217,.T.);
#1086=ORIENTED_EDGE('',*,*,#2218,.F.);
#1087=ORIENTED_EDGE('',*,*,#2219,.T.);
#1088=ORIENTED_EDGE('',*,*,#2220,.F.);
#1089=ORIENTED_EDGE('',*,*,#2221,.T.);
#1090=ORIENTED_EDGE('',*,*,#2222,.F.);
#1091=ORIENTED_EDGE('',*,*,#2222,.T.);
#1092=ORIENTED_EDGE('',*,*,#2223,.T.);
#1093=ORIENTED_EDGE('',*,*,#2224,.T.);
#1094=ORIENTED_EDGE('',*,*,#2195,.T.);
#1095=ORIENTED_EDGE('',*,*,#2225,.T.);
#1096=ORIENTED_EDGE('',*,*,#2226,.T.);
#1097=ORIENTED_EDGE('',*,*,#2227,.T.);
#1098=ORIENTED_EDGE('',*,*,#2228,.T.);
#1099=ORIENTED_EDGE('',*,*,#2229,.T.);
#1100=ORIENTED_EDGE('',*,*,#2230,.T.);
#1101=ORIENTED_EDGE('',*,*,#2231,.T.);
#1102=ORIENTED_EDGE('',*,*,#2232,.T.);
#1103=ORIENTED_EDGE('',*,*,#2233,.T.);
#1104=ORIENTED_EDGE('',*,*,#2218,.T.);
#1105=ORIENTED_EDGE('',*,*,#2234,.T.);
#1106=ORIENTED_EDGE('',*,*,#2220,.T.);
#1107=ORIENTED_EDGE('',*,*,#2226,.F.);
#1108=ORIENTED_EDGE('',*,*,#2235,.T.);
#1109=ORIENTED_EDGE('',*,*,#2236,.T.);
#1110=ORIENTED_EDGE('',*,*,#2237,.T.);
#1111=ORIENTED_EDGE('',*,*,#2238,.T.);
#1112=ORIENTED_EDGE('',*,*,#2185,.T.);
#1113=ORIENTED_EDGE('',*,*,#2239,.T.);
#1114=ORIENTED_EDGE('',*,*,#2240,.T.);
#1115=ORIENTED_EDGE('',*,*,#2241,.T.);
#1116=ORIENTED_EDGE('',*,*,#2215,.T.);
#1117=ORIENTED_EDGE('',*,*,#2242,.T.);
#1118=ORIENTED_EDGE('',*,*,#2216,.T.);
#1119=ORIENTED_EDGE('',*,*,#2243,.T.);
#1120=ORIENTED_EDGE('',*,*,#2244,.T.);
#1121=ORIENTED_EDGE('',*,*,#2245,.T.);
#1122=ORIENTED_EDGE('',*,*,#2183,.T.);
#1123=ORIENTED_EDGE('',*,*,#2231,.F.);
#1124=ORIENTED_EDGE('',*,*,#2246,.T.);
#1125=ORIENTED_EDGE('',*,*,#2201,.F.);
#1126=ORIENTED_EDGE('',*,*,#2247,.T.);
#1127=ORIENTED_EDGE('',*,*,#2241,.F.);
#1128=ORIENTED_EDGE('',*,*,#2248,.T.);
#1129=ORIENTED_EDGE('',*,*,#2230,.F.);
#1130=ORIENTED_EDGE('',*,*,#2249,.F.);
#1131=ORIENTED_EDGE('',*,*,#2227,.F.);
#1132=ORIENTED_EDGE('',*,*,#2250,.T.);
#1133=ORIENTED_EDGE('',*,*,#2196,.F.);
#1134=ORIENTED_EDGE('',*,*,#2251,.F.);
#1135=ORIENTED_EDGE('',*,*,#2249,.T.);
#1136=ORIENTED_EDGE('',*,*,#2229,.F.);
#1137=ORIENTED_EDGE('',*,*,#2252,.F.);
#1138=ORIENTED_EDGE('',*,*,#2253,.F.);
#1139=ORIENTED_EDGE('',*,*,#2213,.F.);
#1140=ORIENTED_EDGE('',*,*,#2251,.T.);
#1141=ORIENTED_EDGE('',*,*,#2224,.F.);
#1142=ORIENTED_EDGE('',*,*,#2252,.T.);
#1143=ORIENTED_EDGE('',*,*,#2228,.F.);
#1144=ORIENTED_EDGE('',*,*,#2194,.F.);
#1145=ORIENTED_EDGE('',*,*,#2254,.T.);
#1146=ORIENTED_EDGE('',*,*,#2235,.F.);
#1147=ORIENTED_EDGE('',*,*,#2225,.F.);
#1148=ORIENTED_EDGE('',*,*,#2233,.F.);
#1149=ORIENTED_EDGE('',*,*,#2255,.T.);
#1150=ORIENTED_EDGE('',*,*,#2243,.F.);
#1151=ORIENTED_EDGE('',*,*,#2219,.F.);
#1152=ORIENTED_EDGE('',*,*,#2211,.F.);
#1153=ORIENTED_EDGE('',*,*,#2256,.T.);
#1154=ORIENTED_EDGE('',*,*,#2232,.F.);
#1155=ORIENTED_EDGE('',*,*,#2257,.T.);
#1156=ORIENTED_EDGE('',*,*,#2258,.T.);
#1157=ORIENTED_EDGE('',*,*,#2253,.T.);
#1158=ORIENTED_EDGE('',*,*,#2259,.T.);
#1159=ORIENTED_EDGE('',*,*,#2260,.T.);
#1160=ORIENTED_EDGE('',*,*,#2261,.T.);
#1161=ORIENTED_EDGE('',*,*,#2262,.F.);
#1162=ORIENTED_EDGE('',*,*,#2263,.T.);
#1163=ORIENTED_EDGE('',*,*,#2264,.T.);
#1164=ORIENTED_EDGE('',*,*,#2242,.F.);
#1165=ORIENTED_EDGE('',*,*,#2265,.T.);
#1166=ORIENTED_EDGE('',*,*,#2163,.T.);
#1167=ORIENTED_EDGE('',*,*,#2266,.T.);
#1168=ORIENTED_EDGE('',*,*,#2267,.T.);
#1169=ORIENTED_EDGE('',*,*,#2262,.T.);
#1170=ORIENTED_EDGE('',*,*,#2268,.T.);
#1171=ORIENTED_EDGE('',*,*,#2261,.F.);
#1172=ORIENTED_EDGE('',*,*,#2269,.T.);
#1173=ORIENTED_EDGE('',*,*,#2270,.T.);
#1174=ORIENTED_EDGE('',*,*,#2271,.T.);
#1175=ORIENTED_EDGE('',*,*,#2259,.F.);
#1176=ORIENTED_EDGE('',*,*,#2223,.F.);
#1177=ORIENTED_EDGE('',*,*,#2272,.T.);
#1178=ORIENTED_EDGE('',*,*,#2234,.F.);
#1179=ORIENTED_EDGE('',*,*,#2273,.T.);
#1180=ORIENTED_EDGE('',*,*,#2274,.T.);
#1181=ORIENTED_EDGE('',*,*,#2275,.F.);
#1182=ORIENTED_EDGE('',*,*,#2276,.T.);
#1183=ORIENTED_EDGE('',*,*,#2277,.T.);
#1184=ORIENTED_EDGE('',*,*,#2278,.T.);
#1185=ORIENTED_EDGE('',*,*,#2274,.F.);
#1186=ORIENTED_EDGE('',*,*,#2164,.F.);
#1187=ORIENTED_EDGE('',*,*,#2265,.F.);
#1188=ORIENTED_EDGE('',*,*,#2214,.F.);
#1189=ORIENTED_EDGE('',*,*,#2258,.F.);
#1190=ORIENTED_EDGE('',*,*,#2268,.F.);
#1191=ORIENTED_EDGE('',*,*,#2264,.F.);
#1192=ORIENTED_EDGE('',*,*,#2279,.F.);
#1193=ORIENTED_EDGE('',*,*,#2269,.F.);
#1194=ORIENTED_EDGE('',*,*,#2260,.F.);
#1195=ORIENTED_EDGE('',*,*,#2271,.F.);
#1196=ORIENTED_EDGE('',*,*,#2280,.F.);
#1197=ORIENTED_EDGE('',*,*,#2277,.F.);
#1198=ORIENTED_EDGE('',*,*,#2273,.F.);
#1199=ORIENTED_EDGE('',*,*,#2217,.F.);
#1200=ORIENTED_EDGE('',*,*,#2266,.F.);
#1201=ORIENTED_EDGE('',*,*,#2162,.F.);
#1202=ORIENTED_EDGE('',*,*,#2281,.T.);
#1203=ORIENTED_EDGE('',*,*,#2272,.F.);
#1204=ORIENTED_EDGE('',*,*,#2221,.F.);
#1205=ORIENTED_EDGE('',*,*,#2276,.F.);
#1206=ORIENTED_EDGE('',*,*,#2282,.T.);
#1207=ORIENTED_EDGE('',*,*,#2283,.T.);
#1208=ORIENTED_EDGE('',*,*,#2284,.T.);
#1209=ORIENTED_EDGE('',*,*,#2285,.T.);
#1210=ORIENTED_EDGE('',*,*,#2286,.T.);
#1211=ORIENTED_EDGE('',*,*,#2287,.T.);
#1212=ORIENTED_EDGE('',*,*,#2288,.T.);
#1213=ORIENTED_EDGE('',*,*,#2289,.T.);
#1214=ORIENTED_EDGE('',*,*,#2289,.F.);
#1215=ORIENTED_EDGE('',*,*,#2290,.T.);
#1216=ORIENTED_EDGE('',*,*,#2291,.T.);
#1217=ORIENTED_EDGE('',*,*,#2292,.T.);
#1218=ORIENTED_EDGE('',*,*,#2291,.F.);
#1219=ORIENTED_EDGE('',*,*,#2293,.T.);
#1220=ORIENTED_EDGE('',*,*,#2294,.T.);
#1221=ORIENTED_EDGE('',*,*,#2295,.T.);
#1222=ORIENTED_EDGE('',*,*,#2294,.F.);
#1223=ORIENTED_EDGE('',*,*,#2296,.T.);
#1224=ORIENTED_EDGE('',*,*,#2297,.T.);
#1225=ORIENTED_EDGE('',*,*,#2298,.T.);
#1226=ORIENTED_EDGE('',*,*,#2299,.T.);
#1227=ORIENTED_EDGE('',*,*,#2300,.T.);
#1228=ORIENTED_EDGE('',*,*,#2301,.T.);
#1229=ORIENTED_EDGE('',*,*,#2297,.F.);
#1230=ORIENTED_EDGE('',*,*,#2302,.T.);
#1231=ORIENTED_EDGE('',*,*,#2303,.T.);
#1232=ORIENTED_EDGE('',*,*,#2304,.T.);
#1233=ORIENTED_EDGE('',*,*,#2305,.T.);
#1234=ORIENTED_EDGE('',*,*,#2306,.T.);
#1235=ORIENTED_EDGE('',*,*,#2275,.T.);
#1236=ORIENTED_EDGE('',*,*,#2307,.T.);
#1237=ORIENTED_EDGE('',*,*,#2308,.T.);
#1238=ORIENTED_EDGE('',*,*,#2309,.T.);
#1239=ORIENTED_EDGE('',*,*,#2267,.F.);
#1240=ORIENTED_EDGE('',*,*,#2310,.T.);
#1241=ORIENTED_EDGE('',*,*,#2311,.T.);
#1242=ORIENTED_EDGE('',*,*,#2312,.T.);
#1243=ORIENTED_EDGE('',*,*,#2313,.T.);
#1244=ORIENTED_EDGE('',*,*,#2314,.T.);
#1245=ORIENTED_EDGE('',*,*,#2315,.T.);
#1246=ORIENTED_EDGE('',*,*,#2270,.F.);
#1247=ORIENTED_EDGE('',*,*,#2316,.T.);
#1248=ORIENTED_EDGE('',*,*,#2067,.F.);
#1249=ORIENTED_EDGE('',*,*,#2317,.T.);
#1250=ORIENTED_EDGE('',*,*,#2282,.F.);
#1251=ORIENTED_EDGE('',*,*,#2318,.F.);
#1252=ORIENTED_EDGE('',*,*,#2068,.T.);
#1253=ORIENTED_EDGE('',*,*,#2318,.T.);
#1254=ORIENTED_EDGE('',*,*,#2319,.F.);
#1255=ORIENTED_EDGE('',*,*,#2320,.F.);
#1256=ORIENTED_EDGE('',*,*,#2288,.F.);
#1257=ORIENTED_EDGE('',*,*,#2321,.T.);
#1258=ORIENTED_EDGE('',*,*,#2065,.F.);
#1259=ORIENTED_EDGE('',*,*,#2322,.F.);
#1260=ORIENTED_EDGE('',*,*,#2319,.T.);
#1261=ORIENTED_EDGE('',*,*,#2285,.F.);
#1262=ORIENTED_EDGE('',*,*,#2323,.F.);
#1263=ORIENTED_EDGE('',*,*,#2312,.F.);
#1264=ORIENTED_EDGE('',*,*,#2280,.T.);
#1265=ORIENTED_EDGE('',*,*,#2315,.F.);
#1266=ORIENTED_EDGE('',*,*,#2324,.F.);
#1267=ORIENTED_EDGE('',*,*,#2310,.F.);
#1268=ORIENTED_EDGE('',*,*,#2279,.T.);
#1269=ORIENTED_EDGE('',*,*,#2320,.T.);
#1270=ORIENTED_EDGE('',*,*,#2311,.F.);
#1271=ORIENTED_EDGE('',*,*,#2325,.F.);
#1272=ORIENTED_EDGE('',*,*,#2069,.F.);
#1273=ORIENTED_EDGE('',*,*,#2322,.T.);
#1274=ORIENTED_EDGE('',*,*,#2064,.F.);
#1275=ORIENTED_EDGE('',*,*,#2326,.F.);
#1276=ORIENTED_EDGE('',*,*,#2290,.F.);
#1277=ORIENTED_EDGE('',*,*,#2313,.F.);
#1278=ORIENTED_EDGE('',*,*,#2323,.T.);
#1279=ORIENTED_EDGE('',*,*,#2327,.F.);
#1280=ORIENTED_EDGE('',*,*,#2165,.F.);
#1281=ORIENTED_EDGE('',*,*,#2263,.F.);
#1282=ORIENTED_EDGE('',*,*,#2325,.T.);
#1283=ORIENTED_EDGE('',*,*,#2324,.T.);
#1284=ORIENTED_EDGE('',*,*,#2328,.F.);
#1285=ORIENTED_EDGE('',*,*,#2326,.T.);
#1286=ORIENTED_EDGE('',*,*,#2063,.F.);
#1287=ORIENTED_EDGE('',*,*,#2329,.F.);
#1288=ORIENTED_EDGE('',*,*,#2293,.F.);
#1289=ORIENTED_EDGE('',*,*,#2284,.F.);
#1290=ORIENTED_EDGE('',*,*,#2330,.T.);
#1291=ORIENTED_EDGE('',*,*,#2166,.F.);
#1292=ORIENTED_EDGE('',*,*,#2327,.T.);
#1293=ORIENTED_EDGE('',*,*,#2281,.F.);
#1294=ORIENTED_EDGE('',*,*,#2306,.F.);
#1295=ORIENTED_EDGE('',*,*,#2331,.F.);
#1296=ORIENTED_EDGE('',*,*,#2316,.F.);
#1297=ORIENTED_EDGE('',*,*,#2328,.T.);
#1298=ORIENTED_EDGE('',*,*,#2314,.F.);
#1299=ORIENTED_EDGE('',*,*,#2332,.F.);
#1300=ORIENTED_EDGE('',*,*,#2070,.F.);
#1301=ORIENTED_EDGE('',*,*,#2329,.T.);
#1302=ORIENTED_EDGE('',*,*,#2062,.F.);
#1303=ORIENTED_EDGE('',*,*,#2333,.F.);
#1304=ORIENTED_EDGE('',*,*,#2296,.F.);
#1305=ORIENTED_EDGE('',*,*,#2168,.F.);
#1306=ORIENTED_EDGE('',*,*,#2334,.T.);
#1307=ORIENTED_EDGE('',*,*,#2286,.F.);
#1308=ORIENTED_EDGE('',*,*,#2335,.F.);
#1309=ORIENTED_EDGE('',*,*,#2332,.T.);
#1310=ORIENTED_EDGE('',*,*,#2331,.T.);
#1311=ORIENTED_EDGE('',*,*,#2336,.F.);
#1312=ORIENTED_EDGE('',*,*,#2061,.F.);
#1313=ORIENTED_EDGE('',*,*,#2337,.T.);
#1314=ORIENTED_EDGE('',*,*,#2299,.F.);
#1315=ORIENTED_EDGE('',*,*,#2333,.T.);
#1316=ORIENTED_EDGE('',*,*,#2335,.T.);
#1317=ORIENTED_EDGE('',*,*,#2292,.F.);
#1318=ORIENTED_EDGE('',*,*,#2338,.F.);
#1319=ORIENTED_EDGE('',*,*,#2169,.F.);
#1320=ORIENTED_EDGE('',*,*,#2336,.T.);
#1321=ORIENTED_EDGE('',*,*,#2309,.F.);
#1322=ORIENTED_EDGE('',*,*,#2339,.F.);
#1323=ORIENTED_EDGE('',*,*,#2071,.F.);
#1324=ORIENTED_EDGE('',*,*,#2304,.F.);
#1325=ORIENTED_EDGE('',*,*,#2340,.T.);
#1326=ORIENTED_EDGE('',*,*,#2073,.F.);
#1327=ORIENTED_EDGE('',*,*,#2341,.F.);
#1328=ORIENTED_EDGE('',*,*,#2338,.T.);
#1329=ORIENTED_EDGE('',*,*,#2295,.F.);
#1330=ORIENTED_EDGE('',*,*,#2342,.F.);
#1331=ORIENTED_EDGE('',*,*,#2170,.F.);
#1332=ORIENTED_EDGE('',*,*,#2072,.T.);
#1333=ORIENTED_EDGE('',*,*,#2339,.T.);
#1334=ORIENTED_EDGE('',*,*,#2343,.F.);
#1335=ORIENTED_EDGE('',*,*,#2341,.T.);
#1336=ORIENTED_EDGE('',*,*,#2342,.T.);
#1337=ORIENTED_EDGE('',*,*,#2298,.F.);
#1338=ORIENTED_EDGE('',*,*,#2344,.F.);
#1339=ORIENTED_EDGE('',*,*,#2171,.F.);
#1340=ORIENTED_EDGE('',*,*,#2343,.T.);
#1341=ORIENTED_EDGE('',*,*,#2308,.F.);
#1342=ORIENTED_EDGE('',*,*,#2345,.F.);
#1343=ORIENTED_EDGE('',*,*,#2305,.F.);
#1344=ORIENTED_EDGE('',*,*,#2301,.F.);
#1345=ORIENTED_EDGE('',*,*,#2346,.T.);
#1346=ORIENTED_EDGE('',*,*,#2172,.F.);
#1347=ORIENTED_EDGE('',*,*,#2344,.T.);
#1348=ORIENTED_EDGE('',*,*,#2307,.F.);
#1349=ORIENTED_EDGE('',*,*,#2278,.F.);
#1350=ORIENTED_EDGE('',*,*,#2161,.F.);
#1351=ORIENTED_EDGE('',*,*,#2347,.F.);
#1352=ORIENTED_EDGE('',*,*,#2345,.T.);
#1353=ORIENTED_EDGE('',*,*,#2160,.F.);
#1354=ORIENTED_EDGE('',*,*,#2348,.T.);
#1355=ORIENTED_EDGE('',*,*,#2302,.F.);
#1356=ORIENTED_EDGE('',*,*,#2347,.T.);
#1357=ORIENTED_EDGE('',*,*,#2349,.F.);
#1358=ORIENTED_EDGE('',*,*,#2174,.T.);
#1359=ORIENTED_EDGE('',*,*,#2350,.F.);
#1360=ORIENTED_EDGE('',*,*,#2351,.T.);
#1361=ORIENTED_EDGE('',*,*,#2352,.T.);
#1362=ORIENTED_EDGE('',*,*,#2353,.T.);
#1363=ORIENTED_EDGE('',*,*,#2209,.T.);
#1364=ORIENTED_EDGE('',*,*,#2354,.T.);
#1365=ORIENTED_EDGE('',*,*,#2192,.F.);
#1366=ORIENTED_EDGE('',*,*,#2355,.T.);
#1367=ORIENTED_EDGE('',*,*,#2176,.T.);
#1368=ORIENTED_EDGE('',*,*,#2356,.T.);
#1369=ORIENTED_EDGE('',*,*,#2190,.F.);
#1370=ORIENTED_EDGE('',*,*,#2357,.T.);
#1371=ORIENTED_EDGE('',*,*,#2207,.T.);
#1372=ORIENTED_EDGE('',*,*,#2358,.T.);
#1373=ORIENTED_EDGE('',*,*,#2359,.T.);
#1374=ORIENTED_EDGE('',*,*,#2360,.T.);
#1375=ORIENTED_EDGE('',*,*,#2361,.T.);
#1376=ORIENTED_EDGE('',*,*,#2362,.T.);
#1377=ORIENTED_EDGE('',*,*,#2181,.T.);
#1378=ORIENTED_EDGE('',*,*,#2363,.T.);
#1379=ORIENTED_EDGE('',*,*,#2364,.T.);
#1380=ORIENTED_EDGE('',*,*,#2180,.T.);
#1381=ORIENTED_EDGE('',*,*,#2365,.T.);
#1382=ORIENTED_EDGE('',*,*,#2198,.F.);
#1383=ORIENTED_EDGE('',*,*,#2366,.T.);
#1384=ORIENTED_EDGE('',*,*,#2203,.F.);
#1385=ORIENTED_EDGE('',*,*,#2367,.T.);
#1386=ORIENTED_EDGE('',*,*,#2368,.T.);
#1387=ORIENTED_EDGE('',*,*,#2369,.T.);
#1388=ORIENTED_EDGE('',*,*,#2370,.F.);
#1389=ORIENTED_EDGE('',*,*,#2178,.T.);
#1390=ORIENTED_EDGE('',*,*,#2371,.F.);
#1391=ORIENTED_EDGE('',*,*,#2372,.T.);
#1392=ORIENTED_EDGE('',*,*,#2373,.T.);
#1393=ORIENTED_EDGE('',*,*,#2374,.T.);
#1394=ORIENTED_EDGE('',*,*,#2205,.F.);
#1395=ORIENTED_EDGE('',*,*,#2375,.T.);
#1396=ORIENTED_EDGE('',*,*,#2200,.F.);
#1397=ORIENTED_EDGE('',*,*,#2187,.T.);
#1398=ORIENTED_EDGE('',*,*,#2376,.T.);
#1399=ORIENTED_EDGE('',*,*,#2377,.T.);
#1400=ORIENTED_EDGE('',*,*,#2378,.T.);
#1401=ORIENTED_EDGE('',*,*,#2356,.F.);
#1402=ORIENTED_EDGE('',*,*,#2175,.T.);
#1403=ORIENTED_EDGE('',*,*,#2349,.T.);
#1404=ORIENTED_EDGE('',*,*,#2191,.F.);
#1405=ORIENTED_EDGE('',*,*,#2350,.T.);
#1406=ORIENTED_EDGE('',*,*,#2173,.T.);
#1407=ORIENTED_EDGE('',*,*,#2355,.F.);
#1408=ORIENTED_EDGE('',*,*,#2379,.T.);
#1409=ORIENTED_EDGE('',*,*,#2365,.F.);
#1410=ORIENTED_EDGE('',*,*,#2179,.T.);
#1411=ORIENTED_EDGE('',*,*,#2370,.T.);
#1412=ORIENTED_EDGE('',*,*,#2199,.F.);
#1413=ORIENTED_EDGE('',*,*,#2371,.T.);
#1414=ORIENTED_EDGE('',*,*,#2177,.T.);
#1415=ORIENTED_EDGE('',*,*,#2364,.F.);
#1416=ORIENTED_EDGE('',*,*,#2380,.T.);
#1417=ORIENTED_EDGE('',*,*,#2358,.F.);
#1418=ORIENTED_EDGE('',*,*,#2381,.T.);
#1419=ORIENTED_EDGE('',*,*,#2236,.F.);
#1420=ORIENTED_EDGE('',*,*,#2382,.F.);
#1421=ORIENTED_EDGE('',*,*,#2245,.F.);
#1422=ORIENTED_EDGE('',*,*,#2383,.T.);
#1423=ORIENTED_EDGE('',*,*,#2353,.F.);
#1424=ORIENTED_EDGE('',*,*,#2384,.F.);
#1425=ORIENTED_EDGE('',*,*,#2382,.T.);
#1426=ORIENTED_EDGE('',*,*,#2182,.F.);
#1427=ORIENTED_EDGE('',*,*,#2385,.F.);
#1428=ORIENTED_EDGE('',*,*,#2359,.F.);
#1429=ORIENTED_EDGE('',*,*,#2384,.T.);
#1430=ORIENTED_EDGE('',*,*,#2352,.F.);
#1431=ORIENTED_EDGE('',*,*,#2386,.F.);
#1432=ORIENTED_EDGE('',*,*,#2184,.F.);
#1433=ORIENTED_EDGE('',*,*,#2385,.T.);
#1434=ORIENTED_EDGE('',*,*,#2362,.F.);
#1435=ORIENTED_EDGE('',*,*,#2387,.F.);
#1436=ORIENTED_EDGE('',*,*,#2360,.F.);
#1437=ORIENTED_EDGE('',*,*,#2386,.T.);
#1438=ORIENTED_EDGE('',*,*,#2351,.F.);
#1439=ORIENTED_EDGE('',*,*,#2388,.F.);
#1440=ORIENTED_EDGE('',*,*,#2363,.F.);
#1441=ORIENTED_EDGE('',*,*,#2387,.T.);
#1442=ORIENTED_EDGE('',*,*,#2361,.F.);
#1443=ORIENTED_EDGE('',*,*,#2388,.T.);
#1444=ORIENTED_EDGE('',*,*,#2379,.F.);
#1445=ORIENTED_EDGE('',*,*,#2367,.F.);
#1446=ORIENTED_EDGE('',*,*,#2389,.T.);
#1447=ORIENTED_EDGE('',*,*,#2239,.F.);
#1448=ORIENTED_EDGE('',*,*,#2390,.F.);
#1449=ORIENTED_EDGE('',*,*,#2238,.F.);
#1450=ORIENTED_EDGE('',*,*,#2391,.T.);
#1451=ORIENTED_EDGE('',*,*,#2374,.F.);
#1452=ORIENTED_EDGE('',*,*,#2392,.F.);
#1453=ORIENTED_EDGE('',*,*,#2390,.T.);
#1454=ORIENTED_EDGE('',*,*,#2188,.F.);
#1455=ORIENTED_EDGE('',*,*,#2393,.F.);
#1456=ORIENTED_EDGE('',*,*,#2368,.F.);
#1457=ORIENTED_EDGE('',*,*,#2392,.T.);
#1458=ORIENTED_EDGE('',*,*,#2373,.F.);
#1459=ORIENTED_EDGE('',*,*,#2394,.F.);
#1460=ORIENTED_EDGE('',*,*,#2186,.F.);
#1461=ORIENTED_EDGE('',*,*,#2393,.T.);
#1462=ORIENTED_EDGE('',*,*,#2378,.F.);
#1463=ORIENTED_EDGE('',*,*,#2395,.F.);
#1464=ORIENTED_EDGE('',*,*,#2369,.F.);
#1465=ORIENTED_EDGE('',*,*,#2394,.T.);
#1466=ORIENTED_EDGE('',*,*,#2372,.F.);
#1467=ORIENTED_EDGE('',*,*,#2396,.F.);
#1468=ORIENTED_EDGE('',*,*,#2376,.F.);
#1469=ORIENTED_EDGE('',*,*,#2395,.T.);
#1470=ORIENTED_EDGE('',*,*,#2377,.F.);
#1471=ORIENTED_EDGE('',*,*,#2396,.T.);
#1472=ORIENTED_EDGE('',*,*,#2380,.F.);
#1473=ORIENTED_EDGE('',*,*,#2391,.F.);
#1474=ORIENTED_EDGE('',*,*,#2237,.F.);
#1475=ORIENTED_EDGE('',*,*,#2381,.F.);
#1476=ORIENTED_EDGE('',*,*,#2206,.F.);
#1477=ORIENTED_EDGE('',*,*,#2375,.F.);
#1478=ORIENTED_EDGE('',*,*,#2208,.F.);
#1479=ORIENTED_EDGE('',*,*,#2357,.F.);
#1480=ORIENTED_EDGE('',*,*,#2189,.F.);
#1481=ORIENTED_EDGE('',*,*,#2389,.F.);
#1482=ORIENTED_EDGE('',*,*,#2202,.F.);
#1483=ORIENTED_EDGE('',*,*,#2397,.F.);
#1484=ORIENTED_EDGE('',*,*,#2240,.F.);
#1485=ORIENTED_EDGE('',*,*,#2397,.T.);
#1486=ORIENTED_EDGE('',*,*,#2246,.F.);
#1487=ORIENTED_EDGE('',*,*,#2248,.F.);
#1488=ORIENTED_EDGE('',*,*,#2366,.F.);
#1489=ORIENTED_EDGE('',*,*,#2197,.F.);
#1490=ORIENTED_EDGE('',*,*,#2398,.F.);
#1491=ORIENTED_EDGE('',*,*,#2204,.F.);
#1492=ORIENTED_EDGE('',*,*,#2250,.F.);
#1493=ORIENTED_EDGE('',*,*,#2247,.F.);
#1494=ORIENTED_EDGE('',*,*,#2398,.T.);
#1495=ORIENTED_EDGE('',*,*,#2383,.F.);
#1496=ORIENTED_EDGE('',*,*,#2244,.F.);
#1497=ORIENTED_EDGE('',*,*,#2399,.F.);
#1498=ORIENTED_EDGE('',*,*,#2210,.F.);
#1499=ORIENTED_EDGE('',*,*,#2399,.T.);
#1500=ORIENTED_EDGE('',*,*,#2255,.F.);
#1501=ORIENTED_EDGE('',*,*,#2256,.F.);
#1502=ORIENTED_EDGE('',*,*,#2354,.F.);
#1503=ORIENTED_EDGE('',*,*,#2212,.F.);
#1504=ORIENTED_EDGE('',*,*,#2400,.F.);
#1505=ORIENTED_EDGE('',*,*,#2193,.F.);
#1506=ORIENTED_EDGE('',*,*,#2257,.F.);
#1507=ORIENTED_EDGE('',*,*,#2254,.F.);
#1508=ORIENTED_EDGE('',*,*,#2400,.T.);
#1509=ORIENTED_EDGE('',*,*,#2100,.F.);
#1510=ORIENTED_EDGE('',*,*,#2401,.F.);
#1511=ORIENTED_EDGE('',*,*,#2402,.T.);
#1512=ORIENTED_EDGE('',*,*,#2403,.T.);
#1513=ORIENTED_EDGE('',*,*,#2099,.F.);
#1514=ORIENTED_EDGE('',*,*,#2404,.F.);
#1515=ORIENTED_EDGE('',*,*,#2405,.T.);
#1516=ORIENTED_EDGE('',*,*,#2401,.T.);
#1517=ORIENTED_EDGE('',*,*,#2115,.F.);
#1518=ORIENTED_EDGE('',*,*,#2406,.F.);
#1519=ORIENTED_EDGE('',*,*,#2407,.T.);
#1520=ORIENTED_EDGE('',*,*,#2404,.T.);
#1521=ORIENTED_EDGE('',*,*,#2114,.F.);
#1522=ORIENTED_EDGE('',*,*,#2408,.F.);
#1523=ORIENTED_EDGE('',*,*,#2409,.T.);
#1524=ORIENTED_EDGE('',*,*,#2406,.T.);
#1525=ORIENTED_EDGE('',*,*,#2113,.F.);
#1526=ORIENTED_EDGE('',*,*,#2410,.F.);
#1527=ORIENTED_EDGE('',*,*,#2411,.T.);
#1528=ORIENTED_EDGE('',*,*,#2408,.T.);
#1529=ORIENTED_EDGE('',*,*,#2112,.F.);
#1530=ORIENTED_EDGE('',*,*,#2412,.F.);
#1531=ORIENTED_EDGE('',*,*,#2413,.T.);
#1532=ORIENTED_EDGE('',*,*,#2410,.T.);
#1533=ORIENTED_EDGE('',*,*,#2111,.F.);
#1534=ORIENTED_EDGE('',*,*,#2414,.F.);
#1535=ORIENTED_EDGE('',*,*,#2415,.T.);
#1536=ORIENTED_EDGE('',*,*,#2412,.T.);
#1537=ORIENTED_EDGE('',*,*,#2110,.F.);
#1538=ORIENTED_EDGE('',*,*,#2416,.F.);
#1539=ORIENTED_EDGE('',*,*,#2417,.T.);
#1540=ORIENTED_EDGE('',*,*,#2414,.T.);
#1541=ORIENTED_EDGE('',*,*,#2109,.F.);
#1542=ORIENTED_EDGE('',*,*,#2418,.F.);
#1543=ORIENTED_EDGE('',*,*,#2419,.T.);
#1544=ORIENTED_EDGE('',*,*,#2416,.T.);
#1545=ORIENTED_EDGE('',*,*,#2108,.F.);
#1546=ORIENTED_EDGE('',*,*,#2420,.F.);
#1547=ORIENTED_EDGE('',*,*,#2421,.T.);
#1548=ORIENTED_EDGE('',*,*,#2418,.T.);
#1549=ORIENTED_EDGE('',*,*,#2107,.F.);
#1550=ORIENTED_EDGE('',*,*,#2422,.F.);
#1551=ORIENTED_EDGE('',*,*,#2423,.T.);
#1552=ORIENTED_EDGE('',*,*,#2420,.T.);
#1553=ORIENTED_EDGE('',*,*,#2106,.F.);
#1554=ORIENTED_EDGE('',*,*,#2424,.F.);
#1555=ORIENTED_EDGE('',*,*,#2425,.T.);
#1556=ORIENTED_EDGE('',*,*,#2422,.T.);
#1557=ORIENTED_EDGE('',*,*,#2105,.F.);
#1558=ORIENTED_EDGE('',*,*,#2426,.F.);
#1559=ORIENTED_EDGE('',*,*,#2427,.T.);
#1560=ORIENTED_EDGE('',*,*,#2424,.T.);
#1561=ORIENTED_EDGE('',*,*,#2104,.F.);
#1562=ORIENTED_EDGE('',*,*,#2428,.F.);
#1563=ORIENTED_EDGE('',*,*,#2429,.T.);
#1564=ORIENTED_EDGE('',*,*,#2426,.T.);
#1565=ORIENTED_EDGE('',*,*,#2103,.F.);
#1566=ORIENTED_EDGE('',*,*,#2430,.F.);
#1567=ORIENTED_EDGE('',*,*,#2431,.T.);
#1568=ORIENTED_EDGE('',*,*,#2428,.T.);
#1569=ORIENTED_EDGE('',*,*,#2102,.F.);
#1570=ORIENTED_EDGE('',*,*,#2432,.F.);
#1571=ORIENTED_EDGE('',*,*,#2433,.T.);
#1572=ORIENTED_EDGE('',*,*,#2430,.T.);
#1573=ORIENTED_EDGE('',*,*,#2101,.F.);
#1574=ORIENTED_EDGE('',*,*,#2403,.F.);
#1575=ORIENTED_EDGE('',*,*,#2434,.T.);
#1576=ORIENTED_EDGE('',*,*,#2432,.T.);
#1577=ORIENTED_EDGE('',*,*,#2402,.F.);
#1578=ORIENTED_EDGE('',*,*,#2405,.F.);
#1579=ORIENTED_EDGE('',*,*,#2407,.F.);
#1580=ORIENTED_EDGE('',*,*,#2409,.F.);
#1581=ORIENTED_EDGE('',*,*,#2411,.F.);
#1582=ORIENTED_EDGE('',*,*,#2413,.F.);
#1583=ORIENTED_EDGE('',*,*,#2415,.F.);
#1584=ORIENTED_EDGE('',*,*,#2417,.F.);
#1585=ORIENTED_EDGE('',*,*,#2419,.F.);
#1586=ORIENTED_EDGE('',*,*,#2421,.F.);
#1587=ORIENTED_EDGE('',*,*,#2423,.F.);
#1588=ORIENTED_EDGE('',*,*,#2425,.F.);
#1589=ORIENTED_EDGE('',*,*,#2427,.F.);
#1590=ORIENTED_EDGE('',*,*,#2429,.F.);
#1591=ORIENTED_EDGE('',*,*,#2431,.F.);
#1592=ORIENTED_EDGE('',*,*,#2433,.F.);
#1593=ORIENTED_EDGE('',*,*,#2434,.F.);
#1594=ORIENTED_EDGE('',*,*,#2117,.F.);
#1595=ORIENTED_EDGE('',*,*,#2435,.F.);
#1596=ORIENTED_EDGE('',*,*,#2436,.T.);
#1597=ORIENTED_EDGE('',*,*,#2437,.T.);
#1598=ORIENTED_EDGE('',*,*,#2116,.F.);
#1599=ORIENTED_EDGE('',*,*,#2438,.F.);
#1600=ORIENTED_EDGE('',*,*,#2439,.T.);
#1601=ORIENTED_EDGE('',*,*,#2435,.T.);
#1602=ORIENTED_EDGE('',*,*,#2146,.F.);
#1603=ORIENTED_EDGE('',*,*,#2440,.F.);
#1604=ORIENTED_EDGE('',*,*,#2441,.T.);
#1605=ORIENTED_EDGE('',*,*,#2438,.T.);
#1606=ORIENTED_EDGE('',*,*,#2145,.F.);
#1607=ORIENTED_EDGE('',*,*,#2442,.F.);
#1608=ORIENTED_EDGE('',*,*,#2443,.T.);
#1609=ORIENTED_EDGE('',*,*,#2440,.T.);
#1610=ORIENTED_EDGE('',*,*,#2144,.F.);
#1611=ORIENTED_EDGE('',*,*,#2444,.F.);
#1612=ORIENTED_EDGE('',*,*,#2445,.T.);
#1613=ORIENTED_EDGE('',*,*,#2442,.T.);
#1614=ORIENTED_EDGE('',*,*,#2143,.F.);
#1615=ORIENTED_EDGE('',*,*,#2446,.F.);
#1616=ORIENTED_EDGE('',*,*,#2447,.T.);
#1617=ORIENTED_EDGE('',*,*,#2444,.T.);
#1618=ORIENTED_EDGE('',*,*,#2142,.F.);
#1619=ORIENTED_EDGE('',*,*,#2448,.F.);
#1620=ORIENTED_EDGE('',*,*,#2449,.T.);
#1621=ORIENTED_EDGE('',*,*,#2446,.T.);
#1622=ORIENTED_EDGE('',*,*,#2141,.F.);
#1623=ORIENTED_EDGE('',*,*,#2450,.F.);
#1624=ORIENTED_EDGE('',*,*,#2451,.T.);
#1625=ORIENTED_EDGE('',*,*,#2448,.T.);
#1626=ORIENTED_EDGE('',*,*,#2140,.F.);
#1627=ORIENTED_EDGE('',*,*,#2452,.F.);
#1628=ORIENTED_EDGE('',*,*,#2453,.T.);
#1629=ORIENTED_EDGE('',*,*,#2450,.T.);
#1630=ORIENTED_EDGE('',*,*,#2139,.F.);
#1631=ORIENTED_EDGE('',*,*,#2454,.F.);
#1632=ORIENTED_EDGE('',*,*,#2455,.T.);
#1633=ORIENTED_EDGE('',*,*,#2452,.T.);
#1634=ORIENTED_EDGE('',*,*,#2138,.F.);
#1635=ORIENTED_EDGE('',*,*,#2456,.F.);
#1636=ORIENTED_EDGE('',*,*,#2457,.T.);
#1637=ORIENTED_EDGE('',*,*,#2454,.T.);
#1638=ORIENTED_EDGE('',*,*,#2137,.F.);
#1639=ORIENTED_EDGE('',*,*,#2458,.F.);
#1640=ORIENTED_EDGE('',*,*,#2459,.T.);
#1641=ORIENTED_EDGE('',*,*,#2456,.T.);
#1642=ORIENTED_EDGE('',*,*,#2136,.F.);
#1643=ORIENTED_EDGE('',*,*,#2460,.F.);
#1644=ORIENTED_EDGE('',*,*,#2461,.T.);
#1645=ORIENTED_EDGE('',*,*,#2458,.T.);
#1646=ORIENTED_EDGE('',*,*,#2135,.F.);
#1647=ORIENTED_EDGE('',*,*,#2462,.F.);
#1648=ORIENTED_EDGE('',*,*,#2463,.T.);
#1649=ORIENTED_EDGE('',*,*,#2460,.T.);
#1650=ORIENTED_EDGE('',*,*,#2134,.F.);
#1651=ORIENTED_EDGE('',*,*,#2464,.F.);
#1652=ORIENTED_EDGE('',*,*,#2465,.T.);
#1653=ORIENTED_EDGE('',*,*,#2462,.T.);
#1654=ORIENTED_EDGE('',*,*,#2133,.F.);
#1655=ORIENTED_EDGE('',*,*,#2466,.F.);
#1656=ORIENTED_EDGE('',*,*,#2467,.T.);
#1657=ORIENTED_EDGE('',*,*,#2464,.T.);
#1658=ORIENTED_EDGE('',*,*,#2132,.F.);
#1659=ORIENTED_EDGE('',*,*,#2468,.F.);
#1660=ORIENTED_EDGE('',*,*,#2469,.T.);
#1661=ORIENTED_EDGE('',*,*,#2466,.T.);
#1662=ORIENTED_EDGE('',*,*,#2131,.F.);
#1663=ORIENTED_EDGE('',*,*,#2470,.F.);
#1664=ORIENTED_EDGE('',*,*,#2471,.T.);
#1665=ORIENTED_EDGE('',*,*,#2468,.T.);
#1666=ORIENTED_EDGE('',*,*,#2130,.F.);
#1667=ORIENTED_EDGE('',*,*,#2472,.F.);
#1668=ORIENTED_EDGE('',*,*,#2473,.T.);
#1669=ORIENTED_EDGE('',*,*,#2470,.T.);
#1670=ORIENTED_EDGE('',*,*,#2129,.F.);
#1671=ORIENTED_EDGE('',*,*,#2474,.F.);
#1672=ORIENTED_EDGE('',*,*,#2475,.T.);
#1673=ORIENTED_EDGE('',*,*,#2472,.T.);
#1674=ORIENTED_EDGE('',*,*,#2128,.F.);
#1675=ORIENTED_EDGE('',*,*,#2476,.F.);
#1676=ORIENTED_EDGE('',*,*,#2477,.T.);
#1677=ORIENTED_EDGE('',*,*,#2474,.T.);
#1678=ORIENTED_EDGE('',*,*,#2127,.F.);
#1679=ORIENTED_EDGE('',*,*,#2478,.F.);
#1680=ORIENTED_EDGE('',*,*,#2479,.T.);
#1681=ORIENTED_EDGE('',*,*,#2476,.T.);
#1682=ORIENTED_EDGE('',*,*,#2126,.F.);
#1683=ORIENTED_EDGE('',*,*,#2480,.F.);
#1684=ORIENTED_EDGE('',*,*,#2481,.T.);
#1685=ORIENTED_EDGE('',*,*,#2478,.T.);
#1686=ORIENTED_EDGE('',*,*,#2125,.F.);
#1687=ORIENTED_EDGE('',*,*,#2482,.F.);
#1688=ORIENTED_EDGE('',*,*,#2483,.T.);
#1689=ORIENTED_EDGE('',*,*,#2480,.T.);
#1690=ORIENTED_EDGE('',*,*,#2124,.F.);
#1691=ORIENTED_EDGE('',*,*,#2484,.F.);
#1692=ORIENTED_EDGE('',*,*,#2485,.T.);
#1693=ORIENTED_EDGE('',*,*,#2482,.T.);
#1694=ORIENTED_EDGE('',*,*,#2123,.F.);
#1695=ORIENTED_EDGE('',*,*,#2486,.F.);
#1696=ORIENTED_EDGE('',*,*,#2487,.T.);
#1697=ORIENTED_EDGE('',*,*,#2484,.T.);
#1698=ORIENTED_EDGE('',*,*,#2122,.F.);
#1699=ORIENTED_EDGE('',*,*,#2488,.F.);
#1700=ORIENTED_EDGE('',*,*,#2489,.T.);
#1701=ORIENTED_EDGE('',*,*,#2486,.T.);
#1702=ORIENTED_EDGE('',*,*,#2121,.F.);
#1703=ORIENTED_EDGE('',*,*,#2490,.F.);
#1704=ORIENTED_EDGE('',*,*,#2491,.T.);
#1705=ORIENTED_EDGE('',*,*,#2488,.T.);
#1706=ORIENTED_EDGE('',*,*,#2120,.F.);
#1707=ORIENTED_EDGE('',*,*,#2492,.F.);
#1708=ORIENTED_EDGE('',*,*,#2493,.T.);
#1709=ORIENTED_EDGE('',*,*,#2490,.T.);
#1710=ORIENTED_EDGE('',*,*,#2119,.F.);
#1711=ORIENTED_EDGE('',*,*,#2494,.F.);
#1712=ORIENTED_EDGE('',*,*,#2495,.T.);
#1713=ORIENTED_EDGE('',*,*,#2492,.T.);
#1714=ORIENTED_EDGE('',*,*,#2118,.F.);
#1715=ORIENTED_EDGE('',*,*,#2437,.F.);
#1716=ORIENTED_EDGE('',*,*,#2496,.T.);
#1717=ORIENTED_EDGE('',*,*,#2494,.T.);
#1718=ORIENTED_EDGE('',*,*,#2436,.F.);
#1719=ORIENTED_EDGE('',*,*,#2439,.F.);
#1720=ORIENTED_EDGE('',*,*,#2441,.F.);
#1721=ORIENTED_EDGE('',*,*,#2443,.F.);
#1722=ORIENTED_EDGE('',*,*,#2445,.F.);
#1723=ORIENTED_EDGE('',*,*,#2447,.F.);
#1724=ORIENTED_EDGE('',*,*,#2449,.F.);
#1725=ORIENTED_EDGE('',*,*,#2451,.F.);
#1726=ORIENTED_EDGE('',*,*,#2453,.F.);
#1727=ORIENTED_EDGE('',*,*,#2455,.F.);
#1728=ORIENTED_EDGE('',*,*,#2457,.F.);
#1729=ORIENTED_EDGE('',*,*,#2459,.F.);
#1730=ORIENTED_EDGE('',*,*,#2461,.F.);
#1731=ORIENTED_EDGE('',*,*,#2463,.F.);
#1732=ORIENTED_EDGE('',*,*,#2465,.F.);
#1733=ORIENTED_EDGE('',*,*,#2467,.F.);
#1734=ORIENTED_EDGE('',*,*,#2469,.F.);
#1735=ORIENTED_EDGE('',*,*,#2471,.F.);
#1736=ORIENTED_EDGE('',*,*,#2473,.F.);
#1737=ORIENTED_EDGE('',*,*,#2475,.F.);
#1738=ORIENTED_EDGE('',*,*,#2477,.F.);
#1739=ORIENTED_EDGE('',*,*,#2479,.F.);
#1740=ORIENTED_EDGE('',*,*,#2481,.F.);
#1741=ORIENTED_EDGE('',*,*,#2483,.F.);
#1742=ORIENTED_EDGE('',*,*,#2485,.F.);
#1743=ORIENTED_EDGE('',*,*,#2487,.F.);
#1744=ORIENTED_EDGE('',*,*,#2489,.F.);
#1745=ORIENTED_EDGE('',*,*,#2491,.F.);
#1746=ORIENTED_EDGE('',*,*,#2493,.F.);
#1747=ORIENTED_EDGE('',*,*,#2495,.F.);
#1748=ORIENTED_EDGE('',*,*,#2496,.F.);
#1749=ORIENTED_EDGE('',*,*,#2148,.F.);
#1750=ORIENTED_EDGE('',*,*,#2497,.F.);
#1751=ORIENTED_EDGE('',*,*,#2498,.T.);
#1752=ORIENTED_EDGE('',*,*,#2499,.T.);
#1753=ORIENTED_EDGE('',*,*,#2147,.F.);
#1754=ORIENTED_EDGE('',*,*,#2500,.F.);
#1755=ORIENTED_EDGE('',*,*,#2501,.T.);
#1756=ORIENTED_EDGE('',*,*,#2497,.T.);
#1757=ORIENTED_EDGE('',*,*,#2150,.F.);
#1758=ORIENTED_EDGE('',*,*,#2502,.F.);
#1759=ORIENTED_EDGE('',*,*,#2503,.T.);
#1760=ORIENTED_EDGE('',*,*,#2500,.T.);
#1761=ORIENTED_EDGE('',*,*,#2149,.F.);
#1762=ORIENTED_EDGE('',*,*,#2499,.F.);
#1763=ORIENTED_EDGE('',*,*,#2504,.T.);
#1764=ORIENTED_EDGE('',*,*,#2502,.T.);
#1765=ORIENTED_EDGE('',*,*,#2498,.F.);
#1766=ORIENTED_EDGE('',*,*,#2501,.F.);
#1767=ORIENTED_EDGE('',*,*,#2503,.F.);
#1768=ORIENTED_EDGE('',*,*,#2504,.F.);
#1769=ORIENTED_EDGE('',*,*,#2505,.F.);
#1770=ORIENTED_EDGE('',*,*,#2506,.F.);
#1771=ORIENTED_EDGE('',*,*,#2507,.T.);
#1772=ORIENTED_EDGE('',*,*,#2508,.T.);
#1773=ORIENTED_EDGE('',*,*,#2509,.F.);
#1774=ORIENTED_EDGE('',*,*,#2510,.F.);
#1775=ORIENTED_EDGE('',*,*,#2511,.T.);
#1776=ORIENTED_EDGE('',*,*,#2506,.T.);
#1777=ORIENTED_EDGE('',*,*,#2512,.F.);
#1778=ORIENTED_EDGE('',*,*,#2513,.F.);
#1779=ORIENTED_EDGE('',*,*,#2514,.T.);
#1780=ORIENTED_EDGE('',*,*,#2510,.T.);
#1781=ORIENTED_EDGE('',*,*,#2515,.F.);
#1782=ORIENTED_EDGE('',*,*,#2516,.F.);
#1783=ORIENTED_EDGE('',*,*,#2517,.T.);
#1784=ORIENTED_EDGE('',*,*,#2513,.T.);
#1785=ORIENTED_EDGE('',*,*,#2518,.F.);
#1786=ORIENTED_EDGE('',*,*,#2519,.F.);
#1787=ORIENTED_EDGE('',*,*,#2520,.T.);
#1788=ORIENTED_EDGE('',*,*,#2516,.T.);
#1789=ORIENTED_EDGE('',*,*,#2521,.F.);
#1790=ORIENTED_EDGE('',*,*,#2522,.F.);
#1791=ORIENTED_EDGE('',*,*,#2523,.T.);
#1792=ORIENTED_EDGE('',*,*,#2519,.T.);
#1793=ORIENTED_EDGE('',*,*,#2524,.F.);
#1794=ORIENTED_EDGE('',*,*,#2525,.F.);
#1795=ORIENTED_EDGE('',*,*,#2526,.T.);
#1796=ORIENTED_EDGE('',*,*,#2522,.T.);
#1797=ORIENTED_EDGE('',*,*,#2527,.F.);
#1798=ORIENTED_EDGE('',*,*,#2528,.F.);
#1799=ORIENTED_EDGE('',*,*,#2529,.T.);
#1800=ORIENTED_EDGE('',*,*,#2525,.T.);
#1801=ORIENTED_EDGE('',*,*,#2530,.F.);
#1802=ORIENTED_EDGE('',*,*,#2531,.F.);
#1803=ORIENTED_EDGE('',*,*,#2532,.T.);
#1804=ORIENTED_EDGE('',*,*,#2528,.T.);
#1805=ORIENTED_EDGE('',*,*,#2075,.F.);
#1806=ORIENTED_EDGE('',*,*,#2533,.F.);
#1807=ORIENTED_EDGE('',*,*,#2534,.T.);
#1808=ORIENTED_EDGE('',*,*,#2535,.T.);
#1809=ORIENTED_EDGE('',*,*,#2074,.F.);
#1810=ORIENTED_EDGE('',*,*,#2536,.F.);
#1811=ORIENTED_EDGE('',*,*,#2537,.T.);
#1812=ORIENTED_EDGE('',*,*,#2533,.T.);
#1813=ORIENTED_EDGE('',*,*,#2098,.F.);
#1814=ORIENTED_EDGE('',*,*,#2538,.F.);
#1815=ORIENTED_EDGE('',*,*,#2539,.T.);
#1816=ORIENTED_EDGE('',*,*,#2536,.T.);
#1817=ORIENTED_EDGE('',*,*,#2097,.F.);
#1818=ORIENTED_EDGE('',*,*,#2540,.F.);
#1819=ORIENTED_EDGE('',*,*,#2541,.T.);
#1820=ORIENTED_EDGE('',*,*,#2538,.T.);
#1821=ORIENTED_EDGE('',*,*,#2096,.F.);
#1822=ORIENTED_EDGE('',*,*,#2542,.F.);
#1823=ORIENTED_EDGE('',*,*,#2543,.T.);
#1824=ORIENTED_EDGE('',*,*,#2540,.T.);
#1825=ORIENTED_EDGE('',*,*,#2095,.F.);
#1826=ORIENTED_EDGE('',*,*,#2544,.F.);
#1827=ORIENTED_EDGE('',*,*,#2545,.T.);
#1828=ORIENTED_EDGE('',*,*,#2542,.T.);
#1829=ORIENTED_EDGE('',*,*,#2094,.F.);
#1830=ORIENTED_EDGE('',*,*,#2546,.F.);
#1831=ORIENTED_EDGE('',*,*,#2547,.T.);
#1832=ORIENTED_EDGE('',*,*,#2544,.T.);
#1833=ORIENTED_EDGE('',*,*,#2093,.F.);
#1834=ORIENTED_EDGE('',*,*,#2548,.F.);
#1835=ORIENTED_EDGE('',*,*,#2549,.T.);
#1836=ORIENTED_EDGE('',*,*,#2546,.T.);
#1837=ORIENTED_EDGE('',*,*,#2092,.F.);
#1838=ORIENTED_EDGE('',*,*,#2550,.F.);
#1839=ORIENTED_EDGE('',*,*,#2551,.T.);
#1840=ORIENTED_EDGE('',*,*,#2548,.T.);
#1841=ORIENTED_EDGE('',*,*,#2091,.F.);
#1842=ORIENTED_EDGE('',*,*,#2552,.F.);
#1843=ORIENTED_EDGE('',*,*,#2553,.T.);
#1844=ORIENTED_EDGE('',*,*,#2550,.T.);
#1845=ORIENTED_EDGE('',*,*,#2090,.F.);
#1846=ORIENTED_EDGE('',*,*,#2554,.F.);
#1847=ORIENTED_EDGE('',*,*,#2555,.T.);
#1848=ORIENTED_EDGE('',*,*,#2552,.T.);
#1849=ORIENTED_EDGE('',*,*,#2089,.F.);
#1850=ORIENTED_EDGE('',*,*,#2556,.F.);
#1851=ORIENTED_EDGE('',*,*,#2557,.T.);
#1852=ORIENTED_EDGE('',*,*,#2554,.T.);
#1853=ORIENTED_EDGE('',*,*,#2088,.F.);
#1854=ORIENTED_EDGE('',*,*,#2558,.F.);
#1855=ORIENTED_EDGE('',*,*,#2559,.T.);
#1856=ORIENTED_EDGE('',*,*,#2556,.T.);
#1857=ORIENTED_EDGE('',*,*,#2087,.F.);
#1858=ORIENTED_EDGE('',*,*,#2560,.F.);
#1859=ORIENTED_EDGE('',*,*,#2561,.T.);
#1860=ORIENTED_EDGE('',*,*,#2558,.T.);
#1861=ORIENTED_EDGE('',*,*,#2086,.F.);
#1862=ORIENTED_EDGE('',*,*,#2562,.F.);
#1863=ORIENTED_EDGE('',*,*,#2563,.T.);
#1864=ORIENTED_EDGE('',*,*,#2560,.T.);
#1865=ORIENTED_EDGE('',*,*,#2085,.F.);
#1866=ORIENTED_EDGE('',*,*,#2564,.F.);
#1867=ORIENTED_EDGE('',*,*,#2565,.T.);
#1868=ORIENTED_EDGE('',*,*,#2562,.T.);
#1869=ORIENTED_EDGE('',*,*,#2084,.F.);
#1870=ORIENTED_EDGE('',*,*,#2566,.F.);
#1871=ORIENTED_EDGE('',*,*,#2567,.T.);
#1872=ORIENTED_EDGE('',*,*,#2564,.T.);
#1873=ORIENTED_EDGE('',*,*,#2083,.F.);
#1874=ORIENTED_EDGE('',*,*,#2568,.F.);
#1875=ORIENTED_EDGE('',*,*,#2569,.T.);
#1876=ORIENTED_EDGE('',*,*,#2566,.T.);
#1877=ORIENTED_EDGE('',*,*,#2082,.F.);
#1878=ORIENTED_EDGE('',*,*,#2570,.F.);
#1879=ORIENTED_EDGE('',*,*,#2571,.T.);
#1880=ORIENTED_EDGE('',*,*,#2568,.T.);
#1881=ORIENTED_EDGE('',*,*,#2081,.F.);
#1882=ORIENTED_EDGE('',*,*,#2572,.F.);
#1883=ORIENTED_EDGE('',*,*,#2573,.T.);
#1884=ORIENTED_EDGE('',*,*,#2570,.T.);
#1885=ORIENTED_EDGE('',*,*,#2080,.F.);
#1886=ORIENTED_EDGE('',*,*,#2574,.F.);
#1887=ORIENTED_EDGE('',*,*,#2575,.T.);
#1888=ORIENTED_EDGE('',*,*,#2572,.T.);
#1889=ORIENTED_EDGE('',*,*,#2079,.F.);
#1890=ORIENTED_EDGE('',*,*,#2576,.F.);
#1891=ORIENTED_EDGE('',*,*,#2577,.T.);
#1892=ORIENTED_EDGE('',*,*,#2574,.T.);
#1893=ORIENTED_EDGE('',*,*,#2078,.F.);
#1894=ORIENTED_EDGE('',*,*,#2578,.F.);
#1895=ORIENTED_EDGE('',*,*,#2579,.T.);
#1896=ORIENTED_EDGE('',*,*,#2576,.T.);
#1897=ORIENTED_EDGE('',*,*,#2077,.F.);
#1898=ORIENTED_EDGE('',*,*,#2580,.F.);
#1899=ORIENTED_EDGE('',*,*,#2581,.T.);
#1900=ORIENTED_EDGE('',*,*,#2578,.T.);
#1901=ORIENTED_EDGE('',*,*,#2076,.F.);
#1902=ORIENTED_EDGE('',*,*,#2535,.F.);
#1903=ORIENTED_EDGE('',*,*,#2582,.T.);
#1904=ORIENTED_EDGE('',*,*,#2580,.T.);
#1905=ORIENTED_EDGE('',*,*,#2583,.F.);
#1906=ORIENTED_EDGE('',*,*,#2508,.F.);
#1907=ORIENTED_EDGE('',*,*,#2584,.T.);
#1908=ORIENTED_EDGE('',*,*,#2531,.T.);
#1909=ORIENTED_EDGE('',*,*,#2534,.F.);
#1910=ORIENTED_EDGE('',*,*,#2537,.F.);
#1911=ORIENTED_EDGE('',*,*,#2539,.F.);
#1912=ORIENTED_EDGE('',*,*,#2541,.F.);
#1913=ORIENTED_EDGE('',*,*,#2543,.F.);
#1914=ORIENTED_EDGE('',*,*,#2545,.F.);
#1915=ORIENTED_EDGE('',*,*,#2547,.F.);
#1916=ORIENTED_EDGE('',*,*,#2549,.F.);
#1917=ORIENTED_EDGE('',*,*,#2551,.F.);
#1918=ORIENTED_EDGE('',*,*,#2553,.F.);
#1919=ORIENTED_EDGE('',*,*,#2555,.F.);
#1920=ORIENTED_EDGE('',*,*,#2557,.F.);
#1921=ORIENTED_EDGE('',*,*,#2559,.F.);
#1922=ORIENTED_EDGE('',*,*,#2561,.F.);
#1923=ORIENTED_EDGE('',*,*,#2563,.F.);
#1924=ORIENTED_EDGE('',*,*,#2565,.F.);
#1925=ORIENTED_EDGE('',*,*,#2567,.F.);
#1926=ORIENTED_EDGE('',*,*,#2569,.F.);
#1927=ORIENTED_EDGE('',*,*,#2571,.F.);
#1928=ORIENTED_EDGE('',*,*,#2573,.F.);
#1929=ORIENTED_EDGE('',*,*,#2575,.F.);
#1930=ORIENTED_EDGE('',*,*,#2577,.F.);
#1931=ORIENTED_EDGE('',*,*,#2579,.F.);
#1932=ORIENTED_EDGE('',*,*,#2581,.F.);
#1933=ORIENTED_EDGE('',*,*,#2582,.F.);
#1934=ORIENTED_EDGE('',*,*,#2507,.F.);
#1935=ORIENTED_EDGE('',*,*,#2511,.F.);
#1936=ORIENTED_EDGE('',*,*,#2514,.F.);
#1937=ORIENTED_EDGE('',*,*,#2517,.F.);
#1938=ORIENTED_EDGE('',*,*,#2520,.F.);
#1939=ORIENTED_EDGE('',*,*,#2523,.F.);
#1940=ORIENTED_EDGE('',*,*,#2526,.F.);
#1941=ORIENTED_EDGE('',*,*,#2529,.F.);
#1942=ORIENTED_EDGE('',*,*,#2532,.F.);
#1943=ORIENTED_EDGE('',*,*,#2584,.F.);
#1944=ORIENTED_EDGE('',*,*,#2585,.F.);
#1945=ORIENTED_EDGE('',*,*,#2586,.F.);
#1946=ORIENTED_EDGE('',*,*,#2587,.T.);
#1947=ORIENTED_EDGE('',*,*,#2588,.T.);
#1948=ORIENTED_EDGE('',*,*,#2589,.F.);
#1949=ORIENTED_EDGE('',*,*,#2590,.F.);
#1950=ORIENTED_EDGE('',*,*,#2591,.T.);
#1951=ORIENTED_EDGE('',*,*,#2586,.T.);
#1952=ORIENTED_EDGE('',*,*,#2592,.F.);
#1953=ORIENTED_EDGE('',*,*,#2593,.F.);
#1954=ORIENTED_EDGE('',*,*,#2594,.T.);
#1955=ORIENTED_EDGE('',*,*,#2590,.T.);
#1956=ORIENTED_EDGE('',*,*,#2595,.F.);
#1957=ORIENTED_EDGE('',*,*,#2596,.F.);
#1958=ORIENTED_EDGE('',*,*,#2597,.T.);
#1959=ORIENTED_EDGE('',*,*,#2593,.T.);
#1960=ORIENTED_EDGE('',*,*,#2598,.F.);
#1961=ORIENTED_EDGE('',*,*,#2599,.F.);
#1962=ORIENTED_EDGE('',*,*,#2600,.T.);
#1963=ORIENTED_EDGE('',*,*,#2596,.T.);
#1964=ORIENTED_EDGE('',*,*,#2601,.F.);
#1965=ORIENTED_EDGE('',*,*,#2602,.F.);
#1966=ORIENTED_EDGE('',*,*,#2603,.T.);
#1967=ORIENTED_EDGE('',*,*,#2599,.T.);
#1968=ORIENTED_EDGE('',*,*,#2152,.F.);
#1969=ORIENTED_EDGE('',*,*,#2604,.F.);
#1970=ORIENTED_EDGE('',*,*,#2605,.T.);
#1971=ORIENTED_EDGE('',*,*,#2606,.T.);
#1972=ORIENTED_EDGE('',*,*,#2151,.F.);
#1973=ORIENTED_EDGE('',*,*,#2607,.F.);
#1974=ORIENTED_EDGE('',*,*,#2608,.T.);
#1975=ORIENTED_EDGE('',*,*,#2604,.T.);
#1976=ORIENTED_EDGE('',*,*,#2158,.F.);
#1977=ORIENTED_EDGE('',*,*,#2609,.F.);
#1978=ORIENTED_EDGE('',*,*,#2610,.T.);
#1979=ORIENTED_EDGE('',*,*,#2607,.T.);
#1980=ORIENTED_EDGE('',*,*,#2157,.F.);
#1981=ORIENTED_EDGE('',*,*,#2611,.F.);
#1982=ORIENTED_EDGE('',*,*,#2612,.T.);
#1983=ORIENTED_EDGE('',*,*,#2609,.T.);
#1984=ORIENTED_EDGE('',*,*,#2156,.F.);
#1985=ORIENTED_EDGE('',*,*,#2613,.F.);
#1986=ORIENTED_EDGE('',*,*,#2614,.T.);
#1987=ORIENTED_EDGE('',*,*,#2611,.T.);
#1988=ORIENTED_EDGE('',*,*,#2155,.F.);
#1989=ORIENTED_EDGE('',*,*,#2615,.F.);
#1990=ORIENTED_EDGE('',*,*,#2616,.T.);
#1991=ORIENTED_EDGE('',*,*,#2613,.T.);
#1992=ORIENTED_EDGE('',*,*,#2154,.F.);
#1993=ORIENTED_EDGE('',*,*,#2617,.F.);
#1994=ORIENTED_EDGE('',*,*,#2618,.T.);
#1995=ORIENTED_EDGE('',*,*,#2615,.T.);
#1996=ORIENTED_EDGE('',*,*,#2153,.F.);
#1997=ORIENTED_EDGE('',*,*,#2606,.F.);
#1998=ORIENTED_EDGE('',*,*,#2619,.T.);
#1999=ORIENTED_EDGE('',*,*,#2617,.T.);
#2000=ORIENTED_EDGE('',*,*,#2620,.F.);
#2001=ORIENTED_EDGE('',*,*,#2588,.F.);
#2002=ORIENTED_EDGE('',*,*,#2621,.T.);
#2003=ORIENTED_EDGE('',*,*,#2602,.T.);
#2004=ORIENTED_EDGE('',*,*,#2605,.F.);
#2005=ORIENTED_EDGE('',*,*,#2608,.F.);
#2006=ORIENTED_EDGE('',*,*,#2610,.F.);
#2007=ORIENTED_EDGE('',*,*,#2612,.F.);
#2008=ORIENTED_EDGE('',*,*,#2614,.F.);
#2009=ORIENTED_EDGE('',*,*,#2616,.F.);
#2010=ORIENTED_EDGE('',*,*,#2618,.F.);
#2011=ORIENTED_EDGE('',*,*,#2619,.F.);
#2012=ORIENTED_EDGE('',*,*,#2587,.F.);
#2013=ORIENTED_EDGE('',*,*,#2591,.F.);
#2014=ORIENTED_EDGE('',*,*,#2594,.F.);
#2015=ORIENTED_EDGE('',*,*,#2597,.F.);
#2016=ORIENTED_EDGE('',*,*,#2600,.F.);
#2017=ORIENTED_EDGE('',*,*,#2603,.F.);
#2018=ORIENTED_EDGE('',*,*,#2621,.F.);
#2019=ORIENTED_EDGE('',*,*,#2509,.T.);
#2020=ORIENTED_EDGE('',*,*,#2505,.T.);
#2021=ORIENTED_EDGE('',*,*,#2583,.T.);
#2022=ORIENTED_EDGE('',*,*,#2530,.T.);
#2023=ORIENTED_EDGE('',*,*,#2527,.T.);
#2024=ORIENTED_EDGE('',*,*,#2524,.T.);
#2025=ORIENTED_EDGE('',*,*,#2521,.T.);
#2026=ORIENTED_EDGE('',*,*,#2518,.T.);
#2027=ORIENTED_EDGE('',*,*,#2515,.T.);
#2028=ORIENTED_EDGE('',*,*,#2512,.T.);
#2029=ORIENTED_EDGE('',*,*,#2589,.T.);
#2030=ORIENTED_EDGE('',*,*,#2585,.T.);
#2031=ORIENTED_EDGE('',*,*,#2620,.T.);
#2032=ORIENTED_EDGE('',*,*,#2601,.T.);
#2033=ORIENTED_EDGE('',*,*,#2598,.T.);
#2034=ORIENTED_EDGE('',*,*,#2595,.T.);
#2035=ORIENTED_EDGE('',*,*,#2592,.T.);
#2036=ORIENTED_EDGE('',*,*,#2060,.T.);
#2037=ORIENTED_EDGE('',*,*,#2340,.F.);
#2038=ORIENTED_EDGE('',*,*,#2622,.F.);
#2039=ORIENTED_EDGE('',*,*,#2337,.F.);
#2040=ORIENTED_EDGE('',*,*,#2622,.T.);
#2041=ORIENTED_EDGE('',*,*,#2303,.F.);
#2042=ORIENTED_EDGE('',*,*,#2623,.F.);
#2043=ORIENTED_EDGE('',*,*,#2300,.F.);
#2044=ORIENTED_EDGE('',*,*,#2346,.F.);
#2045=ORIENTED_EDGE('',*,*,#2623,.T.);
#2046=ORIENTED_EDGE('',*,*,#2348,.F.);
#2047=ORIENTED_EDGE('',*,*,#2159,.T.);
#2048=ORIENTED_EDGE('',*,*,#2066,.T.);
#2049=ORIENTED_EDGE('',*,*,#2321,.F.);
#2050=ORIENTED_EDGE('',*,*,#2624,.F.);
#2051=ORIENTED_EDGE('',*,*,#2317,.F.);
#2052=ORIENTED_EDGE('',*,*,#2624,.T.);
#2053=ORIENTED_EDGE('',*,*,#2287,.F.);
#2054=ORIENTED_EDGE('',*,*,#2625,.F.);
#2055=ORIENTED_EDGE('',*,*,#2283,.F.);
#2056=ORIENTED_EDGE('',*,*,#2330,.F.);
#2057=ORIENTED_EDGE('',*,*,#2625,.T.);
#2058=ORIENTED_EDGE('',*,*,#2334,.F.);
#2059=ORIENTED_EDGE('',*,*,#2167,.T.);
#2060=EDGE_CURVE('',#2626,#2627,#2979,.T.);
#2061=EDGE_CURVE('',#2626,#2628,#294,.F.);
#2062=EDGE_CURVE('',#2628,#2629,#2980,.F.);
#2063=EDGE_CURVE('',#2629,#2630,#295,.T.);
#2064=EDGE_CURVE('',#2630,#2631,#2981,.F.);
#2065=EDGE_CURVE('',#2631,#2632,#296,.T.);
#2066=EDGE_CURVE('',#2633,#2632,#2982,.T.);
#2067=EDGE_CURVE('',#2633,#2634,#297,.F.);
#2068=EDGE_CURVE('',#2635,#2634,#2983,.F.);
#2069=EDGE_CURVE('',#2635,#2636,#298,.F.);
#2070=EDGE_CURVE('',#2636,#2637,#299,.F.);
#2071=EDGE_CURVE('',#2637,#2638,#300,.T.);
#2072=EDGE_CURVE('',#2639,#2638,#2984,.F.);
#2073=EDGE_CURVE('',#2639,#2627,#301,.F.);
#2074=EDGE_CURVE('',#2640,#2641,#163,.T.);
#2075=EDGE_CURVE('',#2641,#2642,#164,.T.);
#2076=EDGE_CURVE('',#2642,#2643,#165,.T.);
#2077=EDGE_CURVE('',#2643,#2644,#166,.T.);
#2078=EDGE_CURVE('',#2644,#2645,#167,.T.);
#2079=EDGE_CURVE('',#2645,#2646,#302,.T.);
#2080=EDGE_CURVE('',#2646,#2647,#303,.T.);
#2081=EDGE_CURVE('',#2647,#2648,#168,.T.);
#2082=EDGE_CURVE('',#2648,#2649,#169,.T.);
#2083=EDGE_CURVE('',#2649,#2650,#170,.T.);
#2084=EDGE_CURVE('',#2650,#2651,#171,.T.);
#2085=EDGE_CURVE('',#2651,#2652,#304,.T.);
#2086=EDGE_CURVE('',#2652,#2653,#172,.T.);
#2087=EDGE_CURVE('',#2653,#2654,#173,.T.);
#2088=EDGE_CURVE('',#2654,#2655,#174,.T.);
#2089=EDGE_CURVE('',#2655,#2656,#305,.T.);
#2090=EDGE_CURVE('',#2656,#2657,#175,.T.);
#2091=EDGE_CURVE('',#2657,#2658,#176,.T.);
#2092=EDGE_CURVE('',#2658,#2659,#2985,.T.);
#2093=EDGE_CURVE('',#2659,#2660,#306,.T.);
#2094=EDGE_CURVE('',#2660,#2661,#2986,.F.);
#2095=EDGE_CURVE('',#2661,#2662,#177,.T.);
#2096=EDGE_CURVE('',#2662,#2663,#178,.T.);
#2097=EDGE_CURVE('',#2663,#2664,#307,.T.);
#2098=EDGE_CURVE('',#2664,#2640,#179,.T.);
#2099=EDGE_CURVE('',#2665,#2666,#308,.T.);
#2100=EDGE_CURVE('',#2666,#2667,#2987,.F.);
#2101=EDGE_CURVE('',#2667,#2668,#180,.T.);
#2102=EDGE_CURVE('',#2668,#2669,#309,.T.);
#2103=EDGE_CURVE('',#2669,#2670,#310,.T.);
#2104=EDGE_CURVE('',#2670,#2671,#311,.T.);
#2105=EDGE_CURVE('',#2671,#2672,#312,.T.);
#2106=EDGE_CURVE('',#2672,#2673,#313,.T.);
#2107=EDGE_CURVE('',#2673,#2674,#314,.T.);
#2108=EDGE_CURVE('',#2674,#2675,#315,.T.);
#2109=EDGE_CURVE('',#2675,#2676,#316,.T.);
#2110=EDGE_CURVE('',#2676,#2677,#317,.T.);
#2111=EDGE_CURVE('',#2677,#2678,#318,.T.);
#2112=EDGE_CURVE('',#2678,#2679,#319,.T.);
#2113=EDGE_CURVE('',#2679,#2680,#181,.T.);
#2114=EDGE_CURVE('',#2680,#2681,#182,.T.);
#2115=EDGE_CURVE('',#2681,#2665,#183,.T.);
#2116=EDGE_CURVE('',#2682,#2683,#184,.T.);
#2117=EDGE_CURVE('',#2683,#2684,#185,.T.);
#2118=EDGE_CURVE('',#2684,#2685,#186,.T.);
#2119=EDGE_CURVE('',#2685,#2686,#187,.T.);
#2120=EDGE_CURVE('',#2686,#2687,#188,.T.);
#2121=EDGE_CURVE('',#2687,#2688,#320,.T.);
#2122=EDGE_CURVE('',#2688,#2689,#189,.T.);
#2123=EDGE_CURVE('',#2689,#2690,#190,.T.);
#2124=EDGE_CURVE('',#2690,#2691,#191,.T.);
#2125=EDGE_CURVE('',#2691,#2692,#192,.T.);
#2126=EDGE_CURVE('',#2692,#2693,#193,.T.);
#2127=EDGE_CURVE('',#2693,#2694,#194,.T.);
#2128=EDGE_CURVE('',#2694,#2695,#321,.T.);
#2129=EDGE_CURVE('',#2695,#2696,#195,.T.);
#2130=EDGE_CURVE('',#2696,#2697,#196,.T.);
#2131=EDGE_CURVE('',#2697,#2698,#197,.T.);
#2132=EDGE_CURVE('',#2698,#2699,#198,.T.);
#2133=EDGE_CURVE('',#2699,#2700,#199,.T.);
#2134=EDGE_CURVE('',#2700,#2701,#200,.T.);
#2135=EDGE_CURVE('',#2701,#2702,#201,.T.);
#2136=EDGE_CURVE('',#2702,#2703,#322,.T.);
#2137=EDGE_CURVE('',#2703,#2704,#202,.T.);
#2138=EDGE_CURVE('',#2704,#2705,#203,.T.);
#2139=EDGE_CURVE('',#2705,#2706,#204,.T.);
#2140=EDGE_CURVE('',#2706,#2707,#205,.T.);
#2141=EDGE_CURVE('',#2707,#2708,#206,.T.);
#2142=EDGE_CURVE('',#2708,#2709,#207,.T.);
#2143=EDGE_CURVE('',#2709,#2710,#208,.T.);
#2144=EDGE_CURVE('',#2710,#2711,#209,.T.);
#2145=EDGE_CURVE('',#2711,#2712,#210,.T.);
#2146=EDGE_CURVE('',#2712,#2682,#2988,.F.);
#2147=EDGE_CURVE('',#2713,#2714,#323,.T.);
#2148=EDGE_CURVE('',#2714,#2715,#324,.T.);
#2149=EDGE_CURVE('',#2715,#2716,#325,.T.);
#2150=EDGE_CURVE('',#2716,#2713,#326,.T.);
#2151=EDGE_CURVE('',#2717,#2718,#327,.T.);
#2152=EDGE_CURVE('',#2718,#2719,#328,.T.);
#2153=EDGE_CURVE('',#2719,#2720,#329,.T.);
#2154=EDGE_CURVE('',#2720,#2721,#330,.T.);
#2155=EDGE_CURVE('',#2721,#2722,#331,.T.);
#2156=EDGE_CURVE('',#2722,#2723,#332,.T.);
#2157=EDGE_CURVE('',#2723,#2724,#333,.T.);
#2158=EDGE_CURVE('',#2724,#2717,#334,.T.);
#2159=EDGE_CURVE('',#2725,#2726,#2989,.F.);
#2160=EDGE_CURVE('',#2725,#2727,#335,.T.);
#2161=EDGE_CURVE('',#2727,#2728,#2990,.F.);
#2162=EDGE_CURVE('',#2728,#2729,#211,.T.);
#2163=EDGE_CURVE('',#2730,#2729,#336,.F.);
#2164=EDGE_CURVE('',#2730,#2731,#212,.T.);
#2165=EDGE_CURVE('',#2731,#2732,#2991,.F.);
#2166=EDGE_CURVE('',#2732,#2733,#337,.T.);
#2167=EDGE_CURVE('',#2734,#2733,#2992,.F.);
#2168=EDGE_CURVE('',#2734,#2735,#338,.F.);
#2169=EDGE_CURVE('',#2735,#2736,#2993,.T.);
#2170=EDGE_CURVE('',#2736,#2737,#339,.F.);
#2171=EDGE_CURVE('',#2737,#2738,#2994,.T.);
#2172=EDGE_CURVE('',#2738,#2726,#340,.T.);
#2173=EDGE_CURVE('',#2739,#2740,#341,.T.);
#2174=EDGE_CURVE('',#2741,#2739,#2995,.F.);
#2175=EDGE_CURVE('',#2742,#2741,#342,.F.);
#2176=EDGE_CURVE('',#2740,#2742,#2996,.F.);
#2177=EDGE_CURVE('',#2743,#2744,#343,.T.);
#2178=EDGE_CURVE('',#2745,#2743,#2997,.T.);
#2179=EDGE_CURVE('',#2746,#2745,#344,.F.);
#2180=EDGE_CURVE('',#2744,#2746,#2998,.T.);
#2181=EDGE_CURVE('',#2747,#2748,#345,.T.);
#2182=EDGE_CURVE('',#2747,#2749,#2999,.T.);
#2183=EDGE_CURVE('',#2750,#2749,#346,.F.);
#2184=EDGE_CURVE('',#2750,#2748,#3000,.T.);
#2185=EDGE_CURVE('',#2751,#2752,#347,.T.);
#2186=EDGE_CURVE('',#2751,#2753,#3001,.F.);
#2187=EDGE_CURVE('',#2754,#2753,#348,.F.);
#2188=EDGE_CURVE('',#2754,#2752,#3002,.F.);
#2189=EDGE_CURVE('',#2755,#2756,#349,.T.);
#2190=EDGE_CURVE('',#2756,#2757,#350,.T.);
#2191=EDGE_CURVE('',#2757,#2758,#351,.T.);
#2192=EDGE_CURVE('',#2758,#2759,#352,.T.);
#2193=EDGE_CURVE('',#2759,#2760,#353,.T.);
#2194=EDGE_CURVE('',#2760,#2761,#354,.F.);
#2195=EDGE_CURVE('',#2762,#2761,#355,.T.);
#2196=EDGE_CURVE('',#2762,#2763,#356,.T.);
#2197=EDGE_CURVE('',#2763,#2764,#357,.T.);
#2198=EDGE_CURVE('',#2764,#2765,#358,.T.);
#2199=EDGE_CURVE('',#2765,#2766,#359,.T.);
#2200=EDGE_CURVE('',#2766,#2755,#360,.T.);
#2201=EDGE_CURVE('',#2767,#2768,#361,.T.);
#2202=EDGE_CURVE('',#2768,#2769,#362,.T.);
#2203=EDGE_CURVE('',#2769,#2770,#363,.T.);
#2204=EDGE_CURVE('',#2770,#2767,#364,.F.);
#2205=EDGE_CURVE('',#2771,#2772,#365,.T.);
#2206=EDGE_CURVE('',#2772,#2773,#366,.T.);
#2207=EDGE_CURVE('',#2774,#2773,#367,.T.);
#2208=EDGE_CURVE('',#2774,#2771,#368,.F.);
#2209=EDGE_CURVE('',#2775,#2776,#369,.T.);
#2210=EDGE_CURVE('',#2775,#2777,#370,.T.);
#2211=EDGE_CURVE('',#2777,#2778,#371,.F.);
#2212=EDGE_CURVE('',#2778,#2776,#372,.F.);
#2213=EDGE_CURVE('',#2779,#2780,#373,.F.);
#2214=EDGE_CURVE('',#2780,#2781,#213,.T.);
#2215=EDGE_CURVE('',#2779,#2781,#374,.T.);
#2216=EDGE_CURVE('',#2782,#2783,#375,.T.);
#2217=EDGE_CURVE('',#2782,#2784,#214,.T.);
#2218=EDGE_CURVE('',#2785,#2784,#376,.T.);
#2219=EDGE_CURVE('',#2785,#2783,#95,.T.);
#2220=EDGE_CURVE('',#2786,#2787,#377,.T.);
#2221=EDGE_CURVE('',#2786,#2788,#215,.T.);
#2222=EDGE_CURVE('',#2787,#2788,#378,.T.);
#2223=EDGE_CURVE('',#2788,#2789,#379,.T.);
#2224=EDGE_CURVE('',#2789,#2762,#380,.F.);
#2225=EDGE_CURVE('',#2761,#2790,#3003,.T.);
#2226=EDGE_CURVE('',#2790,#2787,#381,.T.);
#2227=EDGE_CURVE('',#2791,#2792,#382,.F.);
#2228=EDGE_CURVE('',#2792,#2793,#383,.T.);
#2229=EDGE_CURVE('',#2793,#2794,#384,.T.);
#2230=EDGE_CURVE('',#2794,#2795,#385,.T.);
#2231=EDGE_CURVE('',#2795,#2791,#386,.F.);
#2232=EDGE_CURVE('',#2796,#2797,#387,.T.);
#2233=EDGE_CURVE('',#2797,#2785,#388,.F.);
#2234=EDGE_CURVE('',#2784,#2786,#389,.T.);
#2235=EDGE_CURVE('',#2790,#2796,#390,.T.);
#2236=EDGE_CURVE('',#2749,#2798,#391,.T.);
#2237=EDGE_CURVE('',#2798,#2799,#392,.F.);
#2238=EDGE_CURVE('',#2799,#2751,#393,.F.);
#2239=EDGE_CURVE('',#2752,#2800,#394,.T.);
#2240=EDGE_CURVE('',#2800,#2801,#395,.F.);
#2241=EDGE_CURVE('',#2801,#2779,#396,.F.);
#2242=EDGE_CURVE('',#2781,#2782,#397,.T.);
#2243=EDGE_CURVE('',#2783,#2802,#398,.T.);
#2244=EDGE_CURVE('',#2802,#2803,#399,.F.);
#2245=EDGE_CURVE('',#2803,#2750,#400,.F.);
#2246=EDGE_CURVE('',#2795,#2768,#3004,.F.);
#2247=EDGE_CURVE('',#2767,#2791,#3005,.T.);
#2248=EDGE_CURVE('',#2801,#2795,#3006,.F.);
#2249=EDGE_CURVE('',#2779,#2794,#96,.F.);
#2250=EDGE_CURVE('',#2791,#2763,#3007,.T.);
#2251=EDGE_CURVE('',#2792,#2762,#97,.T.);
#2252=EDGE_CURVE('',#2789,#2793,#98,.T.);
#2253=EDGE_CURVE('',#2780,#2789,#401,.F.);
#2254=EDGE_CURVE('',#2760,#2796,#3008,.F.);
#2255=EDGE_CURVE('',#2797,#2802,#3009,.T.);
#2256=EDGE_CURVE('',#2777,#2797,#3010,.T.);
#2257=EDGE_CURVE('',#2796,#2778,#3011,.F.);
#2258=EDGE_CURVE('',#2804,#2780,#216,.T.);
#2259=EDGE_CURVE('',#2789,#2805,#402,.T.);
#2260=EDGE_CURVE('',#2805,#2806,#217,.T.);
#2261=EDGE_CURVE('',#2806,#2804,#403,.T.);
#2262=EDGE_CURVE('',#2807,#2808,#404,.F.);
#2263=EDGE_CURVE('',#2807,#2731,#3012,.F.);
#2264=EDGE_CURVE('',#2731,#2808,#218,.T.);
#2265=EDGE_CURVE('',#2781,#2730,#219,.T.);
#2266=EDGE_CURVE('',#2729,#2782,#220,.T.);
#2267=EDGE_CURVE('',#2809,#2807,#405,.T.);
#2268=EDGE_CURVE('',#2808,#2804,#221,.T.);
#2269=EDGE_CURVE('',#2806,#2809,#222,.T.);
#2270=EDGE_CURVE('',#2810,#2811,#406,.T.);
#2271=EDGE_CURVE('',#2811,#2805,#223,.T.);
#2272=EDGE_CURVE('',#2788,#2810,#224,.T.);
#2273=EDGE_CURVE('',#2784,#2812,#225,.T.);
#2274=EDGE_CURVE('',#2812,#2813,#407,.F.);
#2275=EDGE_CURVE('',#2814,#2813,#408,.T.);
#2276=EDGE_CURVE('',#2814,#2786,#226,.T.);
#2277=EDGE_CURVE('',#2812,#2728,#227,.T.);
#2278=EDGE_CURVE('',#2728,#2813,#3013,.F.);
#2279=EDGE_CURVE('',#2809,#2815,#228,.T.);
#2280=EDGE_CURVE('',#2815,#2811,#229,.T.);
#2281=EDGE_CURVE('',#2814,#2810,#3014,.T.);
#2282=EDGE_CURVE('',#2816,#2817,#409,.T.);
#2283=EDGE_CURVE('',#2817,#2818,#410,.T.);
#2284=EDGE_CURVE('',#2818,#2819,#411,.F.);
#2285=EDGE_CURVE('',#2819,#2816,#412,.F.);
#2286=EDGE_CURVE('',#2820,#2821,#413,.T.);
#2287=EDGE_CURVE('',#2821,#2822,#414,.F.);
#2288=EDGE_CURVE('',#2822,#2823,#415,.F.);
#2289=EDGE_CURVE('',#2823,#2820,#416,.T.);
#2290=EDGE_CURVE('',#2823,#2824,#3015,.T.);
#2291=EDGE_CURVE('',#2824,#2825,#417,.T.);
#2292=EDGE_CURVE('',#2825,#2820,#3016,.F.);
#2293=EDGE_CURVE('',#2824,#2826,#418,.F.);
#2294=EDGE_CURVE('',#2826,#2827,#419,.T.);
#2295=EDGE_CURVE('',#2827,#2825,#420,.T.);
#2296=EDGE_CURVE('',#2826,#2828,#3017,.T.);
#2297=EDGE_CURVE('',#2828,#2829,#421,.T.);
#2298=EDGE_CURVE('',#2829,#2827,#3018,.F.);
#2299=EDGE_CURVE('',#2828,#2830,#422,.T.);
#2300=EDGE_CURVE('',#2830,#2831,#423,.T.);
#2301=EDGE_CURVE('',#2831,#2829,#424,.F.);
#2302=EDGE_CURVE('',#2832,#2833,#425,.F.);
#2303=EDGE_CURVE('',#2833,#2834,#426,.F.);
#2304=EDGE_CURVE('',#2834,#2835,#427,.T.);
#2305=EDGE_CURVE('',#2835,#2832,#428,.F.);
#2306=EDGE_CURVE('',#2836,#2814,#429,.F.);
#2307=EDGE_CURVE('',#2813,#2837,#230,.T.);
#2308=EDGE_CURVE('',#2837,#2838,#430,.T.);
#2309=EDGE_CURVE('',#2838,#2836,#431,.F.);
#2310=EDGE_CURVE('',#2809,#2839,#432,.F.);
#2311=EDGE_CURVE('',#2839,#2840,#433,.T.);
#2312=EDGE_CURVE('',#2840,#2841,#434,.T.);
#2313=EDGE_CURVE('',#2841,#2807,#231,.F.);
#2314=EDGE_CURVE('',#2842,#2843,#435,.T.);
#2315=EDGE_CURVE('',#2843,#2811,#436,.T.);
#2316=EDGE_CURVE('',#2810,#2842,#437,.T.);
#2317=EDGE_CURVE('',#2633,#2817,#3019,.T.);
#2318=EDGE_CURVE('',#2634,#2816,#3020,.T.);
#2319=EDGE_CURVE('',#2840,#2816,#3021,.F.);
#2320=EDGE_CURVE('',#2635,#2840,#3022,.F.);
#2321=EDGE_CURVE('',#2822,#2632,#3023,.T.);
#2322=EDGE_CURVE('',#2823,#2631,#3024,.T.);
#2323=EDGE_CURVE('',#2841,#2819,#3025,.F.);
#2324=EDGE_CURVE('',#2839,#2843,#3026,.T.);
#2325=EDGE_CURVE('',#2636,#2839,#3027,.T.);
#2326=EDGE_CURVE('',#2824,#2630,#3028,.T.);
#2327=EDGE_CURVE('',#2732,#2819,#3029,.T.);
#2328=EDGE_CURVE('',#2636,#2843,#3030,.F.);
#2329=EDGE_CURVE('',#2826,#2629,#3031,.T.);
#2330=EDGE_CURVE('',#2818,#2733,#3032,.T.);
#2331=EDGE_CURVE('',#2842,#2836,#3033,.T.);
#2332=EDGE_CURVE('',#2637,#2842,#3034,.T.);
#2333=EDGE_CURVE('',#2828,#2628,#3035,.T.);
#2334=EDGE_CURVE('',#2734,#2821,#3036,.T.);
#2335=EDGE_CURVE('',#2735,#2820,#3037,.T.);
#2336=EDGE_CURVE('',#2637,#2836,#3038,.F.);
#2337=EDGE_CURVE('',#2626,#2830,#3039,.T.);
#2338=EDGE_CURVE('',#2736,#2825,#3040,.T.);
#2339=EDGE_CURVE('',#2638,#2838,#3041,.T.);
#2340=EDGE_CURVE('',#2834,#2627,#3042,.T.);
#2341=EDGE_CURVE('',#2835,#2639,#3043,.T.);
#2342=EDGE_CURVE('',#2737,#2827,#3044,.T.);
#2343=EDGE_CURVE('',#2835,#2838,#3045,.F.);
#2344=EDGE_CURVE('',#2738,#2829,#3046,.T.);
#2345=EDGE_CURVE('',#2832,#2837,#3047,.F.);
#2346=EDGE_CURVE('',#2831,#2726,#3048,.T.);
#2347=EDGE_CURVE('',#2832,#2727,#3049,.T.);
#2348=EDGE_CURVE('',#2725,#2833,#3050,.T.);
#2349=EDGE_CURVE('',#2741,#2758,#438,.T.);
#2350=EDGE_CURVE('',#2844,#2739,#439,.T.);
#2351=EDGE_CURVE('',#2844,#2845,#440,.F.);
#2352=EDGE_CURVE('',#2845,#2846,#3051,.F.);
#2353=EDGE_CURVE('',#2846,#2775,#441,.T.);
#2354=EDGE_CURVE('',#2776,#2759,#3052,.T.);
#2355=EDGE_CURVE('',#2847,#2740,#442,.T.);
#2356=EDGE_CURVE('',#2742,#2757,#443,.T.);
#2357=EDGE_CURVE('',#2756,#2774,#3053,.T.);
#2358=EDGE_CURVE('',#2773,#2848,#444,.F.);
#2359=EDGE_CURVE('',#2848,#2849,#3054,.F.);
#2360=EDGE_CURVE('',#2849,#2847,#445,.F.);
#2361=EDGE_CURVE('',#2850,#2851,#446,.F.);
#2362=EDGE_CURVE('',#2851,#2747,#447,.T.);
#2363=EDGE_CURVE('',#2748,#2850,#448,.T.);
#2364=EDGE_CURVE('',#2852,#2744,#449,.T.);
#2365=EDGE_CURVE('',#2746,#2765,#450,.T.);
#2366=EDGE_CURVE('',#2764,#2770,#3055,.F.);
#2367=EDGE_CURVE('',#2769,#2853,#451,.F.);
#2368=EDGE_CURVE('',#2853,#2854,#3056,.T.);
#2369=EDGE_CURVE('',#2854,#2852,#452,.T.);
#2370=EDGE_CURVE('',#2745,#2766,#453,.T.);
#2371=EDGE_CURVE('',#2855,#2743,#454,.T.);
#2372=EDGE_CURVE('',#2855,#2856,#455,.T.);
#2373=EDGE_CURVE('',#2856,#2857,#3057,.T.);
#2374=EDGE_CURVE('',#2857,#2772,#456,.T.);
#2375=EDGE_CURVE('',#2771,#2755,#3058,.F.);
#2376=EDGE_CURVE('',#2753,#2858,#457,.F.);
#2377=EDGE_CURVE('',#2858,#2859,#458,.F.);
#2378=EDGE_CURVE('',#2859,#2754,#459,.F.);
#2379=EDGE_CURVE('',#2847,#2844,#460,.T.);
#2380=EDGE_CURVE('',#2852,#2855,#461,.T.);
#2381=EDGE_CURVE('',#2773,#2798,#99,.T.);
#2382=EDGE_CURVE('',#2848,#2749,#3059,.T.);
#2383=EDGE_CURVE('',#2803,#2775,#100,.F.);
#2384=EDGE_CURVE('',#2750,#2846,#3060,.T.);
#2385=EDGE_CURVE('',#2849,#2747,#3061,.T.);
#2386=EDGE_CURVE('',#2748,#2845,#3062,.T.);
#2387=EDGE_CURVE('',#2847,#2851,#101,.T.);
#2388=EDGE_CURVE('',#2850,#2844,#102,.F.);
#2389=EDGE_CURVE('',#2769,#2800,#103,.T.);
#2390=EDGE_CURVE('',#2853,#2752,#3063,.T.);
#2391=EDGE_CURVE('',#2799,#2772,#104,.F.);
#2392=EDGE_CURVE('',#2751,#2857,#3064,.T.);
#2393=EDGE_CURVE('',#2854,#2754,#3065,.T.);
#2394=EDGE_CURVE('',#2753,#2856,#3066,.T.);
#2395=EDGE_CURVE('',#2852,#2859,#105,.T.);
#2396=EDGE_CURVE('',#2858,#2855,#106,.F.);
#2397=EDGE_CURVE('',#2801,#2768,#3067,.T.);
#2398=EDGE_CURVE('',#2767,#2763,#3068,.T.);
#2399=EDGE_CURVE('',#2777,#2802,#3069,.T.);
#2400=EDGE_CURVE('',#2760,#2778,#3070,.T.);
#2401=EDGE_CURVE('',#2860,#2666,#462,.T.);
#2402=EDGE_CURVE('',#2860,#2861,#3071,.F.);
#2403=EDGE_CURVE('',#2861,#2667,#463,.T.);
#2404=EDGE_CURVE('',#2862,#2665,#464,.T.);
#2405=EDGE_CURVE('',#2862,#2860,#465,.T.);
#2406=EDGE_CURVE('',#2863,#2681,#466,.T.);
#2407=EDGE_CURVE('',#2863,#2862,#232,.T.);
#2408=EDGE_CURVE('',#2864,#2680,#467,.T.);
#2409=EDGE_CURVE('',#2864,#2863,#233,.T.);
#2410=EDGE_CURVE('',#2865,#2679,#468,.T.);
#2411=EDGE_CURVE('',#2865,#2864,#234,.T.);
#2412=EDGE_CURVE('',#2866,#2678,#469,.T.);
#2413=EDGE_CURVE('',#2866,#2865,#470,.T.);
#2414=EDGE_CURVE('',#2867,#2677,#471,.T.);
#2415=EDGE_CURVE('',#2867,#2866,#472,.T.);
#2416=EDGE_CURVE('',#2868,#2676,#473,.T.);
#2417=EDGE_CURVE('',#2868,#2867,#474,.T.);
#2418=EDGE_CURVE('',#2869,#2675,#475,.T.);
#2419=EDGE_CURVE('',#2869,#2868,#476,.T.);
#2420=EDGE_CURVE('',#2870,#2674,#477,.T.);
#2421=EDGE_CURVE('',#2870,#2869,#478,.T.);
#2422=EDGE_CURVE('',#2871,#2673,#479,.T.);
#2423=EDGE_CURVE('',#2871,#2870,#480,.T.);
#2424=EDGE_CURVE('',#2872,#2672,#481,.T.);
#2425=EDGE_CURVE('',#2872,#2871,#482,.T.);
#2426=EDGE_CURVE('',#2873,#2671,#483,.T.);
#2427=EDGE_CURVE('',#2873,#2872,#484,.T.);
#2428=EDGE_CURVE('',#2874,#2670,#485,.T.);
#2429=EDGE_CURVE('',#2874,#2873,#486,.T.);
#2430=EDGE_CURVE('',#2875,#2669,#487,.T.);
#2431=EDGE_CURVE('',#2875,#2874,#488,.T.);
#2432=EDGE_CURVE('',#2876,#2668,#489,.T.);
#2433=EDGE_CURVE('',#2876,#2875,#490,.T.);
#2434=EDGE_CURVE('',#2861,#2876,#235,.T.);
#2435=EDGE_CURVE('',#2877,#2683,#491,.T.);
#2436=EDGE_CURVE('',#2877,#2878,#236,.T.);
#2437=EDGE_CURVE('',#2878,#2684,#492,.T.);
#2438=EDGE_CURVE('',#2879,#2682,#493,.T.);
#2439=EDGE_CURVE('',#2879,#2877,#237,.T.);
#2440=EDGE_CURVE('',#2880,#2712,#494,.T.);
#2441=EDGE_CURVE('',#2880,#2879,#3072,.F.);
#2442=EDGE_CURVE('',#2881,#2711,#495,.T.);
#2443=EDGE_CURVE('',#2881,#2880,#238,.T.);
#2444=EDGE_CURVE('',#2882,#2710,#496,.T.);
#2445=EDGE_CURVE('',#2882,#2881,#239,.T.);
#2446=EDGE_CURVE('',#2883,#2709,#497,.T.);
#2447=EDGE_CURVE('',#2883,#2882,#240,.T.);
#2448=EDGE_CURVE('',#2884,#2708,#498,.T.);
#2449=EDGE_CURVE('',#2884,#2883,#241,.T.);
#2450=EDGE_CURVE('',#2885,#2707,#499,.T.);
#2451=EDGE_CURVE('',#2885,#2884,#242,.T.);
#2452=EDGE_CURVE('',#2886,#2706,#500,.T.);
#2453=EDGE_CURVE('',#2886,#2885,#243,.T.);
#2454=EDGE_CURVE('',#2887,#2705,#501,.T.);
#2455=EDGE_CURVE('',#2887,#2886,#244,.T.);
#2456=EDGE_CURVE('',#2888,#2704,#502,.T.);
#2457=EDGE_CURVE('',#2888,#2887,#245,.T.);
#2458=EDGE_CURVE('',#2889,#2703,#503,.T.);
#2459=EDGE_CURVE('',#2889,#2888,#246,.T.);
#2460=EDGE_CURVE('',#2890,#2702,#504,.T.);
#2461=EDGE_CURVE('',#2890,#2889,#505,.T.);
#2462=EDGE_CURVE('',#2891,#2701,#506,.T.);
#2463=EDGE_CURVE('',#2891,#2890,#247,.T.);
#2464=EDGE_CURVE('',#2892,#2700,#507,.T.);
#2465=EDGE_CURVE('',#2892,#2891,#248,.T.);
#2466=EDGE_CURVE('',#2893,#2699,#508,.T.);
#2467=EDGE_CURVE('',#2893,#2892,#249,.T.);
#2468=EDGE_CURVE('',#2894,#2698,#509,.T.);
#2469=EDGE_CURVE('',#2894,#2893,#250,.T.);
#2470=EDGE_CURVE('',#2895,#2697,#510,.T.);
#2471=EDGE_CURVE('',#2895,#2894,#251,.T.);
#2472=EDGE_CURVE('',#2896,#2696,#511,.T.);
#2473=EDGE_CURVE('',#2896,#2895,#252,.T.);
#2474=EDGE_CURVE('',#2897,#2695,#512,.T.);
#2475=EDGE_CURVE('',#2897,#2896,#253,.T.);
#2476=EDGE_CURVE('',#2898,#2694,#513,.T.);
#2477=EDGE_CURVE('',#2898,#2897,#514,.T.);
#2478=EDGE_CURVE('',#2899,#2693,#515,.T.);
#2479=EDGE_CURVE('',#2899,#2898,#254,.T.);
#2480=EDGE_CURVE('',#2900,#2692,#516,.T.);
#2481=EDGE_CURVE('',#2900,#2899,#255,.T.);
#2482=EDGE_CURVE('',#2901,#2691,#517,.T.);
#2483=EDGE_CURVE('',#2901,#2900,#256,.T.);
#2484=EDGE_CURVE('',#2902,#2690,#518,.T.);
#2485=EDGE_CURVE('',#2902,#2901,#257,.T.);
#2486=EDGE_CURVE('',#2903,#2689,#519,.T.);
#2487=EDGE_CURVE('',#2903,#2902,#258,.T.);
#2488=EDGE_CURVE('',#2904,#2688,#520,.T.);
#2489=EDGE_CURVE('',#2904,#2903,#259,.T.);
#2490=EDGE_CURVE('',#2905,#2687,#521,.T.);
#2491=EDGE_CURVE('',#2905,#2904,#522,.T.);
#2492=EDGE_CURVE('',#2906,#2686,#523,.T.);
#2493=EDGE_CURVE('',#2906,#2905,#260,.T.);
#2494=EDGE_CURVE('',#2907,#2685,#524,.T.);
#2495=EDGE_CURVE('',#2907,#2906,#261,.T.);
#2496=EDGE_CURVE('',#2878,#2907,#262,.T.);
#2497=EDGE_CURVE('',#2908,#2714,#525,.T.);
#2498=EDGE_CURVE('',#2908,#2909,#526,.T.);
#2499=EDGE_CURVE('',#2909,#2715,#527,.T.);
#2500=EDGE_CURVE('',#2910,#2713,#528,.T.);
#2501=EDGE_CURVE('',#2910,#2908,#529,.T.);
#2502=EDGE_CURVE('',#2911,#2716,#530,.T.);
#2503=EDGE_CURVE('',#2911,#2910,#531,.T.);
#2504=EDGE_CURVE('',#2909,#2911,#532,.T.);
#2505=EDGE_CURVE('',#2912,#2913,#263,.T.);
#2506=EDGE_CURVE('',#2914,#2912,#533,.T.);
#2507=EDGE_CURVE('',#2914,#2915,#264,.T.);
#2508=EDGE_CURVE('',#2915,#2913,#534,.T.);
#2509=EDGE_CURVE('',#2916,#2912,#265,.T.);
#2510=EDGE_CURVE('',#2917,#2916,#535,.T.);
#2511=EDGE_CURVE('',#2917,#2914,#266,.T.);
#2512=EDGE_CURVE('',#2918,#2916,#267,.T.);
#2513=EDGE_CURVE('',#2919,#2918,#536,.T.);
#2514=EDGE_CURVE('',#2919,#2917,#268,.T.);
#2515=EDGE_CURVE('',#2920,#2918,#269,.T.);
#2516=EDGE_CURVE('',#2921,#2920,#537,.T.);
#2517=EDGE_CURVE('',#2921,#2919,#270,.T.);
#2518=EDGE_CURVE('',#2922,#2920,#271,.T.);
#2519=EDGE_CURVE('',#2923,#2922,#538,.T.);
#2520=EDGE_CURVE('',#2923,#2921,#272,.T.);
#2521=EDGE_CURVE('',#2924,#2922,#273,.T.);
#2522=EDGE_CURVE('',#2925,#2924,#539,.T.);
#2523=EDGE_CURVE('',#2925,#2923,#274,.T.);
#2524=EDGE_CURVE('',#2926,#2924,#540,.T.);
#2525=EDGE_CURVE('',#2927,#2926,#541,.T.);
#2526=EDGE_CURVE('',#2927,#2925,#542,.T.);
#2527=EDGE_CURVE('',#2928,#2926,#543,.T.);
#2528=EDGE_CURVE('',#2929,#2928,#544,.T.);
#2529=EDGE_CURVE('',#2929,#2927,#545,.T.);
#2530=EDGE_CURVE('',#2930,#2928,#275,.T.);
#2531=EDGE_CURVE('',#2931,#2930,#546,.T.);
#2532=EDGE_CURVE('',#2931,#2929,#276,.T.);
#2533=EDGE_CURVE('',#2932,#2641,#547,.T.);
#2534=EDGE_CURVE('',#2932,#2933,#277,.T.);
#2535=EDGE_CURVE('',#2933,#2642,#548,.T.);
#2536=EDGE_CURVE('',#2934,#2640,#549,.T.);
#2537=EDGE_CURVE('',#2934,#2932,#278,.T.);
#2538=EDGE_CURVE('',#2935,#2664,#550,.T.);
#2539=EDGE_CURVE('',#2935,#2934,#279,.T.);
#2540=EDGE_CURVE('',#2936,#2663,#551,.T.);
#2541=EDGE_CURVE('',#2936,#2935,#552,.T.);
#2542=EDGE_CURVE('',#2937,#2662,#553,.T.);
#2543=EDGE_CURVE('',#2937,#2936,#280,.T.);
#2544=EDGE_CURVE('',#2938,#2661,#554,.T.);
#2545=EDGE_CURVE('',#2938,#2937,#281,.T.);
#2546=EDGE_CURVE('',#2939,#2660,#555,.T.);
#2547=EDGE_CURVE('',#2939,#2938,#3073,.F.);
#2548=EDGE_CURVE('',#2940,#2659,#556,.T.);
#2549=EDGE_CURVE('',#2940,#2939,#557,.T.);
#2550=EDGE_CURVE('',#2941,#2658,#558,.T.);
#2551=EDGE_CURVE('',#2941,#2940,#3074,.T.);
#2552=EDGE_CURVE('',#2942,#2657,#559,.T.);
#2553=EDGE_CURVE('',#2942,#2941,#282,.T.);
#2554=EDGE_CURVE('',#2943,#2656,#560,.T.);
#2555=EDGE_CURVE('',#2943,#2942,#283,.T.);
#2556=EDGE_CURVE('',#2944,#2655,#561,.T.);
#2557=EDGE_CURVE('',#2944,#2943,#562,.T.);
#2558=EDGE_CURVE('',#2945,#2654,#563,.T.);
#2559=EDGE_CURVE('',#2945,#2944,#284,.T.);
#2560=EDGE_CURVE('',#2946,#2653,#564,.T.);
#2561=EDGE_CURVE('',#2946,#2945,#285,.T.);
#2562=EDGE_CURVE('',#2947,#2652,#565,.T.);
#2563=EDGE_CURVE('',#2947,#2946,#286,.T.);
#2564=EDGE_CURVE('',#2948,#2651,#566,.T.);
#2565=EDGE_CURVE('',#2948,#2947,#567,.T.);
#2566=EDGE_CURVE('',#2949,#2650,#568,.T.);
#2567=EDGE_CURVE('',#2949,#2948,#287,.T.);
#2568=EDGE_CURVE('',#2950,#2649,#569,.T.);
#2569=EDGE_CURVE('',#2950,#2949,#288,.T.);
#2570=EDGE_CURVE('',#2951,#2648,#570,.T.);
#2571=EDGE_CURVE('',#2951,#2950,#289,.T.);
#2572=EDGE_CURVE('',#2952,#2647,#571,.T.);
#2573=EDGE_CURVE('',#2952,#2951,#290,.T.);
#2574=EDGE_CURVE('',#2953,#2646,#572,.T.);
#2575=EDGE_CURVE('',#2953,#2952,#573,.T.);
#2576=EDGE_CURVE('',#2954,#2645,#574,.T.);
#2577=EDGE_CURVE('',#2954,#2953,#575,.T.);
#2578=EDGE_CURVE('',#2955,#2644,#576,.T.);
#2579=EDGE_CURVE('',#2955,#2954,#291,.T.);
#2580=EDGE_CURVE('',#2956,#2643,#577,.T.);
#2581=EDGE_CURVE('',#2956,#2955,#292,.T.);
#2582=EDGE_CURVE('',#2933,#2956,#293,.T.);
#2583=EDGE_CURVE('',#2913,#2930,#3075,.T.);
#2584=EDGE_CURVE('',#2915,#2931,#3076,.T.);
#2585=EDGE_CURVE('',#2957,#2958,#578,.T.);
#2586=EDGE_CURVE('',#2959,#2957,#579,.T.);
#2587=EDGE_CURVE('',#2959,#2960,#580,.T.);
#2588=EDGE_CURVE('',#2960,#2958,#581,.T.);
#2589=EDGE_CURVE('',#2961,#2957,#582,.T.);
#2590=EDGE_CURVE('',#2962,#2961,#583,.T.);
#2591=EDGE_CURVE('',#2962,#2959,#584,.T.);
#2592=EDGE_CURVE('',#2963,#2961,#3077,.F.);
#2593=EDGE_CURVE('',#2964,#2963,#585,.T.);
#2594=EDGE_CURVE('',#2964,#2962,#3078,.F.);
#2595=EDGE_CURVE('',#2965,#2963,#586,.T.);
#2596=EDGE_CURVE('',#2966,#2965,#587,.T.);
#2597=EDGE_CURVE('',#2966,#2964,#588,.T.);
#2598=EDGE_CURVE('',#2967,#2965,#589,.T.);
#2599=EDGE_CURVE('',#2968,#2967,#590,.T.);
#2600=EDGE_CURVE('',#2968,#2966,#591,.T.);
#2601=EDGE_CURVE('',#2969,#2967,#592,.T.);
#2602=EDGE_CURVE('',#2970,#2969,#593,.T.);
#2603=EDGE_CURVE('',#2970,#2968,#594,.T.);
#2604=EDGE_CURVE('',#2971,#2718,#595,.T.);
#2605=EDGE_CURVE('',#2971,#2972,#596,.T.);
#2606=EDGE_CURVE('',#2972,#2719,#597,.T.);
#2607=EDGE_CURVE('',#2973,#2717,#598,.T.);
#2608=EDGE_CURVE('',#2973,#2971,#599,.T.);
#2609=EDGE_CURVE('',#2974,#2724,#600,.T.);
#2610=EDGE_CURVE('',#2974,#2973,#601,.T.);
#2611=EDGE_CURVE('',#2975,#2723,#602,.T.);
#2612=EDGE_CURVE('',#2975,#2974,#603,.T.);
#2613=EDGE_CURVE('',#2976,#2722,#604,.T.);
#2614=EDGE_CURVE('',#2976,#2975,#605,.T.);
#2615=EDGE_CURVE('',#2977,#2721,#606,.T.);
#2616=EDGE_CURVE('',#2977,#2976,#607,.T.);
#2617=EDGE_CURVE('',#2978,#2720,#608,.T.);
#2618=EDGE_CURVE('',#2978,#2977,#609,.T.);
#2619=EDGE_CURVE('',#2972,#2978,#610,.T.);
#2620=EDGE_CURVE('',#2958,#2969,#3079,.F.);
#2621=EDGE_CURVE('',#2960,#2970,#3080,.F.);
#2622=EDGE_CURVE('',#2830,#2834,#3081,.T.);
#2623=EDGE_CURVE('',#2831,#2833,#3082,.T.);
#2624=EDGE_CURVE('',#2817,#2822,#3083,.T.);
#2625=EDGE_CURVE('',#2818,#2821,#3084,.T.);
#2626=VERTEX_POINT('',#5020);
#2627=VERTEX_POINT('',#5021);
#2628=VERTEX_POINT('',#5023);
#2629=VERTEX_POINT('',#5025);
#2630=VERTEX_POINT('',#5027);
#2631=VERTEX_POINT('',#5029);
#2632=VERTEX_POINT('',#5031);
#2633=VERTEX_POINT('',#5033);
#2634=VERTEX_POINT('',#5035);
#2635=VERTEX_POINT('',#5037);
#2636=VERTEX_POINT('',#5039);
#2637=VERTEX_POINT('',#5041);
#2638=VERTEX_POINT('',#5043);
#2639=VERTEX_POINT('',#5045);
#2640=VERTEX_POINT('',#5051);
#2641=VERTEX_POINT('',#5052);
#2642=VERTEX_POINT('',#5056);
#2643=VERTEX_POINT('',#5060);
#2644=VERTEX_POINT('',#5064);
#2645=VERTEX_POINT('',#5068);
#2646=VERTEX_POINT('',#5070);
#2647=VERTEX_POINT('',#5072);
#2648=VERTEX_POINT('',#5076);
#2649=VERTEX_POINT('',#5080);
#2650=VERTEX_POINT('',#5084);
#2651=VERTEX_POINT('',#5088);
#2652=VERTEX_POINT('',#5090);
#2653=VERTEX_POINT('',#5094);
#2654=VERTEX_POINT('',#5098);
#2655=VERTEX_POINT('',#5102);
#2656=VERTEX_POINT('',#5104);
#2657=VERTEX_POINT('',#5108);
#2658=VERTEX_POINT('',#5112);
#2659=VERTEX_POINT('',#5114);
#2660=VERTEX_POINT('',#5116);
#2661=VERTEX_POINT('',#5118);
#2662=VERTEX_POINT('',#5122);
#2663=VERTEX_POINT('',#5126);
#2664=VERTEX_POINT('',#5128);
#2665=VERTEX_POINT('',#5133);
#2666=VERTEX_POINT('',#5134);
#2667=VERTEX_POINT('',#5136);
#2668=VERTEX_POINT('',#5140);
#2669=VERTEX_POINT('',#5142);
#2670=VERTEX_POINT('',#5144);
#2671=VERTEX_POINT('',#5146);
#2672=VERTEX_POINT('',#5148);
#2673=VERTEX_POINT('',#5150);
#2674=VERTEX_POINT('',#5152);
#2675=VERTEX_POINT('',#5154);
#2676=VERTEX_POINT('',#5156);
#2677=VERTEX_POINT('',#5158);
#2678=VERTEX_POINT('',#5160);
#2679=VERTEX_POINT('',#5162);
#2680=VERTEX_POINT('',#5166);
#2681=VERTEX_POINT('',#5170);
#2682=VERTEX_POINT('',#5177);
#2683=VERTEX_POINT('',#5178);
#2684=VERTEX_POINT('',#5182);
#2685=VERTEX_POINT('',#5186);
#2686=VERTEX_POINT('',#5190);
#2687=VERTEX_POINT('',#5194);
#2688=VERTEX_POINT('',#5196);
#2689=VERTEX_POINT('',#5200);
#2690=VERTEX_POINT('',#5204);
#2691=VERTEX_POINT('',#5208);
#2692=VERTEX_POINT('',#5212);
#2693=VERTEX_POINT('',#5216);
#2694=VERTEX_POINT('',#5220);
#2695=VERTEX_POINT('',#5222);
#2696=VERTEX_POINT('',#5226);
#2697=VERTEX_POINT('',#5230);
#2698=VERTEX_POINT('',#5234);
#2699=VERTEX_POINT('',#5238);
#2700=VERTEX_POINT('',#5242);
#2701=VERTEX_POINT('',#5246);
#2702=VERTEX_POINT('',#5250);
#2703=VERTEX_POINT('',#5252);
#2704=VERTEX_POINT('',#5256);
#2705=VERTEX_POINT('',#5260);
#2706=VERTEX_POINT('',#5264);
#2707=VERTEX_POINT('',#5268);
#2708=VERTEX_POINT('',#5272);
#2709=VERTEX_POINT('',#5276);
#2710=VERTEX_POINT('',#5280);
#2711=VERTEX_POINT('',#5284);
#2712=VERTEX_POINT('',#5288);
#2713=VERTEX_POINT('',#5291);
#2714=VERTEX_POINT('',#5292);
#2715=VERTEX_POINT('',#5294);
#2716=VERTEX_POINT('',#5296);
#2717=VERTEX_POINT('',#5299);
#2718=VERTEX_POINT('',#5300);
#2719=VERTEX_POINT('',#5302);
#2720=VERTEX_POINT('',#5304);
#2721=VERTEX_POINT('',#5306);
#2722=VERTEX_POINT('',#5308);
#2723=VERTEX_POINT('',#5310);
#2724=VERTEX_POINT('',#5312);
#2725=VERTEX_POINT('',#5315);
#2726=VERTEX_POINT('',#5316);
#2727=VERTEX_POINT('',#5318);
#2728=VERTEX_POINT('',#5320);
#2729=VERTEX_POINT('',#5325);
#2730=VERTEX_POINT('',#5327);
#2731=VERTEX_POINT('',#5332);
#2732=VERTEX_POINT('',#5334);
#2733=VERTEX_POINT('',#5336);
#2734=VERTEX_POINT('',#5338);
#2735=VERTEX_POINT('',#5340);
#2736=VERTEX_POINT('',#5342);
#2737=VERTEX_POINT('',#5344);
#2738=VERTEX_POINT('',#5346);
#2739=VERTEX_POINT('',#5350);
#2740=VERTEX_POINT('',#5351);
#2741=VERTEX_POINT('',#5353);
#2742=VERTEX_POINT('',#5355);
#2743=VERTEX_POINT('',#5359);
#2744=VERTEX_POINT('',#5360);
#2745=VERTEX_POINT('',#5362);
#2746=VERTEX_POINT('',#5364);
#2747=VERTEX_POINT('',#5368);
#2748=VERTEX_POINT('',#5369);
#2749=VERTEX_POINT('',#5371);
#2750=VERTEX_POINT('',#5373);
#2751=VERTEX_POINT('',#5377);
#2752=VERTEX_POINT('',#5378);
#2753=VERTEX_POINT('',#5380);
#2754=VERTEX_POINT('',#5382);
#2755=VERTEX_POINT('',#5386);
#2756=VERTEX_POINT('',#5387);
#2757=VERTEX_POINT('',#5389);
#2758=VERTEX_POINT('',#5391);
#2759=VERTEX_POINT('',#5393);
#2760=VERTEX_POINT('',#5395);
#2761=VERTEX_POINT('',#5397);
#2762=VERTEX_POINT('',#5399);
#2763=VERTEX_POINT('',#5401);
#2764=VERTEX_POINT('',#5403);
#2765=VERTEX_POINT('',#5405);
#2766=VERTEX_POINT('',#5407);
#2767=VERTEX_POINT('',#5411);
#2768=VERTEX_POINT('',#5412);
#2769=VERTEX_POINT('',#5414);
#2770=VERTEX_POINT('',#5416);
#2771=VERTEX_POINT('',#5420);
#2772=VERTEX_POINT('',#5421);
#2773=VERTEX_POINT('',#5423);
#2774=VERTEX_POINT('',#5425);
#2775=VERTEX_POINT('',#5429);
#2776=VERTEX_POINT('',#5430);
#2777=VERTEX_POINT('',#5432);
#2778=VERTEX_POINT('',#5434);
#2779=VERTEX_POINT('',#5438);
#2780=VERTEX_POINT('',#5439);
#2781=VERTEX_POINT('',#5444);
#2782=VERTEX_POINT('',#5448);
#2783=VERTEX_POINT('',#5449);
#2784=VERTEX_POINT('',#5456);
#2785=VERTEX_POINT('',#5458);
#2786=VERTEX_POINT('',#5462);
#2787=VERTEX_POINT('',#5463);
#2788=VERTEX_POINT('',#5469);
#2789=VERTEX_POINT('',#5473);
#2790=VERTEX_POINT('',#5476);
#2791=VERTEX_POINT('',#5480);
#2792=VERTEX_POINT('',#5481);
#2793=VERTEX_POINT('',#5483);
#2794=VERTEX_POINT('',#5485);
#2795=VERTEX_POINT('',#5487);
#2796=VERTEX_POINT('',#5491);
#2797=VERTEX_POINT('',#5492);
#2798=VERTEX_POINT('',#5498);
#2799=VERTEX_POINT('',#5500);
#2800=VERTEX_POINT('',#5503);
#2801=VERTEX_POINT('',#5505);
#2802=VERTEX_POINT('',#5509);
#2803=VERTEX_POINT('',#5511);
#2804=VERTEX_POINT('',#5540);
#2805=VERTEX_POINT('',#5542);
#2806=VERTEX_POINT('',#5548);
#2807=VERTEX_POINT('',#5552);
#2808=VERTEX_POINT('',#5553);
#2809=VERTEX_POINT('',#5577);
#2810=VERTEX_POINT('',#5589);
#2811=VERTEX_POINT('',#5590);
#2812=VERTEX_POINT('',#5612);
#2813=VERTEX_POINT('',#5614);
#2814=VERTEX_POINT('',#5616);
#2815=VERTEX_POINT('',#5658);
#2816=VERTEX_POINT('',#5693);
#2817=VERTEX_POINT('',#5694);
#2818=VERTEX_POINT('',#5696);
#2819=VERTEX_POINT('',#5698);
#2820=VERTEX_POINT('',#5702);
#2821=VERTEX_POINT('',#5703);
#2822=VERTEX_POINT('',#5705);
#2823=VERTEX_POINT('',#5707);
#2824=VERTEX_POINT('',#5711);
#2825=VERTEX_POINT('',#5713);
#2826=VERTEX_POINT('',#5717);
#2827=VERTEX_POINT('',#5719);
#2828=VERTEX_POINT('',#5723);
#2829=VERTEX_POINT('',#5725);
#2830=VERTEX_POINT('',#5729);
#2831=VERTEX_POINT('',#5731);
#2832=VERTEX_POINT('',#5735);
#2833=VERTEX_POINT('',#5736);
#2834=VERTEX_POINT('',#5738);
#2835=VERTEX_POINT('',#5740);
#2836=VERTEX_POINT('',#5744);
#2837=VERTEX_POINT('',#5750);
#2838=VERTEX_POINT('',#5752);
#2839=VERTEX_POINT('',#5756);
#2840=VERTEX_POINT('',#5758);
#2841=VERTEX_POINT('',#5760);
#2842=VERTEX_POINT('',#5768);
#2843=VERTEX_POINT('',#5769);
#2844=VERTEX_POINT('',#5834);
#2845=VERTEX_POINT('',#5836);
#2846=VERTEX_POINT('',#5838);
#2847=VERTEX_POINT('',#5843);
#2848=VERTEX_POINT('',#5847);
#2849=VERTEX_POINT('',#5849);
#2850=VERTEX_POINT('',#5853);
#2851=VERTEX_POINT('',#5854);
#2852=VERTEX_POINT('',#5859);
#2853=VERTEX_POINT('',#5863);
#2854=VERTEX_POINT('',#5865);
#2855=VERTEX_POINT('',#5870);
#2856=VERTEX_POINT('',#5872);
#2857=VERTEX_POINT('',#5874);
#2858=VERTEX_POINT('',#5879);
#2859=VERTEX_POINT('',#5881);
#2860=VERTEX_POINT('',#5935);
#2861=VERTEX_POINT('',#5937);
#2862=VERTEX_POINT('',#5941);
#2863=VERTEX_POINT('',#5952);
#2864=VERTEX_POINT('',#5965);
#2865=VERTEX_POINT('',#5978);
#2866=VERTEX_POINT('',#5984);
#2867=VERTEX_POINT('',#5988);
#2868=VERTEX_POINT('',#5992);
#2869=VERTEX_POINT('',#5996);
#2870=VERTEX_POINT('',#6000);
#2871=VERTEX_POINT('',#6004);
#2872=VERTEX_POINT('',#6008);
#2873=VERTEX_POINT('',#6012);
#2874=VERTEX_POINT('',#6016);
#2875=VERTEX_POINT('',#6020);
#2876=VERTEX_POINT('',#6024);
#2877=VERTEX_POINT('',#6047);
#2878=VERTEX_POINT('',#6051);
#2879=VERTEX_POINT('',#6062);
#2880=VERTEX_POINT('',#6068);
#2881=VERTEX_POINT('',#6079);
#2882=VERTEX_POINT('',#6092);
#2883=VERTEX_POINT('',#6105);
#2884=VERTEX_POINT('',#6118);
#2885=VERTEX_POINT('',#6131);
#2886=VERTEX_POINT('',#6144);
#2887=VERTEX_POINT('',#6157);
#2888=VERTEX_POINT('',#6170);
#2889=VERTEX_POINT('',#6183);
#2890=VERTEX_POINT('',#6189);
#2891=VERTEX_POINT('',#6200);
#2892=VERTEX_POINT('',#6213);
#2893=VERTEX_POINT('',#6226);
#2894=VERTEX_POINT('',#6239);
#2895=VERTEX_POINT('',#6252);
#2896=VERTEX_POINT('',#6265);
#2897=VERTEX_POINT('',#6278);
#2898=VERTEX_POINT('',#6284);
#2899=VERTEX_POINT('',#6295);
#2900=VERTEX_POINT('',#6308);
#2901=VERTEX_POINT('',#6321);
#2902=VERTEX_POINT('',#6334);
#2903=VERTEX_POINT('',#6347);
#2904=VERTEX_POINT('',#6360);
#2905=VERTEX_POINT('',#6366);
#2906=VERTEX_POINT('',#6377);
#2907=VERTEX_POINT('',#6390);
#2908=VERTEX_POINT('',#6408);
#2909=VERTEX_POINT('',#6410);
#2910=VERTEX_POINT('',#6414);
#2911=VERTEX_POINT('',#6418);
#2912=VERTEX_POINT('',#6434);
#2913=VERTEX_POINT('',#6435);
#2914=VERTEX_POINT('',#6437);
#2915=VERTEX_POINT('',#6441);
#2916=VERTEX_POINT('',#6454);
#2917=VERTEX_POINT('',#6456);
#2918=VERTEX_POINT('',#6471);
#2919=VERTEX_POINT('',#6473);
#2920=VERTEX_POINT('',#6488);
#2921=VERTEX_POINT('',#6490);
#2922=VERTEX_POINT('',#6505);
#2923=VERTEX_POINT('',#6507);
#2924=VERTEX_POINT('',#6522);
#2925=VERTEX_POINT('',#6524);
#2926=VERTEX_POINT('',#6530);
#2927=VERTEX_POINT('',#6532);
#2928=VERTEX_POINT('',#6536);
#2929=VERTEX_POINT('',#6538);
#2930=VERTEX_POINT('',#6551);
#2931=VERTEX_POINT('',#6553);
#2932=VERTEX_POINT('',#6566);
#2933=VERTEX_POINT('',#6570);
#2934=VERTEX_POINT('',#6581);
#2935=VERTEX_POINT('',#6594);
#2936=VERTEX_POINT('',#6600);
#2937=VERTEX_POINT('',#6611);
#2938=VERTEX_POINT('',#6624);
#2939=VERTEX_POINT('',#6630);
#2940=VERTEX_POINT('',#6634);
#2941=VERTEX_POINT('',#6638);
#2942=VERTEX_POINT('',#6649);
#2943=VERTEX_POINT('',#6662);
#2944=VERTEX_POINT('',#6668);
#2945=VERTEX_POINT('',#6679);
#2946=VERTEX_POINT('',#6692);
#2947=VERTEX_POINT('',#6705);
#2948=VERTEX_POINT('',#6711);
#2949=VERTEX_POINT('',#6722);
#2950=VERTEX_POINT('',#6735);
#2951=VERTEX_POINT('',#6748);
#2952=VERTEX_POINT('',#6761);
#2953=VERTEX_POINT('',#6767);
#2954=VERTEX_POINT('',#6771);
#2955=VERTEX_POINT('',#6782);
#2956=VERTEX_POINT('',#6795);
#2957=VERTEX_POINT('',#6816);
#2958=VERTEX_POINT('',#6817);
#2959=VERTEX_POINT('',#6819);
#2960=VERTEX_POINT('',#6821);
#2961=VERTEX_POINT('',#6825);
#2962=VERTEX_POINT('',#6827);
#2963=VERTEX_POINT('',#6831);
#2964=VERTEX_POINT('',#6833);
#2965=VERTEX_POINT('',#6837);
#2966=VERTEX_POINT('',#6839);
#2967=VERTEX_POINT('',#6843);
#2968=VERTEX_POINT('',#6845);
#2969=VERTEX_POINT('',#6849);
#2970=VERTEX_POINT('',#6851);
#2971=VERTEX_POINT('',#6855);
#2972=VERTEX_POINT('',#6857);
#2973=VERTEX_POINT('',#6861);
#2974=VERTEX_POINT('',#6865);
#2975=VERTEX_POINT('',#6869);
#2976=VERTEX_POINT('',#6873);
#2977=VERTEX_POINT('',#6877);
#2978=VERTEX_POINT('',#6881);
#2979=CIRCLE('',#3862,0.008984);
#2980=CIRCLE('',#3863,0.008984);
#2981=CIRCLE('',#3864,0.008984);
#2982=CIRCLE('',#3865,0.008984);
#2983=CIRCLE('',#3866,0.002032);
#2984=CIRCLE('',#3867,0.002032);
#2985=CIRCLE('',#3869,0.00187883022180421);
#2986=CIRCLE('',#3870,0.00394226669657859);
#2987=CIRCLE('',#3871,0.00454212611899443);
#2988=CIRCLE('',#3872,0.00173375226485085);
#2989=CIRCLE('',#3873,0.008984);
#2990=CIRCLE('',#3874,0.002032);
#2991=CIRCLE('',#3875,0.002032);
#2992=CIRCLE('',#3876,0.008984);
#2993=CIRCLE('',#3877,0.008984);
#2994=CIRCLE('',#3878,0.008984);
#2995=CIRCLE('',#3880,0.00762);
#2996=CIRCLE('',#3881,0.00762);
#2997=CIRCLE('',#3883,0.00762);
#2998=CIRCLE('',#3884,0.00762);
#2999=CIRCLE('',#3886,0.00508);
#3000=CIRCLE('',#3887,0.00508);
#3001=CIRCLE('',#3889,0.00508);
#3002=CIRCLE('',#3890,0.00508);
#3003=CIRCLE('',#3900,0.001016);
#3004=CIRCLE('',#3905,0.001016);
#3005=CIRCLE('',#3906,0.001016);
#3006=CIRCLE('',#3908,0.001016);
#3007=CIRCLE('',#3911,0.001016);
#3008=CIRCLE('',#3917,0.001016);
#3009=CIRCLE('',#3919,0.001016);
#3010=CIRCLE('',#3921,0.001016);
#3011=CIRCLE('',#3922,0.001016);
#3012=CIRCLE('',#3925,0.002032);
#3013=CIRCLE('',#3929,0.002032);
#3014=CIRCLE('',#3930,0.001016);
#3015=CIRCLE('',#3934,0.01);
#3016=CIRCLE('',#3935,0.01);
#3017=CIRCLE('',#3938,0.01);
#3018=CIRCLE('',#3939,0.01);
#3019=CIRCLE('',#3946,0.001016);
#3020=CIRCLE('',#3947,0.001016);
#3021=CIRCLE('',#3949,0.001016);
#3022=CIRCLE('',#3950,0.001016);
#3023=CIRCLE('',#3952,0.001016);
#3024=CIRCLE('',#3953,0.001016);
#3025=CIRCLE('',#3955,0.001016);
#3026=CIRCLE('',#3957,0.001016);
#3027=CIRCLE('',#3959,0.001016);
#3028=CIRCLE('',#3961,0.001016);
#3029=CIRCLE('',#3963,0.001016);
#3030=CIRCLE('',#3965,0.001016);
#3031=CIRCLE('',#3967,0.001016);
#3032=CIRCLE('',#3969,0.001016);
#3033=CIRCLE('',#3971,0.001016);
#3034=CIRCLE('',#3973,0.001016);
#3035=CIRCLE('',#3975,0.001016);
#3036=CIRCLE('',#3977,0.001016);
#3037=CIRCLE('',#3978,0.001016);
#3038=CIRCLE('',#3980,0.001016);
#3039=CIRCLE('',#3982,0.001016);
#3040=CIRCLE('',#3984,0.001016);
#3041=CIRCLE('',#3986,0.001016);
#3042=CIRCLE('',#3988,0.001016);
#3043=CIRCLE('',#3989,0.001016);
#3044=CIRCLE('',#3991,0.001016);
#3045=CIRCLE('',#3993,0.001016);
#3046=CIRCLE('',#3995,0.001016);
#3047=CIRCLE('',#3997,0.001016);
#3048=CIRCLE('',#3999,0.001016);
#3049=CIRCLE('',#4001,0.001016);
#3050=CIRCLE('',#4003,0.001016);
#3051=CIRCLE('',#4005,0.004064);
#3052=CIRCLE('',#4006,0.001016);
#3053=CIRCLE('',#4008,0.001016);
#3054=CIRCLE('',#4009,0.004064);
#3055=CIRCLE('',#4012,0.001016);
#3056=CIRCLE('',#4013,0.004064);
#3057=CIRCLE('',#4015,0.004064);
#3058=CIRCLE('',#4016,0.001016);
#3059=CIRCLE('',#4024,0.001016);
#3060=CIRCLE('',#4027,0.001016);
#3061=CIRCLE('',#4029,0.001016);
#3062=CIRCLE('',#4031,0.001016);
#3063=CIRCLE('',#4039,0.001016);
#3064=CIRCLE('',#4042,0.001016);
#3065=CIRCLE('',#4044,0.001016);
#3066=CIRCLE('',#4046,0.001016);
#3067=CIRCLE('',#4055,0.001016);
#3068=CIRCLE('',#4058,0.001016);
#3069=CIRCLE('',#4061,0.001016);
#3070=CIRCLE('',#4064,0.001016);
#3071=CIRCLE('',#4067,0.00454212611899443);
#3072=CIRCLE('',#4082,0.00173375226485085);
#3073=CIRCLE('',#4096,0.00394226669657859);
#3074=CIRCLE('',#4099,0.00187883022180421);
#3075=CIRCLE('',#4105,0.0021433866606897);
#3076=CIRCLE('',#4106,0.0021433866606897);
#3077=CIRCLE('',#4111,0.0156904841133661);
#3078=CIRCLE('',#4112,0.0156904841133661);
#3079=CIRCLE('',#4125,0.0240529157539271);
#3080=CIRCLE('',#4126,0.0240529157539271);
#3081=CIRCLE('',#4131,0.01);
#3082=CIRCLE('',#4133,0.01);
#3083=CIRCLE('',#4136,0.01);
#3084=CIRCLE('',#4138,0.01);
#3085=EDGE_LOOP('',(#928,#929,#930,#931,#932,#933,#934,#935,#936,#937,#938,
#939,#940,#941));
#3086=EDGE_LOOP('',(#942,#943,#944,#945,#946,#947,#948,#949,#950,#951,#952,
#953,#954,#955,#956,#957,#958,#959,#960,#961,#962,#963,#964,#965,#966));
#3087=EDGE_LOOP('',(#967,#968,#969,#970,#971,#972,#973,#974,#975,#976,#977,
#978,#979,#980,#981,#982,#983));
#3088=EDGE_LOOP('',(#984,#985,#986,#987,#988,#989,#990,#991,#992,#993,#994,
#995,#996,#997,#998,#999,#1000,#1001,#1002,#1003,#1004,#1005,#1006,#1007,
#1008,#1009,#1010,#1011,#1012,#1013,#1014));
#3089=EDGE_LOOP('',(#1015,#1016,#1017,#1018));
#3090=EDGE_LOOP('',(#1019,#1020,#1021,#1022,#1023,#1024,#1025,#1026));
#3091=EDGE_LOOP('',(#1027,#1028,#1029,#1030,#1031,#1032,#1033,#1034,#1035,
#1036,#1037,#1038,#1039,#1040));
#3092=EDGE_LOOP('',(#1041,#1042,#1043,#1044));
#3093=EDGE_LOOP('',(#1045,#1046,#1047,#1048));
#3094=EDGE_LOOP('',(#1049,#1050,#1051,#1052));
#3095=EDGE_LOOP('',(#1053,#1054,#1055,#1056));
#3096=EDGE_LOOP('',(#1057,#1058,#1059,#1060,#1061,#1062,#1063,#1064,#1065,
#1066,#1067,#1068));
#3097=EDGE_LOOP('',(#1069,#1070,#1071,#1072));
#3098=EDGE_LOOP('',(#1073,#1074,#1075,#1076));
#3099=EDGE_LOOP('',(#1077,#1078,#1079,#1080));
#3100=EDGE_LOOP('',(#1081,#1082,#1083));
#3101=EDGE_LOOP('',(#1084,#1085,#1086,#1087));
#3102=EDGE_LOOP('',(#1088,#1089,#1090));
#3103=EDGE_LOOP('',(#1091,#1092,#1093,#1094,#1095,#1096));
#3104=EDGE_LOOP('',(#1097,#1098,#1099,#1100,#1101));
#3105=EDGE_LOOP('',(#1102,#1103,#1104,#1105,#1106,#1107,#1108));
#3106=EDGE_LOOP('',(#1109,#1110,#1111,#1112,#1113,#1114,#1115,#1116,#1117,
#1118,#1119,#1120,#1121,#1122));
#3107=EDGE_LOOP('',(#1123,#1124,#1125,#1126));
#3108=EDGE_LOOP('',(#1127,#1128,#1129,#1130));
#3109=EDGE_LOOP('',(#1131,#1132,#1133,#1134));
#3110=EDGE_LOOP('',(#1135,#1136,#1137,#1138,#1139));
#3111=EDGE_LOOP('',(#1140,#1141,#1142,#1143));
#3112=EDGE_LOOP('',(#1144,#1145,#1146,#1147));
#3113=EDGE_LOOP('',(#1148,#1149,#1150,#1151));
#3114=EDGE_LOOP('',(#1152,#1153,#1154,#1155));
#3115=EDGE_LOOP('',(#1156,#1157,#1158,#1159,#1160));
#3116=EDGE_LOOP('',(#1161,#1162,#1163));
#3117=EDGE_LOOP('',(#1164,#1165,#1166,#1167));
#3118=EDGE_LOOP('',(#1168,#1169,#1170,#1171,#1172));
#3119=EDGE_LOOP('',(#1173,#1174,#1175,#1176,#1177));
#3120=EDGE_LOOP('',(#1178,#1179,#1180,#1181,#1182));
#3121=EDGE_LOOP('',(#1183,#1184,#1185));
#3122=EDGE_LOOP('',(#1186,#1187,#1188,#1189,#1190,#1191));
#3123=EDGE_LOOP('',(#1192,#1193,#1194,#1195,#1196));
#3124=EDGE_LOOP('',(#1197,#1198,#1199,#1200,#1201));
#3125=EDGE_LOOP('',(#1202,#1203,#1204,#1205));
#3126=EDGE_LOOP('',(#1206,#1207,#1208,#1209));
#3127=EDGE_LOOP('',(#1210,#1211,#1212,#1213));
#3128=EDGE_LOOP('',(#1214,#1215,#1216,#1217));
#3129=EDGE_LOOP('',(#1218,#1219,#1220,#1221));
#3130=EDGE_LOOP('',(#1222,#1223,#1224,#1225));
#3131=EDGE_LOOP('',(#1226,#1227,#1228,#1229));
#3132=EDGE_LOOP('',(#1230,#1231,#1232,#1233));
#3133=EDGE_LOOP('',(#1234,#1235,#1236,#1237,#1238));
#3134=EDGE_LOOP('',(#1239,#1240,#1241,#1242,#1243));
#3135=EDGE_LOOP('',(#1244,#1245,#1246,#1247));
#3136=EDGE_LOOP('',(#1248,#1249,#1250,#1251));
#3137=EDGE_LOOP('',(#1252,#1253,#1254,#1255));
#3138=EDGE_LOOP('',(#1256,#1257,#1258,#1259));
#3139=EDGE_LOOP('',(#1260,#1261,#1262,#1263));
#3140=EDGE_LOOP('',(#1264,#1265,#1266,#1267,#1268));
#3141=EDGE_LOOP('',(#1269,#1270,#1271,#1272));
#3142=EDGE_LOOP('',(#1273,#1274,#1275,#1276));
#3143=EDGE_LOOP('',(#1277,#1278,#1279,#1280,#1281));
#3144=EDGE_LOOP('',(#1282,#1283,#1284));
#3145=EDGE_LOOP('',(#1285,#1286,#1287,#1288));
#3146=EDGE_LOOP('',(#1289,#1290,#1291,#1292));
#3147=EDGE_LOOP('',(#1293,#1294,#1295,#1296));
#3148=EDGE_LOOP('',(#1297,#1298,#1299,#1300));
#3149=EDGE_LOOP('',(#1301,#1302,#1303,#1304));
#3150=EDGE_LOOP('',(#1305,#1306,#1307,#1308));
#3151=EDGE_LOOP('',(#1309,#1310,#1311));
#3152=EDGE_LOOP('',(#1312,#1313,#1314,#1315));
#3153=EDGE_LOOP('',(#1316,#1317,#1318,#1319));
#3154=EDGE_LOOP('',(#1320,#1321,#1322,#1323));
#3155=EDGE_LOOP('',(#1324,#1325,#1326,#1327));
#3156=EDGE_LOOP('',(#1328,#1329,#1330,#1331));
#3157=EDGE_LOOP('',(#1332,#1333,#1334,#1335));
#3158=EDGE_LOOP('',(#1336,#1337,#1338,#1339));
#3159=EDGE_LOOP('',(#1340,#1341,#1342,#1343));
#3160=EDGE_LOOP('',(#1344,#1345,#1346,#1347));
#3161=EDGE_LOOP('',(#1348,#1349,#1350,#1351,#1352));
#3162=EDGE_LOOP('',(#1353,#1354,#1355,#1356));
#3163=EDGE_LOOP('',(#1357,#1358,#1359,#1360,#1361,#1362,#1363,#1364,#1365));
#3164=EDGE_LOOP('',(#1366,#1367,#1368,#1369,#1370,#1371,#1372,#1373,#1374));
#3165=EDGE_LOOP('',(#1375,#1376,#1377,#1378));
#3166=EDGE_LOOP('',(#1379,#1380,#1381,#1382,#1383,#1384,#1385,#1386,#1387));
#3167=EDGE_LOOP('',(#1388,#1389,#1390,#1391,#1392,#1393,#1394,#1395,#1396));
#3168=EDGE_LOOP('',(#1397,#1398,#1399,#1400));
#3169=EDGE_LOOP('',(#1401,#1402,#1403,#1404));
#3170=EDGE_LOOP('',(#1405,#1406,#1407,#1408));
#3171=EDGE_LOOP('',(#1409,#1410,#1411,#1412));
#3172=EDGE_LOOP('',(#1413,#1414,#1415,#1416));
#3173=EDGE_LOOP('',(#1417,#1418,#1419,#1420));
#3174=EDGE_LOOP('',(#1421,#1422,#1423,#1424));
#3175=EDGE_LOOP('',(#1425,#1426,#1427,#1428));
#3176=EDGE_LOOP('',(#1429,#1430,#1431,#1432));
#3177=EDGE_LOOP('',(#1433,#1434,#1435,#1436));
#3178=EDGE_LOOP('',(#1437,#1438,#1439,#1440));
#3179=EDGE_LOOP('',(#1441,#1442,#1443,#1444));
#3180=EDGE_LOOP('',(#1445,#1446,#1447,#1448));
#3181=EDGE_LOOP('',(#1449,#1450,#1451,#1452));
#3182=EDGE_LOOP('',(#1453,#1454,#1455,#1456));
#3183=EDGE_LOOP('',(#1457,#1458,#1459,#1460));
#3184=EDGE_LOOP('',(#1461,#1462,#1463,#1464));
#3185=EDGE_LOOP('',(#1465,#1466,#1467,#1468));
#3186=EDGE_LOOP('',(#1469,#1470,#1471,#1472));
#3187=EDGE_LOOP('',(#1473,#1474,#1475,#1476));
#3188=EDGE_LOOP('',(#1477,#1478,#1479,#1480));
#3189=EDGE_LOOP('',(#1481,#1482,#1483,#1484));
#3190=EDGE_LOOP('',(#1485,#1486,#1487));
#3191=EDGE_LOOP('',(#1488,#1489,#1490,#1491));
#3192=EDGE_LOOP('',(#1492,#1493,#1494));
#3193=EDGE_LOOP('',(#1495,#1496,#1497,#1498));
#3194=EDGE_LOOP('',(#1499,#1500,#1501));
#3195=EDGE_LOOP('',(#1502,#1503,#1504,#1505));
#3196=EDGE_LOOP('',(#1506,#1507,#1508));
#3197=EDGE_LOOP('',(#1509,#1510,#1511,#1512));
#3198=EDGE_LOOP('',(#1513,#1514,#1515,#1516));
#3199=EDGE_LOOP('',(#1517,#1518,#1519,#1520));
#3200=EDGE_LOOP('',(#1521,#1522,#1523,#1524));
#3201=EDGE_LOOP('',(#1525,#1526,#1527,#1528));
#3202=EDGE_LOOP('',(#1529,#1530,#1531,#1532));
#3203=EDGE_LOOP('',(#1533,#1534,#1535,#1536));
#3204=EDGE_LOOP('',(#1537,#1538,#1539,#1540));
#3205=EDGE_LOOP('',(#1541,#1542,#1543,#1544));
#3206=EDGE_LOOP('',(#1545,#1546,#1547,#1548));
#3207=EDGE_LOOP('',(#1549,#1550,#1551,#1552));
#3208=EDGE_LOOP('',(#1553,#1554,#1555,#1556));
#3209=EDGE_LOOP('',(#1557,#1558,#1559,#1560));
#3210=EDGE_LOOP('',(#1561,#1562,#1563,#1564));
#3211=EDGE_LOOP('',(#1565,#1566,#1567,#1568));
#3212=EDGE_LOOP('',(#1569,#1570,#1571,#1572));
#3213=EDGE_LOOP('',(#1573,#1574,#1575,#1576));
#3214=EDGE_LOOP('',(#1577,#1578,#1579,#1580,#1581,#1582,#1583,#1584,#1585,
#1586,#1587,#1588,#1589,#1590,#1591,#1592,#1593));
#3215=EDGE_LOOP('',(#1594,#1595,#1596,#1597));
#3216=EDGE_LOOP('',(#1598,#1599,#1600,#1601));
#3217=EDGE_LOOP('',(#1602,#1603,#1604,#1605));
#3218=EDGE_LOOP('',(#1606,#1607,#1608,#1609));
#3219=EDGE_LOOP('',(#1610,#1611,#1612,#1613));
#3220=EDGE_LOOP('',(#1614,#1615,#1616,#1617));
#3221=EDGE_LOOP('',(#1618,#1619,#1620,#1621));
#3222=EDGE_LOOP('',(#1622,#1623,#1624,#1625));
#3223=EDGE_LOOP('',(#1626,#1627,#1628,#1629));
#3224=EDGE_LOOP('',(#1630,#1631,#1632,#1633));
#3225=EDGE_LOOP('',(#1634,#1635,#1636,#1637));
#3226=EDGE_LOOP('',(#1638,#1639,#1640,#1641));
#3227=EDGE_LOOP('',(#1642,#1643,#1644,#1645));
#3228=EDGE_LOOP('',(#1646,#1647,#1648,#1649));
#3229=EDGE_LOOP('',(#1650,#1651,#1652,#1653));
#3230=EDGE_LOOP('',(#1654,#1655,#1656,#1657));
#3231=EDGE_LOOP('',(#1658,#1659,#1660,#1661));
#3232=EDGE_LOOP('',(#1662,#1663,#1664,#1665));
#3233=EDGE_LOOP('',(#1666,#1667,#1668,#1669));
#3234=EDGE_LOOP('',(#1670,#1671,#1672,#1673));
#3235=EDGE_LOOP('',(#1674,#1675,#1676,#1677));
#3236=EDGE_LOOP('',(#1678,#1679,#1680,#1681));
#3237=EDGE_LOOP('',(#1682,#1683,#1684,#1685));
#3238=EDGE_LOOP('',(#1686,#1687,#1688,#1689));
#3239=EDGE_LOOP('',(#1690,#1691,#1692,#1693));
#3240=EDGE_LOOP('',(#1694,#1695,#1696,#1697));
#3241=EDGE_LOOP('',(#1698,#1699,#1700,#1701));
#3242=EDGE_LOOP('',(#1702,#1703,#1704,#1705));
#3243=EDGE_LOOP('',(#1706,#1707,#1708,#1709));
#3244=EDGE_LOOP('',(#1710,#1711,#1712,#1713));
#3245=EDGE_LOOP('',(#1714,#1715,#1716,#1717));
#3246=EDGE_LOOP('',(#1718,#1719,#1720,#1721,#1722,#1723,#1724,#1725,#1726,
#1727,#1728,#1729,#1730,#1731,#1732,#1733,#1734,#1735,#1736,#1737,#1738,
#1739,#1740,#1741,#1742,#1743,#1744,#1745,#1746,#1747,#1748));
#3247=EDGE_LOOP('',(#1749,#1750,#1751,#1752));
#3248=EDGE_LOOP('',(#1753,#1754,#1755,#1756));
#3249=EDGE_LOOP('',(#1757,#1758,#1759,#1760));
#3250=EDGE_LOOP('',(#1761,#1762,#1763,#1764));
#3251=EDGE_LOOP('',(#1765,#1766,#1767,#1768));
#3252=EDGE_LOOP('',(#1769,#1770,#1771,#1772));
#3253=EDGE_LOOP('',(#1773,#1774,#1775,#1776));
#3254=EDGE_LOOP('',(#1777,#1778,#1779,#1780));
#3255=EDGE_LOOP('',(#1781,#1782,#1783,#1784));
#3256=EDGE_LOOP('',(#1785,#1786,#1787,#1788));
#3257=EDGE_LOOP('',(#1789,#1790,#1791,#1792));
#3258=EDGE_LOOP('',(#1793,#1794,#1795,#1796));
#3259=EDGE_LOOP('',(#1797,#1798,#1799,#1800));
#3260=EDGE_LOOP('',(#1801,#1802,#1803,#1804));
#3261=EDGE_LOOP('',(#1805,#1806,#1807,#1808));
#3262=EDGE_LOOP('',(#1809,#1810,#1811,#1812));
#3263=EDGE_LOOP('',(#1813,#1814,#1815,#1816));
#3264=EDGE_LOOP('',(#1817,#1818,#1819,#1820));
#3265=EDGE_LOOP('',(#1821,#1822,#1823,#1824));
#3266=EDGE_LOOP('',(#1825,#1826,#1827,#1828));
#3267=EDGE_LOOP('',(#1829,#1830,#1831,#1832));
#3268=EDGE_LOOP('',(#1833,#1834,#1835,#1836));
#3269=EDGE_LOOP('',(#1837,#1838,#1839,#1840));
#3270=EDGE_LOOP('',(#1841,#1842,#1843,#1844));
#3271=EDGE_LOOP('',(#1845,#1846,#1847,#1848));
#3272=EDGE_LOOP('',(#1849,#1850,#1851,#1852));
#3273=EDGE_LOOP('',(#1853,#1854,#1855,#1856));
#3274=EDGE_LOOP('',(#1857,#1858,#1859,#1860));
#3275=EDGE_LOOP('',(#1861,#1862,#1863,#1864));
#3276=EDGE_LOOP('',(#1865,#1866,#1867,#1868));
#3277=EDGE_LOOP('',(#1869,#1870,#1871,#1872));
#3278=EDGE_LOOP('',(#1873,#1874,#1875,#1876));
#3279=EDGE_LOOP('',(#1877,#1878,#1879,#1880));
#3280=EDGE_LOOP('',(#1881,#1882,#1883,#1884));
#3281=EDGE_LOOP('',(#1885,#1886,#1887,#1888));
#3282=EDGE_LOOP('',(#1889,#1890,#1891,#1892));
#3283=EDGE_LOOP('',(#1893,#1894,#1895,#1896));
#3284=EDGE_LOOP('',(#1897,#1898,#1899,#1900));
#3285=EDGE_LOOP('',(#1901,#1902,#1903,#1904));
#3286=EDGE_LOOP('',(#1905,#1906,#1907,#1908));
#3287=EDGE_LOOP('',(#1909,#1910,#1911,#1912,#1913,#1914,#1915,#1916,#1917,
#1918,#1919,#1920,#1921,#1922,#1923,#1924,#1925,#1926,#1927,#1928,#1929,
#1930,#1931,#1932,#1933));
#3288=EDGE_LOOP('',(#1934,#1935,#1936,#1937,#1938,#1939,#1940,#1941,#1942,
#1943));
#3289=EDGE_LOOP('',(#1944,#1945,#1946,#1947));
#3290=EDGE_LOOP('',(#1948,#1949,#1950,#1951));
#3291=EDGE_LOOP('',(#1952,#1953,#1954,#1955));
#3292=EDGE_LOOP('',(#1956,#1957,#1958,#1959));
#3293=EDGE_LOOP('',(#1960,#1961,#1962,#1963));
#3294=EDGE_LOOP('',(#1964,#1965,#1966,#1967));
#3295=EDGE_LOOP('',(#1968,#1969,#1970,#1971));
#3296=EDGE_LOOP('',(#1972,#1973,#1974,#1975));
#3297=EDGE_LOOP('',(#1976,#1977,#1978,#1979));
#3298=EDGE_LOOP('',(#1980,#1981,#1982,#1983));
#3299=EDGE_LOOP('',(#1984,#1985,#1986,#1987));
#3300=EDGE_LOOP('',(#1988,#1989,#1990,#1991));
#3301=EDGE_LOOP('',(#1992,#1993,#1994,#1995));
#3302=EDGE_LOOP('',(#1996,#1997,#1998,#1999));
#3303=EDGE_LOOP('',(#2000,#2001,#2002,#2003));
#3304=EDGE_LOOP('',(#2004,#2005,#2006,#2007,#2008,#2009,#2010,#2011));
#3305=EDGE_LOOP('',(#2012,#2013,#2014,#2015,#2016,#2017,#2018));
#3306=EDGE_LOOP('',(#2019,#2020,#2021,#2022,#2023,#2024,#2025,#2026,#2027,
#2028));
#3307=EDGE_LOOP('',(#2029,#2030,#2031,#2032,#2033,#2034,#2035));
#3308=EDGE_LOOP('',(#2036,#2037,#2038,#2039));
#3309=EDGE_LOOP('',(#2040,#2041,#2042,#2043));
#3310=EDGE_LOOP('',(#2044,#2045,#2046,#2047));
#3311=EDGE_LOOP('',(#2048,#2049,#2050,#2051));
#3312=EDGE_LOOP('',(#2052,#2053,#2054,#2055));
#3313=EDGE_LOOP('',(#2056,#2057,#2058,#2059));
#3314=FACE_BOUND('',#3085,.T.);
#3315=FACE_BOUND('',#3086,.T.);
#3316=FACE_BOUND('',#3087,.T.);
#3317=FACE_BOUND('',#3088,.T.);
#3318=FACE_BOUND('',#3089,.T.);
#3319=FACE_BOUND('',#3090,.T.);
#3320=FACE_BOUND('',#3091,.T.);
#3321=FACE_BOUND('',#3092,.T.);
#3322=FACE_BOUND('',#3093,.T.);
#3323=FACE_BOUND('',#3094,.T.);
#3324=FACE_BOUND('',#3095,.T.);
#3325=FACE_BOUND('',#3096,.T.);
#3326=FACE_BOUND('',#3097,.T.);
#3327=FACE_BOUND('',#3098,.T.);
#3328=FACE_BOUND('',#3099,.T.);
#3329=FACE_BOUND('',#3100,.T.);
#3330=FACE_BOUND('',#3101,.T.);
#3331=FACE_BOUND('',#3102,.T.);
#3332=FACE_BOUND('',#3103,.T.);
#3333=FACE_BOUND('',#3104,.T.);
#3334=FACE_BOUND('',#3105,.T.);
#3335=FACE_BOUND('',#3106,.T.);
#3336=FACE_BOUND('',#3107,.T.);
#3337=FACE_BOUND('',#3108,.T.);
#3338=FACE_BOUND('',#3109,.T.);
#3339=FACE_BOUND('',#3110,.T.);
#3340=FACE_BOUND('',#3111,.T.);
#3341=FACE_BOUND('',#3112,.T.);
#3342=FACE_BOUND('',#3113,.T.);
#3343=FACE_BOUND('',#3114,.T.);
#3344=FACE_BOUND('',#3115,.T.);
#3345=FACE_BOUND('',#3116,.T.);
#3346=FACE_BOUND('',#3117,.T.);
#3347=FACE_BOUND('',#3118,.T.);
#3348=FACE_BOUND('',#3119,.T.);
#3349=FACE_BOUND('',#3120,.T.);
#3350=FACE_BOUND('',#3121,.T.);
#3351=FACE_BOUND('',#3122,.T.);
#3352=FACE_BOUND('',#3123,.T.);
#3353=FACE_BOUND('',#3124,.T.);
#3354=FACE_BOUND('',#3125,.T.);
#3355=FACE_BOUND('',#3126,.T.);
#3356=FACE_BOUND('',#3127,.T.);
#3357=FACE_BOUND('',#3128,.T.);
#3358=FACE_BOUND('',#3129,.T.);
#3359=FACE_BOUND('',#3130,.T.);
#3360=FACE_BOUND('',#3131,.T.);
#3361=FACE_BOUND('',#3132,.T.);
#3362=FACE_BOUND('',#3133,.T.);
#3363=FACE_BOUND('',#3134,.T.);
#3364=FACE_BOUND('',#3135,.T.);
#3365=FACE_BOUND('',#3136,.T.);
#3366=FACE_BOUND('',#3137,.T.);
#3367=FACE_BOUND('',#3138,.T.);
#3368=FACE_BOUND('',#3139,.T.);
#3369=FACE_BOUND('',#3140,.T.);
#3370=FACE_BOUND('',#3141,.T.);
#3371=FACE_BOUND('',#3142,.T.);
#3372=FACE_BOUND('',#3143,.T.);
#3373=FACE_BOUND('',#3144,.T.);
#3374=FACE_BOUND('',#3145,.T.);
#3375=FACE_BOUND('',#3146,.T.);
#3376=FACE_BOUND('',#3147,.T.);
#3377=FACE_BOUND('',#3148,.T.);
#3378=FACE_BOUND('',#3149,.T.);
#3379=FACE_BOUND('',#3150,.T.);
#3380=FACE_BOUND('',#3151,.T.);
#3381=FACE_BOUND('',#3152,.T.);
#3382=FACE_BOUND('',#3153,.T.);
#3383=FACE_BOUND('',#3154,.T.);
#3384=FACE_BOUND('',#3155,.T.);
#3385=FACE_BOUND('',#3156,.T.);
#3386=FACE_BOUND('',#3157,.T.);
#3387=FACE_BOUND('',#3158,.T.);
#3388=FACE_BOUND('',#3159,.T.);
#3389=FACE_BOUND('',#3160,.T.);
#3390=FACE_BOUND('',#3161,.T.);
#3391=FACE_BOUND('',#3162,.T.);
#3392=FACE_BOUND('',#3163,.T.);
#3393=FACE_BOUND('',#3164,.T.);
#3394=FACE_BOUND('',#3165,.T.);
#3395=FACE_BOUND('',#3166,.T.);
#3396=FACE_BOUND('',#3167,.T.);
#3397=FACE_BOUND('',#3168,.T.);
#3398=FACE_BOUND('',#3169,.T.);
#3399=FACE_BOUND('',#3170,.T.);
#3400=FACE_BOUND('',#3171,.T.);
#3401=FACE_BOUND('',#3172,.T.);
#3402=FACE_BOUND('',#3173,.T.);
#3403=FACE_BOUND('',#3174,.T.);
#3404=FACE_BOUND('',#3175,.T.);
#3405=FACE_BOUND('',#3176,.T.);
#3406=FACE_BOUND('',#3177,.T.);
#3407=FACE_BOUND('',#3178,.T.);
#3408=FACE_BOUND('',#3179,.T.);
#3409=FACE_BOUND('',#3180,.T.);
#3410=FACE_BOUND('',#3181,.T.);
#3411=FACE_BOUND('',#3182,.T.);
#3412=FACE_BOUND('',#3183,.T.);
#3413=FACE_BOUND('',#3184,.T.);
#3414=FACE_BOUND('',#3185,.T.);
#3415=FACE_BOUND('',#3186,.T.);
#3416=FACE_BOUND('',#3187,.T.);
#3417=FACE_BOUND('',#3188,.T.);
#3418=FACE_BOUND('',#3189,.T.);
#3419=FACE_BOUND('',#3190,.T.);
#3420=FACE_BOUND('',#3191,.T.);
#3421=FACE_BOUND('',#3192,.T.);
#3422=FACE_BOUND('',#3193,.T.);
#3423=FACE_BOUND('',#3194,.T.);
#3424=FACE_BOUND('',#3195,.T.);
#3425=FACE_BOUND('',#3196,.T.);
#3426=FACE_BOUND('',#3197,.T.);
#3427=FACE_BOUND('',#3198,.T.);
#3428=FACE_BOUND('',#3199,.T.);
#3429=FACE_BOUND('',#3200,.T.);
#3430=FACE_BOUND('',#3201,.T.);
#3431=FACE_BOUND('',#3202,.T.);
#3432=FACE_BOUND('',#3203,.T.);
#3433=FACE_BOUND('',#3204,.T.);
#3434=FACE_BOUND('',#3205,.T.);
#3435=FACE_BOUND('',#3206,.T.);
#3436=FACE_BOUND('',#3207,.T.);
#3437=FACE_BOUND('',#3208,.T.);
#3438=FACE_BOUND('',#3209,.T.);
#3439=FACE_BOUND('',#3210,.T.);
#3440=FACE_BOUND('',#3211,.T.);
#3441=FACE_BOUND('',#3212,.T.);
#3442=FACE_BOUND('',#3213,.T.);
#3443=FACE_BOUND('',#3214,.T.);
#3444=FACE_BOUND('',#3215,.T.);
#3445=FACE_BOUND('',#3216,.T.);
#3446=FACE_BOUND('',#3217,.T.);
#3447=FACE_BOUND('',#3218,.T.);
#3448=FACE_BOUND('',#3219,.T.);
#3449=FACE_BOUND('',#3220,.T.);
#3450=FACE_BOUND('',#3221,.T.);
#3451=FACE_BOUND('',#3222,.T.);
#3452=FACE_BOUND('',#3223,.T.);
#3453=FACE_BOUND('',#3224,.T.);
#3454=FACE_BOUND('',#3225,.T.);
#3455=FACE_BOUND('',#3226,.T.);
#3456=FACE_BOUND('',#3227,.T.);
#3457=FACE_BOUND('',#3228,.T.);
#3458=FACE_BOUND('',#3229,.T.);
#3459=FACE_BOUND('',#3230,.T.);
#3460=FACE_BOUND('',#3231,.T.);
#3461=FACE_BOUND('',#3232,.T.);
#3462=FACE_BOUND('',#3233,.T.);
#3463=FACE_BOUND('',#3234,.T.);
#3464=FACE_BOUND('',#3235,.T.);
#3465=FACE_BOUND('',#3236,.T.);
#3466=FACE_BOUND('',#3237,.T.);
#3467=FACE_BOUND('',#3238,.T.);
#3468=FACE_BOUND('',#3239,.T.);
#3469=FACE_BOUND('',#3240,.T.);
#3470=FACE_BOUND('',#3241,.T.);
#3471=FACE_BOUND('',#3242,.T.);
#3472=FACE_BOUND('',#3243,.T.);
#3473=FACE_BOUND('',#3244,.T.);
#3474=FACE_BOUND('',#3245,.T.);
#3475=FACE_BOUND('',#3246,.T.);
#3476=FACE_BOUND('',#3247,.T.);
#3477=FACE_BOUND('',#3248,.T.);
#3478=FACE_BOUND('',#3249,.T.);
#3479=FACE_BOUND('',#3250,.T.);
#3480=FACE_BOUND('',#3251,.T.);
#3481=FACE_BOUND('',#3252,.T.);
#3482=FACE_BOUND('',#3253,.T.);
#3483=FACE_BOUND('',#3254,.T.);
#3484=FACE_BOUND('',#3255,.T.);
#3485=FACE_BOUND('',#3256,.T.);
#3486=FACE_BOUND('',#3257,.T.);
#3487=FACE_BOUND('',#3258,.T.);
#3488=FACE_BOUND('',#3259,.T.);
#3489=FACE_BOUND('',#3260,.T.);
#3490=FACE_BOUND('',#3261,.T.);
#3491=FACE_BOUND('',#3262,.T.);
#3492=FACE_BOUND('',#3263,.T.);
#3493=FACE_BOUND('',#3264,.T.);
#3494=FACE_BOUND('',#3265,.T.);
#3495=FACE_BOUND('',#3266,.T.);
#3496=FACE_BOUND('',#3267,.T.);
#3497=FACE_BOUND('',#3268,.T.);
#3498=FACE_BOUND('',#3269,.T.);
#3499=FACE_BOUND('',#3270,.T.);
#3500=FACE_BOUND('',#3271,.T.);
#3501=FACE_BOUND('',#3272,.T.);
#3502=FACE_BOUND('',#3273,.T.);
#3503=FACE_BOUND('',#3274,.T.);
#3504=FACE_BOUND('',#3275,.T.);
#3505=FACE_BOUND('',#3276,.T.);
#3506=FACE_BOUND('',#3277,.T.);
#3507=FACE_BOUND('',#3278,.T.);
#3508=FACE_BOUND('',#3279,.T.);
#3509=FACE_BOUND('',#3280,.T.);
#3510=FACE_BOUND('',#3281,.T.);
#3511=FACE_BOUND('',#3282,.T.);
#3512=FACE_BOUND('',#3283,.T.);
#3513=FACE_BOUND('',#3284,.T.);
#3514=FACE_BOUND('',#3285,.T.);
#3515=FACE_BOUND('',#3286,.T.);
#3516=FACE_BOUND('',#3287,.T.);
#3517=FACE_BOUND('',#3288,.T.);
#3518=FACE_BOUND('',#3289,.T.);
#3519=FACE_BOUND('',#3290,.T.);
#3520=FACE_BOUND('',#3291,.T.);
#3521=FACE_BOUND('',#3292,.T.);
#3522=FACE_BOUND('',#3293,.T.);
#3523=FACE_BOUND('',#3294,.T.);
#3524=FACE_BOUND('',#3295,.T.);
#3525=FACE_BOUND('',#3296,.T.);
#3526=FACE_BOUND('',#3297,.T.);
#3527=FACE_BOUND('',#3298,.T.);
#3528=FACE_BOUND('',#3299,.T.);
#3529=FACE_BOUND('',#3300,.T.);
#3530=FACE_BOUND('',#3301,.T.);
#3531=FACE_BOUND('',#3302,.T.);
#3532=FACE_BOUND('',#3303,.T.);
#3533=FACE_BOUND('',#3304,.T.);
#3534=FACE_BOUND('',#3305,.T.);
#3535=FACE_BOUND('',#3306,.T.);
#3536=FACE_BOUND('',#3307,.T.);
#3537=FACE_BOUND('',#3308,.T.);
#3538=FACE_BOUND('',#3309,.T.);
#3539=FACE_BOUND('',#3310,.T.);
#3540=FACE_BOUND('',#3311,.T.);
#3541=FACE_BOUND('',#3312,.T.);
#3542=FACE_BOUND('',#3313,.T.);
#3543=PLANE('',#3861);
#3544=PLANE('',#3868);
#3545=PLANE('',#3891);
#3546=PLANE('',#3892);
#3547=PLANE('',#3893);
#3548=PLANE('',#3894);
#3549=PLANE('',#3895);
#3550=PLANE('',#3896);
#3551=PLANE('',#3898);
#3552=PLANE('',#3899);
#3553=PLANE('',#3901);
#3554=PLANE('',#3902);
#3555=PLANE('',#3903);
#3556=PLANE('',#3923);
#3557=PLANE('',#3924);
#3558=PLANE('',#3926);
#3559=PLANE('',#3927);
#3560=PLANE('',#3928);
#3561=PLANE('',#3931);
#3562=PLANE('',#3932);
#3563=PLANE('',#3936);
#3564=PLANE('',#3940);
#3565=PLANE('',#3941);
#3566=PLANE('',#3942);
#3567=PLANE('',#3943);
#3568=PLANE('',#3944);
#3569=PLANE('',#4004);
#3570=PLANE('',#4007);
#3571=PLANE('',#4010);
#3572=PLANE('',#4011);
#3573=PLANE('',#4014);
#3574=PLANE('',#4017);
#3575=PLANE('',#4018);
#3576=PLANE('',#4019);
#3577=PLANE('',#4020);
#3578=PLANE('',#4021);
#3579=PLANE('',#4068);
#3580=PLANE('',#4069);
#3581=PLANE('',#4070);
#3582=PLANE('',#4071);
#3583=PLANE('',#4072);
#3584=PLANE('',#4073);
#3585=PLANE('',#4074);
#3586=PLANE('',#4075);
#3587=PLANE('',#4076);
#3588=PLANE('',#4077);
#3589=PLANE('',#4078);
#3590=PLANE('',#4079);
#3591=PLANE('',#4080);
#3592=PLANE('',#4083);
#3593=PLANE('',#4084);
#3594=PLANE('',#4085);
#3595=PLANE('',#4086);
#3596=PLANE('',#4087);
#3597=PLANE('',#4088);
#3598=PLANE('',#4089);
#3599=PLANE('',#4090);
#3600=PLANE('',#4091);
#3601=PLANE('',#4092);
#3602=PLANE('',#4093);
#3603=PLANE('',#4094);
#3604=PLANE('',#4097);
#3605=PLANE('',#4100);
#3606=PLANE('',#4101);
#3607=PLANE('',#4102);
#3608=PLANE('',#4103);
#3609=PLANE('',#4107);
#3610=PLANE('',#4108);
#3611=PLANE('',#4109);
#3612=PLANE('',#4113);
#3613=PLANE('',#4114);
#3614=PLANE('',#4115);
#3615=PLANE('',#4116);
#3616=PLANE('',#4117);
#3617=PLANE('',#4118);
#3618=PLANE('',#4119);
#3619=PLANE('',#4120);
#3620=PLANE('',#4121);
#3621=PLANE('',#4122);
#3622=PLANE('',#4123);
#3623=PLANE('',#4127);
#3624=PLANE('',#4128);
#3625=PLANE('',#4129);
#3626=ADVANCED_FACE('',(#3314),#3543,.F.);
#3627=ADVANCED_FACE('',(#3315,#3316,#3317,#3318,#3319,#3320),#3544,.T.);
#3628=ADVANCED_FACE('',(#3321),#107,.T.);
#3629=ADVANCED_FACE('',(#3322),#108,.T.);
#3630=ADVANCED_FACE('',(#3323),#109,.T.);
#3631=ADVANCED_FACE('',(#3324),#110,.T.);
#3632=ADVANCED_FACE('',(#3325),#3545,.T.);
#3633=ADVANCED_FACE('',(#3326),#3546,.F.);
#3634=ADVANCED_FACE('',(#3327),#3547,.F.);
#3635=ADVANCED_FACE('',(#3328),#3548,.F.);
#3636=ADVANCED_FACE('',(#3329),#3549,.T.);
#3637=ADVANCED_FACE('',(#3330),#3550,.T.);
#3638=ADVANCED_FACE('',(#3331),#3551,.T.);
#3639=ADVANCED_FACE('',(#3332),#3552,.T.);
#3640=ADVANCED_FACE('',(#3333),#3553,.F.);
#3641=ADVANCED_FACE('',(#3334),#3554,.T.);
#3642=ADVANCED_FACE('',(#3335),#3555,.F.);
#3643=ADVANCED_FACE('',(#3336),#111,.T.);
#3644=ADVANCED_FACE('',(#3337),#112,.T.);
#3645=ADVANCED_FACE('',(#3338),#113,.T.);
#3646=ADVANCED_FACE('',(#3339),#114,.T.);
#3647=ADVANCED_FACE('',(#3340),#115,.T.);
#3648=ADVANCED_FACE('',(#3341),#116,.T.);
#3649=ADVANCED_FACE('',(#3342),#117,.T.);
#3650=ADVANCED_FACE('',(#3343),#118,.T.);
#3651=ADVANCED_FACE('',(#3344),#3556,.F.);
#3652=ADVANCED_FACE('',(#3345),#3557,.F.);
#3653=ADVANCED_FACE('',(#3346),#3558,.F.);
#3654=ADVANCED_FACE('',(#3347),#38,.T.);
#3655=ADVANCED_FACE('',(#3348),#3559,.F.);
#3656=ADVANCED_FACE('',(#3349),#39,.T.);
#3657=ADVANCED_FACE('',(#3350),#3560,.F.);
#3658=ADVANCED_FACE('',(#3351),#34,.T.);
#3659=ADVANCED_FACE('',(#3352),#35,.T.);
#3660=ADVANCED_FACE('',(#3353),#36,.T.);
#3661=ADVANCED_FACE('',(#3354),#37,.T.);
#3662=ADVANCED_FACE('',(#3355),#3561,.T.);
#3663=ADVANCED_FACE('',(#3356),#3562,.F.);
#3664=ADVANCED_FACE('',(#3357),#119,.T.);
#3665=ADVANCED_FACE('',(#3358),#3563,.F.);
#3666=ADVANCED_FACE('',(#3359),#120,.T.);
#3667=ADVANCED_FACE('',(#3360),#3564,.T.);
#3668=ADVANCED_FACE('',(#3361),#3565,.T.);
#3669=ADVANCED_FACE('',(#3362),#3566,.F.);
#3670=ADVANCED_FACE('',(#3363),#3567,.F.);
#3671=ADVANCED_FACE('',(#3364),#3568,.T.);
#3672=ADVANCED_FACE('',(#3365),#121,.T.);
#3673=ADVANCED_FACE('',(#3366),#18,.T.);
#3674=ADVANCED_FACE('',(#3367),#122,.T.);
#3675=ADVANCED_FACE('',(#3368),#123,.F.);
#3676=ADVANCED_FACE('',(#3369),#124,.T.);
#3677=ADVANCED_FACE('',(#3370),#125,.T.);
#3678=ADVANCED_FACE('',(#3371),#19,.T.);
#3679=ADVANCED_FACE('',(#3372),#20,.T.);
#3680=ADVANCED_FACE('',(#3373),#12,.T.);
#3681=ADVANCED_FACE('',(#3374),#126,.T.);
#3682=ADVANCED_FACE('',(#3375),#127,.T.);
#3683=ADVANCED_FACE('',(#3376),#128,.T.);
#3684=ADVANCED_FACE('',(#3377),#129,.T.);
#3685=ADVANCED_FACE('',(#3378),#21,.T.);
#3686=ADVANCED_FACE('',(#3379),#130,.T.);
#3687=ADVANCED_FACE('',(#3380),#13,.T.);
#3688=ADVANCED_FACE('',(#3381),#131,.T.);
#3689=ADVANCED_FACE('',(#3382),#22,.T.);
#3690=ADVANCED_FACE('',(#3383),#132,.T.);
#3691=ADVANCED_FACE('',(#3384),#133,.T.);
#3692=ADVANCED_FACE('',(#3385),#134,.T.);
#3693=ADVANCED_FACE('',(#3386),#23,.T.);
#3694=ADVANCED_FACE('',(#3387),#24,.T.);
#3695=ADVANCED_FACE('',(#3388),#135,.F.);
#3696=ADVANCED_FACE('',(#3389),#136,.T.);
#3697=ADVANCED_FACE('',(#3390),#25,.T.);
#3698=ADVANCED_FACE('',(#3391),#137,.T.);
#3699=ADVANCED_FACE('',(#3392),#3569,.F.);
#3700=ADVANCED_FACE('',(#3393),#3570,.F.);
#3701=ADVANCED_FACE('',(#3394),#3571,.T.);
#3702=ADVANCED_FACE('',(#3395),#3572,.T.);
#3703=ADVANCED_FACE('',(#3396),#3573,.T.);
#3704=ADVANCED_FACE('',(#3397),#3574,.T.);
#3705=ADVANCED_FACE('',(#3398),#3575,.T.);
#3706=ADVANCED_FACE('',(#3399),#3576,.T.);
#3707=ADVANCED_FACE('',(#3400),#3577,.T.);
#3708=ADVANCED_FACE('',(#3401),#3578,.T.);
#3709=ADVANCED_FACE('',(#3402),#138,.T.);
#3710=ADVANCED_FACE('',(#3403),#139,.T.);
#3711=ADVANCED_FACE('',(#3404),#26,.T.);
#3712=ADVANCED_FACE('',(#3405),#27,.T.);
#3713=ADVANCED_FACE('',(#3406),#140,.T.);
#3714=ADVANCED_FACE('',(#3407),#141,.T.);
#3715=ADVANCED_FACE('',(#3408),#142,.T.);
#3716=ADVANCED_FACE('',(#3409),#143,.T.);
#3717=ADVANCED_FACE('',(#3410),#144,.T.);
#3718=ADVANCED_FACE('',(#3411),#28,.T.);
#3719=ADVANCED_FACE('',(#3412),#29,.T.);
#3720=ADVANCED_FACE('',(#3413),#145,.T.);
#3721=ADVANCED_FACE('',(#3414),#146,.T.);
#3722=ADVANCED_FACE('',(#3415),#147,.T.);
#3723=ADVANCED_FACE('',(#3416),#148,.T.);
#3724=ADVANCED_FACE('',(#3417),#149,.T.);
#3725=ADVANCED_FACE('',(#3418),#150,.T.);
#3726=ADVANCED_FACE('',(#3419),#14,.T.);
#3727=ADVANCED_FACE('',(#3420),#151,.T.);
#3728=ADVANCED_FACE('',(#3421),#15,.T.);
#3729=ADVANCED_FACE('',(#3422),#152,.T.);
#3730=ADVANCED_FACE('',(#3423),#16,.T.);
#3731=ADVANCED_FACE('',(#3424),#153,.T.);
#3732=ADVANCED_FACE('',(#3425),#17,.T.);
#3733=ADVANCED_FACE('',(#3426),#154,.F.);
#3734=ADVANCED_FACE('',(#3427),#3579,.T.);
#3735=ADVANCED_FACE('',(#3428),#40,.T.);
#3736=ADVANCED_FACE('',(#3429),#41,.T.);
#3737=ADVANCED_FACE('',(#3430),#42,.T.);
#3738=ADVANCED_FACE('',(#3431),#3580,.T.);
#3739=ADVANCED_FACE('',(#3432),#3581,.T.);
#3740=ADVANCED_FACE('',(#3433),#3582,.T.);
#3741=ADVANCED_FACE('',(#3434),#3583,.T.);
#3742=ADVANCED_FACE('',(#3435),#3584,.T.);
#3743=ADVANCED_FACE('',(#3436),#3585,.T.);
#3744=ADVANCED_FACE('',(#3437),#3586,.T.);
#3745=ADVANCED_FACE('',(#3438),#3587,.T.);
#3746=ADVANCED_FACE('',(#3439),#3588,.T.);
#3747=ADVANCED_FACE('',(#3440),#3589,.T.);
#3748=ADVANCED_FACE('',(#3441),#3590,.T.);
#3749=ADVANCED_FACE('',(#3442),#43,.T.);
#3750=ADVANCED_FACE('',(#3443),#3591,.T.);
#3751=ADVANCED_FACE('',(#3444),#44,.T.);
#3752=ADVANCED_FACE('',(#3445),#45,.T.);
#3753=ADVANCED_FACE('',(#3446),#155,.F.);
#3754=ADVANCED_FACE('',(#3447),#46,.T.);
#3755=ADVANCED_FACE('',(#3448),#47,.T.);
#3756=ADVANCED_FACE('',(#3449),#48,.T.);
#3757=ADVANCED_FACE('',(#3450),#49,.T.);
#3758=ADVANCED_FACE('',(#3451),#50,.T.);
#3759=ADVANCED_FACE('',(#3452),#51,.T.);
#3760=ADVANCED_FACE('',(#3453),#52,.T.);
#3761=ADVANCED_FACE('',(#3454),#53,.T.);
#3762=ADVANCED_FACE('',(#3455),#54,.T.);
#3763=ADVANCED_FACE('',(#3456),#3592,.T.);
#3764=ADVANCED_FACE('',(#3457),#55,.T.);
#3765=ADVANCED_FACE('',(#3458),#56,.T.);
#3766=ADVANCED_FACE('',(#3459),#57,.T.);
#3767=ADVANCED_FACE('',(#3460),#58,.T.);
#3768=ADVANCED_FACE('',(#3461),#59,.T.);
#3769=ADVANCED_FACE('',(#3462),#60,.T.);
#3770=ADVANCED_FACE('',(#3463),#61,.T.);
#3771=ADVANCED_FACE('',(#3464),#3593,.T.);
#3772=ADVANCED_FACE('',(#3465),#62,.T.);
#3773=ADVANCED_FACE('',(#3466),#63,.T.);
#3774=ADVANCED_FACE('',(#3467),#64,.T.);
#3775=ADVANCED_FACE('',(#3468),#65,.T.);
#3776=ADVANCED_FACE('',(#3469),#66,.T.);
#3777=ADVANCED_FACE('',(#3470),#67,.T.);
#3778=ADVANCED_FACE('',(#3471),#3594,.T.);
#3779=ADVANCED_FACE('',(#3472),#68,.T.);
#3780=ADVANCED_FACE('',(#3473),#69,.T.);
#3781=ADVANCED_FACE('',(#3474),#70,.T.);
#3782=ADVANCED_FACE('',(#3475),#3595,.T.);
#3783=ADVANCED_FACE('',(#3476),#3596,.T.);
#3784=ADVANCED_FACE('',(#3477),#3597,.T.);
#3785=ADVANCED_FACE('',(#3478),#3598,.T.);
#3786=ADVANCED_FACE('',(#3479),#3599,.T.);
#3787=ADVANCED_FACE('',(#3480),#3600,.T.);
#3788=ADVANCED_FACE('',(#3481),#71,.T.);
#3789=ADVANCED_FACE('',(#3482),#72,.T.);
#3790=ADVANCED_FACE('',(#3483),#73,.T.);
#3791=ADVANCED_FACE('',(#3484),#74,.T.);
#3792=ADVANCED_FACE('',(#3485),#75,.T.);
#3793=ADVANCED_FACE('',(#3486),#76,.T.);
#3794=ADVANCED_FACE('',(#3487),#3601,.T.);
#3795=ADVANCED_FACE('',(#3488),#3602,.T.);
#3796=ADVANCED_FACE('',(#3489),#77,.T.);
#3797=ADVANCED_FACE('',(#3490),#78,.T.);
#3798=ADVANCED_FACE('',(#3491),#79,.T.);
#3799=ADVANCED_FACE('',(#3492),#80,.T.);
#3800=ADVANCED_FACE('',(#3493),#3603,.T.);
#3801=ADVANCED_FACE('',(#3494),#81,.T.);
#3802=ADVANCED_FACE('',(#3495),#82,.T.);
#3803=ADVANCED_FACE('',(#3496),#156,.F.);
#3804=ADVANCED_FACE('',(#3497),#3604,.T.);
#3805=ADVANCED_FACE('',(#3498),#157,.T.);
#3806=ADVANCED_FACE('',(#3499),#83,.T.);
#3807=ADVANCED_FACE('',(#3500),#84,.T.);
#3808=ADVANCED_FACE('',(#3501),#3605,.T.);
#3809=ADVANCED_FACE('',(#3502),#85,.T.);
#3810=ADVANCED_FACE('',(#3503),#86,.T.);
#3811=ADVANCED_FACE('',(#3504),#87,.T.);
#3812=ADVANCED_FACE('',(#3505),#3606,.T.);
#3813=ADVANCED_FACE('',(#3506),#88,.T.);
#3814=ADVANCED_FACE('',(#3507),#89,.T.);
#3815=ADVANCED_FACE('',(#3508),#90,.T.);
#3816=ADVANCED_FACE('',(#3509),#91,.T.);
#3817=ADVANCED_FACE('',(#3510),#3607,.T.);
#3818=ADVANCED_FACE('',(#3511),#3608,.T.);
#3819=ADVANCED_FACE('',(#3512),#92,.T.);
#3820=ADVANCED_FACE('',(#3513),#93,.T.);
#3821=ADVANCED_FACE('',(#3514),#94,.T.);
#3822=ADVANCED_FACE('',(#3515),#158,.T.);
#3823=ADVANCED_FACE('',(#3516,#3517),#3609,.T.);
#3824=ADVANCED_FACE('',(#3518),#3610,.T.);
#3825=ADVANCED_FACE('',(#3519),#3611,.T.);
#3826=ADVANCED_FACE('',(#3520),#159,.F.);
#3827=ADVANCED_FACE('',(#3521),#3612,.T.);
#3828=ADVANCED_FACE('',(#3522),#3613,.T.);
#3829=ADVANCED_FACE('',(#3523),#3614,.T.);
#3830=ADVANCED_FACE('',(#3524),#3615,.T.);
#3831=ADVANCED_FACE('',(#3525),#3616,.T.);
#3832=ADVANCED_FACE('',(#3526),#3617,.T.);
#3833=ADVANCED_FACE('',(#3527),#3618,.T.);
#3834=ADVANCED_FACE('',(#3528),#3619,.T.);
#3835=ADVANCED_FACE('',(#3529),#3620,.T.);
#3836=ADVANCED_FACE('',(#3530),#3621,.T.);
#3837=ADVANCED_FACE('',(#3531),#3622,.T.);
#3838=ADVANCED_FACE('',(#3532),#160,.F.);
#3839=ADVANCED_FACE('',(#3533,#3534),#3623,.T.);
#3840=ADVANCED_FACE('',(#3535),#3624,.T.);
#3841=ADVANCED_FACE('',(#3536),#3625,.T.);
#3842=ADVANCED_FACE('',(#3537),#30,.T.);
#3843=ADVANCED_FACE('',(#3538),#161,.T.);
#3844=ADVANCED_FACE('',(#3539),#31,.T.);
#3845=ADVANCED_FACE('',(#3540),#32,.T.);
#3846=ADVANCED_FACE('',(#3541),#162,.T.);
#3847=ADVANCED_FACE('',(#3542),#33,.T.);
#3848=CLOSED_SHELL('',(#3626,#3627,#3628,#3629,#3630,#3631,#3632,#3633,
#3634,#3635,#3636,#3637,#3638,#3639,#3640,#3641,#3642,#3643,#3644,#3645,
#3646,#3647,#3648,#3649,#3650,#3651,#3652,#3653,#3654,#3655,#3656,#3657,
#3658,#3659,#3660,#3661,#3662,#3663,#3664,#3665,#3666,#3667,#3668,#3669,
#3670,#3671,#3672,#3673,#3674,#3675,#3676,#3677,#3678,#3679,#3680,#3681,
#3682,#3683,#3684,#3685,#3686,#3687,#3688,#3689,#3690,#3691,#3692,#3693,
#3694,#3695,#3696,#3697,#3698,#3699,#3700,#3701,#3702,#3703,#3704,#3705,
#3706,#3707,#3708,#3709,#3710,#3711,#3712,#3713,#3714,#3715,#3716,#3717,
#3718,#3719,#3720,#3721,#3722,#3723,#3724,#3725,#3726,#3727,#3728,#3729,
#3730,#3731,#3732,#3733,#3734,#3735,#3736,#3737,#3738,#3739,#3740,#3741,
#3742,#3743,#3744,#3745,#3746,#3747,#3748,#3749,#3750,#3751,#3752,#3753,
#3754,#3755,#3756,#3757,#3758,#3759,#3760,#3761,#3762,#3763,#3764,#3765,
#3766,#3767,#3768,#3769,#3770,#3771,#3772,#3773,#3774,#3775,#3776,#3777,
#3778,#3779,#3780,#3781,#3782,#3783,#3784,#3785,#3786,#3787,#3788,#3789,
#3790,#3791,#3792,#3793,#3794,#3795,#3796,#3797,#3798,#3799,#3800,#3801,
#3802,#3803,#3804,#3805,#3806,#3807,#3808,#3809,#3810,#3811,#3812,#3813,
#3814,#3815,#3816,#3817,#3818,#3819,#3820,#3821,#3822,#3823,#3824,#3825,
#3826,#3827,#3828,#3829,#3830,#3831,#3832,#3833,#3834,#3835,#3836,#3837,
#3838,#3839,#3840,#3841,#3842,#3843,#3844,#3845,#3846,#3847));
#3849=STYLED_ITEM('',(#3850),#3857);
#3850=PRESENTATION_STYLE_ASSIGNMENT((#3851));
#3851=SURFACE_STYLE_USAGE(.BOTH.,#3852);
#3852=SURFACE_SIDE_STYLE('',(#3853));
#3853=SURFACE_STYLE_FILL_AREA(#3854);
#3854=FILL_AREA_STYLE('',(#3855));
#3855=FILL_AREA_STYLE_COLOUR('',#3856);
#3856=COLOUR_RGB('',0.647058823529412,0.647058823529412,0.647058823529412);
#3857=MANIFOLD_SOLID_BREP('Laptop Stand',#3848);
#3858=SHAPE_DEFINITION_REPRESENTATION(#6907,#3859);
#3859=SHAPE_REPRESENTATION('Laptop Stand',(#3860),#6902);
#3860=AXIS2_PLACEMENT_3D('',#5017,#4140,#4141);
#3861=AXIS2_PLACEMENT_3D('',#5018,#4142,#4143);
#3862=AXIS2_PLACEMENT_3D('',#5019,#4144,#4145);
#3863=AXIS2_PLACEMENT_3D('',#5024,#4147,#4148);
#3864=AXIS2_PLACEMENT_3D('',#5028,#4150,#4151);
#3865=AXIS2_PLACEMENT_3D('',#5032,#4153,#4154);
#3866=AXIS2_PLACEMENT_3D('',#5036,#4156,#4157);
#3867=AXIS2_PLACEMENT_3D('',#5044,#4161,#4162);
#3868=AXIS2_PLACEMENT_3D('',#5047,#4164,#4165);
#3869=AXIS2_PLACEMENT_3D('',#5113,#4170,#4171);
#3870=AXIS2_PLACEMENT_3D('',#5117,#4173,#4174);
#3871=AXIS2_PLACEMENT_3D('',#5135,#4177,#4178);
#3872=AXIS2_PLACEMENT_3D('',#5289,#4193,#4194);
#3873=AXIS2_PLACEMENT_3D('',#5314,#4207,#4208);
#3874=AXIS2_PLACEMENT_3D('',#5319,#4210,#4211);
#3875=AXIS2_PLACEMENT_3D('',#5333,#4213,#4214);
#3876=AXIS2_PLACEMENT_3D('',#5337,#4216,#4217);
#3877=AXIS2_PLACEMENT_3D('',#5341,#4219,#4220);
#3878=AXIS2_PLACEMENT_3D('',#5345,#4222,#4223);
#3879=AXIS2_PLACEMENT_3D('',#5348,#4225,#4226);
#3880=AXIS2_PLACEMENT_3D('',#5352,#4228,#4229);
#3881=AXIS2_PLACEMENT_3D('',#5356,#4231,#4232);
#3882=AXIS2_PLACEMENT_3D('',#5357,#4233,#4234);
#3883=AXIS2_PLACEMENT_3D('',#5361,#4236,#4237);
#3884=AXIS2_PLACEMENT_3D('',#5365,#4239,#4240);
#3885=AXIS2_PLACEMENT_3D('',#5366,#4241,#4242);
#3886=AXIS2_PLACEMENT_3D('',#5370,#4244,#4245);
#3887=AXIS2_PLACEMENT_3D('',#5374,#4247,#4248);
#3888=AXIS2_PLACEMENT_3D('',#5375,#4249,#4250);
#3889=AXIS2_PLACEMENT_3D('',#5379,#4252,#4253);
#3890=AXIS2_PLACEMENT_3D('',#5383,#4255,#4256);
#3891=AXIS2_PLACEMENT_3D('',#5384,#4257,#4258);
#3892=AXIS2_PLACEMENT_3D('',#5409,#4271,#4272);
#3893=AXIS2_PLACEMENT_3D('',#5418,#4277,#4278);
#3894=AXIS2_PLACEMENT_3D('',#5427,#4283,#4284);
#3895=AXIS2_PLACEMENT_3D('',#5436,#4289,#4290);
#3896=AXIS2_PLACEMENT_3D('',#5446,#4293,#4294);
#3897=AXIS2_PLACEMENT_3D('',#5459,#4297,#4298);
#3898=AXIS2_PLACEMENT_3D('',#5460,#4299,#4300);
#3899=AXIS2_PLACEMENT_3D('',#5471,#4303,#4304);
#3900=AXIS2_PLACEMENT_3D('',#5475,#4307,#4308);
#3901=AXIS2_PLACEMENT_3D('',#5478,#4310,#4311);
#3902=AXIS2_PLACEMENT_3D('',#5489,#4317,#4318);
#3903=AXIS2_PLACEMENT_3D('',#5496,#4323,#4324);
#3904=AXIS2_PLACEMENT_3D('',#5513,#4335,#4336);
#3905=AXIS2_PLACEMENT_3D('',#5514,#4337,#4338);
#3906=AXIS2_PLACEMENT_3D('',#5515,#4339,#4340);
#3907=AXIS2_PLACEMENT_3D('',#5516,#4341,#4342);
#3908=AXIS2_PLACEMENT_3D('',#5517,#4343,#4344);
#3909=AXIS2_PLACEMENT_3D('',#5518,#4345,#4346);
#3910=AXIS2_PLACEMENT_3D('',#5519,#4347,#4348);
#3911=AXIS2_PLACEMENT_3D('',#5520,#4349,#4350);
#3912=AXIS2_PLACEMENT_3D('',#5521,#4351,#4352);
#3913=AXIS2_PLACEMENT_3D('',#5522,#4353,#4354);
#3914=AXIS2_PLACEMENT_3D('',#5523,#4355,#4356);
#3915=AXIS2_PLACEMENT_3D('',#5525,#4358,#4359);
#3916=AXIS2_PLACEMENT_3D('',#5526,#4360,#4361);
#3917=AXIS2_PLACEMENT_3D('',#5527,#4362,#4363);
#3918=AXIS2_PLACEMENT_3D('',#5528,#4364,#4365);
#3919=AXIS2_PLACEMENT_3D('',#5529,#4366,#4367);
#3920=AXIS2_PLACEMENT_3D('',#5530,#4368,#4369);
#3921=AXIS2_PLACEMENT_3D('',#5531,#4370,#4371);
#3922=AXIS2_PLACEMENT_3D('',#5532,#4372,#4373);
#3923=AXIS2_PLACEMENT_3D('',#5533,#4374,#4375);
#3924=AXIS2_PLACEMENT_3D('',#5550,#4378,#4379);
#3925=AXIS2_PLACEMENT_3D('',#5554,#4381,#4382);
#3926=AXIS2_PLACEMENT_3D('',#5559,#4383,#4384);
#3927=AXIS2_PLACEMENT_3D('',#5587,#4386,#4387);
#3928=AXIS2_PLACEMENT_3D('',#5621,#4391,#4392);
#3929=AXIS2_PLACEMENT_3D('',#5626,#4393,#4394);
#3930=AXIS2_PLACEMENT_3D('',#5690,#4395,#4396);
#3931=AXIS2_PLACEMENT_3D('',#5691,#4397,#4398);
#3932=AXIS2_PLACEMENT_3D('',#5700,#4403,#4404);
#3933=AXIS2_PLACEMENT_3D('',#5709,#4409,#4410);
#3934=AXIS2_PLACEMENT_3D('',#5710,#4411,#4412);
#3935=AXIS2_PLACEMENT_3D('',#5714,#4414,#4415);
#3936=AXIS2_PLACEMENT_3D('',#5715,#4416,#4417);
#3937=AXIS2_PLACEMENT_3D('',#5721,#4421,#4422);
#3938=AXIS2_PLACEMENT_3D('',#5722,#4423,#4424);
#3939=AXIS2_PLACEMENT_3D('',#5726,#4426,#4427);
#3940=AXIS2_PLACEMENT_3D('',#5727,#4428,#4429);
#3941=AXIS2_PLACEMENT_3D('',#5733,#4433,#4434);
#3942=AXIS2_PLACEMENT_3D('',#5742,#4439,#4440);
#3943=AXIS2_PLACEMENT_3D('',#5754,#4444,#4445);
#3944=AXIS2_PLACEMENT_3D('',#5766,#4449,#4450);
#3945=AXIS2_PLACEMENT_3D('',#5772,#4454,#4455);
#3946=AXIS2_PLACEMENT_3D('',#5773,#4456,#4457);
#3947=AXIS2_PLACEMENT_3D('',#5774,#4458,#4459);
#3948=AXIS2_PLACEMENT_3D('',#5775,#4460,#4461);
#3949=AXIS2_PLACEMENT_3D('',#5776,#4462,#4463);
#3950=AXIS2_PLACEMENT_3D('',#5777,#4464,#4465);
#3951=AXIS2_PLACEMENT_3D('',#5778,#4466,#4467);
#3952=AXIS2_PLACEMENT_3D('',#5779,#4468,#4469);
#3953=AXIS2_PLACEMENT_3D('',#5780,#4470,#4471);
#3954=AXIS2_PLACEMENT_3D('',#5781,#4472,#4473);
#3955=AXIS2_PLACEMENT_3D('',#5782,#4474,#4475);
#3956=AXIS2_PLACEMENT_3D('',#5783,#4476,#4477);
#3957=AXIS2_PLACEMENT_3D('',#5784,#4478,#4479);
#3958=AXIS2_PLACEMENT_3D('',#5785,#4480,#4481);
#3959=AXIS2_PLACEMENT_3D('',#5786,#4482,#4483);
#3960=AXIS2_PLACEMENT_3D('',#5787,#4484,#4485);
#3961=AXIS2_PLACEMENT_3D('',#5788,#4486,#4487);
#3962=AXIS2_PLACEMENT_3D('',#5789,#4488,#4489);
#3963=AXIS2_PLACEMENT_3D('',#5790,#4490,#4491);
#3964=AXIS2_PLACEMENT_3D('',#5791,#4492,#4493);
#3965=AXIS2_PLACEMENT_3D('',#5792,#4494,#4495);
#3966=AXIS2_PLACEMENT_3D('',#5793,#4496,#4497);
#3967=AXIS2_PLACEMENT_3D('',#5794,#4498,#4499);
#3968=AXIS2_PLACEMENT_3D('',#5795,#4500,#4501);
#3969=AXIS2_PLACEMENT_3D('',#5796,#4502,#4503);
#3970=AXIS2_PLACEMENT_3D('',#5797,#4504,#4505);
#3971=AXIS2_PLACEMENT_3D('',#5798,#4506,#4507);
#3972=AXIS2_PLACEMENT_3D('',#5799,#4508,#4509);
#3973=AXIS2_PLACEMENT_3D('',#5800,#4510,#4511);
#3974=AXIS2_PLACEMENT_3D('',#5801,#4512,#4513);
#3975=AXIS2_PLACEMENT_3D('',#5802,#4514,#4515);
#3976=AXIS2_PLACEMENT_3D('',#5803,#4516,#4517);
#3977=AXIS2_PLACEMENT_3D('',#5804,#4518,#4519);
#3978=AXIS2_PLACEMENT_3D('',#5805,#4520,#4521);
#3979=AXIS2_PLACEMENT_3D('',#5806,#4522,#4523);
#3980=AXIS2_PLACEMENT_3D('',#5807,#4524,#4525);
#3981=AXIS2_PLACEMENT_3D('',#5808,#4526,#4527);
#3982=AXIS2_PLACEMENT_3D('',#5809,#4528,#4529);
#3983=AXIS2_PLACEMENT_3D('',#5810,#4530,#4531);
#3984=AXIS2_PLACEMENT_3D('',#5811,#4532,#4533);
#3985=AXIS2_PLACEMENT_3D('',#5812,#4534,#4535);
#3986=AXIS2_PLACEMENT_3D('',#5813,#4536,#4537);
#3987=AXIS2_PLACEMENT_3D('',#5814,#4538,#4539);
#3988=AXIS2_PLACEMENT_3D('',#5815,#4540,#4541);
#3989=AXIS2_PLACEMENT_3D('',#5816,#4542,#4543);
#3990=AXIS2_PLACEMENT_3D('',#5817,#4544,#4545);
#3991=AXIS2_PLACEMENT_3D('',#5818,#4546,#4547);
#3992=AXIS2_PLACEMENT_3D('',#5819,#4548,#4549);
#3993=AXIS2_PLACEMENT_3D('',#5820,#4550,#4551);
#3994=AXIS2_PLACEMENT_3D('',#5821,#4552,#4553);
#3995=AXIS2_PLACEMENT_3D('',#5822,#4554,#4555);
#3996=AXIS2_PLACEMENT_3D('',#5823,#4556,#4557);
#3997=AXIS2_PLACEMENT_3D('',#5824,#4558,#4559);
#3998=AXIS2_PLACEMENT_3D('',#5825,#4560,#4561);
#3999=AXIS2_PLACEMENT_3D('',#5826,#4562,#4563);
#4000=AXIS2_PLACEMENT_3D('',#5827,#4564,#4565);
#4001=AXIS2_PLACEMENT_3D('',#5828,#4566,#4567);
#4002=AXIS2_PLACEMENT_3D('',#5829,#4568,#4569);
#4003=AXIS2_PLACEMENT_3D('',#5830,#4570,#4571);
#4004=AXIS2_PLACEMENT_3D('',#5831,#4572,#4573);
#4005=AXIS2_PLACEMENT_3D('',#5837,#4577,#4578);
#4006=AXIS2_PLACEMENT_3D('',#5840,#4580,#4581);
#4007=AXIS2_PLACEMENT_3D('',#5841,#4582,#4583);
#4008=AXIS2_PLACEMENT_3D('',#5845,#4586,#4587);
#4009=AXIS2_PLACEMENT_3D('',#5848,#4589,#4590);
#4010=AXIS2_PLACEMENT_3D('',#5851,#4592,#4593);
#4011=AXIS2_PLACEMENT_3D('',#5857,#4597,#4598);
#4012=AXIS2_PLACEMENT_3D('',#5861,#4601,#4602);
#4013=AXIS2_PLACEMENT_3D('',#5864,#4604,#4605);
#4014=AXIS2_PLACEMENT_3D('',#5867,#4607,#4608);
#4015=AXIS2_PLACEMENT_3D('',#5873,#4612,#4613);
#4016=AXIS2_PLACEMENT_3D('',#5876,#4615,#4616);
#4017=AXIS2_PLACEMENT_3D('',#5877,#4617,#4618);
#4018=AXIS2_PLACEMENT_3D('',#5883,#4622,#4623);
#4019=AXIS2_PLACEMENT_3D('',#5884,#4624,#4625);
#4020=AXIS2_PLACEMENT_3D('',#5886,#4627,#4628);
#4021=AXIS2_PLACEMENT_3D('',#5887,#4629,#4630);
#4022=AXIS2_PLACEMENT_3D('',#5889,#4632,#4633);
#4023=AXIS2_PLACEMENT_3D('',#5890,#4634,#4635);
#4024=AXIS2_PLACEMENT_3D('',#5891,#4636,#4637);
#4025=AXIS2_PLACEMENT_3D('',#5892,#4638,#4639);
#4026=AXIS2_PLACEMENT_3D('',#5893,#4640,#4641);
#4027=AXIS2_PLACEMENT_3D('',#5894,#4642,#4643);
#4028=AXIS2_PLACEMENT_3D('',#5895,#4644,#4645);
#4029=AXIS2_PLACEMENT_3D('',#5896,#4646,#4647);
#4030=AXIS2_PLACEMENT_3D('',#5897,#4648,#4649);
#4031=AXIS2_PLACEMENT_3D('',#5898,#4650,#4651);
#4032=AXIS2_PLACEMENT_3D('',#5899,#4652,#4653);
#4033=AXIS2_PLACEMENT_3D('',#5900,#4654,#4655);
#4034=AXIS2_PLACEMENT_3D('',#5901,#4656,#4657);
#4035=AXIS2_PLACEMENT_3D('',#5902,#4658,#4659);
#4036=AXIS2_PLACEMENT_3D('',#5903,#4660,#4661);
#4037=AXIS2_PLACEMENT_3D('',#5904,#4662,#4663);
#4038=AXIS2_PLACEMENT_3D('',#5905,#4664,#4665);
#4039=AXIS2_PLACEMENT_3D('',#5906,#4666,#4667);
#4040=AXIS2_PLACEMENT_3D('',#5907,#4668,#4669);
#4041=AXIS2_PLACEMENT_3D('',#5908,#4670,#4671);
#4042=AXIS2_PLACEMENT_3D('',#5909,#4672,#4673);
#4043=AXIS2_PLACEMENT_3D('',#5910,#4674,#4675);
#4044=AXIS2_PLACEMENT_3D('',#5911,#4676,#4677);
#4045=AXIS2_PLACEMENT_3D('',#5912,#4678,#4679);
#4046=AXIS2_PLACEMENT_3D('',#5913,#4680,#4681);
#4047=AXIS2_PLACEMENT_3D('',#5914,#4682,#4683);
#4048=AXIS2_PLACEMENT_3D('',#5915,#4684,#4685);
#4049=AXIS2_PLACEMENT_3D('',#5916,#4686,#4687);
#4050=AXIS2_PLACEMENT_3D('',#5917,#4688,#4689);
#4051=AXIS2_PLACEMENT_3D('',#5918,#4690,#4691);
#4052=AXIS2_PLACEMENT_3D('',#5919,#4692,#4693);
#4053=AXIS2_PLACEMENT_3D('',#5920,#4694,#4695);
#4054=AXIS2_PLACEMENT_3D('',#5921,#4696,#4697);
#4055=AXIS2_PLACEMENT_3D('',#5922,#4698,#4699);
#4056=AXIS2_PLACEMENT_3D('',#5923,#4700,#4701);
#4057=AXIS2_PLACEMENT_3D('',#5924,#4702,#4703);
#4058=AXIS2_PLACEMENT_3D('',#5925,#4704,#4705);
#4059=AXIS2_PLACEMENT_3D('',#5926,#4706,#4707);
#4060=AXIS2_PLACEMENT_3D('',#5927,#4708,#4709);
#4061=AXIS2_PLACEMENT_3D('',#5928,#4710,#4711);
#4062=AXIS2_PLACEMENT_3D('',#5929,#4712,#4713);
#4063=AXIS2_PLACEMENT_3D('',#5930,#4714,#4715);
#4064=AXIS2_PLACEMENT_3D('',#5931,#4716,#4717);
#4065=AXIS2_PLACEMENT_3D('',#5932,#4718,#4719);
#4066=AXIS2_PLACEMENT_3D('',#5933,#4720,#4721);
#4067=AXIS2_PLACEMENT_3D('',#5936,#4723,#4724);
#4068=AXIS2_PLACEMENT_3D('',#5939,#4726,#4727);
#4069=AXIS2_PLACEMENT_3D('',#5982,#4733,#4734);
#4070=AXIS2_PLACEMENT_3D('',#5986,#4737,#4738);
#4071=AXIS2_PLACEMENT_3D('',#5990,#4741,#4742);
#4072=AXIS2_PLACEMENT_3D('',#5994,#4745,#4746);
#4073=AXIS2_PLACEMENT_3D('',#5998,#4749,#4750);
#4074=AXIS2_PLACEMENT_3D('',#6002,#4753,#4754);
#4075=AXIS2_PLACEMENT_3D('',#6006,#4757,#4758);
#4076=AXIS2_PLACEMENT_3D('',#6010,#4761,#4762);
#4077=AXIS2_PLACEMENT_3D('',#6014,#4765,#4766);
#4078=AXIS2_PLACEMENT_3D('',#6018,#4769,#4770);
#4079=AXIS2_PLACEMENT_3D('',#6022,#4773,#4774);
#4080=AXIS2_PLACEMENT_3D('',#6037,#4777,#4778);
#4081=AXIS2_PLACEMENT_3D('',#6066,#4782,#4783);
#4082=AXIS2_PLACEMENT_3D('',#6069,#4785,#4786);
#4083=AXIS2_PLACEMENT_3D('',#6187,#4796,#4797);
#4084=AXIS2_PLACEMENT_3D('',#6282,#4807,#4808);
#4085=AXIS2_PLACEMENT_3D('',#6364,#4817,#4818);
#4086=AXIS2_PLACEMENT_3D('',#6405,#4823,#4824);
#4087=AXIS2_PLACEMENT_3D('',#6406,#4825,#4826);
#4088=AXIS2_PLACEMENT_3D('',#6412,#4830,#4831);
#4089=AXIS2_PLACEMENT_3D('',#6416,#4834,#4835);
#4090=AXIS2_PLACEMENT_3D('',#6420,#4838,#4839);
#4091=AXIS2_PLACEMENT_3D('',#6422,#4841,#4842);
#4092=AXIS2_PLACEMENT_3D('',#6528,#4850,#4851);
#4093=AXIS2_PLACEMENT_3D('',#6534,#4855,#4856);
#4094=AXIS2_PLACEMENT_3D('',#6598,#4865,#4866);
#4095=AXIS2_PLACEMENT_3D('',#6628,#4871,#4872);
#4096=AXIS2_PLACEMENT_3D('',#6631,#4874,#4875);
#4097=AXIS2_PLACEMENT_3D('',#6632,#4876,#4877);
#4098=AXIS2_PLACEMENT_3D('',#6636,#4880,#4881);
#4099=AXIS2_PLACEMENT_3D('',#6639,#4883,#4884);
#4100=AXIS2_PLACEMENT_3D('',#6666,#4887,#4888);
#4101=AXIS2_PLACEMENT_3D('',#6709,#4894,#4895);
#4102=AXIS2_PLACEMENT_3D('',#6765,#4902,#4903);
#4103=AXIS2_PLACEMENT_3D('',#6769,#4906,#4907);
#4104=AXIS2_PLACEMENT_3D('',#6810,#4912,#4913);
#4105=AXIS2_PLACEMENT_3D('',#6811,#4914,#4915);
#4106=AXIS2_PLACEMENT_3D('',#6812,#4916,#4917);
#4107=AXIS2_PLACEMENT_3D('',#6813,#4918,#4919);
#4108=AXIS2_PLACEMENT_3D('',#6814,#4920,#4921);
#4109=AXIS2_PLACEMENT_3D('',#6823,#4926,#4927);
#4110=AXIS2_PLACEMENT_3D('',#6829,#4931,#4932);
#4111=AXIS2_PLACEMENT_3D('',#6830,#4933,#4934);
#4112=AXIS2_PLACEMENT_3D('',#6834,#4936,#4937);
#4113=AXIS2_PLACEMENT_3D('',#6835,#4938,#4939);
#4114=AXIS2_PLACEMENT_3D('',#6841,#4943,#4944);
#4115=AXIS2_PLACEMENT_3D('',#6847,#4948,#4949);
#4116=AXIS2_PLACEMENT_3D('',#6853,#4953,#4954);
#4117=AXIS2_PLACEMENT_3D('',#6859,#4958,#4959);
#4118=AXIS2_PLACEMENT_3D('',#6863,#4962,#4963);
#4119=AXIS2_PLACEMENT_3D('',#6867,#4966,#4967);
#4120=AXIS2_PLACEMENT_3D('',#6871,#4970,#4971);
#4121=AXIS2_PLACEMENT_3D('',#6875,#4974,#4975);
#4122=AXIS2_PLACEMENT_3D('',#6879,#4978,#4979);
#4123=AXIS2_PLACEMENT_3D('',#6883,#4982,#4983);
#4124=AXIS2_PLACEMENT_3D('',#6885,#4985,#4986);
#4125=AXIS2_PLACEMENT_3D('',#6886,#4987,#4988);
#4126=AXIS2_PLACEMENT_3D('',#6887,#4989,#4990);
#4127=AXIS2_PLACEMENT_3D('',#6888,#4991,#4992);
#4128=AXIS2_PLACEMENT_3D('',#6889,#4993,#4994);
#4129=AXIS2_PLACEMENT_3D('',#6890,#4995,#4996);
#4130=AXIS2_PLACEMENT_3D('',#6891,#4997,#4998);
#4131=AXIS2_PLACEMENT_3D('',#6892,#4999,#5000);
#4132=AXIS2_PLACEMENT_3D('',#6893,#5001,#5002);
#4133=AXIS2_PLACEMENT_3D('',#6894,#5003,#5004);
#4134=AXIS2_PLACEMENT_3D('',#6895,#5005,#5006);
#4135=AXIS2_PLACEMENT_3D('',#6896,#5007,#5008);
#4136=AXIS2_PLACEMENT_3D('',#6897,#5009,#5010);
#4137=AXIS2_PLACEMENT_3D('',#6898,#5011,#5012);
#4138=AXIS2_PLACEMENT_3D('',#6899,#5013,#5014);
#4139=AXIS2_PLACEMENT_3D('',#6900,#5015,#5016);
#4140=DIRECTION('',(0.,0.,1.));
#4141=DIRECTION('',(1.,0.,0.));
#4142=DIRECTION('',(0.,0.,1.));
#4143=DIRECTION('',(1.,0.,0.));
#4144=DIRECTION('',(0.,0.,1.));
#4145=DIRECTION('',(1.,0.,0.));
#4146=DIRECTION('',(0.,1.,0.));
#4147=DIRECTION('',(0.,0.,1.));
#4148=DIRECTION('',(1.,0.,0.));
#4149=DIRECTION('',(-1.,-1.18613571006961E-16,0.));
#4150=DIRECTION('',(0.,0.,1.));
#4151=DIRECTION('',(1.,0.,0.));
#4152=DIRECTION('',(0.,1.,0.));
#4153=DIRECTION('',(0.,0.,1.));
#4154=DIRECTION('',(1.,0.,0.));
#4155=DIRECTION('',(-1.,0.,0.));
#4156=DIRECTION('',(0.,0.,1.));
#4157=DIRECTION('',(1.,0.,0.));
#4158=DIRECTION('',(0.,-1.,0.));
#4159=DIRECTION('',(-1.,0.,0.));
#4160=DIRECTION('',(0.,-1.,0.));
#4161=DIRECTION('',(0.,0.,1.));
#4162=DIRECTION('',(1.,0.,0.));
#4163=DIRECTION('',(-1.,0.,0.));
#4164=DIRECTION('',(0.,0.,1.));
#4165=DIRECTION('',(1.,0.,0.));
#4166=DIRECTION('',(0.999853737081671,0.0171027612921903,0.));
#4167=DIRECTION('',(0.,1.,0.));
#4168=DIRECTION('',(-0.995948647187251,0.0899238131191313,0.));
#4169=DIRECTION('',(0.,-1.,0.));
#4170=DIRECTION('',(0.,0.,1.));
#4171=DIRECTION('',(1.,0.,0.));
#4172=DIRECTION('',(0.,-1.,0.));
#4173=DIRECTION('',(0.,0.,1.));
#4174=DIRECTION('',(1.,0.,0.));
#4175=DIRECTION('',(-1.,0.,0.));
#4176=DIRECTION('',(0.,-1.,0.));
#4177=DIRECTION('',(0.,0.,1.));
#4178=DIRECTION('',(1.,0.,0.));
#4179=DIRECTION('',(0.,1.,0.));
#4180=DIRECTION('',(-1.,0.,0.));
#4181=DIRECTION('',(0.,1.,0.));
#4182=DIRECTION('',(1.,0.,0.));
#4183=DIRECTION('',(0.21419711465387,0.976790456584193,0.));
#4184=DIRECTION('',(1.,0.,0.));
#4185=DIRECTION('',(0.,-1.,0.));
#4186=DIRECTION('',(1.,0.,0.));
#4187=DIRECTION('',(0.,-1.,0.));
#4188=DIRECTION('',(-1.,0.,0.));
#4189=DIRECTION('',(0.,-1.,0.));
#4190=DIRECTION('',(0.981481537349814,0.191556758798652,0.));
#4191=DIRECTION('',(-0.967105615097726,0.254375174194437,0.));
#4192=DIRECTION('',(-0.9925767264025,-0.121620073195574,0.));
#4193=DIRECTION('',(0.,0.,1.));
#4194=DIRECTION('',(1.,0.,0.));
#4195=DIRECTION('',(-1.,0.,0.));
#4196=DIRECTION('',(0.,1.,0.));
#4197=DIRECTION('',(1.,0.,0.));
#4198=DIRECTION('',(0.,-1.,0.));
#4199=DIRECTION('',(-1.,0.,0.));
#4200=DIRECTION('',(-0.363772093116448,0.931487983964194,0.));
#4201=DIRECTION('',(-1.,0.,0.));
#4202=DIRECTION('',(-0.36627814014586,-0.930505413230514,0.));
#4203=DIRECTION('',(-1.,0.,0.));
#4204=DIRECTION('',(0.377690971919756,0.925931708999271,0.));
#4205=DIRECTION('',(1.,0.,0.));
#4206=DIRECTION('',(0.372625844377535,-0.927981670132514,0.));
#4207=DIRECTION('',(0.,0.,1.));
#4208=DIRECTION('',(1.,0.,0.));
#4209=DIRECTION('',(-1.,0.,0.));
#4210=DIRECTION('',(0.,0.,1.));
#4211=DIRECTION('',(1.,0.,0.));
#4212=DIRECTION('',(-1.,-1.38777878078145E-16,0.));
#4213=DIRECTION('',(0.,0.,1.));
#4214=DIRECTION('',(1.,0.,0.));
#4215=DIRECTION('',(-1.,0.,0.));
#4216=DIRECTION('',(0.,0.,1.));
#4217=DIRECTION('',(1.,0.,0.));
#4218=DIRECTION('',(0.,1.,0.));
#4219=DIRECTION('',(0.,0.,1.));
#4220=DIRECTION('',(1.,0.,0.));
#4221=DIRECTION('',(-1.,-1.18613571006961E-16,0.));
#4222=DIRECTION('',(0.,0.,1.));
#4223=DIRECTION('',(1.,0.,0.));
#4224=DIRECTION('',(0.,1.,0.));
#4225=DIRECTION('',(-1.,9.14995579683651E-18,-3.41480999208032E-17));
#4226=DIRECTION('',(-3.41480999208032E-17,0.,1.));
#4227=DIRECTION('',(-1.,9.14995579683651E-18,-3.41480999208032E-17));
#4228=DIRECTION('',(-1.,-4.4956826424377E-18,-1.2046145334678E-18));
#4229=DIRECTION('',(4.4956826424377E-18,-1.,0.));
#4230=DIRECTION('',(-1.,9.14995579683651E-18,-3.41480999208032E-17));
#4231=DIRECTION('',(1.,4.4956826424377E-18,1.2046145334678E-18));
#4232=DIRECTION('',(-4.4956826424377E-18,1.,0.));
#4233=DIRECTION('',(-1.,9.14995579683651E-18,-3.41480999208032E-17));
#4234=DIRECTION('',(-3.41480999208032E-17,0.,1.));
#4235=DIRECTION('',(-1.,9.14995579683651E-18,-3.41480999208032E-17));
#4236=DIRECTION('',(1.,4.4956826424377E-18,1.2046145334678E-18));
#4237=DIRECTION('',(-4.4956826424377E-18,1.,0.));
#4238=DIRECTION('',(-1.,9.14995579683651E-18,-3.41480999208032E-17));
#4239=DIRECTION('',(-1.,-4.4956826424377E-18,-1.2046145334678E-18));
#4240=DIRECTION('',(4.4956826424377E-18,-1.,0.));
#4241=DIRECTION('',(-1.,4.6542731543988E-18,-3.5352714454271E-17));
#4242=DIRECTION('',(-3.5352714454271E-17,0.,1.));
#4243=DIRECTION('',(1.,-4.6542731543988E-18,3.5352714454271E-17));
#4244=DIRECTION('',(1.,4.4956826424377E-18,1.2046145334678E-18));
#4245=DIRECTION('',(-4.4956826424377E-18,1.,0.));
#4246=DIRECTION('',(1.,-4.6542731543988E-18,3.5352714454271E-17));
#4247=DIRECTION('',(-1.,-4.4956826424377E-18,-1.2046145334678E-18));
#4248=DIRECTION('',(4.4956826424377E-18,-1.,0.));
#4249=DIRECTION('',(1.,-4.6542731543988E-18,3.5352714454271E-17));
#4250=DIRECTION('',(3.5352714454271E-17,0.,-1.));
#4251=DIRECTION('',(-1.,4.6542731543988E-18,-3.5352714454271E-17));
#4252=DIRECTION('',(1.,4.4956826424377E-18,1.2046145334678E-18));
#4253=DIRECTION('',(-4.4956826424377E-18,1.,0.));
#4254=DIRECTION('',(-1.,4.6542731543988E-18,-3.5352714454271E-17));
#4255=DIRECTION('',(-1.,-4.4956826424377E-18,-1.2046145334678E-18));
#4256=DIRECTION('',(4.4956826424377E-18,-1.,0.));
#4257=DIRECTION('',(-3.5352714454271E-17,-0.258819045102521,0.965925826289068));
#4258=DIRECTION('',(1.,-4.65427315439882E-18,3.5352714454271E-17));
#4259=DIRECTION('',(1.,-4.6542731543988E-18,3.5352714454271E-17));
#4260=DIRECTION('',(4.65427315439882E-18,-0.965925826289068,-0.258819045102521));
#4261=DIRECTION('',(1.,-9.14995579683651E-18,3.41480999208032E-17));
#4262=DIRECTION('',(-4.65427315439882E-18,0.965925826289068,0.258819045102521));
#4263=DIRECTION('',(1.,-4.6542731543988E-18,3.5352714454271E-17));
#4264=DIRECTION('',(-1.31938126528814E-16,-0.965925826289069,-0.258819045102521));
#4265=DIRECTION('',(1.,-4.65427315439882E-18,3.5352714454271E-17));
#4266=DIRECTION('',(-1.31938126528814E-16,-0.965925826289069,-0.258819045102521));
#4267=DIRECTION('',(1.,-4.6542731543988E-18,3.5352714454271E-17));
#4268=DIRECTION('',(4.65427315439882E-18,-0.965925826289068,-0.258819045102521));
#4269=DIRECTION('',(1.,-9.14995579683651E-18,3.41480999208032E-17));
#4270=DIRECTION('',(-4.65427315439882E-18,0.965925826289068,0.258819045102521));
#4271=DIRECTION('',(-4.65427315439881E-18,0.965925826289068,0.258819045102521));
#4272=DIRECTION('',(-3.5352714454271E-17,-0.258819045102521,0.965925826289068));
#4273=DIRECTION('',(3.5352714454271E-17,0.258819045102521,-0.965925826289068));
#4274=DIRECTION('',(1.,-4.6542731543988E-18,3.5352714454271E-17));
#4275=DIRECTION('',(1.80854842661791E-33,-0.258819045102521,0.965925826289068));
#4276=DIRECTION('',(1.,-4.6542731543988E-18,3.5352714454271E-17));
#4277=DIRECTION('',(-4.65427315439881E-18,0.965925826289068,0.258819045102521));
#4278=DIRECTION('',(-3.5352714454271E-17,-0.258819045102521,0.965925826289068));
#4279=DIRECTION('',(-1.80854842661791E-33,0.258819045102521,-0.965925826289068));
#4280=DIRECTION('',(1.,-4.6542731543988E-18,3.5352714454271E-17));
#4281=DIRECTION('',(-1.80854842661791E-33,0.258819045102521,-0.965925826289068));
#4282=DIRECTION('',(1.,-4.6542731543988E-18,3.5352714454271E-17));
#4283=DIRECTION('',(-4.65427315439881E-18,0.965925826289068,0.258819045102521));
#4284=DIRECTION('',(-3.5352714454271E-17,-0.258819045102521,0.965925826289068));
#4285=DIRECTION('',(1.80854842661791E-33,-0.258819045102521,0.965925826289068));
#4286=DIRECTION('',(1.,-4.6542731543988E-18,3.5352714454271E-17));
#4287=DIRECTION('',(3.5352714454271E-17,0.258819045102521,-0.965925826289068));
#4288=DIRECTION('',(1.,-4.6542731543988E-18,3.5352714454271E-17));
#4289=DIRECTION('',(2.17070760149968E-17,0.866025403784439,-0.5));
#4290=DIRECTION('',(-1.,4.6542731543988E-18,-3.5352714454271E-17));
#4291=DIRECTION('',(-6.82961998416065E-17,-0.5,-0.866025403784439));
#4292=DIRECTION('',(1.,-4.6542731543988E-18,3.5352714454271E-17));
#4293=DIRECTION('',(2.17070760149968E-17,0.866025403784439,-0.5));
#4294=DIRECTION('',(-1.,4.6542731543988E-18,-3.5352714454271E-17));
#4295=DIRECTION('',(1.,-4.6542731543988E-18,3.5352714454271E-17));
#4296=DIRECTION('',(6.82961998416065E-17,0.5,0.866025403784439));
#4297=DIRECTION('',(2.17070760149968E-17,0.866025403784439,-0.5));
#4298=DIRECTION('',(1.6488161191615E-16,0.5,0.866025403784439));
#4299=DIRECTION('',(2.17070760149968E-17,0.866025403784439,-0.5));
#4300=DIRECTION('',(-1.,4.6542731543988E-18,-3.5352714454271E-17));
#4301=DIRECTION('',(6.82961998416065E-17,0.5,0.866025403784439));
#4302=DIRECTION('',(-1.,4.6542731543988E-18,-3.5352714454271E-17));
#4303=DIRECTION('',(-4.65427315439881E-18,0.965925826289068,0.258819045102521));
#4304=DIRECTION('',(-3.5352714454271E-17,-0.258819045102521,0.965925826289068));
#4305=DIRECTION('',(-1.,4.6542731543988E-18,-3.5352714454271E-17));
#4306=DIRECTION('',(3.5352714454271E-17,0.258819045102521,-0.965925826289068));
#4307=DIRECTION('',(-4.65427315439881E-18,0.965925826289068,0.258819045102521));
#4308=DIRECTION('',(0.,-0.258819045102521,0.965925826289068));
#4309=DIRECTION('',(3.5352714454271E-17,0.258819045102521,-0.965925826289068));
#4310=DIRECTION('',(1.,-1.36592399683213E-16,0.));
#4311=DIRECTION('',(1.31938126528814E-16,0.965925826289068,0.258819045102521));
#4312=DIRECTION('',(-1.31938126528814E-16,-0.965925826289068,-0.258819045102521));
#4313=DIRECTION('',(3.5352714454271E-17,0.258819045102521,-0.965925826289069));
#4314=DIRECTION('',(-6.82961998416065E-17,-0.5,-0.866025403784439));
#4315=DIRECTION('',(-1.31938126528814E-16,-0.965925826289068,-0.258819045102521));
#4316=DIRECTION('',(3.5352714454271E-17,0.258819045102521,-0.965925826289069));
#4317=DIRECTION('',(1.,-1.36592399683213E-16,0.));
#4318=DIRECTION('',(1.31938126528814E-16,0.965925826289068,0.258819045102521));
#4319=DIRECTION('',(3.5352714454271E-17,0.258819045102521,-0.965925826289069));
#4320=DIRECTION('',(-1.31938126528814E-16,-0.965925826289068,-0.258819045102521));
#4321=DIRECTION('',(6.82961998416065E-17,0.5,0.866025403784439));
#4322=DIRECTION('',(-1.31938126528814E-16,-0.965925826289068,-0.258819045102521));
#4323=DIRECTION('',(-3.5352714454271E-17,-0.258819045102521,0.965925826289068));
#4324=DIRECTION('',(1.,-4.65427315439882E-18,3.5352714454271E-17));
#4325=DIRECTION('',(-4.65427315439882E-18,0.965925826289069,0.258819045102521));
#4326=DIRECTION('',(1.,-4.6542731543988E-18,3.5352714454271E-17));
#4327=DIRECTION('',(-4.65427315439882E-18,0.965925826289069,0.258819045102521));
#4328=DIRECTION('',(-4.65427315439882E-18,0.965925826289069,0.258819045102521));
#4329=DIRECTION('',(1.,-4.6542731543988E-18,3.5352714454271E-17));
#4330=DIRECTION('',(-1.31938126528814E-16,-0.965925826289069,-0.258819045102521));
#4331=DIRECTION('',(1.,-4.6542731543988E-18,3.5352714454271E-17));
#4332=DIRECTION('',(-1.31938126528814E-16,-0.965925826289069,-0.258819045102521));
#4333=DIRECTION('',(1.,-4.6542731543988E-18,3.5352714454271E-17));
#4334=DIRECTION('',(-4.65427315439882E-18,0.965925826289069,0.258819045102521));
#4335=DIRECTION('',(3.5352714454271E-17,0.258819045102521,-0.965925826289069));
#4336=DIRECTION('',(0.,0.965925826289068,0.258819045102521));
#4337=DIRECTION('',(3.5352714454271E-17,0.258819045102521,-0.965925826289069));
#4338=DIRECTION('',(0.,0.965925826289068,0.258819045102521));
#4339=DIRECTION('',(3.5352714454271E-17,0.258819045102521,-0.965925826289069));
#4340=DIRECTION('',(0.,0.965925826289068,0.258819045102521));
#4341=DIRECTION('',(-1.31938126528814E-16,-0.965925826289068,-0.258819045102521));
#4342=DIRECTION('',(0.,0.258819045102521,-0.965925826289068));
#4343=DIRECTION('',(-1.31938126528814E-16,-0.965925826289068,-0.258819045102521));
#4344=DIRECTION('',(0.,0.258819045102521,-0.965925826289068));
#4345=DIRECTION('',(-1.08366036547073E-16,-0.793353340291235,-0.608761429008721));
#4346=DIRECTION('',(-8.31521844228832E-17,-0.608761429008721,0.793353340291235));
#4347=DIRECTION('',(1.31938126528814E-16,0.965925826289068,0.258819045102521));
#4348=DIRECTION('',(0.,-0.258819045102521,0.965925826289068));
#4349=DIRECTION('',(1.31938126528814E-16,0.965925826289068,0.258819045102521));
#4350=DIRECTION('',(0.,-0.258819045102521,0.965925826289068));
#4351=DIRECTION('',(1.1829248808954E-16,0.866025403784438,-0.5));
#4352=DIRECTION('',(6.82961998416066E-17,0.5,0.866025403784439));
#4353=DIRECTION('',(6.82961998416065E-17,0.5,0.866025403784439));
#4354=DIRECTION('',(0.,-0.866025403784439,0.5));
#4355=DIRECTION('',(1.78288858168491E-17,0.130526192220051,0.99144486137381));
#4356=DIRECTION('',(1.35423832768639E-16,0.99144486137381,-0.130526192220051));
#4357=DIRECTION('',(-6.82961998416065E-17,-0.5,-0.866025403784439));
#4358=DIRECTION('',(-3.5352714454271E-17,-0.258819045102521,0.965925826289069));
#4359=DIRECTION('',(0.,-0.965925826289068,-0.258819045102521));
#4360=DIRECTION('',(-1.31938126528814E-16,-0.965925826289068,-0.258819045102521));
#4361=DIRECTION('',(0.,0.258819045102521,-0.965925826289068));
#4362=DIRECTION('',(-1.31938126528814E-16,-0.965925826289068,-0.258819045102521));
#4363=DIRECTION('',(0.,0.258819045102521,-0.965925826289068));
#4364=DIRECTION('',(1.31938126528814E-16,0.965925826289068,0.258819045102521));
#4365=DIRECTION('',(0.,-0.258819045102521,0.965925826289068));
#4366=DIRECTION('',(1.31938126528814E-16,0.965925826289068,0.258819045102521));
#4367=DIRECTION('',(0.,-0.258819045102521,0.965925826289068));
#4368=DIRECTION('',(-3.5352714454271E-17,-0.258819045102521,0.965925826289069));
#4369=DIRECTION('',(0.,-0.965925826289068,-0.258819045102521));
#4370=DIRECTION('',(-3.5352714454271E-17,-0.258819045102521,0.965925826289069));
#4371=DIRECTION('',(0.,-0.965925826289068,-0.258819045102521));
#4372=DIRECTION('',(-3.5352714454271E-17,-0.258819045102521,0.965925826289069));
#4373=DIRECTION('',(0.,-0.965925826289068,-0.258819045102521));
#4374=DIRECTION('',(2.17070760149968E-17,0.866025403784439,-0.5));
#4375=DIRECTION('',(-1.,4.6542731543988E-18,-3.5352714454271E-17));
#4376=DIRECTION('',(-1.,4.6542731543988E-18,-3.5352714454271E-17));
#4377=DIRECTION('',(-6.82961998416065E-17,-0.5,-0.866025403784439));
#4378=DIRECTION('',(0.,0.,1.));
#4379=DIRECTION('',(1.,0.,0.));
#4380=DIRECTION('',(-1.0927391974657E-15,1.,0.));
#4381=DIRECTION('',(0.,0.,1.));
#4382=DIRECTION('',(1.,0.,0.));
#4383=DIRECTION('',(-1.36621330258193E-16,0.984460435266656,0.175606524350849));
#4384=DIRECTION('',(0.,-0.175606524350849,0.984460435266657));
#4385=DIRECTION('',(0.,-1.,0.));
#4386=DIRECTION('',(0.,-0.971207772175433,-0.238234051441082));
#4387=DIRECTION('',(0.,0.238234051441082,-0.971207772175433));
#4388=DIRECTION('',(-1.,0.,0.));
#4389=DIRECTION('',(0.,-1.,0.));
#4390=DIRECTION('',(0.,-1.,0.));
#4391=DIRECTION('',(0.,0.,1.));
#4392=DIRECTION('',(1.,0.,0.));
#4393=DIRECTION('',(0.,0.,1.));
#4394=DIRECTION('',(1.,0.,0.));
#4395=DIRECTION('',(0.,0.,1.));
#4396=DIRECTION('',(1.,0.,0.));
#4397=DIRECTION('',(0.,1.,0.));
#4398=DIRECTION('',(0.,0.,1.));
#4399=DIRECTION('',(-1.,0.,0.));
#4400=DIRECTION('',(0.,0.,1.));
#4401=DIRECTION('',(-1.,0.,0.));
#4402=DIRECTION('',(0.,0.,1.));
#4403=DIRECTION('',(1.,0.,0.));
#4404=DIRECTION('',(0.,0.,-1.));
#4405=DIRECTION('',(0.,1.,0.));
#4406=DIRECTION('',(0.,0.,1.));
#4407=DIRECTION('',(0.,1.,0.));
#4408=DIRECTION('',(0.,0.,1.));
#4409=DIRECTION('',(0.,0.,1.));
#4410=DIRECTION('',(1.,0.,0.));
#4411=DIRECTION('',(0.,0.,1.));
#4412=DIRECTION('',(1.,0.,0.));
#4413=DIRECTION('',(0.,0.,1.));
#4414=DIRECTION('',(0.,0.,1.));
#4415=DIRECTION('',(1.,0.,0.));
#4416=DIRECTION('',(-1.18613571006961E-16,1.,0.));
#4417=DIRECTION('',(-1.,-1.18613571006961E-16,0.));
#4418=DIRECTION('',(-1.,-1.18613571006961E-16,0.));
#4419=DIRECTION('',(0.,0.,1.));
#4420=DIRECTION('',(-1.,-1.18613571006961E-16,0.));
#4421=DIRECTION('',(0.,0.,1.));
#4422=DIRECTION('',(1.,0.,0.));
#4423=DIRECTION('',(0.,0.,1.));
#4424=DIRECTION('',(1.,0.,0.));
#4425=DIRECTION('',(0.,0.,1.));
#4426=DIRECTION('',(0.,0.,1.));
#4427=DIRECTION('',(1.,0.,0.));
#4428=DIRECTION('',(1.,0.,0.));
#4429=DIRECTION('',(0.,0.,-1.));
#4430=DIRECTION('',(0.,1.,0.));
#4431=DIRECTION('',(0.,0.,1.));
#4432=DIRECTION('',(0.,1.,0.));
#4433=DIRECTION('',(0.,1.,0.));
#4434=DIRECTION('',(0.,0.,1.));
#4435=DIRECTION('',(-1.,0.,0.));
#4436=DIRECTION('',(0.,0.,1.));
#4437=DIRECTION('',(-1.,0.,0.));
#4438=DIRECTION('',(0.,0.,-1.));
#4439=DIRECTION('',(-1.,0.,0.));
#4440=DIRECTION('',(0.,0.,1.));
#4441=DIRECTION('',(0.,0.,-1.));
#4442=DIRECTION('',(0.,0.,-1.));
#4443=DIRECTION('',(0.,-1.,0.));
#4444=DIRECTION('',(1.,0.,0.));
#4445=DIRECTION('',(0.,0.,-1.));
#4446=DIRECTION('',(0.,0.,1.));
#4447=DIRECTION('',(0.,-1.,0.));
#4448=DIRECTION('',(0.,0.,1.));
#4449=DIRECTION('',(0.,1.,0.));
#4450=DIRECTION('',(-1.,0.,0.));
#4451=DIRECTION('',(-1.,0.,0.));
#4452=DIRECTION('',(0.,0.,1.));
#4453=DIRECTION('',(0.,0.,-1.));
#4454=DIRECTION('',(1.,0.,0.));
#4455=DIRECTION('',(0.,0.,-1.));
#4456=DIRECTION('',(1.,0.,0.));
#4457=DIRECTION('',(0.,0.,-1.));
#4458=DIRECTION('',(1.,0.,0.));
#4459=DIRECTION('',(0.,0.,-1.));
#4460=DIRECTION('',(0.,0.,1.));
#4461=DIRECTION('',(1.,0.,0.));
#4462=DIRECTION('',(0.,0.,1.));
#4463=DIRECTION('',(1.,0.,0.));
#4464=DIRECTION('',(0.,-1.,0.));
#4465=DIRECTION('',(0.,0.,-1.));
#4466=DIRECTION('',(0.,1.,0.));
#4467=DIRECTION('',(0.,0.,1.));
#4468=DIRECTION('',(0.,-1.,0.));
#4469=DIRECTION('',(0.,0.,-1.));
#4470=DIRECTION('',(0.,-1.,0.));
#4471=DIRECTION('',(0.,0.,-1.));
#4472=DIRECTION('',(0.,0.,1.));
#4473=DIRECTION('',(1.,0.,0.));
#4474=DIRECTION('',(0.,0.,1.));
#4475=DIRECTION('',(1.,0.,0.));
#4476=DIRECTION('',(0.,0.,-1.));
#4477=DIRECTION('',(-1.,0.,0.));
#4478=DIRECTION('',(0.,0.,-1.));
#4479=DIRECTION('',(-1.,0.,0.));
#4480=DIRECTION('',(0.,-1.,0.));
#4481=DIRECTION('',(0.,0.,-1.));
#4482=DIRECTION('',(0.,1.,0.));
#4483=DIRECTION('',(0.,0.,1.));
#4484=DIRECTION('',(0.,0.,1.));
#4485=DIRECTION('',(1.,0.,0.));
#4486=DIRECTION('',(1.,0.,0.));
#4487=DIRECTION('',(0.,0.,-1.));
#4488=DIRECTION('',(0.,0.,1.));
#4489=DIRECTION('',(1.,0.,0.));
#4490=DIRECTION('',(-1.,0.,0.));
#4491=DIRECTION('',(0.,0.,1.));
#4492=DIRECTION('',(-1.,0.,0.));
#4493=DIRECTION('',(0.,0.,1.));
#4494=DIRECTION('',(-1.,0.,0.));
#4495=DIRECTION('',(0.,0.,1.));
#4496=DIRECTION('',(-1.,-1.18613571006961E-16,0.));
#4497=DIRECTION('',(1.18613571006961E-16,-1.,0.));
#4498=DIRECTION('',(1.,0.,0.));
#4499=DIRECTION('',(0.,0.,-1.));
#4500=DIRECTION('',(-1.,0.,0.));
#4501=DIRECTION('',(0.,0.,1.));
#4502=DIRECTION('',(1.,0.,0.));
#4503=DIRECTION('',(0.,0.,-1.));
#4504=DIRECTION('',(0.,0.,1.));
#4505=DIRECTION('',(1.,0.,0.));
#4506=DIRECTION('',(0.,0.,-1.));
#4507=DIRECTION('',(-1.,0.,0.));
#4508=DIRECTION('',(1.,0.,0.));
#4509=DIRECTION('',(0.,0.,-1.));
#4510=DIRECTION('',(1.,0.,0.));
#4511=DIRECTION('',(0.,0.,-1.));
#4512=DIRECTION('',(0.,0.,1.));
#4513=DIRECTION('',(1.,0.,0.));
#4514=DIRECTION('',(0.,1.,0.));
#4515=DIRECTION('',(0.,0.,1.));
#4516=DIRECTION('',(0.,-1.,0.));
#4517=DIRECTION('',(0.,0.,-1.));
#4518=DIRECTION('',(0.,-1.,0.));
#4519=DIRECTION('',(0.,0.,-1.));
#4520=DIRECTION('',(0.,-1.,0.));
#4521=DIRECTION('',(0.,0.,-1.));
#4522=DIRECTION('',(0.,1.,0.));
#4523=DIRECTION('',(0.,0.,1.));
#4524=DIRECTION('',(0.,1.,0.));
#4525=DIRECTION('',(0.,0.,1.));
#4526=DIRECTION('',(0.,-1.,0.));
#4527=DIRECTION('',(0.,0.,-1.));
#4528=DIRECTION('',(0.,-1.,0.));
#4529=DIRECTION('',(0.,0.,-1.));
#4530=DIRECTION('',(0.,0.,1.));
#4531=DIRECTION('',(1.,0.,0.));
#4532=DIRECTION('',(1.,0.,0.));
#4533=DIRECTION('',(0.,0.,-1.));
#4534=DIRECTION('',(0.,-1.,0.));
#4535=DIRECTION('',(0.,0.,-1.));
#4536=DIRECTION('',(0.,-1.,0.));
#4537=DIRECTION('',(0.,0.,-1.));
#4538=DIRECTION('',(1.,0.,0.));
#4539=DIRECTION('',(0.,0.,-1.));
#4540=DIRECTION('',(-1.,0.,0.));
#4541=DIRECTION('',(0.,0.,1.));
#4542=DIRECTION('',(-1.,0.,0.));
#4543=DIRECTION('',(0.,0.,1.));
#4544=DIRECTION('',(1.,1.18613571006961E-16,0.));
#4545=DIRECTION('',(-1.18613571006961E-16,1.,0.));
#4546=DIRECTION('',(1.,0.,0.));
#4547=DIRECTION('',(0.,0.,-1.));
#4548=DIRECTION('',(0.,0.,1.));
#4549=DIRECTION('',(1.,0.,0.));
#4550=DIRECTION('',(0.,0.,1.));
#4551=DIRECTION('',(1.,0.,0.));
#4552=DIRECTION('',(0.,0.,1.));
#4553=DIRECTION('',(1.,0.,0.));
#4554=DIRECTION('',(0.,1.,0.));
#4555=DIRECTION('',(0.,0.,1.));
#4556=DIRECTION('',(0.,0.,-1.));
#4557=DIRECTION('',(-1.,0.,0.));
#4558=DIRECTION('',(0.,0.,1.));
#4559=DIRECTION('',(1.,0.,0.));
#4560=DIRECTION('',(0.,1.,0.));
#4561=DIRECTION('',(0.,0.,1.));
#4562=DIRECTION('',(0.,-1.,0.));
#4563=DIRECTION('',(0.,0.,-1.));
#4564=DIRECTION('',(0.,0.,1.));
#4565=DIRECTION('',(1.,0.,0.));
#4566=DIRECTION('',(1.,0.,0.));
#4567=DIRECTION('',(0.,0.,-1.));
#4568=DIRECTION('',(-1.,0.,0.));
#4569=DIRECTION('',(0.,0.,1.));
#4570=DIRECTION('',(-1.,0.,0.));
#4571=DIRECTION('',(0.,0.,1.));
#4572=DIRECTION('',(-1.,-4.4956826424377E-18,-1.2046145334678E-18));
#4573=DIRECTION('',(4.4956826424377E-18,-1.,0.));
#4574=DIRECTION('',(3.5352714454271E-17,0.258819045102521,-0.965925826289068));
#4575=DIRECTION('',(-4.65427315439882E-18,0.965925826289068,0.258819045102521));
#4576=DIRECTION('',(1.28473999710505E-33,-0.258819045102521,0.965925826289069));
#4577=DIRECTION('',(-1.,-4.4956826424377E-18,-1.2046145334678E-18));
#4578=DIRECTION('',(4.4956826424377E-18,-1.,0.));
#4579=DIRECTION('',(-4.65427315439882E-18,0.965925826289068,0.258819045102521));
#4580=DIRECTION('',(-1.,-4.4956826424377E-18,-1.2046145334678E-18));
#4581=DIRECTION('',(4.4956826424377E-18,-1.,0.));
#4582=DIRECTION('',(1.,4.4956826424377E-18,1.2046145334678E-18));
#4583=DIRECTION('',(-4.4956826424377E-18,1.,0.));
#4584=DIRECTION('',(-4.65427315439882E-18,0.965925826289068,0.258819045102521));
#4585=DIRECTION('',(3.5352714454271E-17,0.258819045102521,-0.965925826289068));
#4586=DIRECTION('',(1.,4.4956826424377E-18,1.2046145334678E-18));
#4587=DIRECTION('',(-4.4956826424377E-18,1.,0.));
#4588=DIRECTION('',(-4.65427315439882E-18,0.965925826289068,0.258819045102521));
#4589=DIRECTION('',(1.,4.4956826424377E-18,1.2046145334678E-18));
#4590=DIRECTION('',(-4.4956826424377E-18,1.,0.));
#4591=DIRECTION('',(-1.28473999710505E-33,0.258819045102521,-0.965925826289069));
#4592=DIRECTION('',(4.65427315439882E-18,-0.965925826289068,-0.258819045102521));
#4593=DIRECTION('',(1.,4.4956826424377E-18,1.2046145334678E-18));
#4594=DIRECTION('',(1.,-4.6542731543988E-18,3.5352714454271E-17));
#4595=DIRECTION('',(-1.34815096107106E-33,0.258819045102521,-0.965925826289068));
#4596=DIRECTION('',(1.34815096107106E-33,-0.258819045102521,0.965925826289068));
#4597=DIRECTION('',(-1.,-4.4956826424377E-18,-1.2046145334678E-18));
#4598=DIRECTION('',(4.4956826424377E-18,-1.,0.));
#4599=DIRECTION('',(-4.65427315439882E-18,0.965925826289068,0.258819045102521));
#4600=DIRECTION('',(3.5352714454271E-17,0.258819045102521,-0.965925826289068));
#4601=DIRECTION('',(-1.,-4.4956826424377E-18,-1.2046145334678E-18));
#4602=DIRECTION('',(4.4956826424377E-18,-1.,0.));
#4603=DIRECTION('',(-4.65427315439882E-18,0.965925826289068,0.258819045102521));
#4604=DIRECTION('',(-1.,-4.4956826424377E-18,-1.2046145334678E-18));
#4605=DIRECTION('',(4.4956826424377E-18,-1.,0.));
#4606=DIRECTION('',(1.47733299154377E-33,-0.258819045102521,0.965925826289069));
#4607=DIRECTION('',(1.,4.4956826424377E-18,1.2046145334678E-18));
#4608=DIRECTION('',(-4.4956826424377E-18,1.,0.));
#4609=DIRECTION('',(3.5352714454271E-17,0.258819045102521,-0.965925826289068));
#4610=DIRECTION('',(-4.65427315439882E-18,0.965925826289068,0.258819045102521));
#4611=DIRECTION('',(-1.47733299154377E-33,0.258819045102521,-0.965925826289069));
#4612=DIRECTION('',(1.,4.4956826424377E-18,1.2046145334678E-18));
#4613=DIRECTION('',(-4.4956826424377E-18,1.,0.));
#4614=DIRECTION('',(-4.65427315439882E-18,0.965925826289068,0.258819045102521));
#4615=DIRECTION('',(1.,4.4956826424377E-18,1.2046145334678E-18));
#4616=DIRECTION('',(-4.4956826424377E-18,1.,0.));
#4617=DIRECTION('',(4.65427315439882E-18,-0.965925826289068,-0.258819045102521));
#4618=DIRECTION('',(1.,4.4956826424377E-18,1.2046145334678E-18));
#4619=DIRECTION('',(-1.73333694994851E-33,0.258819045102521,-0.965925826289068));
#4620=DIRECTION('',(1.,-4.6542731543988E-18,3.5352714454271E-17));
#4621=DIRECTION('',(1.73333694994851E-33,-0.258819045102521,0.965925826289068));
#4622=DIRECTION('',(-1.20370621524202E-33,0.965925826289068,0.258819045102521));
#4623=DIRECTION('',(0.,-0.258819045102521,0.965925826289068));
#4624=DIRECTION('',(-3.5352714454271E-17,-0.258819045102521,0.965925826289068));
#4625=DIRECTION('',(1.,-9.14995579683651E-18,3.41480999208032E-17));
#4626=DIRECTION('',(1.,-4.6542731543988E-18,3.5352714454271E-17));
#4627=DIRECTION('',(-1.20370621524202E-33,0.965925826289068,0.258819045102521));
#4628=DIRECTION('',(0.,-0.258819045102521,0.965925826289068));
#4629=DIRECTION('',(-3.5352714454271E-17,-0.258819045102521,0.965925826289068));
#4630=DIRECTION('',(1.,-9.14995579683651E-18,3.41480999208032E-17));
#4631=DIRECTION('',(1.,-4.6542731543988E-18,3.5352714454271E-17));
#4632=DIRECTION('',(-4.65427315439882E-18,0.965925826289068,0.258819045102521));
#4633=DIRECTION('',(0.,-0.258819045102521,0.965925826289068));
#4634=DIRECTION('',(0.707106781186548,-0.683012701892219,-0.183012701892219));
#4635=DIRECTION('',(0.707106781186548,0.683012701892219,0.183012701892219));
#4636=DIRECTION('',(0.,-0.965925826289068,-0.258819045102522));
#4637=DIRECTION('',(0.,0.258819045102522,-0.965925826289068));
#4638=DIRECTION('',(-4.65427315439882E-18,0.965925826289068,0.258819045102521));
#4639=DIRECTION('',(0.,-0.258819045102521,0.965925826289068));
#4640=DIRECTION('',(0.707106781186548,0.683012701892219,0.183012701892219));
#4641=DIRECTION('',(0.707106781186548,-0.683012701892219,-0.183012701892219));
#4642=DIRECTION('',(0.,-0.965925826289069,-0.258819045102518));
#4643=DIRECTION('',(0.,0.258819045102518,-0.965925826289069));
#4644=DIRECTION('',(1.,4.4956826424377E-18,1.2046145334678E-18));
#4645=DIRECTION('',(-4.4956826424377E-18,1.,0.));
#4646=DIRECTION('',(0.,-0.25881904510252,0.965925826289069));
#4647=DIRECTION('',(0.,-0.965925826289069,-0.25881904510252));
#4648=DIRECTION('',(-1.,-4.4956826424377E-18,-1.2046145334678E-18));
#4649=DIRECTION('',(4.4956826424377E-18,-1.,0.));
#4650=DIRECTION('',(0.,-0.25881904510252,0.965925826289069));
#4651=DIRECTION('',(0.,-0.965925826289069,-0.25881904510252));
#4652=DIRECTION('',(1.47733299154377E-33,-0.258819045102521,0.965925826289069));
#4653=DIRECTION('',(0.,-0.965925826289068,-0.258819045102521));
#4654=DIRECTION('',(0.707106781186548,-0.183012701892219,0.683012701892219));
#4655=DIRECTION('',(-0.707106781186548,-0.183012701892219,0.683012701892219));
#4656=DIRECTION('',(-1.47733299154377E-33,0.258819045102521,-0.965925826289069));
#4657=DIRECTION('',(0.,0.965925826289068,0.258819045102521));
#4658=DIRECTION('',(0.707106781186548,0.183012701892219,-0.683012701892219));
#4659=DIRECTION('',(-0.707106781186548,0.183012701892219,-0.683012701892219));
#4660=DIRECTION('',(1.,-4.6542731543988E-18,3.5352714454271E-17));
#4661=DIRECTION('',(3.5352714454271E-17,0.,-1.));
#4662=DIRECTION('',(4.65427315439882E-18,-0.965925826289068,-0.258819045102521));
#4663=DIRECTION('',(0.,0.258819045102521,-0.965925826289068));
#4664=DIRECTION('',(0.707106781186548,-0.683012701892219,-0.183012701892219));
#4665=DIRECTION('',(0.707106781186548,0.683012701892219,0.183012701892219));
#4666=DIRECTION('',(0.,-0.965925826289069,-0.258819045102518));
#4667=DIRECTION('',(0.,0.258819045102518,-0.965925826289069));
#4668=DIRECTION('',(4.65427315439882E-18,-0.965925826289068,-0.258819045102521));
#4669=DIRECTION('',(0.,0.258819045102521,-0.965925826289068));
#4670=DIRECTION('',(0.707106781186548,0.683012701892219,0.183012701892219));
#4671=DIRECTION('',(0.707106781186548,-0.683012701892219,-0.183012701892219));
#4672=DIRECTION('',(3.53527144542706E-15,-0.965925826289069,-0.258819045102518));
#4673=DIRECTION('',(0.,0.258819045102518,-0.965925826289069));
#4674=DIRECTION('',(-1.,-4.4956826424377E-18,-1.2046145334678E-18));
#4675=DIRECTION('',(4.4956826424377E-18,-1.,0.));
#4676=DIRECTION('',(0.,-0.25881904510252,0.965925826289069));
#4677=DIRECTION('',(0.,-0.965925826289069,-0.25881904510252));
#4678=DIRECTION('',(1.,4.4956826424377E-18,1.2046145334678E-18));
#4679=DIRECTION('',(-4.4956826424377E-18,1.,0.));
#4680=DIRECTION('',(0.,-0.25881904510252,0.965925826289069));
#4681=DIRECTION('',(0.,-0.965925826289069,-0.25881904510252));
#4682=DIRECTION('',(1.66992598598249E-33,-0.258819045102521,0.965925826289069));
#4683=DIRECTION('',(0.,-0.965925826289068,-0.258819045102521));
#4684=DIRECTION('',(0.707106781186548,-0.183012701892219,0.683012701892219));
#4685=DIRECTION('',(-0.707106781186548,-0.183012701892219,0.683012701892219));
#4686=DIRECTION('',(-1.66992598598249E-33,0.258819045102521,-0.965925826289069));
#4687=DIRECTION('',(0.,0.965925826289068,0.258819045102521));
#4688=DIRECTION('',(0.707106781186548,0.183012701892219,-0.683012701892219));
#4689=DIRECTION('',(-0.707106781186548,0.183012701892219,-0.683012701892219));
#4690=DIRECTION('',(1.,-4.6542731543988E-18,3.5352714454271E-17));
#4691=DIRECTION('',(3.5352714454271E-17,0.,-1.));
#4692=DIRECTION('',(1.,-4.6542731543988E-18,3.5352714454271E-17));
#4693=DIRECTION('',(3.5352714454271E-17,0.,-1.));
#4694=DIRECTION('',(-1.,4.6542731543988E-18,-3.5352714454271E-17));
#4695=DIRECTION('',(-3.5352714454271E-17,0.,1.));
#4696=DIRECTION('',(1.,-4.6542731543988E-18,3.5352714454271E-17));
#4697=DIRECTION('',(3.5352714454271E-17,0.,-1.));
#4698=DIRECTION('',(-1.,0.,0.));
#4699=DIRECTION('',(0.,0.,1.));
#4700=DIRECTION('',(0.,0.,1.));
#4701=DIRECTION('',(1.,0.,0.));
#4702=DIRECTION('',(-1.,4.6542731543988E-18,-3.5352714454271E-17));
#4703=DIRECTION('',(-3.5352714454271E-17,0.,1.));
#4704=DIRECTION('',(-1.,0.,0.));
#4705=DIRECTION('',(0.,0.,1.));
#4706=DIRECTION('',(0.,0.,1.));
#4707=DIRECTION('',(1.,0.,0.));
#4708=DIRECTION('',(1.,-4.6542731543988E-18,3.5352714454271E-17));
#4709=DIRECTION('',(3.5352714454271E-17,0.,-1.));
#4710=DIRECTION('',(1.,0.,0.));
#4711=DIRECTION('',(0.,0.,-1.));
#4712=DIRECTION('',(0.,0.,1.));
#4713=DIRECTION('',(1.,0.,0.));
#4714=DIRECTION('',(-1.,4.6542731543988E-18,-3.5352714454271E-17));
#4715=DIRECTION('',(-3.5352714454271E-17,0.,1.));
#4716=DIRECTION('',(1.,0.,0.));
#4717=DIRECTION('',(0.,0.,-1.));
#4718=DIRECTION('',(0.,0.,1.));
#4719=DIRECTION('',(1.,0.,0.));
#4720=DIRECTION('',(0.,0.,1.));
#4721=DIRECTION('',(0.131062885279593,-0.991374056601336,0.));
#4722=DIRECTION('',(0.,0.,1.));
#4723=DIRECTION('',(0.,0.,1.));
#4724=DIRECTION('',(1.,0.,0.));
#4725=DIRECTION('',(0.,0.,1.));
#4726=DIRECTION('',(-1.,0.,0.));
#4727=DIRECTION('',(0.,0.,1.));
#4728=DIRECTION('',(0.,0.,1.));
#4729=DIRECTION('',(0.,-1.,0.));
#4730=DIRECTION('',(0.,0.,1.));
#4731=DIRECTION('',(0.,0.,1.));
#4732=DIRECTION('',(0.,0.,1.));
#4733=DIRECTION('',(-1.,0.,0.));
#4734=DIRECTION('',(0.,0.,1.));
#4735=DIRECTION('',(0.,0.,1.));
#4736=DIRECTION('',(0.,-1.,0.));
#4737=DIRECTION('',(0.,1.,0.));
#4738=DIRECTION('',(0.,0.,1.));
#4739=DIRECTION('',(0.,0.,1.));
#4740=DIRECTION('',(-1.,0.,0.));
#4741=DIRECTION('',(-1.,0.,0.));
#4742=DIRECTION('',(0.,0.,1.));
#4743=DIRECTION('',(0.,0.,1.));
#4744=DIRECTION('',(0.,-1.,0.));
#4745=DIRECTION('',(0.,-1.,0.));
#4746=DIRECTION('',(0.,0.,-1.));
#4747=DIRECTION('',(0.,0.,1.));
#4748=DIRECTION('',(1.,0.,0.));
#4749=DIRECTION('',(-1.,0.,0.));
#4750=DIRECTION('',(0.,0.,1.));
#4751=DIRECTION('',(0.,0.,1.));
#4752=DIRECTION('',(0.,-1.,0.));
#4753=DIRECTION('',(0.,-1.,0.));
#4754=DIRECTION('',(0.,0.,-1.));
#4755=DIRECTION('',(0.,0.,1.));
#4756=DIRECTION('',(1.,0.,0.));
#4757=DIRECTION('',(0.976790456584193,-0.21419711465387,0.));
#4758=DIRECTION('',(0.21419711465387,0.976790456584193,0.));
#4759=DIRECTION('',(0.,0.,1.));
#4760=DIRECTION('',(0.21419711465387,0.976790456584193,0.));
#4761=DIRECTION('',(0.,-1.,0.));
#4762=DIRECTION('',(0.,0.,-1.));
#4763=DIRECTION('',(0.,0.,1.));
#4764=DIRECTION('',(1.,0.,0.));
#4765=DIRECTION('',(1.,0.,0.));
#4766=DIRECTION('',(0.,0.,-1.));
#4767=DIRECTION('',(0.,0.,1.));
#4768=DIRECTION('',(0.,1.,0.));
#4769=DIRECTION('',(0.,1.,0.));
#4770=DIRECTION('',(0.,0.,1.));
#4771=DIRECTION('',(0.,0.,1.));
#4772=DIRECTION('',(-1.,0.,0.));
#4773=DIRECTION('',(1.,0.,0.));
#4774=DIRECTION('',(0.,0.,-1.));
#4775=DIRECTION('',(0.,0.,1.));
#4776=DIRECTION('',(0.,1.,0.));
#4777=DIRECTION('',(0.,0.,1.));
#4778=DIRECTION('',(1.,0.,0.));
#4779=DIRECTION('',(0.,0.,1.));
#4780=DIRECTION('',(0.,0.,1.));
#4781=DIRECTION('',(0.,0.,1.));
#4782=DIRECTION('',(0.,0.,1.));
#4783=DIRECTION('',(0.834541788310968,0.550944646550569,0.));
#4784=DIRECTION('',(0.,0.,1.));
#4785=DIRECTION('',(0.,0.,1.));
#4786=DIRECTION('',(1.,0.,0.));
#4787=DIRECTION('',(0.,0.,1.));
#4788=DIRECTION('',(0.,0.,1.));
#4789=DIRECTION('',(0.,0.,1.));
#4790=DIRECTION('',(0.,0.,1.));
#4791=DIRECTION('',(0.,0.,1.));
#4792=DIRECTION('',(0.,0.,1.));
#4793=DIRECTION('',(0.,0.,1.));
#4794=DIRECTION('',(0.,0.,1.));
#4795=DIRECTION('',(0.,0.,1.));
#4796=DIRECTION('',(-0.121620073195574,0.9925767264025,0.));
#4797=DIRECTION('',(-0.9925767264025,-0.121620073195574,0.));
#4798=DIRECTION('',(0.,0.,1.));
#4799=DIRECTION('',(-0.9925767264025,-0.121620073195574,0.));
#4800=DIRECTION('',(0.,0.,1.));
#4801=DIRECTION('',(0.,0.,1.));
#4802=DIRECTION('',(0.,0.,1.));
#4803=DIRECTION('',(0.,0.,1.));
#4804=DIRECTION('',(0.,0.,1.));
#4805=DIRECTION('',(0.,0.,1.));
#4806=DIRECTION('',(0.,0.,1.));
#4807=DIRECTION('',(0.254375174194437,0.967105615097726,0.));
#4808=DIRECTION('',(-0.967105615097726,0.254375174194437,0.));
#4809=DIRECTION('',(0.,0.,1.));
#4810=DIRECTION('',(-0.967105615097726,0.254375174194437,0.));
#4811=DIRECTION('',(0.,0.,1.));
#4812=DIRECTION('',(0.,0.,1.));
#4813=DIRECTION('',(0.,0.,1.));
#4814=DIRECTION('',(0.,0.,1.));
#4815=DIRECTION('',(0.,0.,1.));
#4816=DIRECTION('',(0.,0.,1.));
#4817=DIRECTION('',(0.191556758798652,-0.981481537349814,0.));
#4818=DIRECTION('',(0.981481537349814,0.191556758798652,0.));
#4819=DIRECTION('',(0.,0.,1.));
#4820=DIRECTION('',(0.981481537349814,0.191556758798652,0.));
#4821=DIRECTION('',(0.,0.,1.));
#4822=DIRECTION('',(0.,0.,1.));
#4823=DIRECTION('',(0.,0.,1.));
#4824=DIRECTION('',(1.,0.,0.));
#4825=DIRECTION('',(1.,0.,0.));
#4826=DIRECTION('',(0.,0.,-1.));
#4827=DIRECTION('',(0.,0.,1.));
#4828=DIRECTION('',(0.,1.,0.));
#4829=DIRECTION('',(0.,0.,1.));
#4830=DIRECTION('',(0.,1.,0.));
#4831=DIRECTION('',(0.,0.,1.));
#4832=DIRECTION('',(0.,0.,1.));
#4833=DIRECTION('',(-1.,0.,0.));
#4834=DIRECTION('',(-1.,0.,0.));
#4835=DIRECTION('',(0.,0.,1.));
#4836=DIRECTION('',(0.,0.,1.));
#4837=DIRECTION('',(0.,-1.,0.));
#4838=DIRECTION('',(0.,-1.,0.));
#4839=DIRECTION('',(0.,0.,-1.));
#4840=DIRECTION('',(1.,0.,0.));
#4841=DIRECTION('',(0.,0.,1.));
#4842=DIRECTION('',(1.,0.,0.));
#4843=DIRECTION('',(0.,0.,1.));
#4844=DIRECTION('',(0.,0.,1.));
#4845=DIRECTION('',(0.,0.,1.));
#4846=DIRECTION('',(0.,0.,1.));
#4847=DIRECTION('',(0.,0.,1.));
#4848=DIRECTION('',(0.,0.,1.));
#4849=DIRECTION('',(0.,0.,1.));
#4850=DIRECTION('',(-0.0210991981052618,0.999777387141415,0.));
#4851=DIRECTION('',(-0.999777387141415,-0.0210991981052618,0.));
#4852=DIRECTION('',(-0.999777387141415,-0.0210991981052618,0.));
#4853=DIRECTION('',(0.,0.,1.));
#4854=DIRECTION('',(-0.999777387141415,-0.0210991981052618,0.));
#4855=DIRECTION('',(1.,0.,0.));
#4856=DIRECTION('',(0.,0.,-1.));
#4857=DIRECTION('',(0.,1.,0.));
#4858=DIRECTION('',(0.,0.,1.));
#4859=DIRECTION('',(0.,1.,0.));
#4860=DIRECTION('',(0.,0.,1.));
#4861=DIRECTION('',(0.,0.,1.));
#4862=DIRECTION('',(0.,0.,1.));
#4863=DIRECTION('',(0.,0.,1.));
#4864=DIRECTION('',(0.,0.,1.));
#4865=DIRECTION('',(0.,1.,0.));
#4866=DIRECTION('',(0.,0.,1.));
#4867=DIRECTION('',(0.,0.,1.));
#4868=DIRECTION('',(-1.,0.,0.));
#4869=DIRECTION('',(0.,0.,1.));
#4870=DIRECTION('',(0.,0.,1.));
#4871=DIRECTION('',(0.,0.,1.));
#4872=DIRECTION('',(0.114817312516523,-0.993386624002198,0.));
#4873=DIRECTION('',(0.,0.,1.));
#4874=DIRECTION('',(0.,0.,1.));
#4875=DIRECTION('',(1.,0.,0.));
#4876=DIRECTION('',(-1.,0.,0.));
#4877=DIRECTION('',(0.,0.,1.));
#4878=DIRECTION('',(0.,0.,1.));
#4879=DIRECTION('',(0.,-1.,0.));
#4880=DIRECTION('',(0.,0.,1.));
#4881=DIRECTION('',(0.114254258912514,-0.993451541002555,0.));
#4882=DIRECTION('',(0.,0.,1.));
#4883=DIRECTION('',(0.,0.,1.));
#4884=DIRECTION('',(1.,0.,0.));
#4885=DIRECTION('',(0.,0.,1.));
#4886=DIRECTION('',(0.,0.,1.));
#4887=DIRECTION('',(-1.,0.,0.));
#4888=DIRECTION('',(0.,0.,1.));
#4889=DIRECTION('',(0.,0.,1.));
#4890=DIRECTION('',(0.,-1.,0.));
#4891=DIRECTION('',(0.,0.,1.));
#4892=DIRECTION('',(0.,0.,1.));
#4893=DIRECTION('',(0.,0.,1.));
#4894=DIRECTION('',(0.0899238131191313,0.995948647187251,0.));
#4895=DIRECTION('',(-0.995948647187251,0.0899238131191313,0.));
#4896=DIRECTION('',(0.,0.,1.));
#4897=DIRECTION('',(-0.995948647187251,0.0899238131191313,0.));
#4898=DIRECTION('',(0.,0.,1.));
#4899=DIRECTION('',(0.,0.,1.));
#4900=DIRECTION('',(0.,0.,1.));
#4901=DIRECTION('',(0.,0.,1.));
#4902=DIRECTION('',(1.,0.,0.));
#4903=DIRECTION('',(0.,0.,-1.));
#4904=DIRECTION('',(0.,0.,1.));
#4905=DIRECTION('',(0.,1.,0.));
#4906=DIRECTION('',(0.0171027612921903,-0.999853737081671,0.));
#4907=DIRECTION('',(0.999853737081671,0.0171027612921903,0.));
#4908=DIRECTION('',(0.,0.,1.));
#4909=DIRECTION('',(0.999853737081671,0.0171027612921903,0.));
#4910=DIRECTION('',(0.,0.,1.));
#4911=DIRECTION('',(0.,0.,1.));
#4912=DIRECTION('',(0.,0.,1.));
#4913=DIRECTION('',(0.712334423564017,-0.701840201901914,0.));
#4914=DIRECTION('',(0.,0.,1.));
#4915=DIRECTION('',(1.,0.,0.));
#4916=DIRECTION('',(0.,0.,1.));
#4917=DIRECTION('',(1.,0.,0.));
#4918=DIRECTION('',(0.,0.,1.));
#4919=DIRECTION('',(1.,0.,0.));
#4920=DIRECTION('',(-0.951914652710909,0.306363336504664,0.));
#4921=DIRECTION('',(-0.306363336504664,-0.951914652710909,0.));
#4922=DIRECTION('',(-0.306363336504664,-0.951914652710909,0.));
#4923=DIRECTION('',(0.,0.,1.));
#4924=DIRECTION('',(-0.306363336504664,-0.951914652710909,0.));
#4925=DIRECTION('',(0.,0.,1.));
#4926=DIRECTION('',(0.951222818948767,0.308504698037424,0.));
#4927=DIRECTION('',(-0.308504698037424,0.951222818948767,0.));
#4928=DIRECTION('',(-0.308504698037424,0.951222818948767,0.));
#4929=DIRECTION('',(0.,0.,1.));
#4930=DIRECTION('',(-0.308504698037424,0.951222818948767,0.));
#4931=DIRECTION('',(0.,0.,1.));
#4932=DIRECTION('',(-0.940909696604633,-0.338657559837923,0.));
#4933=DIRECTION('',(0.,0.,1.));
#4934=DIRECTION('',(1.,0.,0.));
#4935=DIRECTION('',(0.,0.,1.));
#4936=DIRECTION('',(0.,0.,1.));
#4937=DIRECTION('',(1.,0.,0.));
#4938=DIRECTION('',(0.931799927972377,0.362972305046366,0.));
#4939=DIRECTION('',(-0.362972305046366,0.931799927972377,0.));
#4940=DIRECTION('',(-0.362972305046366,0.931799927972377,0.));
#4941=DIRECTION('',(0.,0.,1.));
#4942=DIRECTION('',(-0.362972305046366,0.931799927972377,0.));
#4943=DIRECTION('',(0.,-1.,0.));
#4944=DIRECTION('',(0.,0.,-1.));
#4945=DIRECTION('',(1.,0.,0.));
#4946=DIRECTION('',(0.,0.,1.));
#4947=DIRECTION('',(1.,0.,0.));
#4948=DIRECTION('',(-0.932161748727908,0.362042089001443,0.));
#4949=DIRECTION('',(-0.362042089001443,-0.932161748727908,0.));
#4950=DIRECTION('',(-0.362042089001443,-0.932161748727908,0.));
#4951=DIRECTION('',(0.,0.,1.));
#4952=DIRECTION('',(-0.362042089001443,-0.932161748727908,0.));
#4953=DIRECTION('',(0.931487983964194,0.363772093116448,0.));
#4954=DIRECTION('',(-0.363772093116448,0.931487983964194,0.));
#4955=DIRECTION('',(0.,0.,1.));
#4956=DIRECTION('',(-0.363772093116448,0.931487983964194,0.));
#4957=DIRECTION('',(0.,0.,1.));
#4958=DIRECTION('',(0.,1.,0.));
#4959=DIRECTION('',(0.,0.,1.));
#4960=DIRECTION('',(0.,0.,1.));
#4961=DIRECTION('',(-1.,0.,0.));
#4962=DIRECTION('',(-0.927981670132514,-0.372625844377535,0.));
#4963=DIRECTION('',(0.372625844377535,-0.927981670132514,0.));
#4964=DIRECTION('',(0.,0.,1.));
#4965=DIRECTION('',(0.372625844377535,-0.927981670132514,0.));
#4966=DIRECTION('',(0.,-1.,0.));
#4967=DIRECTION('',(0.,0.,-1.));
#4968=DIRECTION('',(0.,0.,1.));
#4969=DIRECTION('',(1.,0.,0.));
#4970=DIRECTION('',(0.925931708999271,-0.377690971919756,0.));
#4971=DIRECTION('',(0.377690971919756,0.925931708999271,0.));
#4972=DIRECTION('',(0.,0.,1.));
#4973=DIRECTION('',(0.377690971919756,0.925931708999271,0.));
#4974=DIRECTION('',(0.,1.,0.));
#4975=DIRECTION('',(0.,0.,1.));
#4976=DIRECTION('',(0.,0.,1.));
#4977=DIRECTION('',(-1.,0.,0.));
#4978=DIRECTION('',(-0.930505413230514,0.36627814014586,0.));
#4979=DIRECTION('',(-0.366278140145861,-0.930505413230514,0.));
#4980=DIRECTION('',(0.,0.,1.));
#4981=DIRECTION('',(-0.36627814014586,-0.930505413230514,0.));
#4982=DIRECTION('',(0.,1.,0.));
#4983=DIRECTION('',(0.,0.,1.));
#4984=DIRECTION('',(-1.,0.,0.));
#4985=DIRECTION('',(0.,0.,1.));
#4986=DIRECTION('',(0.945105713737911,-0.326764731664779,0.));
#4987=DIRECTION('',(0.,0.,1.));
#4988=DIRECTION('',(1.,0.,0.));
#4989=DIRECTION('',(0.,0.,1.));
#4990=DIRECTION('',(1.,0.,0.));
#4991=DIRECTION('',(0.,0.,1.));
#4992=DIRECTION('',(1.,0.,0.));
#4993=DIRECTION('',(0.,0.,1.));
#4994=DIRECTION('',(1.,0.,0.));
#4995=DIRECTION('',(0.,0.,1.));
#4996=DIRECTION('',(1.,0.,0.));
#4997=DIRECTION('',(0.,0.,1.));
#4998=DIRECTION('',(1.,0.,0.));
#4999=DIRECTION('',(0.,0.,1.));
#5000=DIRECTION('',(1.,0.,0.));
#5001=DIRECTION('',(0.,0.,1.));
#5002=DIRECTION('',(1.,0.,0.));
#5003=DIRECTION('',(0.,0.,1.));
#5004=DIRECTION('',(1.,0.,0.));
#5005=DIRECTION('',(0.,0.,1.));
#5006=DIRECTION('',(1.,0.,0.));
#5007=DIRECTION('',(0.,0.,1.));
#5008=DIRECTION('',(1.,0.,0.));
#5009=DIRECTION('',(0.,0.,1.));
#5010=DIRECTION('',(1.,0.,0.));
#5011=DIRECTION('',(0.,0.,-1.));
#5012=DIRECTION('',(-1.,0.,0.));
#5013=DIRECTION('',(0.,0.,1.));
#5014=DIRECTION('',(1.,0.,0.));
#5015=DIRECTION('',(0.,0.,1.));
#5016=DIRECTION('',(1.,0.,0.));
#5017=CARTESIAN_POINT('',(0.,0.,0.));
#5018=CARTESIAN_POINT('',(0.,0.,-0.01));
#5019=CARTESIAN_POINT('',(0.117,0.0662,-0.01));
#5020=CARTESIAN_POINT('',(0.125984,0.0662,-0.01));
#5021=CARTESIAN_POINT('',(0.117,0.075184,-0.01));
#5022=CARTESIAN_POINT('',(0.125984,-0.0662,-0.01));
#5023=CARTESIAN_POINT('',(0.125984,-0.0662,-0.01));
#5024=CARTESIAN_POINT('',(0.117,-0.0662,-0.01));
#5025=CARTESIAN_POINT('',(0.117,-0.075184,-0.01));
#5026=CARTESIAN_POINT('',(8.91784272258737E-18,-0.075184,-0.01));
#5027=CARTESIAN_POINT('',(-0.117,-0.075184,-0.01));
#5028=CARTESIAN_POINT('',(-0.117,-0.0662,-0.01));
#5029=CARTESIAN_POINT('',(-0.125984,-0.0662,-0.01));
#5030=CARTESIAN_POINT('',(-0.125984,0.,-0.01));
#5031=CARTESIAN_POINT('',(-0.125984,0.0662,-0.01));
#5032=CARTESIAN_POINT('',(-0.117,0.0662,-0.01));
#5033=CARTESIAN_POINT('',(-0.117,0.075184,-0.01));
#5034=CARTESIAN_POINT('',(-0.0889,0.075184,-0.01));
#5035=CARTESIAN_POINT('',(-0.089916,0.075184,-0.01));
#5036=CARTESIAN_POINT('',(-0.089916,0.077216,-0.01));
#5037=CARTESIAN_POINT('',(-0.087884,0.077216,-0.01));
#5038=CARTESIAN_POINT('',(-0.087884,0.,-0.01));
#5039=CARTESIAN_POINT('',(-0.087884,0.087884,-0.01));
#5040=CARTESIAN_POINT('',(0.0889,0.087884,-0.01));
#5041=CARTESIAN_POINT('',(0.087884,0.087884,-0.01));
#5042=CARTESIAN_POINT('',(0.087884,0.,-0.01));
#5043=CARTESIAN_POINT('',(0.087884,0.077216,-0.01));
#5044=CARTESIAN_POINT('',(0.089916,0.077216,-0.01));
#5045=CARTESIAN_POINT('',(0.089916,0.075184,-0.01));
#5046=CARTESIAN_POINT('',(0.127,0.075184,-0.01));
#5047=CARTESIAN_POINT('',(0.,0.,0.));
#5048=CARTESIAN_POINT('',(-0.100825764096549,-0.0694313895397095,0.));
#5049=CARTESIAN_POINT('',(-0.101424247052314,-0.0697682977770455,0.));
#5050=CARTESIAN_POINT('',(-0.102280119531012,-0.0697682977770455,0.));
#5051=CARTESIAN_POINT('',(-0.100825764096549,-0.0694313895397095,0.));
#5052=CARTESIAN_POINT('',(-0.102280119531012,-0.0697682977770455,0.));
#5053=CARTESIAN_POINT('',(-0.102280119531012,-0.0697682977770455,0.));
#5054=CARTESIAN_POINT('',(-0.1033473443822,-0.0697682977770455,0.));
#5055=CARTESIAN_POINT('',(-0.103883049405542,-0.0692053889829872,0.));
#5056=CARTESIAN_POINT('',(-0.103883049405542,-0.0692053889829872,0.));
#5057=CARTESIAN_POINT('',(-0.103883049405542,-0.0692053889829872,0.));
#5058=CARTESIAN_POINT('',(-0.104418754428884,-0.068642480188929,0.));
#5059=CARTESIAN_POINT('',(-0.104418754428884,-0.067661051845385,0.));
#5060=CARTESIAN_POINT('',(-0.104418754428884,-0.067661051845385,0.));
#5061=CARTESIAN_POINT('',(-0.104418754428884,-0.067661051845385,0.));
#5062=CARTESIAN_POINT('',(-0.104418754428884,-0.066562438027985,0.));
#5063=CARTESIAN_POINT('',(-0.103695761907147,-0.0659744180609576,0.));
#5064=CARTESIAN_POINT('',(-0.103695761907147,-0.0659744180609576,0.));
#5065=CARTESIAN_POINT('',(-0.103695761907147,-0.0659744180609576,0.));
#5066=CARTESIAN_POINT('',(-0.102972769385411,-0.0653863980939301,0.));
#5067=CARTESIAN_POINT('',(-0.101365654315386,-0.065346638736729,0.));
#5068=CARTESIAN_POINT('',(-0.101365654315386,-0.065346638736729,0.));
#5069=CARTESIAN_POINT('',(-0.100570467171363,-0.0653330368513707,0.));
#5070=CARTESIAN_POINT('',(-0.0997752800273399,-0.0653194349660124,0.));
#5071=CARTESIAN_POINT('',(-0.0997752800273399,-0.065126915973249,0.));
#5072=CARTESIAN_POINT('',(-0.0997752800273399,-0.0649343969804856,0.));
#5073=CARTESIAN_POINT('',(-0.0997752800273399,-0.0649343969804856,0.));
#5074=CARTESIAN_POINT('',(-0.0997752800273399,-0.064072246708545,0.));
#5075=CARTESIAN_POINT('',(-0.10014148463314,-0.063698718010629,0.));
#5076=CARTESIAN_POINT('',(-0.10014148463314,-0.063698718010629,0.));
#5077=CARTESIAN_POINT('',(-0.10014148463314,-0.063698718010629,0.));
#5078=CARTESIAN_POINT('',(-0.10050768923894,-0.063325189312713,0.));
#5079=CARTESIAN_POINT('',(-0.101292413394226,-0.063325189312713,0.));
#5080=CARTESIAN_POINT('',(-0.101292413394226,-0.063325189312713,0.));
#5081=CARTESIAN_POINT('',(-0.101292413394226,-0.063325189312713,0.));
#5082=CARTESIAN_POINT('',(-0.102083415342754,-0.063325189312713,0.));
#5083=CARTESIAN_POINT('',(-0.102443342155311,-0.0635940881232576,0.));
#5084=CARTESIAN_POINT('',(-0.102443342155311,-0.0635940881232576,0.));
#5085=CARTESIAN_POINT('',(-0.102443342155311,-0.0635940881232576,0.));
#5086=CARTESIAN_POINT('',(-0.102803268967869,-0.0638629869338022,0.));
#5087=CARTESIAN_POINT('',(-0.102876509889029,-0.0644510069008296,0.));
#5088=CARTESIAN_POINT('',(-0.102876509889029,-0.0644510069008296,0.));
#5089=CARTESIAN_POINT('',(-0.103490687327899,-0.0643955530605227,0.));
#5090=CARTESIAN_POINT('',(-0.104104864766769,-0.0643400992202159,0.));
#5091=CARTESIAN_POINT('',(-0.104104864766769,-0.0643400992202159,0.));
#5092=CARTESIAN_POINT('',(-0.10380353069114,-0.0624295574768136,0.));
#5093=CARTESIAN_POINT('',(-0.101267302221256,-0.0624295574768136,0.));
#5094=CARTESIAN_POINT('',(-0.101267302221256,-0.0624295574768136,0.));
#5095=CARTESIAN_POINT('',(-0.101267302221256,-0.0624295574768136,0.));
#5096=CARTESIAN_POINT('',(-0.099932224858397,-0.0624295574768136,0.));
#5097=CARTESIAN_POINT('',(-0.0992594546825987,-0.0630416423179365,0.));
#5098=CARTESIAN_POINT('',(-0.0992594546825987,-0.0630416423179365,0.));
#5099=CARTESIAN_POINT('',(-0.0992594546825987,-0.0630416423179365,0.));
#5100=CARTESIAN_POINT('',(-0.0985866845068004,-0.0636537271590593,0.));
#5101=CARTESIAN_POINT('',(-0.0985866845068004,-0.0648109337133873,0.));
#5102=CARTESIAN_POINT('',(-0.0985866845068004,-0.0648109337133873,0.));
#5103=CARTESIAN_POINT('',(-0.0985866845068004,-0.0663343448735153,0.));
#5104=CARTESIAN_POINT('',(-0.0985866845068004,-0.0678577560336433,0.));
#5105=CARTESIAN_POINT('',(-0.0985866845068004,-0.0678577560336433,0.));
#5106=CARTESIAN_POINT('',(-0.0985866845068004,-0.0683809054705004,0.));
#5107=CARTESIAN_POINT('',(-0.0984485730554702,-0.0686456190855501,0.));
#5108=CARTESIAN_POINT('',(-0.0984485730554702,-0.0686456190855501,0.));
#5109=CARTESIAN_POINT('',(-0.0984485730554702,-0.0686456190855501,0.));
#5110=CARTESIAN_POINT('',(-0.0983104616041399,-0.0689103327005998,0.));
#5111=CARTESIAN_POINT('',(-0.097925423618613,-0.0689103327005998,0.));
#5112=CARTESIAN_POINT('',(-0.097925423618613,-0.0689103327005998,0.));
#5113=CARTESIAN_POINT('',(-0.0979590811318785,-0.0670322717328157,0.));
#5114=CARTESIAN_POINT('',(-0.0975403856330862,-0.0688642955501564,0.));
#5115=CARTESIAN_POINT('',(-0.0975403856330862,-0.0692305001559564,0.));
#5116=CARTESIAN_POINT('',(-0.0975403856330862,-0.0695967790741748,0.));
#5117=CARTESIAN_POINT('',(-0.098441889410307,-0.0657589727155098,0.));
#5118=CARTESIAN_POINT('',(-0.0984485730554702,-0.0697013346491278,0.));
#5119=CARTESIAN_POINT('',(-0.0984485730554702,-0.0697013346491278,0.));
#5120=CARTESIAN_POINT('',(-0.0991014635526679,-0.0697013346491278,0.));
#5121=CARTESIAN_POINT('',(-0.0993996587316764,-0.0693581486185495,0.));
#5122=CARTESIAN_POINT('',(-0.0993996587316764,-0.0693581486185495,0.));
#5123=CARTESIAN_POINT('',(-0.0993996587316764,-0.0693581486185495,0.));
#5124=CARTESIAN_POINT('',(-0.099697853910685,-0.0690149625879712,0.));
#5125=CARTESIAN_POINT('',(-0.0997376132678861,-0.0682825533763713,0.));
#5126=CARTESIAN_POINT('',(-0.0997376132678861,-0.0682825533763713,0.));
#5127=CARTESIAN_POINT('',(-0.099756446647613,-0.0682825533763713,0.));
#5128=CARTESIAN_POINT('',(-0.0997752800273399,-0.0682825533763713,0.));
#5129=CARTESIAN_POINT('',(-0.0997752800273399,-0.0682825533763713,0.));
#5130=CARTESIAN_POINT('',(-0.100227281140784,-0.0690944813023735,0.));
#5131=CARTESIAN_POINT('',(-0.100825764096549,-0.0694313895397095,0.));
#5132=CARTESIAN_POINT('',(-0.108061967107157,-0.0691488888438067,0.));
#5133=CARTESIAN_POINT('',(-0.108061967107157,-0.0687136285123415,0.));
#5134=CARTESIAN_POINT('',(-0.108061967107157,-0.069584170339943,0.));
#5135=CARTESIAN_POINT('',(-0.109245293575725,-0.0651988940488026,0.));
#5136=CARTESIAN_POINT('',(-0.109250562627696,-0.0697410940063289,0.));
#5137=CARTESIAN_POINT('',(-0.109250562627696,-0.0697410940063289,0.));
#5138=CARTESIAN_POINT('',(-0.110663066107211,-0.0697410940063289,0.));
#5139=CARTESIAN_POINT('',(-0.110663066107211,-0.0681381641317987,0.));
#5140=CARTESIAN_POINT('',(-0.110663066107211,-0.0681381641317987,0.));
#5141=CARTESIAN_POINT('',(-0.110663066107211,-0.0657777138726993,0.));
#5142=CARTESIAN_POINT('',(-0.110663066107211,-0.0634172636135999,0.));
#5143=CARTESIAN_POINT('',(-0.111072168966833,-0.0634172636135999,0.));
#5144=CARTESIAN_POINT('',(-0.111481271826455,-0.0634172636135999,0.));
#5145=CARTESIAN_POINT('',(-0.111481271826455,-0.0629893273742507,0.));
#5146=CARTESIAN_POINT('',(-0.111481271826455,-0.0625613911349016,0.));
#5147=CARTESIAN_POINT('',(-0.111050196690485,-0.0625613911349016,0.));
#5148=CARTESIAN_POINT('',(-0.110619121554515,-0.0625613911349016,0.));
#5149=CARTESIAN_POINT('',(-0.110445435941478,-0.0617693428874999,0.));
#5150=CARTESIAN_POINT('',(-0.110271750328441,-0.0609772946400982,0.));
#5151=CARTESIAN_POINT('',(-0.109879388250799,-0.0609772946400982,0.));
#5152=CARTESIAN_POINT('',(-0.109487026173156,-0.0609772946400982,0.));
#5153=CARTESIAN_POINT('',(-0.109487026173156,-0.0617693428874999,0.));
#5154=CARTESIAN_POINT('',(-0.109487026173156,-0.0625613911349016,0.));
#5155=CARTESIAN_POINT('',(-0.108833089377084,-0.0625613911349016,0.));
#5156=CARTESIAN_POINT('',(-0.108179152581013,-0.0625613911349016,0.));
#5157=CARTESIAN_POINT('',(-0.108179152581013,-0.0629893273742507,0.));
#5158=CARTESIAN_POINT('',(-0.108179152581013,-0.0634172636135999,0.));
#5159=CARTESIAN_POINT('',(-0.108833089377084,-0.0634172636135999,0.));
#5160=CARTESIAN_POINT('',(-0.109487026173156,-0.0634172636135999,0.));
#5161=CARTESIAN_POINT('',(-0.109487026173156,-0.0656500654101061,0.));
#5162=CARTESIAN_POINT('',(-0.109487026173156,-0.0678828672066124,0.));
#5163=CARTESIAN_POINT('',(-0.109487026173156,-0.0678828672066124,0.));
#5164=CARTESIAN_POINT('',(-0.109487026173156,-0.068393461056985,0.));
#5165=CARTESIAN_POINT('',(-0.109320664652235,-0.0685995819351067,0.));
#5166=CARTESIAN_POINT('',(-0.109320664652235,-0.0685995819351067,0.));
#5167=CARTESIAN_POINT('',(-0.109320664652235,-0.0685995819351067,0.));
#5168=CARTESIAN_POINT('',(-0.109154303131315,-0.0688057028132284,0.));
#5169=CARTESIAN_POINT('',(-0.108742061375071,-0.0688057028132284,0.));
#5170=CARTESIAN_POINT('',(-0.108742061375071,-0.0688057028132284,0.));
#5171=CARTESIAN_POINT('',(-0.108742061375071,-0.0688057028132284,0.));
#5172=CARTESIAN_POINT('',(-0.108505597829612,-0.0688057028132284,0.));
#5173=CARTESIAN_POINT('',(-0.108061967107157,-0.0687136285123415,0.));
#5174=CARTESIAN_POINT('',(-0.0914582502801851,-0.0669589853011227,0.));
#5175=CARTESIAN_POINT('',(-0.0913274629209708,-0.0672760138598581,0.));
#5176=CARTESIAN_POINT('',(-0.0913274629209708,-0.0676819778228593,0.));
#5177=CARTESIAN_POINT('',(-0.0914582502801851,-0.0669589853011227,0.));
#5178=CARTESIAN_POINT('',(-0.0913274629209708,-0.0676819778228593,0.));
#5179=CARTESIAN_POINT('',(-0.0913274629209708,-0.0676819778228593,0.));
#5180=CARTESIAN_POINT('',(-0.0913274629209708,-0.0686822395461301,0.));
#5181=CARTESIAN_POINT('',(-0.0920828907077925,-0.0692252686615878,0.));
#5182=CARTESIAN_POINT('',(-0.0920828907077925,-0.0692252686615878,0.));
#5183=CARTESIAN_POINT('',(-0.0920828907077925,-0.0692252686615878,0.));
#5184=CARTESIAN_POINT('',(-0.0928383184946142,-0.0697682977770455,0.));
#5185=CARTESIAN_POINT('',(-0.0941985070304428,-0.0697682977770455,0.));
#5186=CARTESIAN_POINT('',(-0.0941985070304428,-0.0697682977770455,0.));
#5187=CARTESIAN_POINT('',(-0.0941985070304428,-0.0697682977770455,0.));
#5188=CARTESIAN_POINT('',(-0.0955189362090702,-0.0697682977770455,0.));
#5189=CARTESIAN_POINT('',(-0.0962356509375645,-0.0693330374455804,0.));
#5190=CARTESIAN_POINT('',(-0.0962356509375645,-0.0693330374455804,0.));
#5191=CARTESIAN_POINT('',(-0.0962356509375645,-0.0693330374455804,0.));
#5192=CARTESIAN_POINT('',(-0.0969523656660587,-0.0688977771141152,0.));
#5193=CARTESIAN_POINT('',(-0.0971679032340439,-0.0679749415074993,0.));
#5194=CARTESIAN_POINT('',(-0.0971679032340439,-0.0679749415074993,0.));
#5195=CARTESIAN_POINT('',(-0.0966478926938079,-0.067873450516749,0.));
#5196=CARTESIAN_POINT('',(-0.0961278821535719,-0.0677719595259987,0.));
#5197=CARTESIAN_POINT('',(-0.0961278821535719,-0.0677719595259987,0.));
#5198=CARTESIAN_POINT('',(-0.095977215115757,-0.0683411461132993,0.));
#5199=CARTESIAN_POINT('',(-0.0955063806225856,-0.068605859728349,0.));
#5200=CARTESIAN_POINT('',(-0.0955063806225856,-0.068605859728349,0.));
#5201=CARTESIAN_POINT('',(-0.0955063806225856,-0.068605859728349,0.));
#5202=CARTESIAN_POINT('',(-0.0950355461294142,-0.0688705733433987,0.));
#5203=CARTESIAN_POINT('',(-0.0941985070304428,-0.0688705733433987,0.));
#5204=CARTESIAN_POINT('',(-0.0941985070304428,-0.0688705733433987,0.));
#5205=CARTESIAN_POINT('',(-0.0941985070304428,-0.0688705733433987,0.));
#5206=CARTESIAN_POINT('',(-0.0933028751945434,-0.0688705733433987,0.));
#5207=CARTESIAN_POINT('',(-0.0928874945416788,-0.0685964430384855,0.));
#5208=CARTESIAN_POINT('',(-0.0928874945416788,-0.0685964430384855,0.));
#5209=CARTESIAN_POINT('',(-0.0928874945416788,-0.0685964430384855,0.));
#5210=CARTESIAN_POINT('',(-0.0924721138888142,-0.0683223127335724,0.));
#5211=CARTESIAN_POINT('',(-0.0924721138888142,-0.0677719595259987,0.));
#5212=CARTESIAN_POINT('',(-0.0924721138888142,-0.0677719595259987,0.));
#5213=CARTESIAN_POINT('',(-0.0924721138888142,-0.0677719595259987,0.));
#5214=CARTESIAN_POINT('',(-0.0924721138888142,-0.067353439976513,0.));
#5215=CARTESIAN_POINT('',(-0.0927598460790856,-0.0670918652580844,0.));
#5216=CARTESIAN_POINT('',(-0.0927598460790856,-0.0670918652580844,0.));
#5217=CARTESIAN_POINT('',(-0.0927598460790856,-0.0670918652580844,0.));
#5218=CARTESIAN_POINT('',(-0.0930475782693571,-0.0668302905396558,0.));
#5219=CARTESIAN_POINT('',(-0.0936879131800702,-0.0666607901221141,0.));
#5220=CARTESIAN_POINT('',(-0.0936879131800702,-0.0666607901221141,0.));
#5221=CARTESIAN_POINT('',(-0.0941095716261771,-0.0665498824415004,0.));
#5222=CARTESIAN_POINT('',(-0.0945312300722839,-0.0664389747608867,0.));
#5223=CARTESIAN_POINT('',(-0.0945312300722839,-0.0664389747608867,0.));
#5224=CARTESIAN_POINT('',(-0.0955461399797868,-0.0661774000424581,0.));
#5225=CARTESIAN_POINT('',(-0.0959740762191359,-0.065925242013893,0.));
#5226=CARTESIAN_POINT('',(-0.0959740762191359,-0.065925242013893,0.));
#5227=CARTESIAN_POINT('',(-0.0959740762191359,-0.065925242013893,0.));
#5228=CARTESIAN_POINT('',(-0.096402012458485,-0.0656730839853278,0.));
#5229=CARTESIAN_POINT('',(-0.096643707498313,-0.0653131571727701,0.));
#5230=CARTESIAN_POINT('',(-0.096643707498313,-0.0653131571727701,0.));
#5231=CARTESIAN_POINT('',(-0.096643707498313,-0.0653131571727701,0.));
#5232=CARTESIAN_POINT('',(-0.096885402538141,-0.0649532303602124,0.));
#5233=CARTESIAN_POINT('',(-0.096885402538141,-0.0644300809233553,0.));
#5234=CARTESIAN_POINT('',(-0.096885402538141,-0.0644300809233553,0.));
#5235=CARTESIAN_POINT('',(-0.096885402538141,-0.0644300809233553,0.));
#5236=CARTESIAN_POINT('',(-0.096885402538141,-0.0634633007640433,0.));
#5237=CARTESIAN_POINT('',(-0.0961958915803633,-0.0629568921091656,0.));
#5238=CARTESIAN_POINT('',(-0.0961958915803633,-0.0629568921091656,0.));
#5239=CARTESIAN_POINT('',(-0.0961958915803633,-0.0629568921091656,0.));
#5240=CARTESIAN_POINT('',(-0.0955063806225856,-0.0624504834542879,0.));
#5241=CARTESIAN_POINT('',(-0.0941859514439582,-0.0624504834542879,0.));
#5242=CARTESIAN_POINT('',(-0.0941859514439582,-0.0624504834542879,0.));
#5243=CARTESIAN_POINT('',(-0.0941859514439582,-0.0624504834542879,0.));
#5244=CARTESIAN_POINT('',(-0.0930140967053982,-0.0624504834542879,0.));
#5245=CARTESIAN_POINT('',(-0.0923245857476205,-0.0628616789116576,0.));
#5246=CARTESIAN_POINT('',(-0.0923245857476205,-0.0628616789116576,0.));
#5247=CARTESIAN_POINT('',(-0.0923245857476205,-0.0628616789116576,0.));
#5248=CARTESIAN_POINT('',(-0.0916350747898428,-0.0632728743690273,0.));
#5249=CARTESIAN_POINT('',(-0.0914530187858165,-0.0641831543891587,0.));
#5250=CARTESIAN_POINT('',(-0.0914530187858165,-0.0641831543891587,0.));
#5251=CARTESIAN_POINT('',(-0.0919824460159159,-0.064248024919329,0.));
#5252=CARTESIAN_POINT('',(-0.0925118732460154,-0.0643128954494993,0.));
#5253=CARTESIAN_POINT('',(-0.0925118732460154,-0.0643128954494993,0.));
#5254=CARTESIAN_POINT('',(-0.0926102253401445,-0.0638420609563279,0.));
#5255=CARTESIAN_POINT('',(-0.0930381615794936,-0.0635909492266364,0.));
#5256=CARTESIAN_POINT('',(-0.0930381615794936,-0.0635909492266364,0.));
#5257=CARTESIAN_POINT('',(-0.0930381615794936,-0.0635909492266364,0.));
#5258=CARTESIAN_POINT('',(-0.0934660978188428,-0.063339837496945,0.));
#5259=CARTESIAN_POINT('',(-0.0941859514439582,-0.063339837496945,0.));
#5260=CARTESIAN_POINT('',(-0.0941859514439582,-0.063339837496945,0.));
#5261=CARTESIAN_POINT('',(-0.0941859514439582,-0.063339837496945,0.));
#5262=CARTESIAN_POINT('',(-0.0949832311857285,-0.063339837496945,0.));
#5263=CARTESIAN_POINT('',(-0.0953630376768868,-0.063581532536773,0.));
#5264=CARTESIAN_POINT('',(-0.0953630376768868,-0.063581532536773,0.));
#5265=CARTESIAN_POINT('',(-0.0953630376768868,-0.063581532536773,0.));
#5266=CARTESIAN_POINT('',(-0.095742844168045,-0.063823227576601,0.));
#5267=CARTESIAN_POINT('',(-0.095742844168045,-0.0643128954494993,0.));
#5268=CARTESIAN_POINT('',(-0.095742844168045,-0.0643128954494993,0.));
#5269=CARTESIAN_POINT('',(-0.095742844168045,-0.0643128954494993,0.));
#5270=CARTESIAN_POINT('',(-0.095742844168045,-0.064614229525129,0.));
#5271=CARTESIAN_POINT('',(-0.0955858993369879,-0.0648098874145136,0.));
#5272=CARTESIAN_POINT('',(-0.0955858993369879,-0.0648098874145136,0.));
#5273=CARTESIAN_POINT('',(-0.0955858993369879,-0.0648098874145136,0.));
#5274=CARTESIAN_POINT('',(-0.0954289545059308,-0.0650055453038981,0.));
#5275=CARTESIAN_POINT('',(-0.0951213426370588,-0.0651436567552284,0.));
#5276=CARTESIAN_POINT('',(-0.0951213426370588,-0.0651436567552284,0.));
#5277=CARTESIAN_POINT('',(-0.0951213426370588,-0.0651436567552284,0.));
#5278=CARTESIAN_POINT('',(-0.0948137307681868,-0.0652817682065587,0.));
#5279=CARTESIAN_POINT('',(-0.0938260246314005,-0.065522416947513,0.));
#5280=CARTESIAN_POINT('',(-0.0938260246314005,-0.065522416947513,0.));
#5281=CARTESIAN_POINT('',(-0.0938260246314005,-0.065522416947513,0.));
#5282=CARTESIAN_POINT('',(-0.0928906334382999,-0.0657588804929724,0.));
#5283=CARTESIAN_POINT('',(-0.0924783916820565,-0.0659576772789781,0.));
#5284=CARTESIAN_POINT('',(-0.0924783916820565,-0.0659576772789781,0.));
#5285=CARTESIAN_POINT('',(-0.0924783916820565,-0.0659576772789781,0.));
#5286=CARTESIAN_POINT('',(-0.0920661499258131,-0.0661564740649838,0.));
#5287=CARTESIAN_POINT('',(-0.0918275937826062,-0.0663992154036856,0.));
#5288=CARTESIAN_POINT('',(-0.0918275961495523,-0.0663992177346684,0.));
#5289=CARTESIAN_POINT('',(-0.0930628951041926,-0.0676157476059504,0.));
#5290=CARTESIAN_POINT('',(-0.106472639117985,-0.0696364641189575,0.));
#5291=CARTESIAN_POINT('',(-0.105883572852084,-0.0696364641189575,0.));
#5292=CARTESIAN_POINT('',(-0.107061705383886,-0.0696364641189575,0.));
#5293=CARTESIAN_POINT('',(-0.107061705383886,-0.0647837299426707,0.));
#5294=CARTESIAN_POINT('',(-0.107061705383886,-0.0599309957663839,0.));
#5295=CARTESIAN_POINT('',(-0.106472639117985,-0.0599309957663839,0.));
#5296=CARTESIAN_POINT('',(-0.105883572852084,-0.0599309957663839,0.));
#5297=CARTESIAN_POINT('',(-0.105883572852084,-0.0647837299426707,0.));
#5298=CARTESIAN_POINT('',(-0.112348653592764,-0.0696364641189575,0.));
#5299=CARTESIAN_POINT('',(-0.111711457578672,-0.0696364641189575,0.));
#5300=CARTESIAN_POINT('',(-0.112985849606856,-0.0696364641189575,0.));
#5301=CARTESIAN_POINT('',(-0.113512137940335,-0.0682888311696135,0.));
#5302=CARTESIAN_POINT('',(-0.114038426273813,-0.0669411982202696,0.));
#5303=CARTESIAN_POINT('',(-0.116137301814484,-0.0669411982202696,0.));
#5304=CARTESIAN_POINT('',(-0.118236177355154,-0.0669411982202696,0.));
#5305=CARTESIAN_POINT('',(-0.118766650884128,-0.0682888311696135,0.));
#5306=CARTESIAN_POINT('',(-0.119297124413101,-0.0696364641189575,0.));
#5307=CARTESIAN_POINT('',(-0.119943737117056,-0.0696364641189575,0.));
#5308=CARTESIAN_POINT('',(-0.120590349821012,-0.0696364641189575,0.));
#5309=CARTESIAN_POINT('',(-0.118711197043821,-0.0650296101779936,0.));
#5310=CARTESIAN_POINT('',(-0.11683204426663,-0.0604227562370296,0.));
#5311=CARTESIAN_POINT('',(-0.116121607331378,-0.0604227562370296,0.));
#5312=CARTESIAN_POINT('',(-0.115411170396126,-0.0604227562370296,0.));
#5313=CARTESIAN_POINT('',(-0.113561313987399,-0.0650296101779936,0.));
#5314=CARTESIAN_POINT('',(0.117,0.0662,0.));
#5315=CARTESIAN_POINT('',(0.117,0.075184,0.));
#5316=CARTESIAN_POINT('',(0.125984,0.0662,0.));
#5317=CARTESIAN_POINT('',(0.,0.075184,0.));
#5318=CARTESIAN_POINT('',(0.089916,0.075184,0.));
#5319=CARTESIAN_POINT('',(0.089916,0.077216,0.));
#5320=CARTESIAN_POINT('',(0.0881395477945781,0.0762294699386961,0.));
#5321=CARTESIAN_POINT('',(0.088139547794578,0.0762294699386962,0.));
#5322=CARTESIAN_POINT('',(0.0880605685263385,0.0762098996766442,0.));
#5323=CARTESIAN_POINT('',(0.08797934237932,0.0762,0.));
#5324=CARTESIAN_POINT('',(0.0878976042274224,0.0762,0.));
#5325=CARTESIAN_POINT('',(0.0878976042274224,0.0762,0.));
#5326=CARTESIAN_POINT('',(0.,0.0762,0.));
#5327=CARTESIAN_POINT('',(-0.0878976042274224,0.0762,0.));
#5328=CARTESIAN_POINT('',(-0.0878976042274224,0.0762,-4.92731545813738E-18));
#5329=CARTESIAN_POINT('',(-0.0879799154761964,0.0762,-4.92731545813738E-18));
#5330=CARTESIAN_POINT('',(-0.0880605511310344,0.0762098953662642,0.));
#5331=CARTESIAN_POINT('',(-0.0881395477945781,0.0762294699386963,0.));
#5332=CARTESIAN_POINT('',(-0.0881395477945781,0.0762294699386963,0.));
#5333=CARTESIAN_POINT('',(-0.089916,0.077216,0.));
#5334=CARTESIAN_POINT('',(-0.089916,0.075184,0.));
#5335=CARTESIAN_POINT('',(0.,0.075184,0.));
#5336=CARTESIAN_POINT('',(-0.117,0.075184,0.));
#5337=CARTESIAN_POINT('',(-0.117,0.0662,0.));
#5338=CARTESIAN_POINT('',(-0.125984,0.0662,0.));
#5339=CARTESIAN_POINT('',(-0.125984,-0.0662,0.));
#5340=CARTESIAN_POINT('',(-0.125984,-0.0662,0.));
#5341=CARTESIAN_POINT('',(-0.117,-0.0662,0.));
#5342=CARTESIAN_POINT('',(-0.117,-0.075184,0.));
#5343=CARTESIAN_POINT('',(0.117,-0.075184,0.));
#5344=CARTESIAN_POINT('',(0.117,-0.075184,0.));
#5345=CARTESIAN_POINT('',(0.117,-0.0662,0.));
#5346=CARTESIAN_POINT('',(0.125984,-0.0662,0.));
#5347=CARTESIAN_POINT('',(0.125984,0.,0.));
#5348=CARTESIAN_POINT('',(1.01895579797399E-17,-0.0470292427570102,0.0954054352436905));
#5349=CARTESIAN_POINT('',(9.92017029559831E-18,-0.0490014438806914,0.102765790040013));
#5350=CARTESIAN_POINT('',(0.062992,-0.0490014438806914,0.102765790040013));
#5351=CARTESIAN_POINT('',(0.037592,-0.0490014438806914,0.102765790040013));
#5352=CARTESIAN_POINT('',(0.062992,-0.0470292427570102,0.0954054352436905));
#5353=CARTESIAN_POINT('',(0.062992,-0.0396688879606875,0.0973776363673717));
#5354=CARTESIAN_POINT('',(0.050292,-0.0396688879606875,0.0973776363673717));
#5355=CARTESIAN_POINT('',(0.037592,-0.0396688879606875,0.0973776363673717));
#5356=CARTESIAN_POINT('',(0.037592,-0.0470292427570102,0.0954054352436905));
#5357=CARTESIAN_POINT('',(1.01895579797399E-17,-0.0470292427570102,0.0954054352436905));
#5358=CARTESIAN_POINT('',(9.92017029559831E-18,-0.0490014438806914,0.102765790040013));
#5359=CARTESIAN_POINT('',(-0.037592,-0.0490014438806914,0.102765790040013));
#5360=CARTESIAN_POINT('',(-0.062992,-0.0490014438806914,0.102765790040013));
#5361=CARTESIAN_POINT('',(-0.037592,-0.0470292427570102,0.0954054352436905));
#5362=CARTESIAN_POINT('',(-0.037592,-0.0396688879606875,0.0973776363673717));
#5363=CARTESIAN_POINT('',(-0.050292,-0.0396688879606875,0.0973776363673717));
#5364=CARTESIAN_POINT('',(-0.062992,-0.0396688879606875,0.0973776363673717));
#5365=CARTESIAN_POINT('',(-0.062992,-0.0470292427570102,0.0954054352436905));
#5366=CARTESIAN_POINT('',(2.29117069273023E-20,-0.042236143464908,0.0922380547524881));
#5367=CARTESIAN_POINT('',(4.65554145516483E-20,-0.0471430466624565,0.0909232540033673));
#5368=CARTESIAN_POINT('',(0.038608,-0.0471430466624565,0.0909232540033673));
#5369=CARTESIAN_POINT('',(0.061976,-0.0471430466624565,0.0909232540033673));
#5370=CARTESIAN_POINT('',(0.038608,-0.042236143464908,0.0922380547524881));
#5371=CARTESIAN_POINT('',(0.038608,-0.0409213427157872,0.0873311515549396));
#5372=CARTESIAN_POINT('',(2.02503496355E-19,-0.0409213427157872,0.0873311515549396));
#5373=CARTESIAN_POINT('',(0.061976,-0.0409213427157872,0.0873311515549396));
#5374=CARTESIAN_POINT('',(0.061976,-0.042236143464908,0.0922380547524881));
#5375=CARTESIAN_POINT('',(-4.0021555524747E-18,-0.042236143464908,0.0922380547524881));
#5376=CARTESIAN_POINT('',(-3.822563763047E-18,-0.0409213427157872,0.0873311515549396));
#5377=CARTESIAN_POINT('',(-0.038608,-0.0409213427157872,0.0873311515549396));
#5378=CARTESIAN_POINT('',(-0.061976,-0.0409213427157872,0.0873311515549396));
#5379=CARTESIAN_POINT('',(-0.038608,-0.042236143464908,0.0922380547524881));
#5380=CARTESIAN_POINT('',(-0.038608,-0.0471430466624565,0.0909232540033673));
#5381=CARTESIAN_POINT('',(-3.97851184485035E-18,-0.0471430466624565,0.0909232540033673));
#5382=CARTESIAN_POINT('',(-0.061976,-0.0471430466624565,0.0909232540033673));
#5383=CARTESIAN_POINT('',(-0.061976,-0.042236143464908,0.0922380547524881));
#5384=CARTESIAN_POINT('',(-4.32420262118862E-18,0.0100161333421412,0.108226740392012));
#5385=CARTESIAN_POINT('',(0.037592,-0.0380715179938338,0.0953416930506279));
#5386=CARTESIAN_POINT('',(-0.037592,-0.0380715179938338,0.0953416930506279));
#5387=CARTESIAN_POINT('',(0.037592,-0.0380715179938338,0.0953416930506279));
#5388=CARTESIAN_POINT('',(0.037592,-0.0476399792290533,0.0927778315898423));
#5389=CARTESIAN_POINT('',(0.037592,-0.0390528986333435,0.0950787329008037));
#5390=CARTESIAN_POINT('',(0.050292,-0.0390528986333435,0.0950787329008037));
#5391=CARTESIAN_POINT('',(0.062992,-0.0390528986333435,0.0950787329008037));
#5392=CARTESIAN_POINT('',(0.062992,-0.0476399792290533,0.0927778315898423));
#5393=CARTESIAN_POINT('',(0.062992,-0.0380715179938338,0.0953416930506279));
#5394=CARTESIAN_POINT('',(0.100584,-0.0380715179938338,0.0953416930506279));
#5395=CARTESIAN_POINT('',(0.100584,-0.0380715179938338,0.0953416930506279));
#5396=CARTESIAN_POINT('',(0.100584,0.0100161333421412,0.108226740392012));
#5397=CARTESIAN_POINT('',(0.100584,0.0590851653176259,0.12137474788322));
#5398=CARTESIAN_POINT('',(9.31714811038238E-18,0.0590851653176259,0.12137474788322));
#5399=CARTESIAN_POINT('',(-0.100584,0.0590851653176259,0.12137474788322));
#5400=CARTESIAN_POINT('',(-0.100584,-0.0390528986333435,0.0950787329008037));
#5401=CARTESIAN_POINT('',(-0.100584,-0.0380715179938338,0.0953416930506279));
#5402=CARTESIAN_POINT('',(-0.062992,-0.0380715179938338,0.0953416930506279));
#5403=CARTESIAN_POINT('',(-0.062992,-0.0380715179938338,0.0953416930506279));
#5404=CARTESIAN_POINT('',(-0.062992,0.0100161333421412,0.108226740392012));
#5405=CARTESIAN_POINT('',(-0.062992,-0.0390528986333435,0.0950787329008037));
#5406=CARTESIAN_POINT('',(-0.050292,-0.0390528986333435,0.0950787329008037));
#5407=CARTESIAN_POINT('',(-0.037592,-0.0390528986333435,0.0950787329008037));
#5408=CARTESIAN_POINT('',(-0.037592,0.0100161333421412,0.108226740392012));
#5409=CARTESIAN_POINT('',(-4.08776554494516E-18,-0.0390528986333435,0.0950787329008037));
#5410=CARTESIAN_POINT('',(-0.100584,-0.0390528986333435,0.0950787329008037));
#5411=CARTESIAN_POINT('',(-0.100584,-0.0387899384835194,0.094097352261294));
#5412=CARTESIAN_POINT('',(-0.100584,-0.03750412546745,0.0892986327562899));
#5413=CARTESIAN_POINT('',(-3.8762149016508E-18,-0.03750412546745,0.0892986327562899));
#5414=CARTESIAN_POINT('',(-0.062992,-0.03750412546745,0.0892986327562899));
#5415=CARTESIAN_POINT('',(-0.062992,-0.0381470319754847,0.091697992508792));
#5416=CARTESIAN_POINT('',(-0.062992,-0.0387899384835194,0.094097352261294));
#5417=CARTESIAN_POINT('',(-0.100584,-0.0387899384835194,0.094097352261294));
#5418=CARTESIAN_POINT('',(-4.08776554494516E-18,-0.0390528986333435,0.0950787329008037));
#5419=CARTESIAN_POINT('',(-0.037592,-0.0381470319754847,0.091697992508792));
#5420=CARTESIAN_POINT('',(-0.037592,-0.0387899384835194,0.094097352261294));
#5421=CARTESIAN_POINT('',(-0.037592,-0.03750412546745,0.0892986327562899));
#5422=CARTESIAN_POINT('',(-3.8762149016508E-18,-0.03750412546745,0.0892986327562899));
#5423=CARTESIAN_POINT('',(0.037592,-0.03750412546745,0.0892986327562899));
#5424=CARTESIAN_POINT('',(0.037592,-0.0381470319754847,0.091697992508792));
#5425=CARTESIAN_POINT('',(0.037592,-0.0387899384835194,0.094097352261294));
#5426=CARTESIAN_POINT('',(-0.037592,-0.0387899384835194,0.094097352261294));
#5427=CARTESIAN_POINT('',(-4.08776554494516E-18,-0.0390528986333435,0.0950787329008037));
#5428=CARTESIAN_POINT('',(0.062992,-0.0381470319754847,0.091697992508792));
#5429=CARTESIAN_POINT('',(0.062992,-0.03750412546745,0.0892986327562899));
#5430=CARTESIAN_POINT('',(0.062992,-0.0387899384835194,0.094097352261294));
#5431=CARTESIAN_POINT('',(-3.8762149016508E-18,-0.03750412546745,0.0892986327562899));
#5432=CARTESIAN_POINT('',(0.100584,-0.03750412546745,0.0892986327562899));
#5433=CARTESIAN_POINT('',(0.100584,-0.0390528986333435,0.0950787329008037));
#5434=CARTESIAN_POINT('',(0.100584,-0.0387899384835194,0.094097352261294));
#5435=CARTESIAN_POINT('',(0.062992,-0.0387899384835194,0.094097352261294));
#5436=CARTESIAN_POINT('',(-4.28952698862783E-18,0.055989995435795,0.113298466350075));
#5437=CARTESIAN_POINT('',(-0.100584,0.0595820978842227,0.119520170296745));
#5438=CARTESIAN_POINT('',(-0.100584,0.055989995435795,0.113298466350075));
#5439=CARTESIAN_POINT('',(-0.100584,0.0559975433746816,0.113311539763719));
#5440=CARTESIAN_POINT('',(-0.100584,0.0559975433746815,0.113311539763719));
#5441=CARTESIAN_POINT('',(-0.100537348460827,0.0559926125846857,0.113302999384925));
#5442=CARTESIAN_POINT('',(-0.100489956273052,0.055989995435795,0.113298466350075));
#5443=CARTESIAN_POINT('',(-0.100441726277001,0.055989995435795,0.113298466350075));
#5444=CARTESIAN_POINT('',(-0.100441726277001,0.055989995435795,0.113298466350075));
#5445=CARTESIAN_POINT('',(0.1016,0.055989995435795,0.113298466350075));
#5446=CARTESIAN_POINT('',(-4.28952698862783E-18,0.055989995435795,0.113298466350075));
#5447=CARTESIAN_POINT('',(0.1016,0.055989995435795,0.113298466350075));
#5448=CARTESIAN_POINT('',(0.100441726277001,0.055989995435795,0.113298466350075));
#5449=CARTESIAN_POINT('',(0.100584,0.055989995435795,0.113298466350075));
#5450=CARTESIAN_POINT('',(0.100441726277001,0.055989995435795,0.113298466350075));
#5451=CARTESIAN_POINT('',(0.100637805242124,0.055989995435795,0.113298466350075));
#5452=CARTESIAN_POINT('',(0.101003892304874,0.0560784622966764,0.113451695447908));
#5453=CARTESIAN_POINT('',(0.101468586374385,0.0563947980466451,0.113999605039104));
#5454=CARTESIAN_POINT('',(0.1016,0.0566828721571084,0.114498564034772));
#5455=CARTESIAN_POINT('',(0.1016,0.0568767269436985,0.114834330374436));
#5456=CARTESIAN_POINT('',(0.1016,0.0568767269436985,0.114834330374436));
#5457=CARTESIAN_POINT('',(0.1016,0.0423004081520236,0.0895874056399344));
#5458=CARTESIAN_POINT('',(0.1016,0.0567084159254806,0.114542807139409));
#5459=CARTESIAN_POINT('',(0.100584,0.0567084159254806,0.114542807139409));
#5460=CARTESIAN_POINT('',(-4.28952698862783E-18,0.055989995435795,0.113298466350075));
#5461=CARTESIAN_POINT('',(0.1016,0.0423004081520236,0.0895874056399344));
#5462=CARTESIAN_POINT('',(0.1016,0.0589279440792118,0.118387142670501));
#5463=CARTESIAN_POINT('',(0.1016,0.0595820978842227,0.119520170296745));
#5464=CARTESIAN_POINT('',(0.1016,0.0589279440792118,0.118387142670501));
#5465=CARTESIAN_POINT('',(0.1016,0.0590758659261598,0.118643350824965));
#5466=CARTESIAN_POINT('',(0.101494621289789,0.0593730936487857,0.119158164341971));
#5467=CARTESIAN_POINT('',(0.100982970457639,0.0595820978842227,0.119520170296745));
#5468=CARTESIAN_POINT('',(0.100684275605319,0.0595820978842227,0.119520170296745));
#5469=CARTESIAN_POINT('',(0.100684275605319,0.0595820978842227,0.119520170296745));
#5470=CARTESIAN_POINT('',(-0.1016,0.0595820978842227,0.119520170296745));
#5471=CARTESIAN_POINT('',(9.31714811038238E-18,0.0590851653176259,0.12137474788322));
#5472=CARTESIAN_POINT('',(-0.1016,0.0595820978842227,0.119520170296745));
#5473=CARTESIAN_POINT('',(-0.100584,0.0595820978842231,0.119520170296743));
#5474=CARTESIAN_POINT('',(-0.100584,0.0590851653176259,0.12137474788322));
#5475=CARTESIAN_POINT('',(0.100584,0.05934812546745,0.12039336724371));
#5476=CARTESIAN_POINT('',(0.1016,0.05934812546745,0.12039336724371));
#5477=CARTESIAN_POINT('',(0.1016,0.0590851653176259,0.12137474788322));
#5478=CARTESIAN_POINT('',(-0.1016,0.0100161333421412,0.108226740392012));
#5479=CARTESIAN_POINT('',(-0.1016,0.05934812546745,0.12039336724371));
#5480=CARTESIAN_POINT('',(-0.1016,-0.0378085578440097,0.0943603124111182));
#5481=CARTESIAN_POINT('',(-0.1016,0.0583667448279403,0.120130407093886));
#5482=CARTESIAN_POINT('',(-0.1016,0.058600717244713,0.119257210146921));
#5483=CARTESIAN_POINT('',(-0.1016,0.0584917955842922,0.119663711317656));
#5484=CARTESIAN_POINT('',(-0.1016,0.05511011362555,0.113806466350075));
#5485=CARTESIAN_POINT('',(-0.1016,0.0553205341152356,0.114170925329164));
#5486=CARTESIAN_POINT('',(-0.1016,0.0115649065080347,0.102446640247498));
#5487=CARTESIAN_POINT('',(-0.1016,-0.0365227448279404,0.0895615929061141));
#5488=CARTESIAN_POINT('',(-0.1016,-0.0380715179938338,0.0953416930506279));
#5489=CARTESIAN_POINT('',(0.1016,0.0100161333421412,0.108226740392012));
#5490=CARTESIAN_POINT('',(0.1016,-0.0362597846781161,0.0885802122666044));
#5491=CARTESIAN_POINT('',(0.1016,-0.0378085578440097,0.0943603124111182));
#5492=CARTESIAN_POINT('',(0.1016,-0.0365227448279404,0.0895615929061141));
#5493=CARTESIAN_POINT('',(0.1016,0.0557270352859709,0.114279846989585));
#5494=CARTESIAN_POINT('',(0.1016,0.0423004081520236,0.0895874056399344));
#5495=CARTESIAN_POINT('',(0.1016,0.0102790934919653,0.107245359752502));
#5496=CARTESIAN_POINT('',(-4.07673362000872E-18,0.0118278666578588,0.101465259607988));
#5497=CARTESIAN_POINT('',(0.038608,0.0118278666578588,0.101465259607988));
#5498=CARTESIAN_POINT('',(0.038608,-0.0362597846781161,0.0885802122666044));
#5499=CARTESIAN_POINT('',(-3.84502528529013E-18,-0.0362597846781161,0.0885802122666044));
#5500=CARTESIAN_POINT('',(-0.038608,-0.0362597846781161,0.0885802122666044));
#5501=CARTESIAN_POINT('',(-0.038608,-0.0409213427157872,0.0873311515549396));
#5502=CARTESIAN_POINT('',(-0.061976,-0.0372411653176258,0.0883172521167802));
#5503=CARTESIAN_POINT('',(-0.061976,-0.0362597846781161,0.0885802122666044));
#5504=CARTESIAN_POINT('',(-3.84502528529013E-18,-0.0362597846781161,0.0885802122666044));
#5505=CARTESIAN_POINT('',(-0.100584,-0.0362597846781161,0.0885802122666044));
#5506=CARTESIAN_POINT('',(-0.100584,0.0118278666578588,0.101465259607988));
#5507=CARTESIAN_POINT('',(0.1016,0.055989995435795,0.113298466350075));
#5508=CARTESIAN_POINT('',(0.100584,-0.0372411653176258,0.0883172521167802));
#5509=CARTESIAN_POINT('',(0.100584,-0.0362597846781161,0.0885802122666044));
#5510=CARTESIAN_POINT('',(-3.84502528529013E-18,-0.0362597846781161,0.0885802122666044));
#5511=CARTESIAN_POINT('',(0.061976,-0.0362597846781161,0.0885802122666044));
#5512=CARTESIAN_POINT('',(0.061976,0.0118278666578588,0.101465259607988));
#5513=CARTESIAN_POINT('',(-0.100584,-0.0380715179938338,0.0953416930506279));
#5514=CARTESIAN_POINT('',(-0.100584,-0.0365227448279404,0.0895615929061141));
#5515=CARTESIAN_POINT('',(-0.100584,-0.0378085578440097,0.0943603124111182));
#5516=CARTESIAN_POINT('',(-0.100584,0.0115649065080347,0.102446640247498));
#5517=CARTESIAN_POINT('',(-0.100584,-0.0365227448279403,0.0895615929061141));
#5518=CARTESIAN_POINT('',(-0.100584,0.0553205341152356,0.114170925329164));
#5519=CARTESIAN_POINT('',(-0.100584,0.0102790934919654,0.107245359752502));
#5520=CARTESIAN_POINT('',(-0.100584,-0.0378085578440097,0.0943603124111182));
#5521=CARTESIAN_POINT('',(-0.100584,0.0583667448279403,0.120130407093886));
#5522=CARTESIAN_POINT('',(-0.100584,0.0414205263417786,0.0900954056399344));
#5523=CARTESIAN_POINT('',(-0.100584,0.0584917955842922,0.119663711317656));
#5524=CARTESIAN_POINT('',(-0.100584,0.0595820978842227,0.119520170296745));
#5525=CARTESIAN_POINT('',(-0.100584,0.0581037846781162,0.121111787733396));
#5526=CARTESIAN_POINT('',(0.100584,0.0102790934919653,0.107245359752502));
#5527=CARTESIAN_POINT('',(0.100584,-0.0378085578440097,0.0943603124111182));
#5528=CARTESIAN_POINT('',(0.100584,0.0115649065080347,0.102446640247498));
#5529=CARTESIAN_POINT('',(0.100584,-0.0365227448279403,0.0895615929061141));
#5530=CARTESIAN_POINT('',(0.100584,-0.0380715179938338,0.0953416930506279));
#5531=CARTESIAN_POINT('',(0.100584,-0.0365227448279404,0.0895615929061141));
#5532=CARTESIAN_POINT('',(0.100584,-0.0378085578440097,0.0943603124111182));
#5533=CARTESIAN_POINT('',(-4.28952698862783E-18,0.055989995435795,0.113298466350075));
#5534=CARTESIAN_POINT('',(-0.1016,0.0568767269436985,0.114834330374436));
#5535=CARTESIAN_POINT('',(-0.1016,0.0566946697949755,0.114518998142967));
#5536=CARTESIAN_POINT('',(-0.101483392946032,0.0564251681444234,0.114052207591487));
#5537=CARTESIAN_POINT('',(-0.101078823215321,0.0561198739711151,0.113523422572062));
#5538=CARTESIAN_POINT('',(-0.100761911402439,0.0560163475508957,0.113344109552317));
#5539=CARTESIAN_POINT('',(-0.100584,0.0559975433746815,0.113311539763719));
#5540=CARTESIAN_POINT('',(-0.1016,0.0568767269436985,0.114834330374436));
#5541=CARTESIAN_POINT('',(-0.1016,0.0595820978842227,0.119520170296745));
#5542=CARTESIAN_POINT('',(-0.100684275605319,0.0595820978842227,0.119520170296745));
#5543=CARTESIAN_POINT('',(-0.100684275605319,0.0595820978842227,0.119520170296745));
#5544=CARTESIAN_POINT('',(-0.100982754605549,0.0595820978842227,0.119520170296745));
#5545=CARTESIAN_POINT('',(-0.101493115692793,0.0593744817480143,0.119160568600361));
#5546=CARTESIAN_POINT('',(-0.1016,0.0590758753372895,0.11864336712552));
#5547=CARTESIAN_POINT('',(-0.1016,0.0589279440792118,0.118387142670501));
#5548=CARTESIAN_POINT('',(-0.1016,0.0589279440792118,0.118387142670501));
#5549=CARTESIAN_POINT('',(-0.1016,0.0559899954357951,0.113298466350075));
#5550=CARTESIAN_POINT('',(0.,0.00635,0.));
#5551=CARTESIAN_POINT('',(-0.0889,0.08255,0.));
#5552=CARTESIAN_POINT('',(-0.0889,0.07897576362049,0.));
#5553=CARTESIAN_POINT('',(-0.0889,0.0772119357657551,0.));
#5554=CARTESIAN_POINT('',(-0.089916,0.077216,0.));
#5555=CARTESIAN_POINT('',(-0.0881395477945781,0.0762294699386962,0.));
#5556=CARTESIAN_POINT('',(-0.0885715148244612,0.0763365069898248,0.));
#5557=CARTESIAN_POINT('',(-0.0889,0.0767619302100444,0.));
#5558=CARTESIAN_POINT('',(-0.0889,0.0772119357657551,0.));
#5559=CARTESIAN_POINT('',(-1.0248770022055E-17,0.0738501709637326,0.0131732788653353));
#5560=CARTESIAN_POINT('',(-0.100441726277001,0.055989995435795,0.113298466350075));
#5561=CARTESIAN_POINT('',(-0.0963505109842351,0.062728376026574,0.0755227110704076));
#5562=CARTESIAN_POINT('',(-0.0921120846195458,0.0694639654295898,0.0377626033524147));
#5563=CARTESIAN_POINT('',(-0.0878976042274224,0.0762,-3.7295653634905E-18));
#5564=CARTESIAN_POINT('',(0.0878976042274224,0.0762,-3.98501961687416E-18));
#5565=CARTESIAN_POINT('',(0.0921120846195139,0.0694639654296409,0.0377626033521287));
#5566=CARTESIAN_POINT('',(0.096350510984462,0.0627283760262004,0.0755227110725019));
#5567=CARTESIAN_POINT('',(0.100441726277001,0.055989995435795,0.113298466350075));
#5568=CARTESIAN_POINT('',(-0.0889,0.0878911242901959,0.));
#5569=CARTESIAN_POINT('',(-0.1016,0.059296744741912,0.119025924156163));
#5570=CARTESIAN_POINT('',(-0.0889,0.0843101637909467,0.));
#5571=CARTESIAN_POINT('',(-0.1016,0.0582838961610399,0.117271618953719));
#5572=CARTESIAN_POINT('',(-0.0889,0.0807292032916975,0.));
#5573=CARTESIAN_POINT('',(-0.1016,0.0572710475801678,0.115517313751274));
#5574=CARTESIAN_POINT('',(-0.0889,0.0771482427924483,0.));
#5575=CARTESIAN_POINT('',(-0.1016,0.0562581989992957,0.113763008548829));
#5576=CARTESIAN_POINT('',(-0.0889,0.0889,0.));
#5577=CARTESIAN_POINT('',(-0.0888988832734467,0.0878709722456185,-4.85815899972375E-7));
#5578=CARTESIAN_POINT('',(-0.0889,0.0772119357657551,-1.32916574412922E-19));
#5579=CARTESIAN_POINT('',(-0.091035497277245,0.0738083602117239,0.0191344274842842));
#5580=CARTESIAN_POINT('',(-0.0952979196505947,0.0670072248849169,0.0574052933521774));
#5581=CARTESIAN_POINT('',(-0.0995378768912449,0.0602316465586538,0.0956832505318173));
#5582=CARTESIAN_POINT('',(-0.1016,0.0568767269436984,0.114834330374436));
#5583=CARTESIAN_POINT('',(-0.1016,0.0589279440792118,0.118387142670501));
#5584=CARTESIAN_POINT('',(-0.0973202075715874,0.0684921162530561,0.0789129676088445));
#5585=CARTESIAN_POINT('',(-0.0931112604778327,0.0781670059107824,0.0394580918138425));
#5586=CARTESIAN_POINT('',(-0.0889,0.0878274313168891,0.));
#5587=CARTESIAN_POINT('',(0.,0.0838544393156498,0.0205692163734858));
#5588=CARTESIAN_POINT('',(0.1135,0.0889,0.));
#5589=CARTESIAN_POINT('',(0.0878835484638595,0.0888996388651444,-4.93951792549835E-10));
#5590=CARTESIAN_POINT('',(-0.0878835446051634,0.0888996374890307,1.78383632772908E-10));
#5591=CARTESIAN_POINT('',(-0.08785239723967,0.0889,3.79214256862886E-18));
#5592=CARTESIAN_POINT('',(-0.0921046317034189,0.0791267437043047,0.0398425935185391));
#5593=CARTESIAN_POINT('',(-0.0963477184825667,0.0693532524889448,0.0796861447331033));
#5594=CARTESIAN_POINT('',(-0.100684275605319,0.0595820978842227,0.119520170296745));
#5595=CARTESIAN_POINT('',(0.100684275605319,0.0595820978842227,0.119520170296745));
#5596=CARTESIAN_POINT('',(0.0963477184826397,0.0693532524887803,0.0796861447337741));
#5597=CARTESIAN_POINT('',(0.092104631703406,0.0791267437043343,0.0398425935184186));
#5598=CARTESIAN_POINT('',(0.0878523972396699,0.0889,7.23071329784859E-18));
#5599=CARTESIAN_POINT('',(0.0889,0.0771482427924483,0.));
#5600=CARTESIAN_POINT('',(0.1016,0.0562581989992956,0.113763008548829));
#5601=CARTESIAN_POINT('',(0.0889,0.0807292032916975,0.));
#5602=CARTESIAN_POINT('',(0.1016,0.0572710475801677,0.115517313751274));
#5603=CARTESIAN_POINT('',(0.0889,0.0843101637909467,0.));
#5604=CARTESIAN_POINT('',(0.1016,0.0582838961610398,0.117271618953719));
#5605=CARTESIAN_POINT('',(0.0889,0.0878911242901959,0.));
#5606=CARTESIAN_POINT('',(0.1016,0.059296744741912,0.119025924156163));
#5607=CARTESIAN_POINT('',(0.1016,0.0568767269436985,0.114834330374436));
#5608=CARTESIAN_POINT('',(0.0995378769103682,0.0602316465275417,0.095683250709417));
#5609=CARTESIAN_POINT('',(0.0952979197525594,0.0670072247222367,0.0574052942686766));
#5610=CARTESIAN_POINT('',(0.0910354972871231,0.0738083601959803,0.0191344275727936));
#5611=CARTESIAN_POINT('',(0.0889,0.0772119357657552,0.));
#5612=CARTESIAN_POINT('',(0.0889,0.0772119357657551,0.));
#5613=CARTESIAN_POINT('',(0.0889,0.08255,0.));
#5614=CARTESIAN_POINT('',(0.0889,0.07897576362049,0.));
#5615=CARTESIAN_POINT('',(0.0889,0.0889,0.));
#5616=CARTESIAN_POINT('',(0.0888989377735634,0.0878707185376958,3.4910190935375E-8));
#5617=CARTESIAN_POINT('',(0.0889,0.0878274313168891,5.41449975389567E-19));
#5618=CARTESIAN_POINT('',(0.0931112604657209,0.0781670059385664,0.0394580917003584));
#5619=CARTESIAN_POINT('',(0.0973202075381483,0.0684921163277834,0.0789129673004229));
#5620=CARTESIAN_POINT('',(0.1016,0.0589279440792118,0.118387142670501));
#5621=CARTESIAN_POINT('',(0.,0.00635,0.));
#5622=CARTESIAN_POINT('',(0.0889,0.0772119357657551,1.32916574412922E-19));
#5623=CARTESIAN_POINT('',(0.0889,0.0767612980164921,1.32916574412922E-19));
#5624=CARTESIAN_POINT('',(0.0885751244363241,0.0763374014150535,0.));
#5625=CARTESIAN_POINT('',(0.088139547794578,0.0762294699386963,0.));
#5626=CARTESIAN_POINT('',(0.089916,0.077216,0.));
#5627=CARTESIAN_POINT('',(-0.0878133986449582,0.0763345838431432,-0.000754484887679557));
#5628=CARTESIAN_POINT('',(-0.0888035075624744,0.0763536876719634,-0.000861582068181015));
#5629=CARTESIAN_POINT('',(-0.0888231226363103,0.0773344627182992,-0.000688822153109019));
#5630=CARTESIAN_POINT('',(-0.0899743458637887,0.072880856825404,0.0186073105566784));
#5631=CARTESIAN_POINT('',(-0.0909836945111934,0.0728842387621033,0.0185883512241283));
#5632=CARTESIAN_POINT('',(-0.090984268309628,0.0738900595257933,0.0186747229530426));
#5633=CARTESIAN_POINT('',(-0.0942880318924031,0.0659732470604837,0.0573317744737432));
#5634=CARTESIAN_POINT('',(-0.0953560139776014,0.0659250503131976,0.0576019682530895));
#5635=CARTESIAN_POINT('',(-0.0952977080257363,0.0670073476404054,0.0574041144989615));
#5636=CARTESIAN_POINT('',(-0.0985792529586008,0.0590651953355287,0.0960587160445839));
#5637=CARTESIAN_POINT('',(-0.0997285502637833,0.0589691681201057,0.0965970502260784));
#5638=CARTESIAN_POINT('',(-0.0995890273039947,0.0601505036014111,0.0961407906504578));
#5639=CARTESIAN_POINT('',(-0.100672066629311,0.0556101793766957,0.115427737368019));
#5640=CARTESIAN_POINT('',(-0.101819758102249,0.0556316175094238,0.11530755394343));
#5641=CARTESIAN_POINT('',(-0.101674209899361,0.0567559556574445,0.115523838052127));
#5642=CARTESIAN_POINT('',(-0.088786103350481,0.0880887129728629,-0.00106719615056601));
#5643=CARTESIAN_POINT('',(-0.0888128140138065,0.0891015368490404,-0.00082160443892796));
#5644=CARTESIAN_POINT('',(-0.0877758526784192,0.089075931241482,-0.000717218164499158));
#5645=CARTESIAN_POINT('',(-0.0930899925988365,0.0782151747192993,0.0392605239599044));
#5646=CARTESIAN_POINT('',(-0.0930586809657337,0.0792998819287746,0.0391367616548365));
#5647=CARTESIAN_POINT('',(-0.0920792940710964,0.0791846843084016,0.0396063872974595));
#5648=CARTESIAN_POINT('',(-0.0973906570346879,0.0683243926932807,0.0795850166811056));
#5649=CARTESIAN_POINT('',(-0.0971392561361581,0.0698851824278149,0.0775176281449722));
#5650=CARTESIAN_POINT('',(-0.0963726346718116,0.0692931757073008,0.0799310595003547));
#5651=CARTESIAN_POINT('',(-0.101767117149641,0.0585546814228972,0.119928097568674));
#5652=CARTESIAN_POINT('',(-0.101664770832521,0.0594268232989349,0.120153177556373));
#5653=CARTESIAN_POINT('',(-0.100763285965454,0.0594041068908889,0.120245785443099));
#5654=CARTESIAN_POINT('',(-0.0888991145753615,0.0878709816499719,0.));
#5655=CARTESIAN_POINT('',(-0.0888952156296071,0.08796687698423,0.));
#5656=CARTESIAN_POINT('',(-0.0888787626273079,0.0880606237135596,0.));
#5657=CARTESIAN_POINT('',(-0.0888498801878736,0.0881522431663558,0.));
#5658=CARTESIAN_POINT('',(-0.088855864443146,0.0881541296640939,-9.33130535203022E-7));
#5659=CARTESIAN_POINT('',(-0.0888498801878823,0.0881522431663578,0.));
#5660=CARTESIAN_POINT('',(-0.0887180688738905,0.0885703685289243,0.));
#5661=CARTESIAN_POINT('',(-0.08831556281437,0.0888860328877374,0.));
#5662=CARTESIAN_POINT('',(-0.0878835407521408,0.0888995140133827,0.));
#5663=CARTESIAN_POINT('',(0.0888231226363017,0.0773344627183129,-0.000688822153186167));
#5664=CARTESIAN_POINT('',(0.0888035075624658,0.0763536876719773,-0.000861582068258151));
#5665=CARTESIAN_POINT('',(0.0878133986449496,0.076334583843157,-0.000754484887756697));
#5666=CARTESIAN_POINT('',(0.0909842683098318,0.0738900595237647,0.0186747229548729));
#5667=CARTESIAN_POINT('',(0.0909836945128101,0.0728842387571131,0.0185883512360567));
#5668=CARTESIAN_POINT('',(0.0899743458638906,0.0728808568250278,0.0186073105587871));
#5669=CARTESIAN_POINT('',(0.0952977080258992,0.0670073476408611,0.0574041144997998));
#5670=CARTESIAN_POINT('',(0.0953560139772526,0.0659250503141649,0.0576019682567651));
#5671=CARTESIAN_POINT('',(0.0942880318927378,0.0659732470603642,0.0573317744744125));
#5672=CARTESIAN_POINT('',(0.0995890273062586,0.0601505035980643,0.0961407906721265));
#5673=CARTESIAN_POINT('',(0.0997285502660409,0.0589691681181816,0.0965970502348675));
#5674=CARTESIAN_POINT('',(0.0985792529606235,0.0590651953316539,0.0960587160663069));
#5675=CARTESIAN_POINT('',(0.101674209899277,0.0567559556575806,0.11552383805135));
#5676=CARTESIAN_POINT('',(0.101819758102162,0.0556316175095623,0.115307553942654));
#5677=CARTESIAN_POINT('',(0.100672066629228,0.0556101793768343,0.115427737367243));
#5678=CARTESIAN_POINT('',(0.0877758537549403,0.0890759287671516,-0.000717208077406529));
#5679=CARTESIAN_POINT('',(0.0888128150856785,0.089101534374606,-0.000821594351411267));
#5680=CARTESIAN_POINT('',(0.0887861044271141,0.0880887105029624,-0.00106718606244409));
#5681=CARTESIAN_POINT('',(0.0920792346261051,0.0791848209463869,0.0396058302659498));
#5682=CARTESIAN_POINT('',(0.0930586228592837,0.0793000160670742,0.039136214805389));
#5683=CARTESIAN_POINT('',(0.0930899331465721,0.0782153111155939,0.0392599668721291));
#5684=CARTESIAN_POINT('',(0.0963725163839997,0.0692934514972421,0.0799299351886413));
#5685=CARTESIAN_POINT('',(0.0971391539174136,0.0698854177202474,0.0775166689421313));
#5686=CARTESIAN_POINT('',(0.0973905378727384,0.0683246704832185,0.0795838928838772));
#5687=CARTESIAN_POINT('',(0.100763101810673,0.0594045216631028,0.12024409454293));
#5688=CARTESIAN_POINT('',(0.101664591312106,0.0594272381664161,0.120151486267828));
#5689=CARTESIAN_POINT('',(0.101766933590047,0.0585550911890696,0.119926405479256));
#5690=CARTESIAN_POINT('',(0.087884,0.087884,0.));
#5691=CARTESIAN_POINT('',(0.1135,0.0762,-0.01));
#5692=CARTESIAN_POINT('',(-0.127,0.0762,-0.008984));
#5693=CARTESIAN_POINT('',(-0.089916,0.0762,-0.008984));
#5694=CARTESIAN_POINT('',(-0.117,0.0762,-0.008984));
#5695=CARTESIAN_POINT('',(-0.117,0.0762,-0.001016));
#5696=CARTESIAN_POINT('',(-0.117,0.0762,-0.001016));
#5697=CARTESIAN_POINT('',(0.1135,0.0762,-0.001016));
#5698=CARTESIAN_POINT('',(-0.089916,0.0762,-0.001016));
#5699=CARTESIAN_POINT('',(-0.089916,0.0762,-0.01));
#5700=CARTESIAN_POINT('',(-0.127,-0.0162,-0.01));
#5701=CARTESIAN_POINT('',(-0.127,0.0762,-0.001016));
#5702=CARTESIAN_POINT('',(-0.127,-0.0662,-0.001016));
#5703=CARTESIAN_POINT('',(-0.127,0.0662,-0.001016));
#5704=CARTESIAN_POINT('',(-0.127,0.0662,-0.008984));
#5705=CARTESIAN_POINT('',(-0.127,0.0662,-0.008984));
#5706=CARTESIAN_POINT('',(-0.127,-0.0162,-0.008984));
#5707=CARTESIAN_POINT('',(-0.127,-0.0662,-0.008984));
#5708=CARTESIAN_POINT('',(-0.127,-0.0662,-0.01));
#5709=CARTESIAN_POINT('',(-0.117,-0.0662,-0.01));
#5710=CARTESIAN_POINT('',(-0.117,-0.0662,-0.008984));
#5711=CARTESIAN_POINT('',(-0.117,-0.0762,-0.008984));
#5712=CARTESIAN_POINT('',(-0.117,-0.0762,-0.01));
#5713=CARTESIAN_POINT('',(-0.117,-0.0762,-0.001016));
#5714=CARTESIAN_POINT('',(-0.117,-0.0662,-0.001016));
#5715=CARTESIAN_POINT('',(0.,-0.0762,-0.01));
#5716=CARTESIAN_POINT('',(0.,-0.0762,-0.008984));
#5717=CARTESIAN_POINT('',(0.117,-0.0762,-0.008984));
#5718=CARTESIAN_POINT('',(0.117,-0.0762,-0.01));
#5719=CARTESIAN_POINT('',(0.117,-0.0762,-0.001016));
#5720=CARTESIAN_POINT('',(-0.117,-0.0762,-0.001016));
#5721=CARTESIAN_POINT('',(0.117,-0.0662,-0.01));
#5722=CARTESIAN_POINT('',(0.117,-0.0662,-0.008984));
#5723=CARTESIAN_POINT('',(0.127,-0.0662,-0.008984));
#5724=CARTESIAN_POINT('',(0.127,-0.0662,-0.01));
#5725=CARTESIAN_POINT('',(0.127,-0.0662,-0.001016));
#5726=CARTESIAN_POINT('',(0.117,-0.0662,-0.001016));
#5727=CARTESIAN_POINT('',(0.127,-0.0162,-0.01));
#5728=CARTESIAN_POINT('',(0.127,0.0762,-0.008984));
#5729=CARTESIAN_POINT('',(0.127,0.0662,-0.008984));
#5730=CARTESIAN_POINT('',(0.127,0.0662,-0.01));
#5731=CARTESIAN_POINT('',(0.127,0.0662,-0.001016));
#5732=CARTESIAN_POINT('',(0.127,-0.0162,-0.001016));
#5733=CARTESIAN_POINT('',(0.1135,0.0762,-0.01));
#5734=CARTESIAN_POINT('',(0.1135,0.0762,-0.001016));
#5735=CARTESIAN_POINT('',(0.089916,0.0762,-0.001016));
#5736=CARTESIAN_POINT('',(0.117,0.0762,-0.001016));
#5737=CARTESIAN_POINT('',(0.117,0.0762,-0.01));
#5738=CARTESIAN_POINT('',(0.117,0.0762,-0.008984));
#5739=CARTESIAN_POINT('',(0.0889,0.0762,-0.008984));
#5740=CARTESIAN_POINT('',(0.089916,0.0762,-0.008984));
#5741=CARTESIAN_POINT('',(0.089916,0.0762,-0.01));
#5742=CARTESIAN_POINT('',(0.0889,0.0889,-0.005));
#5743=CARTESIAN_POINT('',(0.0889,0.087884,0.));
#5744=CARTESIAN_POINT('',(0.0889,0.087884,-0.008984));
#5745=CARTESIAN_POINT('',(0.0889,0.07897576362049,0.));
#5746=CARTESIAN_POINT('',(0.0889,0.0786235630609314,1.20269798999701E-18));
#5747=CARTESIAN_POINT('',(0.0889,0.0779598780340714,-0.000271429004927579));
#5748=CARTESIAN_POINT('',(0.0889,0.0774611596990614,-0.000770841507395492));
#5749=CARTESIAN_POINT('',(0.0889,0.077216,-0.001016));
#5750=CARTESIAN_POINT('',(0.0889,0.077216,-0.001016));
#5751=CARTESIAN_POINT('',(0.0889,0.077216,-0.005));
#5752=CARTESIAN_POINT('',(0.0889,0.077216,-0.008984));
#5753=CARTESIAN_POINT('',(0.0889,0.0889,-0.008984));
#5754=CARTESIAN_POINT('',(-0.0889,0.0889,-0.005));
#5755=CARTESIAN_POINT('',(-0.0889,0.087884,-0.01));
#5756=CARTESIAN_POINT('',(-0.0889,0.087884,-0.008984));
#5757=CARTESIAN_POINT('',(-0.0889,0.0889,-0.008984));
#5758=CARTESIAN_POINT('',(-0.0889,0.077216,-0.008984));
#5759=CARTESIAN_POINT('',(-0.0889,0.077216,-0.005));
#5760=CARTESIAN_POINT('',(-0.0889,0.077216,-0.001016));
#5761=CARTESIAN_POINT('',(-0.0889,0.07897576362049,0.));
#5762=CARTESIAN_POINT('',(-0.0889,0.0786235630609314,1.20269798999702E-18));
#5763=CARTESIAN_POINT('',(-0.0889,0.0779598780340708,-0.000271429004927056));
#5764=CARTESIAN_POINT('',(-0.0889,0.0774611596990625,-0.000770841507396581));
#5765=CARTESIAN_POINT('',(-0.0889,0.077216,-0.001016));
#5766=CARTESIAN_POINT('',(0.,0.0889,-0.005));
#5767=CARTESIAN_POINT('',(-0.0889,0.0889,-0.008984));
#5768=CARTESIAN_POINT('',(0.087884,0.0889,-0.008984));
#5769=CARTESIAN_POINT('',(-0.087884,0.0889,-0.008984));
#5770=CARTESIAN_POINT('',(-0.087884,0.0889,0.));
#5771=CARTESIAN_POINT('',(0.087884,0.0889,-0.01));
#5772=CARTESIAN_POINT('',(0.1135,0.075184,-0.008984));
#5773=CARTESIAN_POINT('',(-0.117,0.075184,-0.008984));
#5774=CARTESIAN_POINT('',(-0.089916,0.075184,-0.008984));
#5775=CARTESIAN_POINT('',(-0.089916,0.077216,-0.008984));
#5776=CARTESIAN_POINT('',(-0.089916,0.077216,-0.008984));
#5777=CARTESIAN_POINT('',(-0.087884,0.077216,-0.008984));
#5778=CARTESIAN_POINT('',(-0.125984,0.,-0.008984));
#5779=CARTESIAN_POINT('',(-0.125984,0.0662,-0.008984));
#5780=CARTESIAN_POINT('',(-0.125984,-0.0662,-0.008984));
#5781=CARTESIAN_POINT('',(-0.089916,0.077216,-0.005));
#5782=CARTESIAN_POINT('',(-0.089916,0.077216,-0.001016));
#5783=CARTESIAN_POINT('',(-0.087884,0.087884,-0.005));
#5784=CARTESIAN_POINT('',(-0.087884,0.087884,-0.008984));
#5785=CARTESIAN_POINT('',(-0.087884,0.0889,-0.008984));
#5786=CARTESIAN_POINT('',(-0.087884,0.087884,-0.008984));
#5787=CARTESIAN_POINT('',(-0.117,-0.0662,-0.008984));
#5788=CARTESIAN_POINT('',(-0.117,-0.075184,-0.008984));
#5789=CARTESIAN_POINT('',(-0.089916,0.077216,-0.001016));
#5790=CARTESIAN_POINT('',(-0.089916,0.075184,-0.001016));
#5791=CARTESIAN_POINT('',(-0.087884,0.087884,-0.008984));
#5792=CARTESIAN_POINT('',(-0.087884,0.087884,-0.008984));
#5793=CARTESIAN_POINT('',(8.91784272258737E-18,-0.075184,-0.008984));
#5794=CARTESIAN_POINT('',(0.117,-0.075184,-0.008984));
#5795=CARTESIAN_POINT('',(0.,0.075184,-0.001016));
#5796=CARTESIAN_POINT('',(-0.117,0.075184,-0.001016));
#5797=CARTESIAN_POINT('',(0.087884,0.087884,-0.005));
#5798=CARTESIAN_POINT('',(0.087884,0.087884,-0.008984));
#5799=CARTESIAN_POINT('',(0.,0.087884,-0.008984));
#5800=CARTESIAN_POINT('',(0.087884,0.087884,-0.008984));
#5801=CARTESIAN_POINT('',(0.117,-0.0662,-0.008984));
#5802=CARTESIAN_POINT('',(0.125984,-0.0662,-0.008984));
#5803=CARTESIAN_POINT('',(-0.125984,-0.0162,-0.001016));
#5804=CARTESIAN_POINT('',(-0.125984,0.0662,-0.001016));
#5805=CARTESIAN_POINT('',(-0.125984,-0.0662,-0.001016));
#5806=CARTESIAN_POINT('',(0.087884,0.087884,-0.008984));
#5807=CARTESIAN_POINT('',(0.087884,0.087884,-0.008984));
#5808=CARTESIAN_POINT('',(0.125984,-0.0162,-0.008984));
#5809=CARTESIAN_POINT('',(0.125984,0.0662,-0.008984));
#5810=CARTESIAN_POINT('',(-0.117,-0.0662,-0.001016));
#5811=CARTESIAN_POINT('',(-0.117,-0.075184,-0.001016));
#5812=CARTESIAN_POINT('',(0.087884,0.,-0.008984));
#5813=CARTESIAN_POINT('',(0.087884,0.077216,-0.008984));
#5814=CARTESIAN_POINT('',(0.1135,0.075184,-0.008984));
#5815=CARTESIAN_POINT('',(0.117,0.075184,-0.008984));
#5816=CARTESIAN_POINT('',(0.089916,0.075184,-0.008984));
#5817=CARTESIAN_POINT('',(-1.20511388143073E-19,-0.075184,-0.001016));
#5818=CARTESIAN_POINT('',(0.117,-0.075184,-0.001016));
#5819=CARTESIAN_POINT('',(0.089916,0.077216,-0.008984));
#5820=CARTESIAN_POINT('',(0.089916,0.077216,-0.008984));
#5821=CARTESIAN_POINT('',(0.117,-0.0662,-0.001016));
#5822=CARTESIAN_POINT('',(0.125984,-0.0662,-0.001016));
#5823=CARTESIAN_POINT('',(0.089916,0.077216,-0.005));
#5824=CARTESIAN_POINT('',(0.089916,0.077216,-0.001016));
#5825=CARTESIAN_POINT('',(0.125984,0.,-0.001016));
#5826=CARTESIAN_POINT('',(0.125984,0.0662,-0.001016));
#5827=CARTESIAN_POINT('',(0.089916,0.077216,-0.001016));
#5828=CARTESIAN_POINT('',(0.089916,0.075184,-0.001016));
#5829=CARTESIAN_POINT('',(0.,0.075184,-0.001016));
#5830=CARTESIAN_POINT('',(0.117,0.075184,-0.001016));
#5831=CARTESIAN_POINT('',(0.062992,-0.0467341125711945,0.0893970911978306));
#5832=CARTESIAN_POINT('',(0.062992,-0.0416410890843687,0.104737991163694));
#5833=CARTESIAN_POINT('',(0.062992,-0.0502281696800785,0.102437089852733));
#5834=CARTESIAN_POINT('',(0.062992,-0.0492467890405688,0.102700050002557));
#5835=CARTESIAN_POINT('',(0.062992,-0.0461616660229468,0.0911862141531914));
#5836=CARTESIAN_POINT('',(0.062992,-0.0461616660229468,0.0911862141531915));
#5837=CARTESIAN_POINT('',(0.062992,-0.042236143464908,0.0922380547524881));
#5838=CARTESIAN_POINT('',(0.062992,-0.0411843028656114,0.0883125321944493));
#5839=CARTESIAN_POINT('',(0.062992,-0.0460912060631598,0.0869977314453285));
#5840=CARTESIAN_POINT('',(0.062992,-0.0378085578440097,0.0943603124111182));
#5841=CARTESIAN_POINT('',(0.037592,-0.0467341125711945,0.0893970911978306));
#5842=CARTESIAN_POINT('',(0.037592,-0.0502281696800785,0.102437089852733));
#5843=CARTESIAN_POINT('',(0.037592,-0.0492467890405688,0.102700050002557));
#5844=CARTESIAN_POINT('',(0.037592,-0.0416410890843687,0.104737991163694));
#5845=CARTESIAN_POINT('',(0.037592,-0.0378085578440097,0.0943603124111182));
#5846=CARTESIAN_POINT('',(0.037592,-0.0460912060631598,0.0869977314453285));
#5847=CARTESIAN_POINT('',(0.037592,-0.0411843028656114,0.0883125321944493));
#5848=CARTESIAN_POINT('',(0.037592,-0.042236143464908,0.0922380547524881));
#5849=CARTESIAN_POINT('',(0.037592,-0.0461616660229468,0.0911862141531915));
#5850=CARTESIAN_POINT('',(0.037592,-0.0492467890405688,0.102700050002557));
#5851=CARTESIAN_POINT('',(1.02412703389396E-19,-0.0467341125711945,0.0893970911978306));
#5852=CARTESIAN_POINT('',(-3.38930583857724E-19,-0.0499652095302544,0.101455709213223));
#5853=CARTESIAN_POINT('',(0.061976,-0.0499652095302544,0.101455709213223));
#5854=CARTESIAN_POINT('',(0.038608,-0.0499652095302544,0.101455709213223));
#5855=CARTESIAN_POINT('',(0.038608,-0.0471430466624565,0.0909232540033673));
#5856=CARTESIAN_POINT('',(0.061976,-0.0502281696800785,0.102437089852733));
#5857=CARTESIAN_POINT('',(-0.062992,-0.0467341125711945,0.0893970911978306));
#5858=CARTESIAN_POINT('',(-0.062992,-0.0502281696800785,0.102437089852733));
#5859=CARTESIAN_POINT('',(-0.062992,-0.0492467890405688,0.102700050002557));
#5860=CARTESIAN_POINT('',(-0.062992,-0.0416410890843687,0.104737991163694));
#5861=CARTESIAN_POINT('',(-0.062992,-0.0378085578440097,0.0943603124111182));
#5862=CARTESIAN_POINT('',(-0.062992,-0.0411843028656114,0.0883125321944493));
#5863=CARTESIAN_POINT('',(-0.062992,-0.0411843028656114,0.0883125321944493));
#5864=CARTESIAN_POINT('',(-0.062992,-0.042236143464908,0.0922380547524881));
#5865=CARTESIAN_POINT('',(-0.062992,-0.0461616660229468,0.0911862141531914));
#5866=CARTESIAN_POINT('',(-0.062992,-0.0457527319316848,0.0896600513476547));
#5867=CARTESIAN_POINT('',(-0.037592,-0.0467341125711945,0.0893970911978306));
#5868=CARTESIAN_POINT('',(-0.037592,-0.0416410890843687,0.104737991163694));
#5869=CARTESIAN_POINT('',(-0.037592,-0.0502281696800785,0.102437089852733));
#5870=CARTESIAN_POINT('',(-0.037592,-0.0492467890405688,0.102700050002557));
#5871=CARTESIAN_POINT('',(-0.037592,-0.0457527319316848,0.0896600513476547));
#5872=CARTESIAN_POINT('',(-0.037592,-0.0461616660229468,0.0911862141531914));
#5873=CARTESIAN_POINT('',(-0.037592,-0.042236143464908,0.0922380547524881));
#5874=CARTESIAN_POINT('',(-0.037592,-0.0411843028656114,0.0883125321944493));
#5875=CARTESIAN_POINT('',(-0.037592,-0.03750412546745,0.0892986327562899));
#5876=CARTESIAN_POINT('',(-0.037592,-0.0378085578440097,0.0943603124111182));
#5877=CARTESIAN_POINT('',(1.02412703389396E-19,-0.0467341125711945,0.0893970911978306));
#5878=CARTESIAN_POINT('',(-0.038608,-0.0467341125711945,0.0893970911978306));
#5879=CARTESIAN_POINT('',(-0.038608,-0.0499652095302544,0.101455709213223));
#5880=CARTESIAN_POINT('',(-3.38930583857724E-19,-0.0499652095302544,0.101455709213223));
#5881=CARTESIAN_POINT('',(-0.061976,-0.0499652095302544,0.101455709213223));
#5882=CARTESIAN_POINT('',(-0.061976,-0.0467341125711945,0.0893970911978306));
#5883=CARTESIAN_POINT('',(0.050292,-0.0416410890843687,0.104737991163694));
#5884=CARTESIAN_POINT('',(9.92017029559831E-18,0.00311322867610883,0.11672987446542));
#5885=CARTESIAN_POINT('',(1.01724648488549E-17,-0.0492467890405688,0.102700050002557));
#5886=CARTESIAN_POINT('',(-0.050292,-0.0416410890843687,0.104737991163694));
#5887=CARTESIAN_POINT('',(9.92017029559831E-18,0.00311322867610883,0.11672987446542));
#5888=CARTESIAN_POINT('',(1.01724648488549E-17,-0.0492467890405688,0.102700050002557));
#5889=CARTESIAN_POINT('',(0.038608,0.0115649065080347,0.102446640247498));
#5890=CARTESIAN_POINT('',(0.038608,-0.0365227448279404,0.0895615929061141));
#5891=CARTESIAN_POINT('',(0.038608,-0.0411843028656114,0.0883125321944493));
#5892=CARTESIAN_POINT('',(0.061976,-0.0460912060631598,0.0869977314453285));
#5893=CARTESIAN_POINT('',(0.061976,-0.0365227448279404,0.0895615929061141));
#5894=CARTESIAN_POINT('',(0.061976,-0.0411843028656114,0.0883125321944493));
#5895=CARTESIAN_POINT('',(0.038608,-0.042236143464908,0.0922380547524881));
#5896=CARTESIAN_POINT('',(0.038608,-0.0461616660229468,0.0911862141531915));
#5897=CARTESIAN_POINT('',(0.061976,-0.042236143464908,0.0922380547524881));
#5898=CARTESIAN_POINT('',(0.061976,-0.0461616660229468,0.0911862141531915));
#5899=CARTESIAN_POINT('',(0.038608,-0.0457527319316848,0.0896600513476547));
#5900=CARTESIAN_POINT('',(0.038608,-0.0489838288907447,0.101718669363047));
#5901=CARTESIAN_POINT('',(0.061976,-0.0457527319316848,0.0896600513476547));
#5902=CARTESIAN_POINT('',(0.061976,-0.0489838288907447,0.101718669363047));
#5903=CARTESIAN_POINT('',(1.02083832067404E-17,-0.0489838288907447,0.101718669363047));
#5904=CARTESIAN_POINT('',(-0.061976,0.0115649065080347,0.102446640247498));
#5905=CARTESIAN_POINT('',(-0.061976,-0.0365227448279404,0.0895615929061141));
#5906=CARTESIAN_POINT('',(-0.061976,-0.0411843028656114,0.0883125321944493));
#5907=CARTESIAN_POINT('',(-0.038608,-0.0460912060631598,0.0869977314453285));
#5908=CARTESIAN_POINT('',(-0.038608,-0.0365227448279404,0.0895615929061141));
#5909=CARTESIAN_POINT('',(-0.038608,-0.0411843028656114,0.0883125321944493));
#5910=CARTESIAN_POINT('',(-0.061976,-0.042236143464908,0.0922380547524881));
#5911=CARTESIAN_POINT('',(-0.061976,-0.0461616660229468,0.0911862141531914));
#5912=CARTESIAN_POINT('',(-0.038608,-0.042236143464908,0.0922380547524881));
#5913=CARTESIAN_POINT('',(-0.038608,-0.0461616660229468,0.0911862141531914));
#5914=CARTESIAN_POINT('',(-0.061976,-0.0457527319316848,0.0896600513476547));
#5915=CARTESIAN_POINT('',(-0.061976,-0.0489838288907447,0.101718669363047));
#5916=CARTESIAN_POINT('',(-0.038608,-0.0457527319316848,0.0896600513476547));
#5917=CARTESIAN_POINT('',(-0.038608,-0.0489838288907447,0.101718669363047));
#5918=CARTESIAN_POINT('',(1.02083832067404E-17,-0.0489838288907447,0.101718669363047));
#5919=CARTESIAN_POINT('',(-3.88094364317567E-18,-0.0365227448279404,0.0895615929061141));
#5920=CARTESIAN_POINT('',(-4.05657592858449E-18,-0.0378085578440097,0.0943603124111182));
#5921=CARTESIAN_POINT('',(-3.88094364317567E-18,-0.0365227448279404,0.0895615929061141));
#5922=CARTESIAN_POINT('',(-0.100584,-0.0365227448279403,0.0895615929061141));
#5923=CARTESIAN_POINT('',(-0.100584,-0.0365227448279404,0.0895615929061141));
#5924=CARTESIAN_POINT('',(-4.05657592858449E-18,-0.0378085578440097,0.0943603124111182));
#5925=CARTESIAN_POINT('',(-0.100584,-0.0378085578440097,0.0943603124111182));
#5926=CARTESIAN_POINT('',(-0.100584,-0.0378085578440097,0.0943603124111182));
#5927=CARTESIAN_POINT('',(-3.88094364317567E-18,-0.0365227448279404,0.0895615929061141));
#5928=CARTESIAN_POINT('',(0.100584,-0.0365227448279404,0.0895615929061141));
#5929=CARTESIAN_POINT('',(0.100584,-0.0365227448279404,0.0895615929061141));
#5930=CARTESIAN_POINT('',(-4.05657592858449E-18,-0.0378085578440097,0.0943603124111182));
#5931=CARTESIAN_POINT('',(0.100584,-0.0378085578440097,0.0943603124111182));
#5932=CARTESIAN_POINT('',(0.100584,-0.0378085578440097,0.0943603124111182));
#5933=CARTESIAN_POINT('',(-0.109245293575725,-0.0651988940488026,-0.0012192));
#5934=CARTESIAN_POINT('',(-0.108061967107157,-0.069584170339943,-0.0012192));
#5935=CARTESIAN_POINT('',(-0.108061967107157,-0.069584170339943,-0.0012192));
#5936=CARTESIAN_POINT('',(-0.109245293575725,-0.0651988940488026,-0.0012192));
#5937=CARTESIAN_POINT('',(-0.109250562627696,-0.0697410940063289,-0.0012192));
#5938=CARTESIAN_POINT('',(-0.109250562627696,-0.0697410940063289,-0.0012192));
#5939=CARTESIAN_POINT('',(-0.108061967107157,-0.0691488888438067,-0.0012192));
#5940=CARTESIAN_POINT('',(-0.108061967107157,-0.0687136285123415,-0.0012192));
#5941=CARTESIAN_POINT('',(-0.108061967107157,-0.0687136285123415,-0.0012192));
#5942=CARTESIAN_POINT('',(-0.108061967107157,-0.0691488888438067,-0.0012192));
#5943=CARTESIAN_POINT('',(-0.108742061375071,-0.0688057028132284,-0.0012192));
#5944=CARTESIAN_POINT('',(-0.108742061375071,-0.0688057028132284,0.));
#5945=CARTESIAN_POINT('',(-0.108584419011432,-0.0688057028132284,-0.0012192));
#5946=CARTESIAN_POINT('',(-0.108584419011432,-0.0688057028132284,0.));
#5947=CARTESIAN_POINT('',(-0.108357720922127,-0.0687750113795994,-0.0012192));
#5948=CARTESIAN_POINT('',(-0.108357720922127,-0.0687750113795994,0.));
#5949=CARTESIAN_POINT('',(-0.108061967107157,-0.0687136285123415,-0.0012192));
#5950=CARTESIAN_POINT('',(-0.108061967107157,-0.0687136285123415,0.));
#5951=CARTESIAN_POINT('',(-0.108742061375071,-0.0688057028132284,-0.0012192));
#5952=CARTESIAN_POINT('',(-0.108742061375071,-0.0688057028132284,-0.0012192));
#5953=CARTESIAN_POINT('',(-0.108742061375071,-0.0688057028132284,-0.0012192));
#5954=CARTESIAN_POINT('',(-0.108505597829612,-0.0688057028132284,-0.0012192));
#5955=CARTESIAN_POINT('',(-0.108061967107157,-0.0687136285123415,-0.0012192));
#5956=CARTESIAN_POINT('',(-0.109320664652235,-0.0685995819351067,-0.0012192));
#5957=CARTESIAN_POINT('',(-0.109320664652235,-0.0685995819351067,0.));
#5958=CARTESIAN_POINT('',(-0.109209756971621,-0.0687369958538545,-0.0012192));
#5959=CARTESIAN_POINT('',(-0.109209756971621,-0.0687369958538545,0.));
#5960=CARTESIAN_POINT('',(-0.109016889212567,-0.0688057028132284,-0.0012192));
#5961=CARTESIAN_POINT('',(-0.109016889212567,-0.0688057028132284,0.));
#5962=CARTESIAN_POINT('',(-0.108742061375071,-0.0688057028132284,-0.0012192));
#5963=CARTESIAN_POINT('',(-0.108742061375071,-0.0688057028132284,0.));
#5964=CARTESIAN_POINT('',(-0.109320664652235,-0.0685995819351067,-0.0012192));
#5965=CARTESIAN_POINT('',(-0.109320664652235,-0.0685995819351067,-0.0012192));
#5966=CARTESIAN_POINT('',(-0.109320664652235,-0.0685995819351067,-0.0012192));
#5967=CARTESIAN_POINT('',(-0.109154303131315,-0.0688057028132284,-0.0012192));
#5968=CARTESIAN_POINT('',(-0.108742061375071,-0.0688057028132284,-0.0012192));
#5969=CARTESIAN_POINT('',(-0.109487026173156,-0.0678828672066124,-0.0012192));
#5970=CARTESIAN_POINT('',(-0.109487026173156,-0.0678828672066124,0.));
#5971=CARTESIAN_POINT('',(-0.109487026173156,-0.0682232631068608,-0.0012192));
#5972=CARTESIAN_POINT('',(-0.109487026173156,-0.0682232631068608,0.));
#5973=CARTESIAN_POINT('',(-0.109431572332849,-0.0684621680163589,-0.0012192));
#5974=CARTESIAN_POINT('',(-0.109431572332849,-0.0684621680163589,0.));
#5975=CARTESIAN_POINT('',(-0.109320664652235,-0.0685995819351067,-0.0012192));
#5976=CARTESIAN_POINT('',(-0.109320664652235,-0.0685995819351067,0.));
#5977=CARTESIAN_POINT('',(-0.109487026173156,-0.0678828672066124,-0.0012192));
#5978=CARTESIAN_POINT('',(-0.109487026173156,-0.0678828672066124,-0.0012192));
#5979=CARTESIAN_POINT('',(-0.109487026173156,-0.0678828672066124,-0.0012192));
#5980=CARTESIAN_POINT('',(-0.109487026173156,-0.068393461056985,-0.0012192));
#5981=CARTESIAN_POINT('',(-0.109320664652235,-0.0685995819351067,-0.0012192));
#5982=CARTESIAN_POINT('',(-0.109487026173156,-0.0656500654101061,-0.0012192));
#5983=CARTESIAN_POINT('',(-0.109487026173156,-0.0634172636135999,-0.0012192));
#5984=CARTESIAN_POINT('',(-0.109487026173156,-0.0634172636135999,-0.0012192));
#5985=CARTESIAN_POINT('',(-0.109487026173156,-0.0656500654101061,-0.0012192));
#5986=CARTESIAN_POINT('',(-0.108833089377084,-0.0634172636135999,-0.0012192));
#5987=CARTESIAN_POINT('',(-0.108179152581013,-0.0634172636135999,-0.0012192));
#5988=CARTESIAN_POINT('',(-0.108179152581013,-0.0634172636135999,-0.0012192));
#5989=CARTESIAN_POINT('',(-0.108833089377084,-0.0634172636135999,-0.0012192));
#5990=CARTESIAN_POINT('',(-0.108179152581013,-0.0629893273742507,-0.0012192));
#5991=CARTESIAN_POINT('',(-0.108179152581013,-0.0625613911349016,-0.0012192));
#5992=CARTESIAN_POINT('',(-0.108179152581013,-0.0625613911349016,-0.0012192));
#5993=CARTESIAN_POINT('',(-0.108179152581013,-0.0629893273742507,-0.0012192));
#5994=CARTESIAN_POINT('',(-0.108833089377084,-0.0625613911349016,-0.0012192));
#5995=CARTESIAN_POINT('',(-0.109487026173156,-0.0625613911349016,-0.0012192));
#5996=CARTESIAN_POINT('',(-0.109487026173156,-0.0625613911349016,-0.0012192));
#5997=CARTESIAN_POINT('',(-0.108833089377084,-0.0625613911349016,-0.0012192));
#5998=CARTESIAN_POINT('',(-0.109487026173156,-0.0617693428874999,-0.0012192));
#5999=CARTESIAN_POINT('',(-0.109487026173156,-0.0609772946400982,-0.0012192));
#6000=CARTESIAN_POINT('',(-0.109487026173156,-0.0609772946400982,-0.0012192));
#6001=CARTESIAN_POINT('',(-0.109487026173156,-0.0617693428874999,-0.0012192));
#6002=CARTESIAN_POINT('',(-0.109879388250799,-0.0609772946400982,-0.0012192));
#6003=CARTESIAN_POINT('',(-0.110271750328441,-0.0609772946400982,-0.0012192));
#6004=CARTESIAN_POINT('',(-0.110271750328441,-0.0609772946400982,-0.0012192));
#6005=CARTESIAN_POINT('',(-0.109879388250799,-0.0609772946400982,-0.0012192));
#6006=CARTESIAN_POINT('',(-0.110445435941478,-0.0617693428874999,-0.0012192));
#6007=CARTESIAN_POINT('',(-0.110619121554515,-0.0625613911349016,-0.0012192));
#6008=CARTESIAN_POINT('',(-0.110619121554515,-0.0625613911349016,-0.0012192));
#6009=CARTESIAN_POINT('',(-0.110445435941478,-0.0617693428874999,-0.0012192));
#6010=CARTESIAN_POINT('',(-0.111050196690485,-0.0625613911349016,-0.0012192));
#6011=CARTESIAN_POINT('',(-0.111481271826455,-0.0625613911349016,-0.0012192));
#6012=CARTESIAN_POINT('',(-0.111481271826455,-0.0625613911349016,-0.0012192));
#6013=CARTESIAN_POINT('',(-0.111050196690485,-0.0625613911349016,-0.0012192));
#6014=CARTESIAN_POINT('',(-0.111481271826455,-0.0629893273742507,-0.0012192));
#6015=CARTESIAN_POINT('',(-0.111481271826455,-0.0634172636135999,-0.0012192));
#6016=CARTESIAN_POINT('',(-0.111481271826455,-0.0634172636135999,-0.0012192));
#6017=CARTESIAN_POINT('',(-0.111481271826455,-0.0629893273742507,-0.0012192));
#6018=CARTESIAN_POINT('',(-0.111072168966833,-0.0634172636135999,-0.0012192));
#6019=CARTESIAN_POINT('',(-0.110663066107211,-0.0634172636135999,-0.0012192));
#6020=CARTESIAN_POINT('',(-0.110663066107211,-0.0634172636135999,-0.0012192));
#6021=CARTESIAN_POINT('',(-0.111072168966833,-0.0634172636135999,-0.0012192));
#6022=CARTESIAN_POINT('',(-0.110663066107211,-0.0657777138726993,-0.0012192));
#6023=CARTESIAN_POINT('',(-0.110663066107211,-0.0681381641317987,-0.0012192));
#6024=CARTESIAN_POINT('',(-0.110663066107211,-0.0681381641317987,-0.0012192));
#6025=CARTESIAN_POINT('',(-0.110663066107211,-0.0657777138726993,-0.0012192));
#6026=CARTESIAN_POINT('',(-0.109250562627696,-0.0697410940063289,-0.0012192));
#6027=CARTESIAN_POINT('',(-0.109250562627696,-0.0697410940063289,0.));
#6028=CARTESIAN_POINT('',(-0.110192231614039,-0.0697410940063289,-0.0012192));
#6029=CARTESIAN_POINT('',(-0.110192231614039,-0.0697410940063289,0.));
#6030=CARTESIAN_POINT('',(-0.110663066107211,-0.0692067840481522,-0.0012192));
#6031=CARTESIAN_POINT('',(-0.110663066107211,-0.0692067840481522,0.));
#6032=CARTESIAN_POINT('',(-0.110663066107211,-0.0681381641317987,-0.0012192));
#6033=CARTESIAN_POINT('',(-0.110663066107211,-0.0681381641317987,0.));
#6034=CARTESIAN_POINT('',(-0.109250562627696,-0.0697410940063289,-0.0012192));
#6035=CARTESIAN_POINT('',(-0.110663066107211,-0.0697410940063289,-0.0012192));
#6036=CARTESIAN_POINT('',(-0.110663066107211,-0.0681381641317987,-0.0012192));
#6037=CARTESIAN_POINT('',(0.,0.,-0.0012192));
#6038=CARTESIAN_POINT('',(-0.0913274629209708,-0.0676819778228593,-0.0012192));
#6039=CARTESIAN_POINT('',(-0.0913274629209708,-0.0676819778228593,0.));
#6040=CARTESIAN_POINT('',(-0.0913274629209708,-0.0683488189717065,-0.0012192));
#6041=CARTESIAN_POINT('',(-0.0913274629209708,-0.0683488189717065,0.));
#6042=CARTESIAN_POINT('',(-0.0915792721832447,-0.0688632492512827,-0.0012192));
#6043=CARTESIAN_POINT('',(-0.0915792721832447,-0.0688632492512827,0.));
#6044=CARTESIAN_POINT('',(-0.0920828907077925,-0.0692252686615878,-0.0012192));
#6045=CARTESIAN_POINT('',(-0.0920828907077925,-0.0692252686615878,0.));
#6046=CARTESIAN_POINT('',(-0.0913274629209708,-0.0676819778228593,-0.0012192));
#6047=CARTESIAN_POINT('',(-0.0913274629209708,-0.0676819778228593,-0.0012192));
#6048=CARTESIAN_POINT('',(-0.0913274629209708,-0.0676819778228593,-0.0012192));
#6049=CARTESIAN_POINT('',(-0.0913274629209708,-0.0686822395461301,-0.0012192));
#6050=CARTESIAN_POINT('',(-0.0920828907077925,-0.0692252686615878,-0.0012192));
#6051=CARTESIAN_POINT('',(-0.0920828907077925,-0.0692252686615878,-0.0012192));
#6052=CARTESIAN_POINT('',(-0.0920828907077925,-0.0692252686615878,-0.0012192));
#6053=CARTESIAN_POINT('',(-0.0914582502801851,-0.0669589853011227,-0.0012192));
#6054=CARTESIAN_POINT('',(-0.0914582502801851,-0.0669589853011227,0.));
#6055=CARTESIAN_POINT('',(-0.0913710587073756,-0.067170337673613,-0.0012192));
#6056=CARTESIAN_POINT('',(-0.0913710587073756,-0.067170337673613,0.));
#6057=CARTESIAN_POINT('',(-0.0913274629209708,-0.0674113351808585,-0.0012192));
#6058=CARTESIAN_POINT('',(-0.0913274629209708,-0.0674113351808585,0.));
#6059=CARTESIAN_POINT('',(-0.0913274629209708,-0.0676819778228593,-0.0012192));
#6060=CARTESIAN_POINT('',(-0.0913274629209708,-0.0676819778228593,0.));
#6061=CARTESIAN_POINT('',(-0.0914582502801851,-0.0669589853011227,-0.0012192));
#6062=CARTESIAN_POINT('',(-0.0914582502801851,-0.0669589853011227,-0.0012192));
#6063=CARTESIAN_POINT('',(-0.0914582502801851,-0.0669589853011227,-0.0012192));
#6064=CARTESIAN_POINT('',(-0.0913274629209708,-0.0672760138598581,-0.0012192));
#6065=CARTESIAN_POINT('',(-0.0913274629209708,-0.0676819778228593,-0.0012192));
#6066=CARTESIAN_POINT('',(-0.0930628951041926,-0.0676157476059504,-0.0012192));
#6067=CARTESIAN_POINT('',(-0.0918275937826062,-0.0663992154036856,-0.0012192));
#6068=CARTESIAN_POINT('',(-0.0918275961495523,-0.0663992177346684,-0.0012192));
#6069=CARTESIAN_POINT('',(-0.0930628951041926,-0.0676157476059504,-0.0012192));
#6070=CARTESIAN_POINT('',(-0.0924783916820565,-0.0659576772789781,-0.0012192));
#6071=CARTESIAN_POINT('',(-0.0924783916820565,-0.0659576772789781,0.));
#6072=CARTESIAN_POINT('',(-0.0922035638445609,-0.0660902084696486,-0.0012192));
#6073=CARTESIAN_POINT('',(-0.0922035638445609,-0.0660902084696486,0.));
#6074=CARTESIAN_POINT('',(-0.0919866312114108,-0.0662373878445511,-0.0012192));
#6075=CARTESIAN_POINT('',(-0.0919866312114108,-0.0662373878445511,0.));
#6076=CARTESIAN_POINT('',(-0.0918275937826062,-0.0663992154036856,-0.0012192));
#6077=CARTESIAN_POINT('',(-0.0918275937826062,-0.0663992154036856,0.));
#6078=CARTESIAN_POINT('',(-0.0924783916820565,-0.0659576772789781,-0.0012192));
#6079=CARTESIAN_POINT('',(-0.0924783916820565,-0.0659576772789781,-0.0012192));
#6080=CARTESIAN_POINT('',(-0.0924783916820565,-0.0659576772789781,-0.0012192));
#6081=CARTESIAN_POINT('',(-0.0920661499258131,-0.0661564740649838,-0.0012192));
#6082=CARTESIAN_POINT('',(-0.0918275937826062,-0.0663992154036856,-0.0012192));
#6083=CARTESIAN_POINT('',(-0.0938260246314005,-0.065522416947513,-0.0012192));
#6084=CARTESIAN_POINT('',(-0.0938260246314005,-0.065522416947513,0.));
#6085=CARTESIAN_POINT('',(-0.0932024305026668,-0.0656800593111526,-0.0012192));
#6086=CARTESIAN_POINT('',(-0.0932024305026668,-0.0656800593111526,0.));
#6087=CARTESIAN_POINT('',(-0.0927532195195521,-0.0658251460883076,-0.0012192));
#6088=CARTESIAN_POINT('',(-0.0927532195195521,-0.0658251460883076,0.));
#6089=CARTESIAN_POINT('',(-0.0924783916820565,-0.0659576772789781,-0.0012192));
#6090=CARTESIAN_POINT('',(-0.0924783916820565,-0.0659576772789781,0.));
#6091=CARTESIAN_POINT('',(-0.0938260246314005,-0.065522416947513,-0.0012192));
#6092=CARTESIAN_POINT('',(-0.0938260246314005,-0.065522416947513,-0.0012192));
#6093=CARTESIAN_POINT('',(-0.0938260246314005,-0.065522416947513,-0.0012192));
#6094=CARTESIAN_POINT('',(-0.0928906334382999,-0.0657588804929724,-0.0012192));
#6095=CARTESIAN_POINT('',(-0.0924783916820565,-0.0659576772789781,-0.0012192));
#6096=CARTESIAN_POINT('',(-0.0951213426370588,-0.0651436567552284,-0.0012192));
#6097=CARTESIAN_POINT('',(-0.0951213426370588,-0.0651436567552284,0.));
#6098=CARTESIAN_POINT('',(-0.0949162680578108,-0.0652357310561153,-0.0012192));
#6099=CARTESIAN_POINT('',(-0.0949162680578108,-0.0652357310561153,0.));
#6100=CARTESIAN_POINT('',(-0.094484495389258,-0.0653619844535435,-0.0012192));
#6101=CARTESIAN_POINT('',(-0.094484495389258,-0.0653619844535435,0.));
#6102=CARTESIAN_POINT('',(-0.0938260246314005,-0.065522416947513,-0.0012192));
#6103=CARTESIAN_POINT('',(-0.0938260246314005,-0.065522416947513,0.));
#6104=CARTESIAN_POINT('',(-0.0951213426370588,-0.0651436567552284,-0.0012192));
#6105=CARTESIAN_POINT('',(-0.0951213426370588,-0.0651436567552284,-0.0012192));
#6106=CARTESIAN_POINT('',(-0.0951213426370588,-0.0651436567552284,-0.0012192));
#6107=CARTESIAN_POINT('',(-0.0948137307681868,-0.0652817682065587,-0.0012192));
#6108=CARTESIAN_POINT('',(-0.0938260246314005,-0.065522416947513,-0.0012192));
#6109=CARTESIAN_POINT('',(-0.0955858993369879,-0.0648098874145136,-0.0012192));
#6110=CARTESIAN_POINT('',(-0.0955858993369879,-0.0648098874145136,0.));
#6111=CARTESIAN_POINT('',(-0.0954812694496165,-0.0649403260074366,-0.0012192));
#6112=CARTESIAN_POINT('',(-0.0954812694496165,-0.0649403260074366,0.));
#6113=CARTESIAN_POINT('',(-0.0953264172163068,-0.0650515824543415,-0.0012192));
#6114=CARTESIAN_POINT('',(-0.0953264172163068,-0.0650515824543415,0.));
#6115=CARTESIAN_POINT('',(-0.0951213426370588,-0.0651436567552284,-0.0012192));
#6116=CARTESIAN_POINT('',(-0.0951213426370588,-0.0651436567552284,0.));
#6117=CARTESIAN_POINT('',(-0.0955858993369879,-0.0648098874145136,-0.0012192));
#6118=CARTESIAN_POINT('',(-0.0955858993369879,-0.0648098874145136,-0.0012192));
#6119=CARTESIAN_POINT('',(-0.0955858993369879,-0.0648098874145136,-0.0012192));
#6120=CARTESIAN_POINT('',(-0.0954289545059308,-0.0650055453038981,-0.0012192));
#6121=CARTESIAN_POINT('',(-0.0951213426370588,-0.0651436567552284,-0.0012192));
#6122=CARTESIAN_POINT('',(-0.095742844168045,-0.0643128954494993,-0.0012192));
#6123=CARTESIAN_POINT('',(-0.095742844168045,-0.0643128954494993,0.));
#6124=CARTESIAN_POINT('',(-0.095742844168045,-0.0645137848332524,-0.0012192));
#6125=CARTESIAN_POINT('',(-0.095742844168045,-0.0645137848332524,0.));
#6126=CARTESIAN_POINT('',(-0.0956905292243593,-0.0646794488215905,-0.0012192));
#6127=CARTESIAN_POINT('',(-0.0956905292243593,-0.0646794488215905,0.));
#6128=CARTESIAN_POINT('',(-0.0955858993369879,-0.0648098874145136,-0.0012192));
#6129=CARTESIAN_POINT('',(-0.0955858993369879,-0.0648098874145136,0.));
#6130=CARTESIAN_POINT('',(-0.095742844168045,-0.0643128954494993,-0.0012192));
#6131=CARTESIAN_POINT('',(-0.095742844168045,-0.0643128954494993,-0.0012192));
#6132=CARTESIAN_POINT('',(-0.095742844168045,-0.0643128954494993,-0.0012192));
#6133=CARTESIAN_POINT('',(-0.095742844168045,-0.064614229525129,-0.0012192));
#6134=CARTESIAN_POINT('',(-0.0955858993369879,-0.0648098874145136,-0.0012192));
#6135=CARTESIAN_POINT('',(-0.0953630376768868,-0.063581532536773,-0.0012192));
#6136=CARTESIAN_POINT('',(-0.0953630376768868,-0.063581532536773,0.));
#6137=CARTESIAN_POINT('',(-0.0956162420043256,-0.063742662563325,-0.0012192));
#6138=CARTESIAN_POINT('',(-0.0956162420043256,-0.063742662563325,0.));
#6139=CARTESIAN_POINT('',(-0.095742844168045,-0.0639864502009004,-0.0012192));
#6140=CARTESIAN_POINT('',(-0.095742844168045,-0.0639864502009004,0.));
#6141=CARTESIAN_POINT('',(-0.095742844168045,-0.0643128954494993,-0.0012192));
#6142=CARTESIAN_POINT('',(-0.095742844168045,-0.0643128954494993,0.));
#6143=CARTESIAN_POINT('',(-0.0953630376768868,-0.063581532536773,-0.0012192));
#6144=CARTESIAN_POINT('',(-0.0953630376768868,-0.063581532536773,-0.0012192));
#6145=CARTESIAN_POINT('',(-0.0953630376768868,-0.063581532536773,-0.0012192));
#6146=CARTESIAN_POINT('',(-0.095742844168045,-0.063823227576601,-0.0012192));
#6147=CARTESIAN_POINT('',(-0.095742844168045,-0.0643128954494993,-0.0012192));
#6148=CARTESIAN_POINT('',(-0.0941859514439582,-0.063339837496945,-0.0012192));
#6149=CARTESIAN_POINT('',(-0.0941859514439582,-0.063339837496945,0.));
#6150=CARTESIAN_POINT('',(-0.0947174712718051,-0.063339837496945,-0.0012192));
#6151=CARTESIAN_POINT('',(-0.0947174712718051,-0.063339837496945,0.));
#6152=CARTESIAN_POINT('',(-0.0951098333494479,-0.063420402510221,-0.0012192));
#6153=CARTESIAN_POINT('',(-0.0951098333494479,-0.063420402510221,0.));
#6154=CARTESIAN_POINT('',(-0.0953630376768868,-0.063581532536773,-0.0012192));
#6155=CARTESIAN_POINT('',(-0.0953630376768868,-0.063581532536773,0.));
#6156=CARTESIAN_POINT('',(-0.0941859514439582,-0.063339837496945,-0.0012192));
#6157=CARTESIAN_POINT('',(-0.0941859514439582,-0.063339837496945,-0.0012192));
#6158=CARTESIAN_POINT('',(-0.0941859514439582,-0.063339837496945,-0.0012192));
#6159=CARTESIAN_POINT('',(-0.0949832311857285,-0.063339837496945,-0.0012192));
#6160=CARTESIAN_POINT('',(-0.0953630376768868,-0.063581532536773,-0.0012192));
#6161=CARTESIAN_POINT('',(-0.0930381615794936,-0.0635909492266364,-0.0012192));
#6162=CARTESIAN_POINT('',(-0.0930381615794936,-0.0635909492266364,0.));
#6163=CARTESIAN_POINT('',(-0.0933234524057264,-0.0634235414068421,-0.0012192));
#6164=CARTESIAN_POINT('',(-0.0933234524057264,-0.0634235414068421,0.));
#6165=CARTESIAN_POINT('',(-0.0937060490272146,-0.063339837496945,-0.0012192));
#6166=CARTESIAN_POINT('',(-0.0937060490272146,-0.063339837496945,0.));
#6167=CARTESIAN_POINT('',(-0.0941859514439582,-0.063339837496945,-0.0012192));
#6168=CARTESIAN_POINT('',(-0.0941859514439582,-0.063339837496945,0.));
#6169=CARTESIAN_POINT('',(-0.0930381615794936,-0.0635909492266364,-0.0012192));
#6170=CARTESIAN_POINT('',(-0.0930381615794936,-0.0635909492266364,-0.0012192));
#6171=CARTESIAN_POINT('',(-0.0930381615794936,-0.0635909492266364,-0.0012192));
#6172=CARTESIAN_POINT('',(-0.0934660978188428,-0.063339837496945,-0.0012192));
#6173=CARTESIAN_POINT('',(-0.0941859514439582,-0.063339837496945,-0.0012192));
#6174=CARTESIAN_POINT('',(-0.0925118732460154,-0.0643128954494993,-0.0012192));
#6175=CARTESIAN_POINT('',(-0.0925118732460154,-0.0643128954494993,0.));
#6176=CARTESIAN_POINT('',(-0.0925774413087681,-0.063999005787385,-0.0012192));
#6177=CARTESIAN_POINT('',(-0.0925774413087681,-0.063999005787385,0.));
#6178=CARTESIAN_POINT('',(-0.0927528707532608,-0.0637583570464307,-0.0012192));
#6179=CARTESIAN_POINT('',(-0.0927528707532608,-0.0637583570464307,0.));
#6180=CARTESIAN_POINT('',(-0.0930381615794936,-0.0635909492266364,-0.0012192));
#6181=CARTESIAN_POINT('',(-0.0930381615794936,-0.0635909492266364,0.));
#6182=CARTESIAN_POINT('',(-0.0925118732460154,-0.0643128954494993,-0.0012192));
#6183=CARTESIAN_POINT('',(-0.0925118732460154,-0.0643128954494993,-0.0012192));
#6184=CARTESIAN_POINT('',(-0.0925118732460154,-0.0643128954494993,-0.0012192));
#6185=CARTESIAN_POINT('',(-0.0926102253401445,-0.0638420609563279,-0.0012192));
#6186=CARTESIAN_POINT('',(-0.0930381615794936,-0.0635909492266364,-0.0012192));
#6187=CARTESIAN_POINT('',(-0.0919824460159159,-0.064248024919329,-0.0012192));
#6188=CARTESIAN_POINT('',(-0.0914530187858165,-0.0641831543891587,-0.0012192));
#6189=CARTESIAN_POINT('',(-0.0914530187858165,-0.0641831543891587,-0.0012192));
#6190=CARTESIAN_POINT('',(-0.0919824460159159,-0.064248024919329,-0.0012192));
#6191=CARTESIAN_POINT('',(-0.0923245857476205,-0.0628616789116576,-0.0012192));
#6192=CARTESIAN_POINT('',(-0.0923245857476205,-0.0628616789116576,0.));
#6193=CARTESIAN_POINT('',(-0.0918649117757687,-0.0631358092165707,-0.0012192));
#6194=CARTESIAN_POINT('',(-0.0918649117757687,-0.0631358092165707,0.));
#6195=CARTESIAN_POINT('',(-0.0915743894551674,-0.0635763010424044,-0.0012192));
#6196=CARTESIAN_POINT('',(-0.0915743894551674,-0.0635763010424044,0.));
#6197=CARTESIAN_POINT('',(-0.0914530187858165,-0.0641831543891587,-0.0012192));
#6198=CARTESIAN_POINT('',(-0.0914530187858165,-0.0641831543891587,0.));
#6199=CARTESIAN_POINT('',(-0.0923245857476205,-0.0628616789116576,-0.0012192));
#6200=CARTESIAN_POINT('',(-0.0923245857476205,-0.0628616789116576,-0.0012192));
#6201=CARTESIAN_POINT('',(-0.0923245857476205,-0.0628616789116576,-0.0012192));
#6202=CARTESIAN_POINT('',(-0.0916350747898428,-0.0632728743690273,-0.0012192));
#6203=CARTESIAN_POINT('',(-0.0914530187858165,-0.0641831543891587,-0.0012192));
#6204=CARTESIAN_POINT('',(-0.0941859514439582,-0.0624504834542879,-0.0012192));
#6205=CARTESIAN_POINT('',(-0.0941859514439582,-0.0624504834542879,0.));
#6206=CARTESIAN_POINT('',(-0.0934047149515849,-0.0624504834542879,-0.0012192));
#6207=CARTESIAN_POINT('',(-0.0934047149515849,-0.0624504834542879,0.));
#6208=CARTESIAN_POINT('',(-0.0927842597194723,-0.0625875486067445,-0.0012192));
#6209=CARTESIAN_POINT('',(-0.0927842597194723,-0.0625875486067445,0.));
#6210=CARTESIAN_POINT('',(-0.0923245857476205,-0.0628616789116576,-0.0012192));
#6211=CARTESIAN_POINT('',(-0.0923245857476205,-0.0628616789116576,0.));
#6212=CARTESIAN_POINT('',(-0.0941859514439582,-0.0624504834542879,-0.0012192));
#6213=CARTESIAN_POINT('',(-0.0941859514439582,-0.0624504834542879,-0.0012192));
#6214=CARTESIAN_POINT('',(-0.0941859514439582,-0.0624504834542879,-0.0012192));
#6215=CARTESIAN_POINT('',(-0.0930140967053982,-0.0624504834542879,-0.0012192));
#6216=CARTESIAN_POINT('',(-0.0923245857476205,-0.0628616789116576,-0.0012192));
#6217=CARTESIAN_POINT('',(-0.0961958915803633,-0.0629568921091656,-0.0012192));
#6218=CARTESIAN_POINT('',(-0.0961958915803633,-0.0629568921091656,0.));
#6219=CARTESIAN_POINT('',(-0.0957362176085115,-0.0626192863392471,-0.0012192));
#6220=CARTESIAN_POINT('',(-0.0957362176085115,-0.0626192863392471,0.));
#6221=CARTESIAN_POINT('',(-0.0950662375630431,-0.0624504834542879,-0.0012192));
#6222=CARTESIAN_POINT('',(-0.0950662375630431,-0.0624504834542879,0.));
#6223=CARTESIAN_POINT('',(-0.0941859514439582,-0.0624504834542879,-0.0012192));
#6224=CARTESIAN_POINT('',(-0.0941859514439582,-0.0624504834542879,0.));
#6225=CARTESIAN_POINT('',(-0.0961958915803633,-0.0629568921091656,-0.0012192));
#6226=CARTESIAN_POINT('',(-0.0961958915803633,-0.0629568921091656,-0.0012192));
#6227=CARTESIAN_POINT('',(-0.0961958915803633,-0.0629568921091656,-0.0012192));
#6228=CARTESIAN_POINT('',(-0.0955063806225856,-0.0624504834542879,-0.0012192));
#6229=CARTESIAN_POINT('',(-0.0941859514439582,-0.0624504834542879,-0.0012192));
#6230=CARTESIAN_POINT('',(-0.096885402538141,-0.0644300809233553,-0.0012192));
#6231=CARTESIAN_POINT('',(-0.096885402538141,-0.0644300809233553,0.));
#6232=CARTESIAN_POINT('',(-0.096885402538141,-0.0637855608171473,-0.0012192));
#6233=CARTESIAN_POINT('',(-0.096885402538141,-0.0637855608171473,0.));
#6234=CARTESIAN_POINT('',(-0.0966555655522151,-0.0632944978790841,-0.0012192));
#6235=CARTESIAN_POINT('',(-0.0966555655522151,-0.0632944978790841,0.));
#6236=CARTESIAN_POINT('',(-0.0961958915803633,-0.0629568921091656,-0.0012192));
#6237=CARTESIAN_POINT('',(-0.0961958915803633,-0.0629568921091656,0.));
#6238=CARTESIAN_POINT('',(-0.096885402538141,-0.0644300809233553,-0.0012192));
#6239=CARTESIAN_POINT('',(-0.096885402538141,-0.0644300809233553,-0.0012192));
#6240=CARTESIAN_POINT('',(-0.096885402538141,-0.0644300809233553,-0.0012192));
#6241=CARTESIAN_POINT('',(-0.096885402538141,-0.0634633007640433,-0.0012192));
#6242=CARTESIAN_POINT('',(-0.0961958915803633,-0.0629568921091656,-0.0012192));
#6243=CARTESIAN_POINT('',(-0.096643707498313,-0.0653131571727701,-0.0012192));
#6244=CARTESIAN_POINT('',(-0.096643707498313,-0.0653131571727701,0.));
#6245=CARTESIAN_POINT('',(-0.096804837524865,-0.0650732059643983,-0.0012192));
#6246=CARTESIAN_POINT('',(-0.096804837524865,-0.0650732059643983,0.));
#6247=CARTESIAN_POINT('',(-0.096885402538141,-0.0647788472145934,-0.0012192));
#6248=CARTESIAN_POINT('',(-0.096885402538141,-0.0647788472145934,0.));
#6249=CARTESIAN_POINT('',(-0.096885402538141,-0.0644300809233553,-0.0012192));
#6250=CARTESIAN_POINT('',(-0.096885402538141,-0.0644300809233553,0.));
#6251=CARTESIAN_POINT('',(-0.096643707498313,-0.0653131571727701,-0.0012192));
#6252=CARTESIAN_POINT('',(-0.096643707498313,-0.0653131571727701,-0.0012192));
#6253=CARTESIAN_POINT('',(-0.096643707498313,-0.0653131571727701,-0.0012192));
#6254=CARTESIAN_POINT('',(-0.096885402538141,-0.0649532303602124,-0.0012192));
#6255=CARTESIAN_POINT('',(-0.096885402538141,-0.0644300809233553,-0.0012192));
#6256=CARTESIAN_POINT('',(-0.0959740762191359,-0.065925242013893,-0.0012192));
#6257=CARTESIAN_POINT('',(-0.0959740762191359,-0.065925242013893,0.));
#6258=CARTESIAN_POINT('',(-0.0962593670453686,-0.0657571366615162,-0.0012192));
#6259=CARTESIAN_POINT('',(-0.0962593670453686,-0.0657571366615162,0.));
#6260=CARTESIAN_POINT('',(-0.096482577471761,-0.0655531083811419,-0.0012192));
#6261=CARTESIAN_POINT('',(-0.096482577471761,-0.0655531083811419,0.));
#6262=CARTESIAN_POINT('',(-0.096643707498313,-0.0653131571727701,-0.0012192));
#6263=CARTESIAN_POINT('',(-0.096643707498313,-0.0653131571727701,0.));
#6264=CARTESIAN_POINT('',(-0.0959740762191359,-0.065925242013893,-0.0012192));
#6265=CARTESIAN_POINT('',(-0.0959740762191359,-0.065925242013893,-0.0012192));
#6266=CARTESIAN_POINT('',(-0.0959740762191359,-0.065925242013893,-0.0012192));
#6267=CARTESIAN_POINT('',(-0.096402012458485,-0.0656730839853278,-0.0012192));
#6268=CARTESIAN_POINT('',(-0.096643707498313,-0.0653131571727701,-0.0012192));
#6269=CARTESIAN_POINT('',(-0.0945312300722839,-0.0664389747608867,-0.0012192));
#6270=CARTESIAN_POINT('',(-0.0945312300722839,-0.0664389747608867,0.));
#6271=CARTESIAN_POINT('',(-0.0952078366772858,-0.0662645916152676,-0.0012192));
#6272=CARTESIAN_POINT('',(-0.0952078366772858,-0.0662645916152676,0.));
#6273=CARTESIAN_POINT('',(-0.0956887853929032,-0.0660933473662697,-0.0012192));
#6274=CARTESIAN_POINT('',(-0.0956887853929032,-0.0660933473662697,0.));
#6275=CARTESIAN_POINT('',(-0.0959740762191359,-0.065925242013893,-0.0012192));
#6276=CARTESIAN_POINT('',(-0.0959740762191359,-0.065925242013893,0.));
#6277=CARTESIAN_POINT('',(-0.0945312300722839,-0.0664389747608867,-0.0012192));
#6278=CARTESIAN_POINT('',(-0.0945312300722839,-0.0664389747608867,-0.0012192));
#6279=CARTESIAN_POINT('',(-0.0945312300722839,-0.0664389747608867,-0.0012192));
#6280=CARTESIAN_POINT('',(-0.0955461399797868,-0.0661774000424581,-0.0012192));
#6281=CARTESIAN_POINT('',(-0.0959740762191359,-0.065925242013893,-0.0012192));
#6282=CARTESIAN_POINT('',(-0.0941095716261771,-0.0665498824415004,-0.0012192));
#6283=CARTESIAN_POINT('',(-0.0936879131800702,-0.0666607901221141,-0.0012192));
#6284=CARTESIAN_POINT('',(-0.0936879131800702,-0.0666607901221141,-0.0012192));
#6285=CARTESIAN_POINT('',(-0.0941095716261771,-0.0665498824415004,-0.0012192));
#6286=CARTESIAN_POINT('',(-0.0927598460790856,-0.0670918652580844,-0.0012192));
#6287=CARTESIAN_POINT('',(-0.0927598460790856,-0.0670918652580844,0.));
#6288=CARTESIAN_POINT('',(-0.0929516675392666,-0.0669174821124653,-0.0012192));
#6289=CARTESIAN_POINT('',(-0.0929516675392666,-0.0669174821124653,0.));
#6290=CARTESIAN_POINT('',(-0.0932610232395948,-0.0667737904004752,-0.0012192));
#6291=CARTESIAN_POINT('',(-0.0932610232395948,-0.0667737904004752,0.));
#6292=CARTESIAN_POINT('',(-0.0936879131800702,-0.0666607901221141,-0.0012192));
#6293=CARTESIAN_POINT('',(-0.0936879131800702,-0.0666607901221141,0.));
#6294=CARTESIAN_POINT('',(-0.0927598460790856,-0.0670918652580844,-0.0012192));
#6295=CARTESIAN_POINT('',(-0.0927598460790856,-0.0670918652580844,-0.0012192));
#6296=CARTESIAN_POINT('',(-0.0927598460790856,-0.0670918652580844,-0.0012192));
#6297=CARTESIAN_POINT('',(-0.0930475782693571,-0.0668302905396558,-0.0012192));
#6298=CARTESIAN_POINT('',(-0.0936879131800702,-0.0666607901221141,-0.0012192));
#6299=CARTESIAN_POINT('',(-0.0924721138888142,-0.0677719595259987,-0.0012192));
#6300=CARTESIAN_POINT('',(-0.0924721138888142,-0.0677719595259987,0.));
#6301=CARTESIAN_POINT('',(-0.0924721138888142,-0.0674929464930082,-0.0012192));
#6302=CARTESIAN_POINT('',(-0.0924721138888142,-0.0674929464930082,0.));
#6303=CARTESIAN_POINT('',(-0.0925680246189047,-0.0672662484037035,-0.0012192));
#6304=CARTESIAN_POINT('',(-0.0925680246189047,-0.0672662484037035,0.));
#6305=CARTESIAN_POINT('',(-0.0927598460790856,-0.0670918652580844,-0.0012192));
#6306=CARTESIAN_POINT('',(-0.0927598460790856,-0.0670918652580844,0.));
#6307=CARTESIAN_POINT('',(-0.0924721138888142,-0.0677719595259987,-0.0012192));
#6308=CARTESIAN_POINT('',(-0.0924721138888142,-0.0677719595259987,-0.0012192));
#6309=CARTESIAN_POINT('',(-0.0924721138888142,-0.0677719595259987,-0.0012192));
#6310=CARTESIAN_POINT('',(-0.0924721138888142,-0.067353439976513,-0.0012192));
#6311=CARTESIAN_POINT('',(-0.0927598460790856,-0.0670918652580844,-0.0012192));
#6312=CARTESIAN_POINT('',(-0.0928874945416788,-0.0685964430384855,-0.0012192));
#6313=CARTESIAN_POINT('',(-0.0928874945416788,-0.0685964430384855,0.));
#6314=CARTESIAN_POINT('',(-0.0926105741064358,-0.0684136895018768,-0.0012192));
#6315=CARTESIAN_POINT('',(-0.0926105741064358,-0.0684136895018768,0.));
#6316=CARTESIAN_POINT('',(-0.0924721138888142,-0.0681388616643812,-0.0012192));
#6317=CARTESIAN_POINT('',(-0.0924721138888142,-0.0681388616643812,0.));
#6318=CARTESIAN_POINT('',(-0.0924721138888142,-0.0677719595259987,-0.0012192));
#6319=CARTESIAN_POINT('',(-0.0924721138888142,-0.0677719595259987,0.));
#6320=CARTESIAN_POINT('',(-0.0928874945416788,-0.0685964430384855,-0.0012192));
#6321=CARTESIAN_POINT('',(-0.0928874945416788,-0.0685964430384855,-0.0012192));
#6322=CARTESIAN_POINT('',(-0.0928874945416788,-0.0685964430384855,-0.0012192));
#6323=CARTESIAN_POINT('',(-0.0924721138888142,-0.0683223127335724,-0.0012192));
#6324=CARTESIAN_POINT('',(-0.0924721138888142,-0.0677719595259987,-0.0012192));
#6325=CARTESIAN_POINT('',(-0.0941985070304428,-0.0688705733433987,-0.0012192));
#6326=CARTESIAN_POINT('',(-0.0941985070304428,-0.0688705733433987,0.));
#6327=CARTESIAN_POINT('',(-0.0936014191398432,-0.0688705733433987,-0.0012192));
#6328=CARTESIAN_POINT('',(-0.0936014191398432,-0.0688705733433987,0.));
#6329=CARTESIAN_POINT('',(-0.0931644149769219,-0.0687791965750943,-0.0012192));
#6330=CARTESIAN_POINT('',(-0.0931644149769219,-0.0687791965750943,0.));
#6331=CARTESIAN_POINT('',(-0.0928874945416788,-0.0685964430384855,-0.0012192));
#6332=CARTESIAN_POINT('',(-0.0928874945416788,-0.0685964430384855,0.));
#6333=CARTESIAN_POINT('',(-0.0941985070304428,-0.0688705733433987,-0.0012192));
#6334=CARTESIAN_POINT('',(-0.0941985070304428,-0.0688705733433987,-0.0012192));
#6335=CARTESIAN_POINT('',(-0.0941985070304428,-0.0688705733433987,-0.0012192));
#6336=CARTESIAN_POINT('',(-0.0933028751945434,-0.0688705733433987,-0.0012192));
#6337=CARTESIAN_POINT('',(-0.0928874945416788,-0.0685964430384855,-0.0012192));
#6338=CARTESIAN_POINT('',(-0.0955063806225856,-0.068605859728349,-0.0012192));
#6339=CARTESIAN_POINT('',(-0.0955063806225856,-0.068605859728349,0.));
#6340=CARTESIAN_POINT('',(-0.0951924909604713,-0.0687823354717155,-0.0012192));
#6341=CARTESIAN_POINT('',(-0.0951924909604713,-0.0687823354717155,0.));
#6342=CARTESIAN_POINT('',(-0.0947565330964237,-0.0688705733433987,-0.0012192));
#6343=CARTESIAN_POINT('',(-0.0947565330964237,-0.0688705733433987,0.));
#6344=CARTESIAN_POINT('',(-0.0941985070304428,-0.0688705733433987,-0.0012192));
#6345=CARTESIAN_POINT('',(-0.0941985070304428,-0.0688705733433987,0.));
#6346=CARTESIAN_POINT('',(-0.0955063806225856,-0.068605859728349,-0.0012192));
#6347=CARTESIAN_POINT('',(-0.0955063806225856,-0.068605859728349,-0.0012192));
#6348=CARTESIAN_POINT('',(-0.0955063806225856,-0.068605859728349,-0.0012192));
#6349=CARTESIAN_POINT('',(-0.0950355461294142,-0.0688705733433987,-0.0012192));
#6350=CARTESIAN_POINT('',(-0.0941985070304428,-0.0688705733433987,-0.0012192));
#6351=CARTESIAN_POINT('',(-0.0961278821535719,-0.0677719595259987,-0.0012192));
#6352=CARTESIAN_POINT('',(-0.0961278821535719,-0.0677719595259987,0.));
#6353=CARTESIAN_POINT('',(-0.0960274374616953,-0.0681514172508658,-0.0012192));
#6354=CARTESIAN_POINT('',(-0.0960274374616953,-0.0681514172508658,0.));
#6355=CARTESIAN_POINT('',(-0.0958202702846999,-0.0684293839849825,-0.0012192));
#6356=CARTESIAN_POINT('',(-0.0958202702846999,-0.0684293839849825,0.));
#6357=CARTESIAN_POINT('',(-0.0955063806225856,-0.068605859728349,-0.0012192));
#6358=CARTESIAN_POINT('',(-0.0955063806225856,-0.068605859728349,0.));
#6359=CARTESIAN_POINT('',(-0.0961278821535719,-0.0677719595259987,-0.0012192));
#6360=CARTESIAN_POINT('',(-0.0961278821535719,-0.0677719595259987,-0.0012192));
#6361=CARTESIAN_POINT('',(-0.0961278821535719,-0.0677719595259987,-0.0012192));
#6362=CARTESIAN_POINT('',(-0.095977215115757,-0.0683411461132993,-0.0012192));
#6363=CARTESIAN_POINT('',(-0.0955063806225856,-0.068605859728349,-0.0012192));
#6364=CARTESIAN_POINT('',(-0.0966478926938079,-0.067873450516749,-0.0012192));
#6365=CARTESIAN_POINT('',(-0.0971679032340439,-0.0679749415074993,-0.0012192));
#6366=CARTESIAN_POINT('',(-0.0971679032340439,-0.0679749415074993,-0.0012192));
#6367=CARTESIAN_POINT('',(-0.0966478926938079,-0.067873450516749,-0.0012192));
#6368=CARTESIAN_POINT('',(-0.0962356509375645,-0.0693330374455804,-0.0012192));
#6369=CARTESIAN_POINT('',(-0.0962356509375645,-0.0693330374455804,0.));
#6370=CARTESIAN_POINT('',(-0.0967134607565606,-0.0690428638912703,-0.0012192));
#6371=CARTESIAN_POINT('',(-0.0967134607565606,-0.0690428638912703,0.));
#6372=CARTESIAN_POINT('',(-0.0970242115220538,-0.0685901652452432,-0.0012192));
#6373=CARTESIAN_POINT('',(-0.0970242115220538,-0.0685901652452432,0.));
#6374=CARTESIAN_POINT('',(-0.0971679032340439,-0.0679749415074993,-0.0012192));
#6375=CARTESIAN_POINT('',(-0.0971679032340439,-0.0679749415074993,0.));
#6376=CARTESIAN_POINT('',(-0.0962356509375645,-0.0693330374455804,-0.0012192));
#6377=CARTESIAN_POINT('',(-0.0962356509375645,-0.0693330374455804,-0.0012192));
#6378=CARTESIAN_POINT('',(-0.0962356509375645,-0.0693330374455804,-0.0012192));
#6379=CARTESIAN_POINT('',(-0.0969523656660587,-0.0688977771141152,-0.0012192));
#6380=CARTESIAN_POINT('',(-0.0971679032340439,-0.0679749415074993,-0.0012192));
#6381=CARTESIAN_POINT('',(-0.0941985070304428,-0.0697682977770455,-0.0012192));
#6382=CARTESIAN_POINT('',(-0.0941985070304428,-0.0697682977770455,0.));
#6383=CARTESIAN_POINT('',(-0.0950787931495277,-0.0697682977770455,-0.0012192));
#6384=CARTESIAN_POINT('',(-0.0950787931495277,-0.0697682977770455,0.));
#6385=CARTESIAN_POINT('',(-0.0957578411185683,-0.0696232109998905,-0.0012192));
#6386=CARTESIAN_POINT('',(-0.0957578411185683,-0.0696232109998905,0.));
#6387=CARTESIAN_POINT('',(-0.0962356509375645,-0.0693330374455804,-0.0012192));
#6388=CARTESIAN_POINT('',(-0.0962356509375645,-0.0693330374455804,0.));
#6389=CARTESIAN_POINT('',(-0.0941985070304428,-0.0697682977770455,-0.0012192));
#6390=CARTESIAN_POINT('',(-0.0941985070304428,-0.0697682977770455,-0.0012192));
#6391=CARTESIAN_POINT('',(-0.0941985070304428,-0.0697682977770455,-0.0012192));
#6392=CARTESIAN_POINT('',(-0.0955189362090702,-0.0697682977770455,-0.0012192));
#6393=CARTESIAN_POINT('',(-0.0962356509375645,-0.0693330374455804,-0.0012192));
#6394=CARTESIAN_POINT('',(-0.0920828907077925,-0.0692252686615878,-0.0012192));
#6395=CARTESIAN_POINT('',(-0.0920828907077925,-0.0692252686615878,0.));
#6396=CARTESIAN_POINT('',(-0.0925865092323403,-0.0695872880718929,-0.0012192));
#6397=CARTESIAN_POINT('',(-0.0925865092323403,-0.0695872880718929,0.));
#6398=CARTESIAN_POINT('',(-0.0932917146732237,-0.0697682977770455,-0.0012192));
#6399=CARTESIAN_POINT('',(-0.0932917146732237,-0.0697682977770455,0.));
#6400=CARTESIAN_POINT('',(-0.0941985070304428,-0.0697682977770455,-0.0012192));
#6401=CARTESIAN_POINT('',(-0.0941985070304428,-0.0697682977770455,0.));
#6402=CARTESIAN_POINT('',(-0.0920828907077925,-0.0692252686615878,-0.0012192));
#6403=CARTESIAN_POINT('',(-0.0928383184946142,-0.0697682977770455,-0.0012192));
#6404=CARTESIAN_POINT('',(-0.0941985070304428,-0.0697682977770455,-0.0012192));
#6405=CARTESIAN_POINT('',(0.,0.,-0.0012192));
#6406=CARTESIAN_POINT('',(-0.107061705383886,-0.0647837299426707,-0.0012192));
#6407=CARTESIAN_POINT('',(-0.107061705383886,-0.0696364641189575,-0.0012192));
#6408=CARTESIAN_POINT('',(-0.107061705383886,-0.0696364641189575,-0.0012192));
#6409=CARTESIAN_POINT('',(-0.107061705383886,-0.0647837299426707,-0.0012192));
#6410=CARTESIAN_POINT('',(-0.107061705383886,-0.0599309957663839,-0.0012192));
#6411=CARTESIAN_POINT('',(-0.107061705383886,-0.0599309957663839,-0.0012192));
#6412=CARTESIAN_POINT('',(-0.106472639117985,-0.0696364641189575,-0.0012192));
#6413=CARTESIAN_POINT('',(-0.105883572852084,-0.0696364641189575,-0.0012192));
#6414=CARTESIAN_POINT('',(-0.105883572852084,-0.0696364641189575,-0.0012192));
#6415=CARTESIAN_POINT('',(-0.106472639117985,-0.0696364641189575,-0.0012192));
#6416=CARTESIAN_POINT('',(-0.105883572852084,-0.0647837299426707,-0.0012192));
#6417=CARTESIAN_POINT('',(-0.105883572852084,-0.0599309957663839,-0.0012192));
#6418=CARTESIAN_POINT('',(-0.105883572852084,-0.0599309957663839,-0.0012192));
#6419=CARTESIAN_POINT('',(-0.105883572852084,-0.0647837299426707,-0.0012192));
#6420=CARTESIAN_POINT('',(-0.106472639117985,-0.0599309957663839,-0.0012192));
#6421=CARTESIAN_POINT('',(-0.106472639117985,-0.0599309957663839,-0.0012192));
#6422=CARTESIAN_POINT('',(0.,0.,-0.0012192));
#6423=CARTESIAN_POINT('',(-0.102012267019341,-0.0688852215276307,-0.0012192));
#6424=CARTESIAN_POINT('',(-0.102012267019341,-0.0688852215276307,0.));
#6425=CARTESIAN_POINT('',(-0.101581191883371,-0.0688852215276307,-0.0012192));
#6426=CARTESIAN_POINT('',(-0.101581191883371,-0.0688852215276307,0.));
#6427=CARTESIAN_POINT('',(-0.101197548963009,-0.0687868694335016,-0.0012192));
#6428=CARTESIAN_POINT('',(-0.101197548963009,-0.0687868694335016,0.));
#6429=CARTESIAN_POINT('',(-0.100861338258255,-0.0685901652452433,-0.0012192));
#6430=CARTESIAN_POINT('',(-0.100861338258255,-0.0685901652452433,0.));
#6431=CARTESIAN_POINT('',(-0.102012267019341,-0.0688852215276307,0.));
#6432=CARTESIAN_POINT('',(-0.101365654315386,-0.0688852215276307,0.));
#6433=CARTESIAN_POINT('',(-0.100861338258255,-0.0685901652452433,0.));
#6434=CARTESIAN_POINT('',(-0.102012267019341,-0.0688852215276307,0.));
#6435=CARTESIAN_POINT('',(-0.100861338258255,-0.0685901652452433,0.));
#6436=CARTESIAN_POINT('',(-0.102012267019341,-0.0688852215276307,-0.0012192));
#6437=CARTESIAN_POINT('',(-0.102012267019341,-0.0688852215276307,-0.0012192));
#6438=CARTESIAN_POINT('',(-0.102012267019341,-0.0688852215276307,-0.0012192));
#6439=CARTESIAN_POINT('',(-0.101365654315386,-0.0688852215276307,-0.0012192));
#6440=CARTESIAN_POINT('',(-0.100861338258255,-0.0685901652452433,-0.0012192));
#6441=CARTESIAN_POINT('',(-0.100861338258255,-0.0685901652452433,-0.0012192));
#6442=CARTESIAN_POINT('',(-0.100861338258255,-0.0685901652452433,-0.0012192));
#6443=CARTESIAN_POINT('',(-0.102898482165377,-0.0685713318655164,-0.0012192));
#6444=CARTESIAN_POINT('',(-0.102898482165377,-0.0685713318655164,0.));
#6445=CARTESIAN_POINT('',(-0.102691314988382,-0.0687805916402593,-0.0012192));
#6446=CARTESIAN_POINT('',(-0.102691314988382,-0.0687805916402593,0.));
#6447=CARTESIAN_POINT('',(-0.102395909939703,-0.0688852215276307,-0.0012192));
#6448=CARTESIAN_POINT('',(-0.102395909939703,-0.0688852215276307,0.));
#6449=CARTESIAN_POINT('',(-0.102012267019341,-0.0688852215276307,-0.0012192));
#6450=CARTESIAN_POINT('',(-0.102012267019341,-0.0688852215276307,0.));
#6451=CARTESIAN_POINT('',(-0.102898482165377,-0.0685713318655164,0.));
#6452=CARTESIAN_POINT('',(-0.102587731399884,-0.0688852215276307,0.));
#6453=CARTESIAN_POINT('',(-0.102012267019341,-0.0688852215276307,0.));
#6454=CARTESIAN_POINT('',(-0.102898482165377,-0.0685713318655164,0.));
#6455=CARTESIAN_POINT('',(-0.102898482165377,-0.0685713318655164,-0.0012192));
#6456=CARTESIAN_POINT('',(-0.102898482165377,-0.0685713318655164,-0.0012192));
#6457=CARTESIAN_POINT('',(-0.102898482165377,-0.0685713318655164,-0.0012192));
#6458=CARTESIAN_POINT('',(-0.102587731399884,-0.0688852215276307,-0.0012192));
#6459=CARTESIAN_POINT('',(-0.102012267019341,-0.0688852215276307,-0.0012192));
#6460=CARTESIAN_POINT('',(-0.10320923293087,-0.0676819778228593,-0.0012192));
#6461=CARTESIAN_POINT('',(-0.10320923293087,-0.0676819778228593,0.));
#6462=CARTESIAN_POINT('',(-0.10320923293087,-0.0680656207432212,-0.0012192));
#6463=CARTESIAN_POINT('',(-0.10320923293087,-0.0680656207432212,0.));
#6464=CARTESIAN_POINT('',(-0.103105649342372,-0.0683620720907735,-0.0012192));
#6465=CARTESIAN_POINT('',(-0.103105649342372,-0.0683620720907735,0.));
#6466=CARTESIAN_POINT('',(-0.102898482165377,-0.0685713318655164,-0.0012192));
#6467=CARTESIAN_POINT('',(-0.102898482165377,-0.0685713318655164,0.));
#6468=CARTESIAN_POINT('',(-0.10320923293087,-0.0676819778228593,0.));
#6469=CARTESIAN_POINT('',(-0.10320923293087,-0.0682574422034021,0.));
#6470=CARTESIAN_POINT('',(-0.102898482165377,-0.0685713318655164,0.));
#6471=CARTESIAN_POINT('',(-0.10320923293087,-0.0676819778228593,0.));
#6472=CARTESIAN_POINT('',(-0.10320923293087,-0.0676819778228593,-0.0012192));
#6473=CARTESIAN_POINT('',(-0.10320923293087,-0.0676819778228593,-0.0012192));
#6474=CARTESIAN_POINT('',(-0.10320923293087,-0.0676819778228593,-0.0012192));
#6475=CARTESIAN_POINT('',(-0.10320923293087,-0.0682574422034021,-0.0012192));
#6476=CARTESIAN_POINT('',(-0.102898482165377,-0.0685713318655164,-0.0012192));
#6477=CARTESIAN_POINT('',(-0.102980093477527,-0.0668240127464135,-0.0012192));
#6478=CARTESIAN_POINT('',(-0.102980093477527,-0.0668240127464135,0.));
#6479=CARTESIAN_POINT('',(-0.103132853113089,-0.0670416429121461,-0.0012192));
#6480=CARTESIAN_POINT('',(-0.103132853113089,-0.0670416429121461,0.));
#6481=CARTESIAN_POINT('',(-0.10320923293087,-0.0673276312709614,-0.0012192));
#6482=CARTESIAN_POINT('',(-0.10320923293087,-0.0673276312709614,0.));
#6483=CARTESIAN_POINT('',(-0.10320923293087,-0.0676819778228593,-0.0012192));
#6484=CARTESIAN_POINT('',(-0.10320923293087,-0.0676819778228593,0.));
#6485=CARTESIAN_POINT('',(-0.102980093477527,-0.0668240127464135,0.));
#6486=CARTESIAN_POINT('',(-0.10320923293087,-0.0671504579950124,0.));
#6487=CARTESIAN_POINT('',(-0.10320923293087,-0.0676819778228593,0.));
#6488=CARTESIAN_POINT('',(-0.102980093477527,-0.0668240127464135,0.));
#6489=CARTESIAN_POINT('',(-0.102980093477527,-0.0668240127464135,-0.0012192));
#6490=CARTESIAN_POINT('',(-0.102980093477527,-0.0668240127464135,-0.0012192));
#6491=CARTESIAN_POINT('',(-0.102980093477527,-0.0668240127464135,-0.0012192));
#6492=CARTESIAN_POINT('',(-0.10320923293087,-0.0671504579950124,-0.0012192));
#6493=CARTESIAN_POINT('',(-0.10320923293087,-0.0676819778228593,-0.0012192));
#6494=CARTESIAN_POINT('',(-0.102323017784834,-0.0663406226667576,-0.0012192));
#6495=CARTESIAN_POINT('',(-0.102323017784834,-0.0663406226667576,0.));
#6496=CARTESIAN_POINT('',(-0.102608308611067,-0.066445252554129,-0.0012192));
#6497=CARTESIAN_POINT('',(-0.102608308611067,-0.066445252554129,0.));
#6498=CARTESIAN_POINT('',(-0.102827333841964,-0.066606382580681,-0.0012192));
#6499=CARTESIAN_POINT('',(-0.102827333841964,-0.066606382580681,0.));
#6500=CARTESIAN_POINT('',(-0.102980093477527,-0.0668240127464135,-0.0012192));
#6501=CARTESIAN_POINT('',(-0.102980093477527,-0.0668240127464135,0.));
#6502=CARTESIAN_POINT('',(-0.102323017784834,-0.0663406226667576,0.));
#6503=CARTESIAN_POINT('',(-0.102750954024183,-0.0664975674978147,0.));
#6504=CARTESIAN_POINT('',(-0.102980093477527,-0.0668240127464135,0.));
#6505=CARTESIAN_POINT('',(-0.102323017784834,-0.0663406226667576,0.));
#6506=CARTESIAN_POINT('',(-0.102323017784834,-0.0663406226667576,-0.0012192));
#6507=CARTESIAN_POINT('',(-0.102323017784834,-0.0663406226667576,-0.0012192));
#6508=CARTESIAN_POINT('',(-0.102323017784834,-0.0663406226667576,-0.0012192));
#6509=CARTESIAN_POINT('',(-0.102750954024183,-0.0664975674978147,-0.0012192));
#6510=CARTESIAN_POINT('',(-0.102980093477527,-0.0668240127464135,-0.0012192));
#6511=CARTESIAN_POINT('',(-0.101064320239756,-0.0661711222492158,-0.0012192));
#6512=CARTESIAN_POINT('',(-0.101064320239756,-0.0661711222492158,0.));
#6513=CARTESIAN_POINT('',(-0.101618161110242,-0.0661794926402055,-0.0012192));
#6514=CARTESIAN_POINT('',(-0.101618161110242,-0.0661794926402055,0.));
#6515=CARTESIAN_POINT('',(-0.102037726958601,-0.0662359927793861,-0.0012192));
#6516=CARTESIAN_POINT('',(-0.102037726958601,-0.0662359927793861,0.));
#6517=CARTESIAN_POINT('',(-0.102323017784834,-0.0663406226667576,-0.0012192));
#6518=CARTESIAN_POINT('',(-0.102323017784834,-0.0663406226667576,0.));
#6519=CARTESIAN_POINT('',(-0.101064320239756,-0.0661711222492158,0.));
#6520=CARTESIAN_POINT('',(-0.101895081545485,-0.0661836778357004,0.));
#6521=CARTESIAN_POINT('',(-0.102323017784834,-0.0663406226667576,0.));
#6522=CARTESIAN_POINT('',(-0.101064320239756,-0.0661711222492158,0.));
#6523=CARTESIAN_POINT('',(-0.101064320239756,-0.0661711222492158,-0.0012192));
#6524=CARTESIAN_POINT('',(-0.101064320239756,-0.0661711222492158,-0.0012192));
#6525=CARTESIAN_POINT('',(-0.101064320239756,-0.0661711222492158,-0.0012192));
#6526=CARTESIAN_POINT('',(-0.101895081545485,-0.0661836778357004,-0.0012192));
#6527=CARTESIAN_POINT('',(-0.102323017784834,-0.0663406226667576,-0.0012192));
#6528=CARTESIAN_POINT('',(-0.100419800133548,-0.0661575203638576,-0.0012192));
#6529=CARTESIAN_POINT('',(-0.100419800133548,-0.0661575203638576,0.));
#6530=CARTESIAN_POINT('',(-0.0997752800273398,-0.0661439184784993,0.));
#6531=CARTESIAN_POINT('',(-0.0997752800273398,-0.0661439184784993,-0.0012192));
#6532=CARTESIAN_POINT('',(-0.0997752800273398,-0.0661439184784993,-0.0012192));
#6533=CARTESIAN_POINT('',(-0.100419800133548,-0.0661575203638576,-0.0012192));
#6534=CARTESIAN_POINT('',(-0.0997752800273399,-0.0664347895653918,-0.0012192));
#6535=CARTESIAN_POINT('',(-0.0997752800273399,-0.0664347895653918,0.));
#6536=CARTESIAN_POINT('',(-0.0997752800273399,-0.0667256606522844,0.));
#6537=CARTESIAN_POINT('',(-0.0997752800273399,-0.0667256606522844,-0.0012192));
#6538=CARTESIAN_POINT('',(-0.0997752800273399,-0.0667256606522844,-0.0012192));
#6539=CARTESIAN_POINT('',(-0.0997752800273399,-0.0664347895653918,-0.0012192));
#6540=CARTESIAN_POINT('',(-0.100066151114232,-0.0677824225147358,-0.0012192));
#6541=CARTESIAN_POINT('',(-0.100066151114232,-0.0677824225147358,0.));
#6542=CARTESIAN_POINT('',(-0.0998722370563041,-0.0674406315493225,-0.0012192));
#6543=CARTESIAN_POINT('',(-0.0998722370563041,-0.0674406315493225,0.));
#6544=CARTESIAN_POINT('',(-0.0997752800273399,-0.067088377595172,-0.0012192));
#6545=CARTESIAN_POINT('',(-0.0997752800273399,-0.067088377595172,0.));
#6546=CARTESIAN_POINT('',(-0.0997752800273399,-0.0667256606522844,-0.0012192));
#6547=CARTESIAN_POINT('',(-0.0997752800273399,-0.0667256606522844,0.));
#6548=CARTESIAN_POINT('',(-0.100066151114232,-0.0677824225147358,0.));
#6549=CARTESIAN_POINT('',(-0.0997752800273399,-0.0672697360666158,0.));
#6550=CARTESIAN_POINT('',(-0.0997752800273399,-0.0667256606522844,0.));
#6551=CARTESIAN_POINT('',(-0.100066151114232,-0.0677824225147358,0.));
#6552=CARTESIAN_POINT('',(-0.100066151114232,-0.0677824225147358,-0.0012192));
#6553=CARTESIAN_POINT('',(-0.100066151114232,-0.0677824225147358,-0.0012192));
#6554=CARTESIAN_POINT('',(-0.100066151114232,-0.0677824225147358,-0.0012192));
#6555=CARTESIAN_POINT('',(-0.0997752800273399,-0.0672697360666158,-0.0012192));
#6556=CARTESIAN_POINT('',(-0.0997752800273399,-0.0667256606522844,-0.0012192));
#6557=CARTESIAN_POINT('',(-0.102280119531012,-0.0697682977770455,-0.0012192));
#6558=CARTESIAN_POINT('',(-0.102280119531012,-0.0697682977770455,0.));
#6559=CARTESIAN_POINT('',(-0.102991602765138,-0.0697682977770455,-0.0012192));
#6560=CARTESIAN_POINT('',(-0.102991602765138,-0.0697682977770455,0.));
#6561=CARTESIAN_POINT('',(-0.103525912723314,-0.0695806615123594,-0.0012192));
#6562=CARTESIAN_POINT('',(-0.103525912723314,-0.0695806615123594,0.));
#6563=CARTESIAN_POINT('',(-0.103883049405542,-0.0692053889829872,-0.0012192));
#6564=CARTESIAN_POINT('',(-0.103883049405542,-0.0692053889829872,0.));
#6565=CARTESIAN_POINT('',(-0.102280119531012,-0.0697682977770455,-0.0012192));
#6566=CARTESIAN_POINT('',(-0.102280119531012,-0.0697682977770455,-0.0012192));
#6567=CARTESIAN_POINT('',(-0.102280119531012,-0.0697682977770455,-0.0012192));
#6568=CARTESIAN_POINT('',(-0.1033473443822,-0.0697682977770455,-0.0012192));
#6569=CARTESIAN_POINT('',(-0.103883049405542,-0.0692053889829872,-0.0012192));
#6570=CARTESIAN_POINT('',(-0.103883049405542,-0.0692053889829872,-0.0012192));
#6571=CARTESIAN_POINT('',(-0.103883049405542,-0.0692053889829872,-0.0012192));
#6572=CARTESIAN_POINT('',(-0.100825764096549,-0.0694313895397095,-0.0012192));
#6573=CARTESIAN_POINT('',(-0.100825764096549,-0.0694313895397095,0.));
#6574=CARTESIAN_POINT('',(-0.101224752733725,-0.0696559950312668,-0.0012192));
#6575=CARTESIAN_POINT('',(-0.101224752733725,-0.0696559950312668,0.));
#6576=CARTESIAN_POINT('',(-0.101709537878546,-0.0697682977770455,-0.0012192));
#6577=CARTESIAN_POINT('',(-0.101709537878546,-0.0697682977770455,0.));
#6578=CARTESIAN_POINT('',(-0.102280119531012,-0.0697682977770455,-0.0012192));
#6579=CARTESIAN_POINT('',(-0.102280119531012,-0.0697682977770455,0.));
#6580=CARTESIAN_POINT('',(-0.100825764096549,-0.0694313895397095,-0.0012192));
#6581=CARTESIAN_POINT('',(-0.100825764096549,-0.0694313895397095,-0.0012192));
#6582=CARTESIAN_POINT('',(-0.100825764096549,-0.0694313895397095,-0.0012192));
#6583=CARTESIAN_POINT('',(-0.101424247052314,-0.0697682977770455,-0.0012192));
#6584=CARTESIAN_POINT('',(-0.102280119531012,-0.0697682977770455,-0.0012192));
#6585=CARTESIAN_POINT('',(-0.0997752800273399,-0.0682825533763713,-0.0012192));
#6586=CARTESIAN_POINT('',(-0.0997752800273399,-0.0682825533763713,0.));
#6587=CARTESIAN_POINT('',(-0.10007661410297,-0.0688238386603728,-0.0012192));
#6588=CARTESIAN_POINT('',(-0.10007661410297,-0.0688238386603728,0.));
#6589=CARTESIAN_POINT('',(-0.100426775459373,-0.0692067840481522,-0.0012192));
#6590=CARTESIAN_POINT('',(-0.100426775459373,-0.0692067840481522,0.));
#6591=CARTESIAN_POINT('',(-0.100825764096549,-0.0694313895397095,-0.0012192));
#6592=CARTESIAN_POINT('',(-0.100825764096549,-0.0694313895397095,0.));
#6593=CARTESIAN_POINT('',(-0.0997752800273399,-0.0682825533763713,-0.0012192));
#6594=CARTESIAN_POINT('',(-0.0997752800273399,-0.0682825533763713,-0.0012192));
#6595=CARTESIAN_POINT('',(-0.0997752800273399,-0.0682825533763713,-0.0012192));
#6596=CARTESIAN_POINT('',(-0.100227281140784,-0.0690944813023735,-0.0012192));
#6597=CARTESIAN_POINT('',(-0.100825764096549,-0.0694313895397095,-0.0012192));
#6598=CARTESIAN_POINT('',(-0.099756446647613,-0.0682825533763713,-0.0012192));
#6599=CARTESIAN_POINT('',(-0.0997376132678861,-0.0682825533763713,-0.0012192));
#6600=CARTESIAN_POINT('',(-0.0997376132678861,-0.0682825533763713,-0.0012192));
#6601=CARTESIAN_POINT('',(-0.099756446647613,-0.0682825533763713,-0.0012192));
#6602=CARTESIAN_POINT('',(-0.0993996587316764,-0.0693581486185495,-0.0012192));
#6603=CARTESIAN_POINT('',(-0.0993996587316764,-0.0693581486185495,0.));
#6604=CARTESIAN_POINT('',(-0.0995984555176821,-0.0691293579314973,-0.0012192));
#6605=CARTESIAN_POINT('',(-0.0995984555176821,-0.0691293579314973,0.));
#6606=CARTESIAN_POINT('',(-0.099711107029752,-0.0687708261841046,-0.0012192));
#6607=CARTESIAN_POINT('',(-0.099711107029752,-0.0687708261841046,0.));
#6608=CARTESIAN_POINT('',(-0.0997376132678861,-0.0682825533763713,-0.0012192));
#6609=CARTESIAN_POINT('',(-0.0997376132678861,-0.0682825533763713,0.));
#6610=CARTESIAN_POINT('',(-0.0993996587316764,-0.0693581486185495,-0.0012192));
#6611=CARTESIAN_POINT('',(-0.0993996587316764,-0.0693581486185495,-0.0012192));
#6612=CARTESIAN_POINT('',(-0.0993996587316764,-0.0693581486185495,-0.0012192));
#6613=CARTESIAN_POINT('',(-0.099697853910685,-0.0690149625879712,-0.0012192));
#6614=CARTESIAN_POINT('',(-0.0997376132678861,-0.0682825533763713,-0.0012192));
#6615=CARTESIAN_POINT('',(-0.0984485730554702,-0.0697013346491278,-0.0012192));
#6616=CARTESIAN_POINT('',(-0.0984485730554702,-0.0697013346491278,0.));
#6617=CARTESIAN_POINT('',(-0.0988838333869353,-0.0697013346491278,-0.0012192));
#6618=CARTESIAN_POINT('',(-0.0988838333869353,-0.0697013346491278,0.));
#6619=CARTESIAN_POINT('',(-0.0992008619456707,-0.0695869393056017,-0.0012192));
#6620=CARTESIAN_POINT('',(-0.0992008619456707,-0.0695869393056017,0.));
#6621=CARTESIAN_POINT('',(-0.0993996587316764,-0.0693581486185495,-0.0012192));
#6622=CARTESIAN_POINT('',(-0.0993996587316764,-0.0693581486185495,0.));
#6623=CARTESIAN_POINT('',(-0.0984485730554702,-0.0697013346491278,-0.0012192));
#6624=CARTESIAN_POINT('',(-0.0984485730554702,-0.0697013346491278,-0.0012192));
#6625=CARTESIAN_POINT('',(-0.0984485730554702,-0.0697013346491278,-0.0012192));
#6626=CARTESIAN_POINT('',(-0.0991014635526679,-0.0697013346491278,-0.0012192));
#6627=CARTESIAN_POINT('',(-0.0993996587316764,-0.0693581486185495,-0.0012192));
#6628=CARTESIAN_POINT('',(-0.098441889410307,-0.0657589727155098,-0.0012192));
#6629=CARTESIAN_POINT('',(-0.0975403856330862,-0.0695967790741748,-0.0012192));
#6630=CARTESIAN_POINT('',(-0.0975403856330862,-0.0695967790741748,-0.0012192));
#6631=CARTESIAN_POINT('',(-0.098441889410307,-0.0657589727155098,-0.0012192));
#6632=CARTESIAN_POINT('',(-0.0975403856330862,-0.0692305001559564,-0.0012192));
#6633=CARTESIAN_POINT('',(-0.0975403856330862,-0.0688638549500504,-0.0012192));
#6634=CARTESIAN_POINT('',(-0.0975403856330862,-0.0688642955501564,-0.0012192));
#6635=CARTESIAN_POINT('',(-0.0975403856330862,-0.0692305001559564,-0.0012192));
#6636=CARTESIAN_POINT('',(-0.0979590811318785,-0.0670322717328157,-0.0012192));
#6637=CARTESIAN_POINT('',(-0.097925423618613,-0.0689103327005998,-0.0012192));
#6638=CARTESIAN_POINT('',(-0.097925423618613,-0.0689103327005998,-0.0012192));
#6639=CARTESIAN_POINT('',(-0.0979590811318785,-0.0670322717328157,-0.0012192));
#6640=CARTESIAN_POINT('',(-0.0984485730554702,-0.0686456190855501,-0.0012192));
#6641=CARTESIAN_POINT('',(-0.0984485730554702,-0.0686456190855501,0.));
#6642=CARTESIAN_POINT('',(-0.0983564987545833,-0.0688220948289166,-0.0012192));
#6643=CARTESIAN_POINT('',(-0.0983564987545833,-0.0688220948289166,0.));
#6644=CARTESIAN_POINT('',(-0.0981821156089643,-0.0689103327005998,-0.0012192));
#6645=CARTESIAN_POINT('',(-0.0981821156089643,-0.0689103327005998,0.));
#6646=CARTESIAN_POINT('',(-0.097925423618613,-0.0689103327005998,-0.0012192));
#6647=CARTESIAN_POINT('',(-0.097925423618613,-0.0689103327005998,0.));
#6648=CARTESIAN_POINT('',(-0.0984485730554702,-0.0686456190855501,-0.0012192));
#6649=CARTESIAN_POINT('',(-0.0984485730554702,-0.0686456190855501,-0.0012192));
#6650=CARTESIAN_POINT('',(-0.0984485730554702,-0.0686456190855501,-0.0012192));
#6651=CARTESIAN_POINT('',(-0.0983104616041399,-0.0689103327005998,-0.0012192));
#6652=CARTESIAN_POINT('',(-0.097925423618613,-0.0689103327005998,-0.0012192));
#6653=CARTESIAN_POINT('',(-0.0985866845068004,-0.0678577560336433,-0.0012192));
#6654=CARTESIAN_POINT('',(-0.0985866845068004,-0.0678577560336433,0.));
#6655=CARTESIAN_POINT('',(-0.0985866845068004,-0.0682065223248814,-0.0012192));
#6656=CARTESIAN_POINT('',(-0.0985866845068004,-0.0682065223248814,0.));
#6657=CARTESIAN_POINT('',(-0.098540647356357,-0.0684691433421836,-0.0012192));
#6658=CARTESIAN_POINT('',(-0.098540647356357,-0.0684691433421836,0.));
#6659=CARTESIAN_POINT('',(-0.0984485730554702,-0.0686456190855501,-0.0012192));
#6660=CARTESIAN_POINT('',(-0.0984485730554702,-0.0686456190855501,0.));
#6661=CARTESIAN_POINT('',(-0.0985866845068004,-0.0678577560336433,-0.0012192));
#6662=CARTESIAN_POINT('',(-0.0985866845068004,-0.0678577560336433,-0.0012192));
#6663=CARTESIAN_POINT('',(-0.0985866845068004,-0.0678577560336433,-0.0012192));
#6664=CARTESIAN_POINT('',(-0.0985866845068004,-0.0683809054705004,-0.0012192));
#6665=CARTESIAN_POINT('',(-0.0984485730554702,-0.0686456190855501,-0.0012192));
#6666=CARTESIAN_POINT('',(-0.0985866845068004,-0.0663343448735153,-0.0012192));
#6667=CARTESIAN_POINT('',(-0.0985866845068004,-0.0648109337133873,-0.0012192));
#6668=CARTESIAN_POINT('',(-0.0985866845068004,-0.0648109337133873,-0.0012192));
#6669=CARTESIAN_POINT('',(-0.0985866845068004,-0.0663343448735153,-0.0012192));
#6670=CARTESIAN_POINT('',(-0.0992594546825987,-0.0630416423179365,-0.0012192));
#6671=CARTESIAN_POINT('',(-0.0992594546825987,-0.0630416423179365,0.));
#6672=CARTESIAN_POINT('',(-0.0988109412320665,-0.063449698878685,-0.0012192));
#6673=CARTESIAN_POINT('',(-0.0988109412320665,-0.063449698878685,0.));
#6674=CARTESIAN_POINT('',(-0.0985866845068004,-0.0640394626771686,-0.0012192));
#6675=CARTESIAN_POINT('',(-0.0985866845068004,-0.0640394626771686,0.));
#6676=CARTESIAN_POINT('',(-0.0985866845068004,-0.0648109337133873,-0.0012192));
#6677=CARTESIAN_POINT('',(-0.0985866845068004,-0.0648109337133873,0.));
#6678=CARTESIAN_POINT('',(-0.0992594546825987,-0.0630416423179365,-0.0012192));
#6679=CARTESIAN_POINT('',(-0.0992594546825987,-0.0630416423179365,-0.0012192));
#6680=CARTESIAN_POINT('',(-0.0992594546825987,-0.0630416423179365,-0.0012192));
#6681=CARTESIAN_POINT('',(-0.0985866845068004,-0.0636537271590593,-0.0012192));
#6682=CARTESIAN_POINT('',(-0.0985866845068004,-0.0648109337133873,-0.0012192));
#6683=CARTESIAN_POINT('',(-0.101267302221256,-0.0624295574768136,-0.0012192));
#6684=CARTESIAN_POINT('',(-0.101267302221256,-0.0624295574768136,0.));
#6685=CARTESIAN_POINT('',(-0.100377250646017,-0.0624295574768136,-0.0012192));
#6686=CARTESIAN_POINT('',(-0.100377250646017,-0.0624295574768136,0.));
#6687=CARTESIAN_POINT('',(-0.0997079681331309,-0.0626335857571879,-0.0012192));
#6688=CARTESIAN_POINT('',(-0.0997079681331309,-0.0626335857571879,0.));
#6689=CARTESIAN_POINT('',(-0.0992594546825987,-0.0630416423179365,-0.0012192));
#6690=CARTESIAN_POINT('',(-0.0992594546825987,-0.0630416423179365,0.));
#6691=CARTESIAN_POINT('',(-0.101267302221256,-0.0624295574768136,-0.0012192));
#6692=CARTESIAN_POINT('',(-0.101267302221256,-0.0624295574768136,-0.0012192));
#6693=CARTESIAN_POINT('',(-0.101267302221256,-0.0624295574768136,-0.0012192));
#6694=CARTESIAN_POINT('',(-0.099932224858397,-0.0624295574768136,-0.0012192));
#6695=CARTESIAN_POINT('',(-0.0992594546825987,-0.0630416423179365,-0.0012192));
#6696=CARTESIAN_POINT('',(-0.104104864766769,-0.0643400992202159,-0.0012192));
#6697=CARTESIAN_POINT('',(-0.104104864766769,-0.0643400992202159,0.));
#6698=CARTESIAN_POINT('',(-0.103903975383016,-0.0630664047246144,-0.0012192));
#6699=CARTESIAN_POINT('',(-0.103903975383016,-0.0630664047246144,0.));
#6700=CARTESIAN_POINT('',(-0.102958121201179,-0.0624295574768136,-0.0012192));
#6701=CARTESIAN_POINT('',(-0.102958121201179,-0.0624295574768136,0.));
#6702=CARTESIAN_POINT('',(-0.101267302221256,-0.0624295574768136,-0.0012192));
#6703=CARTESIAN_POINT('',(-0.101267302221256,-0.0624295574768136,0.));
#6704=CARTESIAN_POINT('',(-0.104104864766769,-0.0643400992202159,-0.0012192));
#6705=CARTESIAN_POINT('',(-0.104104864766769,-0.0643400992202159,-0.0012192));
#6706=CARTESIAN_POINT('',(-0.104104864766769,-0.0643400992202159,-0.0012192));
#6707=CARTESIAN_POINT('',(-0.10380353069114,-0.0624295574768136,-0.0012192));
#6708=CARTESIAN_POINT('',(-0.101267302221256,-0.0624295574768136,-0.0012192));
#6709=CARTESIAN_POINT('',(-0.103490687327899,-0.0643955530605227,-0.0012192));
#6710=CARTESIAN_POINT('',(-0.102876509889029,-0.0644510069008296,-0.0012192));
#6711=CARTESIAN_POINT('',(-0.102876509889029,-0.0644510069008296,-0.0012192));
#6712=CARTESIAN_POINT('',(-0.103490687327899,-0.0643955530605227,-0.0012192));
#6713=CARTESIAN_POINT('',(-0.102443342155311,-0.0635940881232576,-0.0012192));
#6714=CARTESIAN_POINT('',(-0.102443342155311,-0.0635940881232576,0.));
#6715=CARTESIAN_POINT('',(-0.102683293363683,-0.063773353996954,-0.0012192));
#6716=CARTESIAN_POINT('',(-0.102683293363683,-0.063773353996954,0.));
#6717=CARTESIAN_POINT('',(-0.102827682608256,-0.064058993589478,-0.0012192));
#6718=CARTESIAN_POINT('',(-0.102827682608256,-0.064058993589478,0.));
#6719=CARTESIAN_POINT('',(-0.102876509889029,-0.0644510069008296,-0.0012192));
#6720=CARTESIAN_POINT('',(-0.102876509889029,-0.0644510069008296,0.));
#6721=CARTESIAN_POINT('',(-0.102443342155311,-0.0635940881232576,-0.0012192));
#6722=CARTESIAN_POINT('',(-0.102443342155311,-0.0635940881232576,-0.0012192));
#6723=CARTESIAN_POINT('',(-0.102443342155311,-0.0635940881232576,-0.0012192));
#6724=CARTESIAN_POINT('',(-0.102803268967869,-0.0638629869338022,-0.0012192));
#6725=CARTESIAN_POINT('',(-0.102876509889029,-0.0644510069008296,-0.0012192));
#6726=CARTESIAN_POINT('',(-0.101292413394226,-0.063325189312713,-0.0012192));
#6727=CARTESIAN_POINT('',(-0.101292413394226,-0.063325189312713,0.));
#6728=CARTESIAN_POINT('',(-0.101819748026578,-0.063325189312713,-0.0012192));
#6729=CARTESIAN_POINT('',(-0.101819748026578,-0.063325189312713,0.));
#6730=CARTESIAN_POINT('',(-0.102203390946939,-0.0634148222495612,-0.0012192));
#6731=CARTESIAN_POINT('',(-0.102203390946939,-0.0634148222495612,0.));
#6732=CARTESIAN_POINT('',(-0.102443342155311,-0.0635940881232576,-0.0012192));
#6733=CARTESIAN_POINT('',(-0.102443342155311,-0.0635940881232576,0.));
#6734=CARTESIAN_POINT('',(-0.101292413394226,-0.063325189312713,-0.0012192));
#6735=CARTESIAN_POINT('',(-0.101292413394226,-0.063325189312713,-0.0012192));
#6736=CARTESIAN_POINT('',(-0.101292413394226,-0.063325189312713,-0.0012192));
#6737=CARTESIAN_POINT('',(-0.102083415342754,-0.063325189312713,-0.0012192));
#6738=CARTESIAN_POINT('',(-0.102443342155311,-0.0635940881232576,-0.0012192));
#6739=CARTESIAN_POINT('',(-0.10014148463314,-0.063698718010629,-0.0012192));
#6740=CARTESIAN_POINT('',(-0.10014148463314,-0.063698718010629,0.));
#6741=CARTESIAN_POINT('',(-0.100385621037007,-0.063449698878685,-0.0012192));
#6742=CARTESIAN_POINT('',(-0.100385621037007,-0.063449698878685,0.));
#6743=CARTESIAN_POINT('',(-0.100769263957369,-0.063325189312713,-0.0012192));
#6744=CARTESIAN_POINT('',(-0.100769263957369,-0.063325189312713,0.));
#6745=CARTESIAN_POINT('',(-0.101292413394226,-0.063325189312713,-0.0012192));
#6746=CARTESIAN_POINT('',(-0.101292413394226,-0.063325189312713,0.));
#6747=CARTESIAN_POINT('',(-0.10014148463314,-0.063698718010629,-0.0012192));
#6748=CARTESIAN_POINT('',(-0.10014148463314,-0.063698718010629,-0.0012192));
#6749=CARTESIAN_POINT('',(-0.10014148463314,-0.063698718010629,-0.0012192));
#6750=CARTESIAN_POINT('',(-0.10050768923894,-0.063325189312713,-0.0012192));
#6751=CARTESIAN_POINT('',(-0.101292413394226,-0.063325189312713,-0.0012192));
#6752=CARTESIAN_POINT('',(-0.0997752800273399,-0.0649343969804856,-0.0012192));
#6753=CARTESIAN_POINT('',(-0.0997752800273399,-0.0649343969804856,0.));
#6754=CARTESIAN_POINT('',(-0.0997752800273399,-0.0643596301325252,-0.0012192));
#6755=CARTESIAN_POINT('',(-0.0997752800273399,-0.0643596301325252,0.));
#6756=CARTESIAN_POINT('',(-0.0998973482292733,-0.063947737142573,-0.0012192));
#6757=CARTESIAN_POINT('',(-0.0998973482292733,-0.063947737142573,0.));
#6758=CARTESIAN_POINT('',(-0.10014148463314,-0.063698718010629,-0.0012192));
#6759=CARTESIAN_POINT('',(-0.10014148463314,-0.063698718010629,0.));
#6760=CARTESIAN_POINT('',(-0.0997752800273399,-0.0649343969804856,-0.0012192));
#6761=CARTESIAN_POINT('',(-0.0997752800273399,-0.0649343969804856,-0.0012192));
#6762=CARTESIAN_POINT('',(-0.0997752800273399,-0.0649343969804856,-0.0012192));
#6763=CARTESIAN_POINT('',(-0.0997752800273399,-0.064072246708545,-0.0012192));
#6764=CARTESIAN_POINT('',(-0.10014148463314,-0.063698718010629,-0.0012192));
#6765=CARTESIAN_POINT('',(-0.0997752800273399,-0.065126915973249,-0.0012192));
#6766=CARTESIAN_POINT('',(-0.0997752800273399,-0.0653194349660124,-0.0012192));
#6767=CARTESIAN_POINT('',(-0.0997752800273399,-0.0653194349660124,-0.0012192));
#6768=CARTESIAN_POINT('',(-0.0997752800273399,-0.065126915973249,-0.0012192));
#6769=CARTESIAN_POINT('',(-0.100570467171363,-0.0653330368513707,-0.0012192));
#6770=CARTESIAN_POINT('',(-0.101365654315386,-0.065346638736729,-0.0012192));
#6771=CARTESIAN_POINT('',(-0.101365654315386,-0.065346638736729,-0.0012192));
#6772=CARTESIAN_POINT('',(-0.100570467171363,-0.0653330368513707,-0.0012192));
#6773=CARTESIAN_POINT('',(-0.103695761907147,-0.0659744180609576,-0.0012192));
#6774=CARTESIAN_POINT('',(-0.103695761907147,-0.0659744180609576,0.));
#6775=CARTESIAN_POINT('',(-0.103213766892656,-0.0655824047496059,-0.0012192));
#6776=CARTESIAN_POINT('',(-0.103213766892656,-0.0655824047496059,0.));
#6777=CARTESIAN_POINT('',(-0.102437064362069,-0.0653731449748631,-0.0012192));
#6778=CARTESIAN_POINT('',(-0.102437064362069,-0.0653731449748631,0.));
#6779=CARTESIAN_POINT('',(-0.101365654315386,-0.065346638736729,-0.0012192));
#6780=CARTESIAN_POINT('',(-0.101365654315386,-0.065346638736729,0.));
#6781=CARTESIAN_POINT('',(-0.103695761907147,-0.0659744180609576,-0.0012192));
#6782=CARTESIAN_POINT('',(-0.103695761907147,-0.0659744180609576,-0.0012192));
#6783=CARTESIAN_POINT('',(-0.103695761907147,-0.0659744180609576,-0.0012192));
#6784=CARTESIAN_POINT('',(-0.102972769385411,-0.0653863980939301,-0.0012192));
#6785=CARTESIAN_POINT('',(-0.101365654315386,-0.065346638736729,-0.0012192));
#6786=CARTESIAN_POINT('',(-0.104418754428884,-0.067661051845385,-0.0012192));
#6787=CARTESIAN_POINT('',(-0.104418754428884,-0.067661051845385,0.));
#6788=CARTESIAN_POINT('',(-0.104418754428884,-0.066928642633785,-0.0012192));
#6789=CARTESIAN_POINT('',(-0.104418754428884,-0.066928642633785,0.));
#6790=CARTESIAN_POINT('',(-0.104177756921638,-0.0663664313723092,-0.0012192));
#6791=CARTESIAN_POINT('',(-0.104177756921638,-0.0663664313723092,0.));
#6792=CARTESIAN_POINT('',(-0.103695761907147,-0.0659744180609576,-0.0012192));
#6793=CARTESIAN_POINT('',(-0.103695761907147,-0.0659744180609576,0.));
#6794=CARTESIAN_POINT('',(-0.104418754428884,-0.067661051845385,-0.0012192));
#6795=CARTESIAN_POINT('',(-0.104418754428884,-0.067661051845385,-0.0012192));
#6796=CARTESIAN_POINT('',(-0.104418754428884,-0.067661051845385,-0.0012192));
#6797=CARTESIAN_POINT('',(-0.104418754428884,-0.066562438027985,-0.0012192));
#6798=CARTESIAN_POINT('',(-0.103695761907147,-0.0659744180609576,-0.0012192));
#6799=CARTESIAN_POINT('',(-0.103883049405542,-0.0692053889829872,-0.0012192));
#6800=CARTESIAN_POINT('',(-0.103883049405542,-0.0692053889829872,0.));
#6801=CARTESIAN_POINT('',(-0.10424018608777,-0.0688301164536151,-0.0012192));
#6802=CARTESIAN_POINT('',(-0.10424018608777,-0.0688301164536151,0.));
#6803=CARTESIAN_POINT('',(-0.104418754428884,-0.0683153374077477,-0.0012192));
#6804=CARTESIAN_POINT('',(-0.104418754428884,-0.0683153374077477,0.));
#6805=CARTESIAN_POINT('',(-0.104418754428884,-0.067661051845385,-0.0012192));
#6806=CARTESIAN_POINT('',(-0.104418754428884,-0.067661051845385,0.));
#6807=CARTESIAN_POINT('',(-0.103883049405542,-0.0692053889829872,-0.0012192));
#6808=CARTESIAN_POINT('',(-0.104418754428884,-0.068642480188929,-0.0012192));
#6809=CARTESIAN_POINT('',(-0.104418754428884,-0.067661051845385,-0.0012192));
#6810=CARTESIAN_POINT('',(-0.101937291151028,-0.0667362883562135,-0.0012192));
#6811=CARTESIAN_POINT('',(-0.101937291151028,-0.0667362883562135,0.));
#6812=CARTESIAN_POINT('',(-0.101937291151028,-0.0667362883562135,-0.0012192));
#6813=CARTESIAN_POINT('',(0.,0.,-0.0012192));
#6814=CARTESIAN_POINT('',(-0.116166598182948,-0.0614554532253856,-0.0012192));
#6815=CARTESIAN_POINT('',(-0.116166598182948,-0.0614554532253856,0.));
#6816=CARTESIAN_POINT('',(-0.116137301814484,-0.0613644252233725,0.));
#6817=CARTESIAN_POINT('',(-0.116195432312281,-0.0615466271182914,5.42101086242752E-19));
#6818=CARTESIAN_POINT('',(-0.116137301814484,-0.0613644252233725,-0.0012192));
#6819=CARTESIAN_POINT('',(-0.116137301814484,-0.0613644252233725,-0.0012192));
#6820=CARTESIAN_POINT('',(-0.116166598182948,-0.0614554532253856,-0.0012192));
#6821=CARTESIAN_POINT('',(-0.116195432312281,-0.0615466271182914,-0.00121919975));
#6822=CARTESIAN_POINT('',(-0.116195894551412,-0.0615464812273988,-0.0012192));
#6823=CARTESIAN_POINT('',(-0.116049412709092,-0.0616354166316645,-0.0012192));
#6824=CARTESIAN_POINT('',(-0.116049412709092,-0.0616354166316645,0.));
#6825=CARTESIAN_POINT('',(-0.115961374569145,-0.0619063604407705,2.16840434497101E-19));
#6826=CARTESIAN_POINT('',(-0.1159615236037,-0.0619064080399565,-0.0012192));
#6827=CARTESIAN_POINT('',(-0.115961374569145,-0.0619063604407705,-0.0012192));
#6828=CARTESIAN_POINT('',(-0.116049412709092,-0.0616354166316645,-0.0012192));
#6829=CARTESIAN_POINT('',(-0.101014557378159,-0.0571325928316401,-0.0012192));
#6830=CARTESIAN_POINT('',(-0.101014557378159,-0.0571325928316401,0.));
#6831=CARTESIAN_POINT('',(-0.115595476299321,-0.0629276582588482,-5.42101086143732E-19));
#6832=CARTESIAN_POINT('',(-0.1155953189979,-0.0629275957407016,-0.0012192));
#6833=CARTESIAN_POINT('',(-0.115595476299321,-0.0629276582588483,-0.00121919975));
#6834=CARTESIAN_POINT('',(-0.101014557378159,-0.0571325928316401,-0.0012192));
#6835=CARTESIAN_POINT('',(-0.115003113835377,-0.0644478680042084,-0.0012192));
#6836=CARTESIAN_POINT('',(-0.115003113835377,-0.0644478680042084,0.));
#6837=CARTESIAN_POINT('',(-0.114410908672855,-0.0659681402677153,0.));
#6838=CARTESIAN_POINT('',(-0.114410908672855,-0.0659681402677153,-0.0012192));
#6839=CARTESIAN_POINT('',(-0.114410908672855,-0.0659681402677153,-0.0012192));
#6840=CARTESIAN_POINT('',(-0.115003113835377,-0.0644478680042084,-0.0012192));
#6841=CARTESIAN_POINT('',(-0.116134162917863,-0.0659681402677153,-0.0012192));
#6842=CARTESIAN_POINT('',(-0.116134162917863,-0.0659681402677153,0.));
#6843=CARTESIAN_POINT('',(-0.11785741716287,-0.0659681402677153,0.));
#6844=CARTESIAN_POINT('',(-0.11785741716287,-0.0659681402677153,-0.0012192));
#6845=CARTESIAN_POINT('',(-0.11785741716287,-0.0659681402677153,-0.0012192));
#6846=CARTESIAN_POINT('',(-0.116134162917863,-0.0659681402677153,-0.0012192));
#6847=CARTESIAN_POINT('',(-0.117269397195842,-0.0644541457974507,-0.0012192));
#6848=CARTESIAN_POINT('',(-0.117269397195842,-0.0644541457974507,0.));
#6849=CARTESIAN_POINT('',(-0.116681753993827,-0.0629400064541408,-1.0842021724855E-19));
#6850=CARTESIAN_POINT('',(-0.116681377228815,-0.0629401513271862,-0.0012192));
#6851=CARTESIAN_POINT('',(-0.116681753993827,-0.0629400064541408,-0.0012192));
#6852=CARTESIAN_POINT('',(-0.117269397195842,-0.0644541457974507,-0.0012192));
#6853=CARTESIAN_POINT('',(-0.113512137940335,-0.0682888311696135,-0.0012192));
#6854=CARTESIAN_POINT('',(-0.112985849606856,-0.0696364641189575,-0.0012192));
#6855=CARTESIAN_POINT('',(-0.112985849606856,-0.0696364641189575,-0.0012192));
#6856=CARTESIAN_POINT('',(-0.113512137940335,-0.0682888311696135,-0.0012192));
#6857=CARTESIAN_POINT('',(-0.114038426273813,-0.0669411982202696,-0.0012192));
#6858=CARTESIAN_POINT('',(-0.114038426273813,-0.0669411982202696,-0.0012192));
#6859=CARTESIAN_POINT('',(-0.112348653592764,-0.0696364641189575,-0.0012192));
#6860=CARTESIAN_POINT('',(-0.111711457578672,-0.0696364641189575,-0.0012192));
#6861=CARTESIAN_POINT('',(-0.111711457578672,-0.0696364641189575,-0.0012192));
#6862=CARTESIAN_POINT('',(-0.112348653592764,-0.0696364641189575,-0.0012192));
#6863=CARTESIAN_POINT('',(-0.113561313987399,-0.0650296101779936,-0.0012192));
#6864=CARTESIAN_POINT('',(-0.115411170396126,-0.0604227562370296,-0.0012192));
#6865=CARTESIAN_POINT('',(-0.115411170396126,-0.0604227562370296,-0.0012192));
#6866=CARTESIAN_POINT('',(-0.113561313987399,-0.0650296101779936,-0.0012192));
#6867=CARTESIAN_POINT('',(-0.116121607331378,-0.0604227562370296,-0.0012192));
#6868=CARTESIAN_POINT('',(-0.11683204426663,-0.0604227562370296,-0.0012192));
#6869=CARTESIAN_POINT('',(-0.11683204426663,-0.0604227562370296,-0.0012192));
#6870=CARTESIAN_POINT('',(-0.116121607331378,-0.0604227562370296,-0.0012192));
#6871=CARTESIAN_POINT('',(-0.118711197043821,-0.0650296101779936,-0.0012192));
#6872=CARTESIAN_POINT('',(-0.120590349821012,-0.0696364641189575,-0.0012192));
#6873=CARTESIAN_POINT('',(-0.120590349821012,-0.0696364641189575,-0.0012192));
#6874=CARTESIAN_POINT('',(-0.118711197043821,-0.0650296101779936,-0.0012192));
#6875=CARTESIAN_POINT('',(-0.119943737117056,-0.0696364641189575,-0.0012192));
#6876=CARTESIAN_POINT('',(-0.119297124413101,-0.0696364641189575,-0.0012192));
#6877=CARTESIAN_POINT('',(-0.119297124413101,-0.0696364641189575,-0.0012192));
#6878=CARTESIAN_POINT('',(-0.119943737117056,-0.0696364641189575,-0.0012192));
#6879=CARTESIAN_POINT('',(-0.118766650884128,-0.0682888311696135,-0.0012192));
#6880=CARTESIAN_POINT('',(-0.118236177355154,-0.0669411982202696,-0.0012192));
#6881=CARTESIAN_POINT('',(-0.118236177355154,-0.0669411982202696,-0.0012192));
#6882=CARTESIAN_POINT('',(-0.118766650884128,-0.0682888311696135,-0.0012192));
#6883=CARTESIAN_POINT('',(-0.116137301814484,-0.0669411982202696,-0.0012192));
#6884=CARTESIAN_POINT('',(-0.116137301814484,-0.0669411982202696,-0.0012192));
#6885=CARTESIAN_POINT('',(-0.13913254412033,-0.0543072665967513,-0.0012192));
#6886=CARTESIAN_POINT('',(-0.13913254412033,-0.0543072665967513,0.));
#6887=CARTESIAN_POINT('',(-0.13913254412033,-0.0543072665967513,-0.0012192));
#6888=CARTESIAN_POINT('',(0.,0.,-0.0012192));
#6889=CARTESIAN_POINT('',(0.,0.,0.));
#6890=CARTESIAN_POINT('',(0.,0.,0.));
#6891=CARTESIAN_POINT('',(0.117,0.0662,-0.008984));
#6892=CARTESIAN_POINT('',(0.117,0.0662,-0.008984));
#6893=CARTESIAN_POINT('',(0.117,0.0662,-0.01));
#6894=CARTESIAN_POINT('',(0.117,0.0662,-0.001016));
#6895=CARTESIAN_POINT('',(0.117,0.0662,-0.001016));
#6896=CARTESIAN_POINT('',(-0.117,0.0662,-0.008984));
#6897=CARTESIAN_POINT('',(-0.117,0.0662,-0.008984));
#6898=CARTESIAN_POINT('',(-0.117,0.0662,-0.01));
#6899=CARTESIAN_POINT('',(-0.117,0.0662,-0.001016));
#6900=CARTESIAN_POINT('',(-0.117,0.0662,-0.001016));
#6901=MECHANICAL_DESIGN_GEOMETRIC_PRESENTATION_REPRESENTATION('',(#3849),
#6902);
#6902=(
GEOMETRIC_REPRESENTATION_CONTEXT(3)
GLOBAL_UNCERTAINTY_ASSIGNED_CONTEXT((#6903))
GLOBAL_UNIT_ASSIGNED_CONTEXT((#6906,#6905,#6904))
REPRESENTATION_CONTEXT('Laptop Stand','TOP_LEVEL_ASSEMBLY_PART')
);
#6903=UNCERTAINTY_MEASURE_WITH_UNIT(LENGTH_MEASURE(0.000107178913262208),
#6906,'DISTANCE_ACCURACY_VALUE','Maximum Tolerance applied to model');
#6904=(
NAMED_UNIT(*)
SI_UNIT($,.STERADIAN.)
SOLID_ANGLE_UNIT()
);
#6905=(
NAMED_UNIT(*)
PLANE_ANGLE_UNIT()
SI_UNIT($,.RADIAN.)
);
#6906=(
LENGTH_UNIT()
NAMED_UNIT(*)
SI_UNIT($,.METRE.)
);
#6907=PRODUCT_DEFINITION_SHAPE('','',#6908);
#6908=PRODUCT_DEFINITION('','',#6910,#6909);
#6909=PRODUCT_DEFINITION_CONTEXT('',#6916,'design');
#6910=PRODUCT_DEFINITION_FORMATION_WITH_SPECIFIED_SOURCE('','',#6912,
 .NOT_KNOWN.);
#6911=PRODUCT_RELATED_PRODUCT_CATEGORY('','',(#6912));
#6912=PRODUCT('Laptop Stand','Laptop Stand','Laptop Stand',(#6914));
#6913=PRODUCT_CATEGORY('','');
#6914=PRODUCT_CONTEXT('',#6916,'mechanical');
#6915=APPLICATION_PROTOCOL_DEFINITION('international standard',
'ap242_managed_model_based_3d_engineering',2020,#6916);
#6916=APPLICATION_CONTEXT('managed model based 3d engineering');
ENDSEC;
END-ISO-10303-21;
