ISO-10303-21;
HEADER;
/* Generated by software containing ST-Developer
 * from STEP Tools, Inc. (www.steptools.com) 
 */
/* OPTION: using custom renumber hook */

FILE_DESCRIPTION(
/* description */ ('STEP AP242 Edition 2',
'CAx-IF Rec.Pracs.---Representation and Presentation of Product Manufa
cturing Information (PMI)---4.0---2014-10-13',
'CAx-IF Rec.Pracs.---3D Tessellated Geometry---0.4---2014-09-14','2;1',
'CAx-IF Rec.Pracs.---User Defined Attributes---1.5---2016-08-15'),
/* implementation_level */ '2;1');

FILE_NAME(
/* name */ 'Part Studio 1 - Phone Stand',
/* time_stamp */ '2026-08-05T21:19:06Z',
/* author */ (''),
/* organization */ (''),
/* preprocessor_version */ 'ST-DEVELOPER v20',
/* originating_system */ 'ONSHAPE BY PTC INC, 1.218',
/* authorisation */ '  ');

FILE_SCHEMA (('AP242_MANAGED_MODEL_BASED_3D_ENGINEERING_MIM_LF { 1 0 10303 442 3 1 4 }'));
ENDSEC;

DATA;
#10=SHAPE_REPRESENTATION_RELATIONSHIP('','',#3195,#11);
#11=ADVANCED_BREP_SHAPE_REPRESENTATION('',(#3193),#5761);
#12=SPHERICAL_SURFACE('',#3298,0.001016);
#13=SPHERICAL_SURFACE('',#3304,0.001016);
#14=SPHERICAL_SURFACE('',#3372,0.001016);
#15=SPHERICAL_SURFACE('',#3378,0.001016);
#16=(
BOUNDED_SURFACE()
B_SPLINE_SURFACE(3,2,((#4683,#4684,#4685),(#4686,#4687,#4688),(#4689,#4690,
#4691),(#4692,#4693,#4694)),.UNSPECIFIED.,.F.,.F.,.F.)
B_SPLINE_SURFACE_WITH_KNOTS((4,4),(3,3),(0.00313777776418003,0.0492616093329636),
(0.,1.),.PIECEWISE_BEZIER_KNOTS.)
GEOMETRIC_REPRESENTATION_ITEM()
RATIONAL_B_SPLINE_SURFACE(((1.,0.756535186559435,1.),(1.,0.72058431709048,
1.),(1.,0.719363623261682,1.),(1.,0.713722232001119,1.)))
REPRESENTATION_ITEM('')
SURFACE()
);
#17=(
BOUNDED_SURFACE()
B_SPLINE_SURFACE(3,2,((#4715,#4716,#4717),(#4718,#4719,#4720),(#4721,#4722,
#4723),(#4724,#4725,#4726)),.UNSPECIFIED.,.F.,.F.,.F.)
B_SPLINE_SURFACE_WITH_KNOTS((4,4),(3,3),(0.00315043909690678,0.0492742705434839),
(0.,1.),.PIECEWISE_BEZIER_KNOTS.)
GEOMETRIC_REPRESENTATION_ITEM()
RATIONAL_B_SPLINE_SURFACE(((1.,0.756535186555972,1.),(1.,0.720584317675419,
1.),(1.,0.719363623265814,1.),(1.,0.713722232001118,1.)))
REPRESENTATION_ITEM('')
SURFACE()
);
#18=(
BOUNDED_SURFACE()
B_SPLINE_SURFACE(3,2,((#4748,#4749,#4750),(#4751,#4752,#4753),(#4754,#4755,
#4756),(#4757,#4758,#4759),(#4760,#4761,#4762)),.UNSPECIFIED.,.F.,.F.,.F.)
B_SPLINE_SURFACE_WITH_KNOTS((4,1,4),(3,3),(0.00409310806474046,0.0261292917790749,
0.0481654754934093),(0.,1.),.UNSPECIFIED.)
GEOMETRIC_REPRESENTATION_ITEM()
RATIONAL_B_SPLINE_SURFACE(((1.,0.591285987348304,1.),(1.,0.610241469926333,
1.),(1.,0.626204074633672,1.),(1.,0.63446153857663,1.),(1.,0.637550159285904,
1.)))
REPRESENTATION_ITEM('')
SURFACE()
);
#19=(
BOUNDED_SURFACE()
B_SPLINE_SURFACE(3,2,((#4763,#4764,#4765),(#4766,#4767,#4768),(#4769,#4770,
#4771),(#4772,#4773,#4774),(#4775,#4776,#4777)),.UNSPECIFIED.,.F.,.F.,.F.)
B_SPLINE_SURFACE_WITH_KNOTS((4,1,4),(3,3),(0.00410546358600458,0.0261422655804378,
0.0481790675748709),(0.,1.),.UNSPECIFIED.)
GEOMETRIC_REPRESENTATION_ITEM()
RATIONAL_B_SPLINE_SURFACE(((1.,0.591285197654674,1.),(1.,0.610241585394226,
1.),(1.,0.626204363619767,1.),(1.,0.634461922235882,1.),(1.,0.637550550771708,
1.)))
REPRESENTATION_ITEM('')
SURFACE()
);
#20=TOROIDAL_SURFACE('',#3260,0.004984,0.001016);
#21=TOROIDAL_SURFACE('',#3262,0.004984,0.001016);
#22=TOROIDAL_SURFACE('',#3268,0.004984,0.001016);
#23=TOROIDAL_SURFACE('',#3270,0.004984,0.001016);
#24=TOROIDAL_SURFACE('',#3276,0.004984,0.001016);
#25=TOROIDAL_SURFACE('',#3278,0.004984,0.001016);
#26=TOROIDAL_SURFACE('',#3284,0.004984,0.001016);
#27=TOROIDAL_SURFACE('',#3286,0.004984,0.001016);
#28=TOROIDAL_SURFACE('',#3289,0.029016,0.001016);
#29=ELLIPSE('',#3250,0.00143684097937106,0.001016);
#30=ELLIPSE('',#3251,0.00143684097937106,0.001016);
#31=ELLIPSE('',#3253,0.00143684097937106,0.001016);
#32=ELLIPSE('',#3255,0.00143684097937106,0.001016);
#33=CYLINDRICAL_SURFACE('',#3217,0.028);
#34=CYLINDRICAL_SURFACE('',#3232,0.006);
#35=CYLINDRICAL_SURFACE('',#3235,0.006);
#36=CYLINDRICAL_SURFACE('',#3238,0.006);
#37=CYLINDRICAL_SURFACE('',#3241,0.006);
#38=CYLINDRICAL_SURFACE('',#3249,0.001016);
#39=CYLINDRICAL_SURFACE('',#3252,0.001016);
#40=CYLINDRICAL_SURFACE('',#3254,0.001016);
#41=CYLINDRICAL_SURFACE('',#3256,0.001016);
#42=CYLINDRICAL_SURFACE('',#3257,0.001016);
#43=CYLINDRICAL_SURFACE('',#3264,0.001016);
#44=CYLINDRICAL_SURFACE('',#3266,0.001016);
#45=CYLINDRICAL_SURFACE('',#3272,0.001016);
#46=CYLINDRICAL_SURFACE('',#3273,0.001016);
#47=CYLINDRICAL_SURFACE('',#3280,0.001016);
#48=CYLINDRICAL_SURFACE('',#3282,0.001016);
#49=CYLINDRICAL_SURFACE('',#3288,0.001016);
#50=CYLINDRICAL_SURFACE('',#3294,0.001016);
#51=CYLINDRICAL_SURFACE('',#3296,0.001016);
#52=CYLINDRICAL_SURFACE('',#3300,0.001016);
#53=CYLINDRICAL_SURFACE('',#3302,0.001016);
#54=CYLINDRICAL_SURFACE('',#3306,0.001016);
#55=CYLINDRICAL_SURFACE('',#3307,0.00187704879212293);
#56=CYLINDRICAL_SURFACE('',#3316,0.0042680993680366);
#57=CYLINDRICAL_SURFACE('',#3319,0.00203411760142379);
#58=CYLINDRICAL_SURFACE('',#3325,0.00232053992030237);
#59=CYLINDRICAL_SURFACE('',#3334,0.0049175378251629);
#60=CYLINDRICAL_SURFACE('',#3351,0.0169873198438658);
#61=CYLINDRICAL_SURFACE('',#3368,0.001016);
#62=CYLINDRICAL_SURFACE('',#3370,0.001016);
#63=CYLINDRICAL_SURFACE('',#3374,0.001016);
#64=CYLINDRICAL_SURFACE('',#3376,0.001016);
#65=CYLINDRICAL_SURFACE('',#3380,0.001016);
#66=B_SPLINE_SURFACE_WITH_KNOTS('',3,1,((#4376,#4377,#4378),(#4379,#4380,
#4381),(#4382,#4383,#4384),(#4385,#4386,#4387)),.RULED_SURF.,.F.,.F.,.F.,
(4,4),(2,1,2),(0.,0.92710476557577),(0.,1.,1.00600636307932),
 .PIECEWISE_BEZIER_KNOTS.);
#67=B_SPLINE_SURFACE_WITH_KNOTS('',3,1,((#4425,#4426,#4427),(#4428,#4429,
#4430),(#4431,#4432,#4433),(#4434,#4435,#4436)),.RULED_SURF.,.F.,.F.,.F.,
(4,4),(2,1,2),(0.0728952344242306,1.),(0.,1.,1.00600636307932),
 .PIECEWISE_BEZIER_KNOTS.);
#68=B_SPLINE_SURFACE_WITH_KNOTS('',3,1,((#4778,#4779),(#4780,#4781),(#4782,
#4783),(#4784,#4785)),.SURF_OF_LINEAR_EXTRUSION.,.F.,.F.,.F.,(4,4),(2,2),
(0.,1.),(0.,1.),.PIECEWISE_BEZIER_KNOTS.);
#69=B_SPLINE_SURFACE_WITH_KNOTS('',3,1,((#4793,#4794),(#4795,#4796),(#4797,
#4798),(#4799,#4800)),.SURF_OF_LINEAR_EXTRUSION.,.F.,.F.,.F.,(4,4),(2,2),
(0.,1.),(0.,1.),.PIECEWISE_BEZIER_KNOTS.);
#70=B_SPLINE_SURFACE_WITH_KNOTS('',3,1,((#4810,#4811),(#4812,#4813),(#4814,
#4815),(#4816,#4817)),.SURF_OF_LINEAR_EXTRUSION.,.F.,.F.,.F.,(4,4),(2,2),
(0.,1.),(0.,1.),.PIECEWISE_BEZIER_KNOTS.);
#71=B_SPLINE_SURFACE_WITH_KNOTS('',3,1,((#4823,#4824),(#4825,#4826),(#4827,
#4828),(#4829,#4830)),.SURF_OF_LINEAR_EXTRUSION.,.F.,.F.,.F.,(4,4),(2,2),
(0.,1.),(0.,1.),.PIECEWISE_BEZIER_KNOTS.);
#72=B_SPLINE_SURFACE_WITH_KNOTS('',3,1,((#4836,#4837),(#4838,#4839),(#4840,
#4841),(#4842,#4843)),.SURF_OF_LINEAR_EXTRUSION.,.F.,.F.,.F.,(4,4),(2,2),
(0.,1.),(0.,1.),.PIECEWISE_BEZIER_KNOTS.);
#73=B_SPLINE_SURFACE_WITH_KNOTS('',3,1,((#4849,#4850),(#4851,#4852),(#4853,
#4854),(#4855,#4856)),.SURF_OF_LINEAR_EXTRUSION.,.F.,.F.,.F.,(4,4),(2,2),
(0.,1.),(0.,1.),.PIECEWISE_BEZIER_KNOTS.);
#74=B_SPLINE_SURFACE_WITH_KNOTS('',3,1,((#4862,#4863),(#4864,#4865),(#4866,
#4867),(#4868,#4869)),.SURF_OF_LINEAR_EXTRUSION.,.F.,.F.,.F.,(4,4),(2,2),
(0.,1.),(0.,1.),.PIECEWISE_BEZIER_KNOTS.);
#75=B_SPLINE_SURFACE_WITH_KNOTS('',3,1,((#4875,#4876),(#4877,#4878),(#4879,
#4880),(#4881,#4882)),.SURF_OF_LINEAR_EXTRUSION.,.F.,.F.,.F.,(4,4),(2,2),
(0.,1.),(0.,1.),.PIECEWISE_BEZIER_KNOTS.);
#76=B_SPLINE_SURFACE_WITH_KNOTS('',3,1,((#4888,#4889),(#4890,#4891),(#4892,
#4893),(#4894,#4895)),.SURF_OF_LINEAR_EXTRUSION.,.F.,.F.,.F.,(4,4),(2,2),
(0.,1.),(0.,1.),.PIECEWISE_BEZIER_KNOTS.);
#77=B_SPLINE_SURFACE_WITH_KNOTS('',3,1,((#4901,#4902),(#4903,#4904),(#4905,
#4906),(#4907,#4908)),.SURF_OF_LINEAR_EXTRUSION.,.F.,.F.,.F.,(4,4),(2,2),
(0.,1.),(0.,1.),.PIECEWISE_BEZIER_KNOTS.);
#78=B_SPLINE_SURFACE_WITH_KNOTS('',3,1,((#4914,#4915),(#4916,#4917),(#4918,
#4919),(#4920,#4921)),.SURF_OF_LINEAR_EXTRUSION.,.F.,.F.,.F.,(4,4),(2,2),
(0.,1.),(0.,1.),.PIECEWISE_BEZIER_KNOTS.);
#79=B_SPLINE_SURFACE_WITH_KNOTS('',3,1,((#4931,#4932),(#4933,#4934),(#4935,
#4936),(#4937,#4938)),.SURF_OF_LINEAR_EXTRUSION.,.F.,.F.,.F.,(4,4),(2,2),
(0.,1.),(0.,1.),.PIECEWISE_BEZIER_KNOTS.);
#80=B_SPLINE_SURFACE_WITH_KNOTS('',3,1,((#4944,#4945),(#4946,#4947),(#4948,
#4949),(#4950,#4951)),.SURF_OF_LINEAR_EXTRUSION.,.F.,.F.,.F.,(4,4),(2,2),
(0.,1.),(0.,1.),.PIECEWISE_BEZIER_KNOTS.);
#81=B_SPLINE_SURFACE_WITH_KNOTS('',3,1,((#4957,#4958),(#4959,#4960),(#4961,
#4962),(#4963,#4964)),.SURF_OF_LINEAR_EXTRUSION.,.F.,.F.,.F.,(4,4),(2,2),
(0.,1.),(0.,1.),.PIECEWISE_BEZIER_KNOTS.);
#82=B_SPLINE_SURFACE_WITH_KNOTS('',3,1,((#4970,#4971),(#4972,#4973),(#4974,
#4975),(#4976,#4977)),.SURF_OF_LINEAR_EXTRUSION.,.F.,.F.,.F.,(4,4),(2,2),
(0.,1.),(0.,1.),.PIECEWISE_BEZIER_KNOTS.);
#83=B_SPLINE_SURFACE_WITH_KNOTS('',3,1,((#4983,#4984),(#4985,#4986),(#4987,
#4988),(#4989,#4990)),.SURF_OF_LINEAR_EXTRUSION.,.F.,.F.,.F.,(4,4),(2,2),
(0.,1.),(0.,1.),.PIECEWISE_BEZIER_KNOTS.);
#84=B_SPLINE_SURFACE_WITH_KNOTS('',3,1,((#4996,#4997),(#4998,#4999),(#5000,
#5001),(#5002,#5003)),.SURF_OF_LINEAR_EXTRUSION.,.F.,.F.,.F.,(4,4),(2,2),
(0.,1.),(0.,1.),.PIECEWISE_BEZIER_KNOTS.);
#85=B_SPLINE_SURFACE_WITH_KNOTS('',3,1,((#5009,#5010),(#5011,#5012),(#5013,
#5014),(#5015,#5016)),.SURF_OF_LINEAR_EXTRUSION.,.F.,.F.,.F.,(4,4),(2,2),
(0.,1.),(0.,1.),.PIECEWISE_BEZIER_KNOTS.);
#86=B_SPLINE_SURFACE_WITH_KNOTS('',3,1,((#5026,#5027),(#5028,#5029),(#5030,
#5031),(#5032,#5033)),.SURF_OF_LINEAR_EXTRUSION.,.F.,.F.,.F.,(4,4),(2,2),
(0.,1.),(0.,1.),.PIECEWISE_BEZIER_KNOTS.);
#87=B_SPLINE_SURFACE_WITH_KNOTS('',3,1,((#5039,#5040),(#5041,#5042),(#5043,
#5044),(#5045,#5046)),.SURF_OF_LINEAR_EXTRUSION.,.F.,.F.,.F.,(4,4),(2,2),
(0.,1.),(0.,1.),.PIECEWISE_BEZIER_KNOTS.);
#88=B_SPLINE_SURFACE_WITH_KNOTS('',3,1,((#5052,#5053),(#5054,#5055),(#5056,
#5057),(#5058,#5059)),.SURF_OF_LINEAR_EXTRUSION.,.F.,.F.,.F.,(4,4),(2,2),
(0.,1.),(0.,1.),.PIECEWISE_BEZIER_KNOTS.);
#89=B_SPLINE_SURFACE_WITH_KNOTS('',3,1,((#5065,#5066),(#5067,#5068),(#5069,
#5070),(#5071,#5072)),.SURF_OF_LINEAR_EXTRUSION.,.F.,.F.,.F.,(4,4),(2,2),
(0.,1.),(0.,1.),.PIECEWISE_BEZIER_KNOTS.);
#90=B_SPLINE_SURFACE_WITH_KNOTS('',3,1,((#5078,#5079),(#5080,#5081),(#5082,
#5083),(#5084,#5085)),.SURF_OF_LINEAR_EXTRUSION.,.F.,.F.,.F.,(4,4),(2,2),
(0.,1.),(0.,1.),.PIECEWISE_BEZIER_KNOTS.);
#91=B_SPLINE_SURFACE_WITH_KNOTS('',3,1,((#5091,#5092),(#5093,#5094),(#5095,
#5096),(#5097,#5098)),.SURF_OF_LINEAR_EXTRUSION.,.F.,.F.,.F.,(4,4),(2,2),
(0.,1.),(0.,1.),.PIECEWISE_BEZIER_KNOTS.);
#92=B_SPLINE_SURFACE_WITH_KNOTS('',3,1,((#5108,#5109),(#5110,#5111),(#5112,
#5113),(#5114,#5115)),.SURF_OF_LINEAR_EXTRUSION.,.F.,.F.,.F.,(4,4),(2,2),
(0.,1.),(0.,1.),.PIECEWISE_BEZIER_KNOTS.);
#93=B_SPLINE_SURFACE_WITH_KNOTS('',3,1,((#5121,#5122),(#5123,#5124),(#5125,
#5126),(#5127,#5128)),.SURF_OF_LINEAR_EXTRUSION.,.F.,.F.,.F.,(4,4),(2,2),
(0.,1.),(0.,1.),.PIECEWISE_BEZIER_KNOTS.);
#94=B_SPLINE_SURFACE_WITH_KNOTS('',3,1,((#5134,#5135),(#5136,#5137),(#5138,
#5139),(#5140,#5141)),.SURF_OF_LINEAR_EXTRUSION.,.F.,.F.,.F.,(4,4),(2,2),
(0.,1.),(0.,1.),.PIECEWISE_BEZIER_KNOTS.);
#95=B_SPLINE_SURFACE_WITH_KNOTS('',3,1,((#5146,#5147),(#5148,#5149),(#5150,
#5151),(#5152,#5153)),.SURF_OF_LINEAR_EXTRUSION.,.F.,.F.,.F.,(4,4),(2,2),
(0.,1.),(0.,1.),.PIECEWISE_BEZIER_KNOTS.);
#96=B_SPLINE_SURFACE_WITH_KNOTS('',3,1,((#5166,#5167),(#5168,#5169),(#5170,
#5171),(#5172,#5173)),.SURF_OF_LINEAR_EXTRUSION.,.F.,.F.,.F.,(4,4),(2,2),
(0.,1.),(0.,1.),.PIECEWISE_BEZIER_KNOTS.);
#97=B_SPLINE_SURFACE_WITH_KNOTS('',3,1,((#5183,#5184),(#5185,#5186),(#5187,
#5188),(#5189,#5190)),.SURF_OF_LINEAR_EXTRUSION.,.F.,.F.,.F.,(4,4),(2,2),
(0.,1.),(0.,1.),.PIECEWISE_BEZIER_KNOTS.);
#98=B_SPLINE_SURFACE_WITH_KNOTS('',3,1,((#5200,#5201),(#5202,#5203),(#5204,
#5205),(#5206,#5207)),.SURF_OF_LINEAR_EXTRUSION.,.F.,.F.,.F.,(4,4),(2,2),
(0.,1.),(0.,1.),.PIECEWISE_BEZIER_KNOTS.);
#99=B_SPLINE_SURFACE_WITH_KNOTS('',3,1,((#5217,#5218),(#5219,#5220),(#5221,
#5222),(#5223,#5224)),.SURF_OF_LINEAR_EXTRUSION.,.F.,.F.,.F.,(4,4),(2,2),
(0.,1.),(0.,1.),.PIECEWISE_BEZIER_KNOTS.);
#100=B_SPLINE_SURFACE_WITH_KNOTS('',3,1,((#5234,#5235),(#5236,#5237),(#5238,
#5239),(#5240,#5241)),.SURF_OF_LINEAR_EXTRUSION.,.F.,.F.,.F.,(4,4),(2,2),
(0.,1.),(0.,1.),.PIECEWISE_BEZIER_KNOTS.);
#101=B_SPLINE_SURFACE_WITH_KNOTS('',3,1,((#5263,#5264),(#5265,#5266),(#5267,
#5268),(#5269,#5270)),.SURF_OF_LINEAR_EXTRUSION.,.F.,.F.,.F.,(4,4),(2,2),
(0.,1.),(0.,1.),.PIECEWISE_BEZIER_KNOTS.);
#102=B_SPLINE_SURFACE_WITH_KNOTS('',3,1,((#5280,#5281),(#5282,#5283),(#5284,
#5285),(#5286,#5287)),.SURF_OF_LINEAR_EXTRUSION.,.F.,.F.,.F.,(4,4),(2,2),
(0.,1.),(0.,1.),.PIECEWISE_BEZIER_KNOTS.);
#103=B_SPLINE_SURFACE_WITH_KNOTS('',3,1,((#5295,#5296),(#5297,#5298),(#5299,
#5300),(#5301,#5302)),.SURF_OF_LINEAR_EXTRUSION.,.F.,.F.,.F.,(4,4),(2,2),
(0.,1.),(0.,1.),.PIECEWISE_BEZIER_KNOTS.);
#104=B_SPLINE_SURFACE_WITH_KNOTS('',3,1,((#5308,#5309),(#5310,#5311),(#5312,
#5313),(#5314,#5315)),.SURF_OF_LINEAR_EXTRUSION.,.F.,.F.,.F.,(4,4),(2,2),
(0.,1.),(0.,1.),.PIECEWISE_BEZIER_KNOTS.);
#105=B_SPLINE_SURFACE_WITH_KNOTS('',3,1,((#5325,#5326),(#5327,#5328),(#5329,
#5330),(#5331,#5332)),.SURF_OF_LINEAR_EXTRUSION.,.F.,.F.,.F.,(4,4),(2,2),
(0.,1.),(0.,1.),.PIECEWISE_BEZIER_KNOTS.);
#106=B_SPLINE_SURFACE_WITH_KNOTS('',3,1,((#5338,#5339),(#5340,#5341),(#5342,
#5343),(#5344,#5345)),.SURF_OF_LINEAR_EXTRUSION.,.F.,.F.,.F.,(4,4),(2,2),
(0.,1.),(0.,1.),.PIECEWISE_BEZIER_KNOTS.);
#107=B_SPLINE_SURFACE_WITH_KNOTS('',3,1,((#5363,#5364),(#5365,#5366),(#5367,
#5368),(#5369,#5370)),.SURF_OF_LINEAR_EXTRUSION.,.F.,.F.,.F.,(4,4),(2,2),
(0.,1.),(0.,1.),.PIECEWISE_BEZIER_KNOTS.);
#108=B_SPLINE_SURFACE_WITH_KNOTS('',3,1,((#5376,#5377),(#5378,#5379),(#5380,
#5381),(#5382,#5383)),.SURF_OF_LINEAR_EXTRUSION.,.F.,.F.,.F.,(4,4),(2,2),
(0.,1.),(0.,1.),.PIECEWISE_BEZIER_KNOTS.);
#109=B_SPLINE_SURFACE_WITH_KNOTS('',3,1,((#5393,#5394),(#5395,#5396),(#5397,
#5398),(#5399,#5400)),.SURF_OF_LINEAR_EXTRUSION.,.F.,.F.,.F.,(4,4),(2,2),
(0.,1.),(0.,1.),.PIECEWISE_BEZIER_KNOTS.);
#110=B_SPLINE_SURFACE_WITH_KNOTS('',3,1,((#5406,#5407),(#5408,#5409),(#5410,
#5411),(#5412,#5413)),.SURF_OF_LINEAR_EXTRUSION.,.F.,.F.,.F.,(4,4),(2,2),
(0.,1.),(0.,1.),.PIECEWISE_BEZIER_KNOTS.);
#111=B_SPLINE_SURFACE_WITH_KNOTS('',3,1,((#5419,#5420),(#5421,#5422),(#5423,
#5424),(#5425,#5426)),.SURF_OF_LINEAR_EXTRUSION.,.F.,.F.,.F.,(4,4),(2,2),
(0.,1.),(0.,1.),.PIECEWISE_BEZIER_KNOTS.);
#112=B_SPLINE_SURFACE_WITH_KNOTS('',3,1,((#5436,#5437),(#5438,#5439),(#5440,
#5441),(#5442,#5443)),.SURF_OF_LINEAR_EXTRUSION.,.F.,.F.,.F.,(4,4),(2,2),
(0.,1.),(0.,1.),.PIECEWISE_BEZIER_KNOTS.);
#113=B_SPLINE_SURFACE_WITH_KNOTS('',3,1,((#5449,#5450),(#5451,#5452),(#5453,
#5454),(#5455,#5456)),.SURF_OF_LINEAR_EXTRUSION.,.F.,.F.,.F.,(4,4),(2,2),
(0.,1.),(0.,1.),.PIECEWISE_BEZIER_KNOTS.);
#114=B_SPLINE_SURFACE_WITH_KNOTS('',3,1,((#5462,#5463),(#5464,#5465),(#5466,
#5467),(#5468,#5469)),.SURF_OF_LINEAR_EXTRUSION.,.F.,.F.,.F.,(4,4),(2,2),
(0.,1.),(0.,1.),.PIECEWISE_BEZIER_KNOTS.);
#115=B_SPLINE_SURFACE_WITH_KNOTS('',3,1,((#5475,#5476),(#5477,#5478),(#5479,
#5480),(#5481,#5482)),.SURF_OF_LINEAR_EXTRUSION.,.F.,.F.,.F.,(4,4),(2,2),
(0.,1.),(0.,1.),.PIECEWISE_BEZIER_KNOTS.);
#116=B_SPLINE_SURFACE_WITH_KNOTS('',3,1,((#5496,#5497),(#5498,#5499),(#5500,
#5501),(#5502,#5503)),.SURF_OF_LINEAR_EXTRUSION.,.F.,.F.,.F.,(4,4),(2,2),
(0.,1.),(0.,1.),.PIECEWISE_BEZIER_KNOTS.);
#117=B_SPLINE_SURFACE_WITH_KNOTS('',3,1,((#5509,#5510),(#5511,#5512),(#5513,
#5514),(#5515,#5516)),.SURF_OF_LINEAR_EXTRUSION.,.F.,.F.,.F.,(4,4),(2,2),
(0.,1.),(0.,1.),.PIECEWISE_BEZIER_KNOTS.);
#118=B_SPLINE_SURFACE_WITH_KNOTS('',3,1,((#5522,#5523),(#5524,#5525),(#5526,
#5527),(#5528,#5529)),.SURF_OF_LINEAR_EXTRUSION.,.F.,.F.,.F.,(4,4),(2,2),
(0.,1.),(0.,1.),.PIECEWISE_BEZIER_KNOTS.);
#119=B_SPLINE_SURFACE_WITH_KNOTS('',3,1,((#5564,#5565),(#5566,#5567),(#5568,
#5569),(#5570,#5571)),.SURF_OF_LINEAR_EXTRUSION.,.F.,.F.,.F.,(4,4),(2,2),
(0.,1.),(0.,1.),.PIECEWISE_BEZIER_KNOTS.);
#120=B_SPLINE_SURFACE_WITH_KNOTS('',3,1,((#5577,#5578),(#5579,#5580),(#5581,
#5582),(#5583,#5584)),.SURF_OF_LINEAR_EXTRUSION.,.F.,.F.,.F.,(4,4),(2,2),
(0.,1.),(0.,1.),.PIECEWISE_BEZIER_KNOTS.);
#121=B_SPLINE_SURFACE_WITH_KNOTS('',3,1,((#5590,#5591),(#5592,#5593),(#5594,
#5595),(#5596,#5597)),.SURF_OF_LINEAR_EXTRUSION.,.F.,.F.,.F.,(4,4),(2,2),
(0.,1.),(0.,1.),.PIECEWISE_BEZIER_KNOTS.);
#122=B_SPLINE_SURFACE_WITH_KNOTS('',3,1,((#5647,#5648),(#5649,#5650),(#5651,
#5652),(#5653,#5654)),.SURF_OF_LINEAR_EXTRUSION.,.F.,.F.,.F.,(4,4),(2,2),
(0.,1.),(0.,1.),.PIECEWISE_BEZIER_KNOTS.);
#123=B_SPLINE_SURFACE_WITH_KNOTS('',3,1,((#5730,#5731),(#5732,#5733),(#5734,
#5735),(#5736,#5737)),.SURF_OF_LINEAR_EXTRUSION.,.F.,.F.,.F.,(4,4),(2,2),
(0.,1.),(0.,1.),.PIECEWISE_BEZIER_KNOTS.);
#124=CIRCLE('',#3198,0.0049175378251629);
#125=CIRCLE('',#3199,0.00203411760142379);
#126=CIRCLE('',#3200,0.0042680993680366);
#127=CIRCLE('',#3201,0.00187704879212293);
#128=CIRCLE('',#3203,0.001016);
#129=CIRCLE('',#3204,0.001016);
#130=CIRCLE('',#3211,0.001016);
#131=CIRCLE('',#3212,0.001016);
#132=CIRCLE('',#3213,0.004984);
#133=CIRCLE('',#3214,0.004984);
#134=CIRCLE('',#3215,0.004984);
#135=CIRCLE('',#3216,0.004984);
#136=CIRCLE('',#3218,0.028);
#137=CIRCLE('',#3219,0.028);
#138=CIRCLE('',#3220,0.028);
#139=CIRCLE('',#3227,0.004984);
#140=CIRCLE('',#3228,0.004984);
#141=CIRCLE('',#3229,0.004984);
#142=CIRCLE('',#3230,0.004984);
#143=CIRCLE('',#3231,0.029016);
#144=CIRCLE('',#3233,0.006);
#145=CIRCLE('',#3234,0.006);
#146=CIRCLE('',#3236,0.006);
#147=CIRCLE('',#3237,0.006);
#148=CIRCLE('',#3239,0.006);
#149=CIRCLE('',#3240,0.006);
#150=CIRCLE('',#3242,0.006);
#151=CIRCLE('',#3243,0.006);
#152=CIRCLE('',#3258,0.001016);
#153=CIRCLE('',#3259,0.001016);
#154=CIRCLE('',#3261,0.001016);
#155=CIRCLE('',#3263,0.001016);
#156=CIRCLE('',#3265,0.001016);
#157=CIRCLE('',#3267,0.001016);
#158=CIRCLE('',#3269,0.001016);
#159=CIRCLE('',#3271,0.001016);
#160=CIRCLE('',#3274,0.001016);
#161=CIRCLE('',#3275,0.001016);
#162=CIRCLE('',#3277,0.001016);
#163=CIRCLE('',#3279,0.001016);
#164=CIRCLE('',#3281,0.001016);
#165=CIRCLE('',#3283,0.001016);
#166=CIRCLE('',#3285,0.001016);
#167=CIRCLE('',#3287,0.001016);
#168=CIRCLE('',#3295,0.001016);
#169=CIRCLE('',#3297,0.001016);
#170=CIRCLE('',#3299,0.001016);
#171=CIRCLE('',#3301,0.001016);
#172=CIRCLE('',#3303,0.001016);
#173=CIRCLE('',#3305,0.001016);
#174=CIRCLE('',#3308,0.00187704879212293);
#175=CIRCLE('',#3317,0.0042680993680366);
#176=CIRCLE('',#3320,0.00203411760142379);
#177=CIRCLE('',#3326,0.00232053992030237);
#178=CIRCLE('',#3327,0.00232053992030237);
#179=CIRCLE('',#3335,0.0049175378251629);
#180=CIRCLE('',#3352,0.0169873198438658);
#181=CIRCLE('',#3353,0.0169873198438658);
#182=CIRCLE('',#3369,0.001016);
#183=CIRCLE('',#3371,0.001016);
#184=CIRCLE('',#3373,0.001016);
#185=CIRCLE('',#3375,0.001016);
#186=CIRCLE('',#3377,0.001016);
#187=CIRCLE('',#3379,0.001016);
#188=LINE('',#4021,#450);
#189=LINE('',#4023,#451);
#190=LINE('',#4025,#452);
#191=LINE('',#4032,#453);
#192=LINE('',#4040,#454);
#193=LINE('',#4042,#455);
#194=LINE('',#4044,#456);
#195=LINE('',#4046,#457);
#196=LINE('',#4048,#458);
#197=LINE('',#4050,#459);
#198=LINE('',#4052,#460);
#199=LINE('',#4054,#461);
#200=LINE('',#4056,#462);
#201=LINE('',#4058,#463);
#202=LINE('',#4060,#464);
#203=LINE('',#4074,#465);
#204=LINE('',#4092,#466);
#205=LINE('',#4094,#467);
#206=LINE('',#4112,#468);
#207=LINE('',#4126,#469);
#208=LINE('',#4138,#470);
#209=LINE('',#4150,#471);
#210=LINE('',#4176,#472);
#211=LINE('',#4202,#473);
#212=LINE('',#4232,#474);
#213=LINE('',#4275,#475);
#214=LINE('',#4278,#476);
#215=LINE('',#4280,#477);
#216=LINE('',#4282,#478);
#217=LINE('',#4283,#479);
#218=LINE('',#4286,#480);
#219=LINE('',#4288,#481);
#220=LINE('',#4290,#482);
#221=LINE('',#4292,#483);
#222=LINE('',#4294,#484);
#223=LINE('',#4296,#485);
#224=LINE('',#4298,#486);
#225=LINE('',#4300,#487);
#226=LINE('',#4305,#488);
#227=LINE('',#4324,#489);
#228=LINE('',#4343,#490);
#229=LINE('',#4347,#491);
#230=LINE('',#4350,#492);
#231=LINE('',#4351,#493);
#232=LINE('',#4353,#494);
#233=LINE('',#4355,#495);
#234=LINE('',#4357,#496);
#235=LINE('',#4359,#497);
#236=LINE('',#4362,#498);
#237=LINE('',#4363,#499);
#238=LINE('',#4365,#500);
#239=LINE('',#4403,#501);
#240=LINE('',#4410,#502);
#241=LINE('',#4413,#503);
#242=LINE('',#4424,#504);
#243=LINE('',#4452,#505);
#244=LINE('',#4459,#506);
#245=LINE('',#4461,#507);
#246=LINE('',#4465,#508);
#247=LINE('',#4468,#509);
#248=LINE('',#4471,#510);
#249=LINE('',#4473,#511);
#250=LINE('',#4475,#512);
#251=LINE('',#4479,#513);
#252=LINE('',#4483,#514);
#253=LINE('',#4487,#515);
#254=LINE('',#4491,#516);
#255=LINE('',#4495,#517);
#256=LINE('',#4500,#518);
#257=LINE('',#4504,#519);
#258=LINE('',#4507,#520);
#259=LINE('',#4508,#521);
#260=LINE('',#4510,#522);
#261=LINE('',#4513,#523);
#262=LINE('',#4515,#524);
#263=LINE('',#4517,#525);
#264=LINE('',#4519,#526);
#265=LINE('',#4522,#527);
#266=LINE('',#4524,#528);
#267=LINE('',#4526,#529);
#268=LINE('',#4528,#530);
#269=LINE('',#4531,#531);
#270=LINE('',#4533,#532);
#271=LINE('',#4535,#533);
#272=LINE('',#4537,#534);
#273=LINE('',#4540,#535);
#274=LINE('',#4542,#536);
#275=LINE('',#4544,#537);
#276=LINE('',#4549,#538);
#277=LINE('',#4553,#539);
#278=LINE('',#4557,#540);
#279=LINE('',#4561,#541);
#280=LINE('',#4577,#542);
#281=LINE('',#4579,#543);
#282=LINE('',#4581,#544);
#283=LINE('',#4583,#545);
#284=LINE('',#4585,#546);
#285=LINE('',#4587,#547);
#286=LINE('',#4589,#548);
#287=LINE('',#4591,#549);
#288=LINE('',#4593,#550);
#289=LINE('',#4595,#551);
#290=LINE('',#4597,#552);
#291=LINE('',#4640,#553);
#292=LINE('',#4642,#554);
#293=LINE('',#4650,#555);
#294=LINE('',#4652,#556);
#295=LINE('',#4654,#557);
#296=LINE('',#4656,#558);
#297=LINE('',#4658,#559);
#298=LINE('',#4666,#560);
#299=LINE('',#4669,#561);
#300=LINE('',#4682,#562);
#301=LINE('',#4786,#563);
#302=LINE('',#4792,#564);
#303=LINE('',#4801,#565);
#304=LINE('',#4807,#566);
#305=LINE('',#4818,#567);
#306=LINE('',#4831,#568);
#307=LINE('',#4844,#569);
#308=LINE('',#4857,#570);
#309=LINE('',#4870,#571);
#310=LINE('',#4883,#572);
#311=LINE('',#4896,#573);
#312=LINE('',#4909,#574);
#313=LINE('',#4922,#575);
#314=LINE('',#4928,#576);
#315=LINE('',#4930,#577);
#316=LINE('',#4939,#578);
#317=LINE('',#4952,#579);
#318=LINE('',#4965,#580);
#319=LINE('',#4978,#581);
#320=LINE('',#4991,#582);
#321=LINE('',#5004,#583);
#322=LINE('',#5017,#584);
#323=LINE('',#5023,#585);
#324=LINE('',#5025,#586);
#325=LINE('',#5034,#587);
#326=LINE('',#5047,#588);
#327=LINE('',#5060,#589);
#328=LINE('',#5073,#590);
#329=LINE('',#5086,#591);
#330=LINE('',#5099,#592);
#331=LINE('',#5105,#593);
#332=LINE('',#5107,#594);
#333=LINE('',#5116,#595);
#334=LINE('',#5129,#596);
#335=LINE('',#5159,#597);
#336=LINE('',#5165,#598);
#337=LINE('',#5178,#599);
#338=LINE('',#5195,#600);
#339=LINE('',#5212,#601);
#340=LINE('',#5229,#602);
#341=LINE('',#5246,#603);
#342=LINE('',#5252,#604);
#343=LINE('',#5254,#605);
#344=LINE('',#5256,#606);
#345=LINE('',#5258,#607);
#346=LINE('',#5260,#608);
#347=LINE('',#5262,#609);
#348=LINE('',#5275,#610);
#349=LINE('',#5288,#611);
#350=LINE('',#5294,#612);
#351=LINE('',#5303,#613);
#352=LINE('',#5316,#614);
#353=LINE('',#5322,#615);
#354=LINE('',#5324,#616);
#355=LINE('',#5333,#617);
#356=LINE('',#5346,#618);
#357=LINE('',#5352,#619);
#358=LINE('',#5356,#620);
#359=LINE('',#5358,#621);
#360=LINE('',#5360,#622);
#361=LINE('',#5371,#623);
#362=LINE('',#5384,#624);
#363=LINE('',#5390,#625);
#364=LINE('',#5392,#626);
#365=LINE('',#5401,#627);
#366=LINE('',#5414,#628);
#367=LINE('',#5427,#629);
#368=LINE('',#5433,#630);
#369=LINE('',#5435,#631);
#370=LINE('',#5444,#632);
#371=LINE('',#5457,#633);
#372=LINE('',#5470,#634);
#373=LINE('',#5483,#635);
#374=LINE('',#5489,#636);
#375=LINE('',#5491,#637);
#376=LINE('',#5493,#638);
#377=LINE('',#5495,#639);
#378=LINE('',#5504,#640);
#379=LINE('',#5517,#641);
#380=LINE('',#5538,#642);
#381=LINE('',#5540,#643);
#382=LINE('',#5542,#644);
#383=LINE('',#5544,#645);
#384=LINE('',#5546,#646);
#385=LINE('',#5548,#647);
#386=LINE('',#5550,#648);
#387=LINE('',#5552,#649);
#388=LINE('',#5555,#650);
#389=LINE('',#5559,#651);
#390=LINE('',#5561,#652);
#391=LINE('',#5563,#653);
#392=LINE('',#5572,#654);
#393=LINE('',#5585,#655);
#394=LINE('',#5598,#656);
#395=LINE('',#5604,#657);
#396=LINE('',#5606,#658);
#397=LINE('',#5608,#659);
#398=LINE('',#5610,#660);
#399=LINE('',#5612,#661);
#400=LINE('',#5614,#662);
#401=LINE('',#5616,#663);
#402=LINE('',#5618,#664);
#403=LINE('',#5620,#665);
#404=LINE('',#5622,#666);
#405=LINE('',#5624,#667);
#406=LINE('',#5626,#668);
#407=LINE('',#5628,#669);
#408=LINE('',#5630,#670);
#409=LINE('',#5632,#671);
#410=LINE('',#5634,#672);
#411=LINE('',#5636,#673);
#412=LINE('',#5638,#674);
#413=LINE('',#5640,#675);
#414=LINE('',#5642,#676);
#415=LINE('',#5644,#677);
#416=LINE('',#5646,#678);
#417=LINE('',#5660,#679);
#418=LINE('',#5663,#680);
#419=LINE('',#5665,#681);
#420=LINE('',#5667,#682);
#421=LINE('',#5669,#683);
#422=LINE('',#5671,#684);
#423=LINE('',#5673,#685);
#424=LINE('',#5677,#686);
#425=LINE('',#5681,#687);
#426=LINE('',#5683,#688);
#427=LINE('',#5685,#689);
#428=LINE('',#5687,#690);
#429=LINE('',#5689,#691);
#430=LINE('',#5691,#692);
#431=LINE('',#5693,#693);
#432=LINE('',#5695,#694);
#433=LINE('',#5697,#695);
#434=LINE('',#5699,#696);
#435=LINE('',#5701,#697);
#436=LINE('',#5703,#698);
#437=LINE('',#5705,#699);
#438=LINE('',#5707,#700);
#439=LINE('',#5709,#701);
#440=LINE('',#5711,#702);
#441=LINE('',#5713,#703);
#442=LINE('',#5715,#704);
#443=LINE('',#5717,#705);
#444=LINE('',#5719,#706);
#445=LINE('',#5721,#707);
#446=LINE('',#5723,#708);
#447=LINE('',#5725,#709);
#448=LINE('',#5727,#710);
#449=LINE('',#5729,#711);
#450=VECTOR('',#3385,1.);
#451=VECTOR('',#3386,1.);
#452=VECTOR('',#3387,1.);
#453=VECTOR('',#3388,1.);
#454=VECTOR('',#3391,1.);
#455=VECTOR('',#3392,1.);
#456=VECTOR('',#3393,1.);
#457=VECTOR('',#3394,1.);
#458=VECTOR('',#3395,1.);
#459=VECTOR('',#3396,1.);
#460=VECTOR('',#3397,1.);
#461=VECTOR('',#3398,1.);
#462=VECTOR('',#3399,1.);
#463=VECTOR('',#3400,1.);
#464=VECTOR('',#3401,1.);
#465=VECTOR('',#3402,1.);
#466=VECTOR('',#3403,1.);
#467=VECTOR('',#3404,1.);
#468=VECTOR('',#3405,1.);
#469=VECTOR('',#3406,1.);
#470=VECTOR('',#3409,1.);
#471=VECTOR('',#3412,1.);
#472=VECTOR('',#3413,1.);
#473=VECTOR('',#3414,1.);
#474=VECTOR('',#3415,1.);
#475=VECTOR('',#3418,1.);
#476=VECTOR('',#3419,1.);
#477=VECTOR('',#3420,1.);
#478=VECTOR('',#3421,1.);
#479=VECTOR('',#3422,1.);
#480=VECTOR('',#3423,1.);
#481=VECTOR('',#3424,1.);
#482=VECTOR('',#3425,1.);
#483=VECTOR('',#3426,1.);
#484=VECTOR('',#3427,1.);
#485=VECTOR('',#3428,1.);
#486=VECTOR('',#3429,1.);
#487=VECTOR('',#3432,1.);
#488=VECTOR('',#3435,1.);
#489=VECTOR('',#3436,1.);
#490=VECTOR('',#3437,1.);
#491=VECTOR('',#3442,1.);
#492=VECTOR('',#3443,1.);
#493=VECTOR('',#3444,1.);
#494=VECTOR('',#3447,1.);
#495=VECTOR('',#3448,1.);
#496=VECTOR('',#3449,1.);
#497=VECTOR('',#3452,1.);
#498=VECTOR('',#3453,1.);
#499=VECTOR('',#3454,1.);
#500=VECTOR('',#3457,1.);
#501=VECTOR('',#3458,1.);
#502=VECTOR('',#3461,1.);
#503=VECTOR('',#3462,1.);
#504=VECTOR('',#3463,1.);
#505=VECTOR('',#3464,1.);
#506=VECTOR('',#3467,1.);
#507=VECTOR('',#3468,1.);
#508=VECTOR('',#3471,1.);
#509=VECTOR('',#3474,1.);
#510=VECTOR('',#3475,1.);
#511=VECTOR('',#3476,1.);
#512=VECTOR('',#3477,1.);
#513=VECTOR('',#3480,1.);
#514=VECTOR('',#3483,1.);
#515=VECTOR('',#3486,1.);
#516=VECTOR('',#3489,1.);
#517=VECTOR('',#3494,1.);
#518=VECTOR('',#3497,1.);
#519=VECTOR('',#3502,1.);
#520=VECTOR('',#3503,1.);
#521=VECTOR('',#3504,1.);
#522=VECTOR('',#3507,1.);
#523=VECTOR('',#3508,1.);
#524=VECTOR('',#3509,1.);
#525=VECTOR('',#3510,1.);
#526=VECTOR('',#3513,1.);
#527=VECTOR('',#3514,1.);
#528=VECTOR('',#3515,1.);
#529=VECTOR('',#3516,1.);
#530=VECTOR('',#3519,1.);
#531=VECTOR('',#3520,1.);
#532=VECTOR('',#3521,1.);
#533=VECTOR('',#3522,1.);
#534=VECTOR('',#3525,1.);
#535=VECTOR('',#3526,1.);
#536=VECTOR('',#3527,1.);
#537=VECTOR('',#3528,1.);
#538=VECTOR('',#3533,1.);
#539=VECTOR('',#3536,1.);
#540=VECTOR('',#3539,1.);
#541=VECTOR('',#3542,1.);
#542=VECTOR('',#3571,1.);
#543=VECTOR('',#3572,1.);
#544=VECTOR('',#3573,1.);
#545=VECTOR('',#3576,1.);
#546=VECTOR('',#3577,1.);
#547=VECTOR('',#3578,1.);
#548=VECTOR('',#3581,1.);
#549=VECTOR('',#3582,1.);
#550=VECTOR('',#3583,1.);
#551=VECTOR('',#3586,1.);
#552=VECTOR('',#3589,1.);
#553=VECTOR('',#3674,1.);
#554=VECTOR('',#3675,1.);
#555=VECTOR('',#3678,1.);
#556=VECTOR('',#3679,1.);
#557=VECTOR('',#3680,1.);
#558=VECTOR('',#3683,1.);
#559=VECTOR('',#3684,1.);
#560=VECTOR('',#3687,1.);
#561=VECTOR('',#3688,1.);
#562=VECTOR('',#3689,1.);
#563=VECTOR('',#3716,1.);
#564=VECTOR('',#3717,1.);
#565=VECTOR('',#3718,1.);
#566=VECTOR('',#3721,1.);
#567=VECTOR('',#3724,1.);
#568=VECTOR('',#3725,1.);
#569=VECTOR('',#3726,1.);
#570=VECTOR('',#3727,1.);
#571=VECTOR('',#3728,1.);
#572=VECTOR('',#3729,1.);
#573=VECTOR('',#3730,1.);
#574=VECTOR('',#3731,1.);
#575=VECTOR('',#3732,1.);
#576=VECTOR('',#3735,1.);
#577=VECTOR('',#3736,1.);
#578=VECTOR('',#3737,1.);
#579=VECTOR('',#3738,1.);
#580=VECTOR('',#3739,1.);
#581=VECTOR('',#3740,1.);
#582=VECTOR('',#3741,1.);
#583=VECTOR('',#3742,1.);
#584=VECTOR('',#3743,1.);
#585=VECTOR('',#3746,1.);
#586=VECTOR('',#3747,1.);
#587=VECTOR('',#3748,1.);
#588=VECTOR('',#3749,1.);
#589=VECTOR('',#3750,1.);
#590=VECTOR('',#3751,1.);
#591=VECTOR('',#3752,1.);
#592=VECTOR('',#3753,1.);
#593=VECTOR('',#3756,1.);
#594=VECTOR('',#3757,1.);
#595=VECTOR('',#3758,1.);
#596=VECTOR('',#3759,1.);
#597=VECTOR('',#3762,1.);
#598=VECTOR('',#3763,1.);
#599=VECTOR('',#3764,1.);
#600=VECTOR('',#3765,1.);
#601=VECTOR('',#3766,1.);
#602=VECTOR('',#3767,1.);
#603=VECTOR('',#3768,1.);
#604=VECTOR('',#3771,1.);
#605=VECTOR('',#3772,1.);
#606=VECTOR('',#3773,1.);
#607=VECTOR('',#3776,1.);
#608=VECTOR('',#3777,1.);
#609=VECTOR('',#3778,1.);
#610=VECTOR('',#3779,1.);
#611=VECTOR('',#3780,1.);
#612=VECTOR('',#3781,1.);
#613=VECTOR('',#3782,1.);
#614=VECTOR('',#3783,1.);
#615=VECTOR('',#3786,1.);
#616=VECTOR('',#3787,1.);
#617=VECTOR('',#3788,1.);
#618=VECTOR('',#3789,1.);
#619=VECTOR('',#3792,1.);
#620=VECTOR('',#3797,1.);
#621=VECTOR('',#3798,1.);
#622=VECTOR('',#3801,1.);
#623=VECTOR('',#3804,1.);
#624=VECTOR('',#3805,1.);
#625=VECTOR('',#3808,1.);
#626=VECTOR('',#3809,1.);
#627=VECTOR('',#3810,1.);
#628=VECTOR('',#3811,1.);
#629=VECTOR('',#3812,1.);
#630=VECTOR('',#3815,1.);
#631=VECTOR('',#3816,1.);
#632=VECTOR('',#3817,1.);
#633=VECTOR('',#3818,1.);
#634=VECTOR('',#3819,1.);
#635=VECTOR('',#3820,1.);
#636=VECTOR('',#3823,1.);
#637=VECTOR('',#3824,1.);
#638=VECTOR('',#3827,1.);
#639=VECTOR('',#3828,1.);
#640=VECTOR('',#3829,1.);
#641=VECTOR('',#3830,1.);
#642=VECTOR('',#3841,1.);
#643=VECTOR('',#3842,1.);
#644=VECTOR('',#3843,1.);
#645=VECTOR('',#3846,1.);
#646=VECTOR('',#3847,1.);
#647=VECTOR('',#3850,1.);
#648=VECTOR('',#3851,1.);
#649=VECTOR('',#3854,1.);
#650=VECTOR('',#3859,1.);
#651=VECTOR('',#3862,1.);
#652=VECTOR('',#3865,1.);
#653=VECTOR('',#3866,1.);
#654=VECTOR('',#3867,1.);
#655=VECTOR('',#3868,1.);
#656=VECTOR('',#3869,1.);
#657=VECTOR('',#3872,1.);
#658=VECTOR('',#3873,1.);
#659=VECTOR('',#3876,1.);
#660=VECTOR('',#3877,1.);
#661=VECTOR('',#3880,1.);
#662=VECTOR('',#3881,1.);
#663=VECTOR('',#3884,1.);
#664=VECTOR('',#3885,1.);
#665=VECTOR('',#3888,1.);
#666=VECTOR('',#3889,1.);
#667=VECTOR('',#3892,1.);
#668=VECTOR('',#3893,1.);
#669=VECTOR('',#3896,1.);
#670=VECTOR('',#3897,1.);
#671=VECTOR('',#3900,1.);
#672=VECTOR('',#3901,1.);
#673=VECTOR('',#3904,1.);
#674=VECTOR('',#3905,1.);
#675=VECTOR('',#3908,1.);
#676=VECTOR('',#3909,1.);
#677=VECTOR('',#3912,1.);
#678=VECTOR('',#3913,1.);
#679=VECTOR('',#3918,1.);
#680=VECTOR('',#3919,1.);
#681=VECTOR('',#3920,1.);
#682=VECTOR('',#3921,1.);
#683=VECTOR('',#3924,1.);
#684=VECTOR('',#3925,1.);
#685=VECTOR('',#3926,1.);
#686=VECTOR('',#3931,1.);
#687=VECTOR('',#3936,1.);
#688=VECTOR('',#3937,1.);
#689=VECTOR('',#3938,1.);
#690=VECTOR('',#3941,1.);
#691=VECTOR('',#3942,1.);
#692=VECTOR('',#3943,1.);
#693=VECTOR('',#3946,1.);
#694=VECTOR('',#3947,1.);
#695=VECTOR('',#3948,1.);
#696=VECTOR('',#3951,1.);
#697=VECTOR('',#3952,1.);
#698=VECTOR('',#3953,1.);
#699=VECTOR('',#3956,1.);
#700=VECTOR('',#3957,1.);
#701=VECTOR('',#3960,1.);
#702=VECTOR('',#3961,1.);
#703=VECTOR('',#3964,1.);
#704=VECTOR('',#3965,1.);
#705=VECTOR('',#3968,1.);
#706=VECTOR('',#3969,1.);
#707=VECTOR('',#3972,1.);
#708=VECTOR('',#3973,1.);
#709=VECTOR('',#3976,1.);
#710=VECTOR('',#3977,1.);
#711=VECTOR('',#3980,1.);
#712=ORIENTED_EDGE('',*,*,#1648,.T.);
#713=ORIENTED_EDGE('',*,*,#1649,.T.);
#714=ORIENTED_EDGE('',*,*,#1650,.T.);
#715=ORIENTED_EDGE('',*,*,#1651,.T.);
#716=ORIENTED_EDGE('',*,*,#1652,.T.);
#717=ORIENTED_EDGE('',*,*,#1653,.T.);
#718=ORIENTED_EDGE('',*,*,#1654,.T.);
#719=ORIENTED_EDGE('',*,*,#1655,.T.);
#720=ORIENTED_EDGE('',*,*,#1656,.T.);
#721=ORIENTED_EDGE('',*,*,#1657,.T.);
#722=ORIENTED_EDGE('',*,*,#1658,.T.);
#723=ORIENTED_EDGE('',*,*,#1659,.T.);
#724=ORIENTED_EDGE('',*,*,#1660,.T.);
#725=ORIENTED_EDGE('',*,*,#1661,.T.);
#726=ORIENTED_EDGE('',*,*,#1662,.T.);
#727=ORIENTED_EDGE('',*,*,#1663,.T.);
#728=ORIENTED_EDGE('',*,*,#1664,.T.);
#729=ORIENTED_EDGE('',*,*,#1665,.T.);
#730=ORIENTED_EDGE('',*,*,#1666,.T.);
#731=ORIENTED_EDGE('',*,*,#1667,.T.);
#732=ORIENTED_EDGE('',*,*,#1668,.T.);
#733=ORIENTED_EDGE('',*,*,#1669,.T.);
#734=ORIENTED_EDGE('',*,*,#1670,.T.);
#735=ORIENTED_EDGE('',*,*,#1671,.T.);
#736=ORIENTED_EDGE('',*,*,#1672,.T.);
#737=ORIENTED_EDGE('',*,*,#1673,.T.);
#738=ORIENTED_EDGE('',*,*,#1674,.T.);
#739=ORIENTED_EDGE('',*,*,#1675,.T.);
#740=ORIENTED_EDGE('',*,*,#1676,.T.);
#741=ORIENTED_EDGE('',*,*,#1677,.T.);
#742=ORIENTED_EDGE('',*,*,#1678,.T.);
#743=ORIENTED_EDGE('',*,*,#1679,.T.);
#744=ORIENTED_EDGE('',*,*,#1680,.T.);
#745=ORIENTED_EDGE('',*,*,#1681,.T.);
#746=ORIENTED_EDGE('',*,*,#1682,.T.);
#747=ORIENTED_EDGE('',*,*,#1683,.T.);
#748=ORIENTED_EDGE('',*,*,#1684,.T.);
#749=ORIENTED_EDGE('',*,*,#1685,.T.);
#750=ORIENTED_EDGE('',*,*,#1686,.T.);
#751=ORIENTED_EDGE('',*,*,#1687,.T.);
#752=ORIENTED_EDGE('',*,*,#1688,.T.);
#753=ORIENTED_EDGE('',*,*,#1689,.T.);
#754=ORIENTED_EDGE('',*,*,#1690,.T.);
#755=ORIENTED_EDGE('',*,*,#1691,.T.);
#756=ORIENTED_EDGE('',*,*,#1692,.T.);
#757=ORIENTED_EDGE('',*,*,#1693,.T.);
#758=ORIENTED_EDGE('',*,*,#1694,.T.);
#759=ORIENTED_EDGE('',*,*,#1695,.T.);
#760=ORIENTED_EDGE('',*,*,#1696,.T.);
#761=ORIENTED_EDGE('',*,*,#1697,.T.);
#762=ORIENTED_EDGE('',*,*,#1698,.T.);
#763=ORIENTED_EDGE('',*,*,#1699,.T.);
#764=ORIENTED_EDGE('',*,*,#1700,.T.);
#765=ORIENTED_EDGE('',*,*,#1701,.T.);
#766=ORIENTED_EDGE('',*,*,#1702,.T.);
#767=ORIENTED_EDGE('',*,*,#1703,.T.);
#768=ORIENTED_EDGE('',*,*,#1704,.T.);
#769=ORIENTED_EDGE('',*,*,#1705,.T.);
#770=ORIENTED_EDGE('',*,*,#1706,.T.);
#771=ORIENTED_EDGE('',*,*,#1707,.T.);
#772=ORIENTED_EDGE('',*,*,#1708,.T.);
#773=ORIENTED_EDGE('',*,*,#1709,.T.);
#774=ORIENTED_EDGE('',*,*,#1710,.T.);
#775=ORIENTED_EDGE('',*,*,#1711,.T.);
#776=ORIENTED_EDGE('',*,*,#1712,.T.);
#777=ORIENTED_EDGE('',*,*,#1713,.T.);
#778=ORIENTED_EDGE('',*,*,#1714,.T.);
#779=ORIENTED_EDGE('',*,*,#1715,.T.);
#780=ORIENTED_EDGE('',*,*,#1716,.T.);
#781=ORIENTED_EDGE('',*,*,#1717,.T.);
#782=ORIENTED_EDGE('',*,*,#1718,.T.);
#783=ORIENTED_EDGE('',*,*,#1719,.T.);
#784=ORIENTED_EDGE('',*,*,#1720,.T.);
#785=ORIENTED_EDGE('',*,*,#1721,.T.);
#786=ORIENTED_EDGE('',*,*,#1722,.T.);
#787=ORIENTED_EDGE('',*,*,#1723,.T.);
#788=ORIENTED_EDGE('',*,*,#1724,.T.);
#789=ORIENTED_EDGE('',*,*,#1725,.T.);
#790=ORIENTED_EDGE('',*,*,#1726,.T.);
#791=ORIENTED_EDGE('',*,*,#1727,.T.);
#792=ORIENTED_EDGE('',*,*,#1728,.T.);
#793=ORIENTED_EDGE('',*,*,#1729,.T.);
#794=ORIENTED_EDGE('',*,*,#1730,.T.);
#795=ORIENTED_EDGE('',*,*,#1731,.T.);
#796=ORIENTED_EDGE('',*,*,#1732,.T.);
#797=ORIENTED_EDGE('',*,*,#1733,.T.);
#798=ORIENTED_EDGE('',*,*,#1734,.T.);
#799=ORIENTED_EDGE('',*,*,#1735,.T.);
#800=ORIENTED_EDGE('',*,*,#1736,.T.);
#801=ORIENTED_EDGE('',*,*,#1737,.T.);
#802=ORIENTED_EDGE('',*,*,#1738,.T.);
#803=ORIENTED_EDGE('',*,*,#1739,.T.);
#804=ORIENTED_EDGE('',*,*,#1740,.T.);
#805=ORIENTED_EDGE('',*,*,#1741,.T.);
#806=ORIENTED_EDGE('',*,*,#1742,.F.);
#807=ORIENTED_EDGE('',*,*,#1743,.T.);
#808=ORIENTED_EDGE('',*,*,#1744,.F.);
#809=ORIENTED_EDGE('',*,*,#1745,.T.);
#810=ORIENTED_EDGE('',*,*,#1746,.F.);
#811=ORIENTED_EDGE('',*,*,#1747,.F.);
#812=ORIENTED_EDGE('',*,*,#1748,.T.);
#813=ORIENTED_EDGE('',*,*,#1749,.T.);
#814=ORIENTED_EDGE('',*,*,#1750,.T.);
#815=ORIENTED_EDGE('',*,*,#1747,.T.);
#816=ORIENTED_EDGE('',*,*,#1751,.F.);
#817=ORIENTED_EDGE('',*,*,#1752,.T.);
#818=ORIENTED_EDGE('',*,*,#1753,.T.);
#819=ORIENTED_EDGE('',*,*,#1754,.T.);
#820=ORIENTED_EDGE('',*,*,#1741,.F.);
#821=ORIENTED_EDGE('',*,*,#1755,.T.);
#822=ORIENTED_EDGE('',*,*,#1756,.T.);
#823=ORIENTED_EDGE('',*,*,#1739,.F.);
#824=ORIENTED_EDGE('',*,*,#1757,.T.);
#825=ORIENTED_EDGE('',*,*,#1758,.T.);
#826=ORIENTED_EDGE('',*,*,#1759,.T.);
#827=ORIENTED_EDGE('',*,*,#1653,.F.);
#828=ORIENTED_EDGE('',*,*,#1760,.T.);
#829=ORIENTED_EDGE('',*,*,#1754,.F.);
#830=ORIENTED_EDGE('',*,*,#1761,.T.);
#831=ORIENTED_EDGE('',*,*,#1762,.T.);
#832=ORIENTED_EDGE('',*,*,#1763,.T.);
#833=ORIENTED_EDGE('',*,*,#1764,.T.);
#834=ORIENTED_EDGE('',*,*,#1765,.T.);
#835=ORIENTED_EDGE('',*,*,#1742,.T.);
#836=ORIENTED_EDGE('',*,*,#1766,.F.);
#837=ORIENTED_EDGE('',*,*,#1767,.T.);
#838=ORIENTED_EDGE('',*,*,#1768,.T.);
#839=ORIENTED_EDGE('',*,*,#1744,.T.);
#840=ORIENTED_EDGE('',*,*,#1769,.T.);
#841=ORIENTED_EDGE('',*,*,#1770,.T.);
#842=ORIENTED_EDGE('',*,*,#1771,.T.);
#843=ORIENTED_EDGE('',*,*,#1772,.T.);
#844=ORIENTED_EDGE('',*,*,#1751,.T.);
#845=ORIENTED_EDGE('',*,*,#1746,.T.);
#846=ORIENTED_EDGE('',*,*,#1773,.T.);
#847=ORIENTED_EDGE('',*,*,#1774,.F.);
#848=ORIENTED_EDGE('',*,*,#1775,.T.);
#849=ORIENTED_EDGE('',*,*,#1776,.F.);
#850=ORIENTED_EDGE('',*,*,#1766,.T.);
#851=ORIENTED_EDGE('',*,*,#1777,.T.);
#852=ORIENTED_EDGE('',*,*,#1778,.T.);
#853=ORIENTED_EDGE('',*,*,#1779,.F.);
#854=ORIENTED_EDGE('',*,*,#1780,.T.);
#855=ORIENTED_EDGE('',*,*,#1781,.T.);
#856=ORIENTED_EDGE('',*,*,#1782,.T.);
#857=ORIENTED_EDGE('',*,*,#1783,.T.);
#858=ORIENTED_EDGE('',*,*,#1784,.T.);
#859=ORIENTED_EDGE('',*,*,#1785,.T.);
#860=ORIENTED_EDGE('',*,*,#1786,.T.);
#861=ORIENTED_EDGE('',*,*,#1787,.T.);
#862=ORIENTED_EDGE('',*,*,#1788,.T.);
#863=ORIENTED_EDGE('',*,*,#1789,.T.);
#864=ORIENTED_EDGE('',*,*,#1790,.T.);
#865=ORIENTED_EDGE('',*,*,#1791,.T.);
#866=ORIENTED_EDGE('',*,*,#1792,.T.);
#867=ORIENTED_EDGE('',*,*,#1793,.T.);
#868=ORIENTED_EDGE('',*,*,#1794,.F.);
#869=ORIENTED_EDGE('',*,*,#1795,.F.);
#870=ORIENTED_EDGE('',*,*,#1796,.T.);
#871=ORIENTED_EDGE('',*,*,#1797,.F.);
#872=ORIENTED_EDGE('',*,*,#1798,.T.);
#873=ORIENTED_EDGE('',*,*,#1799,.T.);
#874=ORIENTED_EDGE('',*,*,#1797,.T.);
#875=ORIENTED_EDGE('',*,*,#1800,.F.);
#876=ORIENTED_EDGE('',*,*,#1801,.T.);
#877=ORIENTED_EDGE('',*,*,#1802,.T.);
#878=ORIENTED_EDGE('',*,*,#1803,.T.);
#879=ORIENTED_EDGE('',*,*,#1804,.T.);
#880=ORIENTED_EDGE('',*,*,#1805,.T.);
#881=ORIENTED_EDGE('',*,*,#1806,.T.);
#882=ORIENTED_EDGE('',*,*,#1807,.T.);
#883=ORIENTED_EDGE('',*,*,#1808,.T.);
#884=ORIENTED_EDGE('',*,*,#1809,.T.);
#885=ORIENTED_EDGE('',*,*,#1810,.T.);
#886=ORIENTED_EDGE('',*,*,#1811,.T.);
#887=ORIENTED_EDGE('',*,*,#1812,.T.);
#888=ORIENTED_EDGE('',*,*,#1813,.T.);
#889=ORIENTED_EDGE('',*,*,#1814,.T.);
#890=ORIENTED_EDGE('',*,*,#1815,.T.);
#891=ORIENTED_EDGE('',*,*,#1816,.T.);
#892=ORIENTED_EDGE('',*,*,#1817,.T.);
#893=ORIENTED_EDGE('',*,*,#1818,.T.);
#894=ORIENTED_EDGE('',*,*,#1819,.T.);
#895=ORIENTED_EDGE('',*,*,#1820,.T.);
#896=ORIENTED_EDGE('',*,*,#1821,.T.);
#897=ORIENTED_EDGE('',*,*,#1822,.T.);
#898=ORIENTED_EDGE('',*,*,#1823,.T.);
#899=ORIENTED_EDGE('',*,*,#1824,.T.);
#900=ORIENTED_EDGE('',*,*,#1825,.T.);
#901=ORIENTED_EDGE('',*,*,#1815,.F.);
#902=ORIENTED_EDGE('',*,*,#1826,.T.);
#903=ORIENTED_EDGE('',*,*,#1801,.F.);
#904=ORIENTED_EDGE('',*,*,#1827,.T.);
#905=ORIENTED_EDGE('',*,*,#1811,.F.);
#906=ORIENTED_EDGE('',*,*,#1828,.T.);
#907=ORIENTED_EDGE('',*,*,#1813,.F.);
#908=ORIENTED_EDGE('',*,*,#1829,.T.);
#909=ORIENTED_EDGE('',*,*,#1807,.F.);
#910=ORIENTED_EDGE('',*,*,#1830,.T.);
#911=ORIENTED_EDGE('',*,*,#1809,.F.);
#912=ORIENTED_EDGE('',*,*,#1831,.T.);
#913=ORIENTED_EDGE('',*,*,#1803,.F.);
#914=ORIENTED_EDGE('',*,*,#1832,.T.);
#915=ORIENTED_EDGE('',*,*,#1805,.F.);
#916=ORIENTED_EDGE('',*,*,#1833,.T.);
#917=ORIENTED_EDGE('',*,*,#1795,.T.);
#918=ORIENTED_EDGE('',*,*,#1834,.F.);
#919=ORIENTED_EDGE('',*,*,#1835,.T.);
#920=ORIENTED_EDGE('',*,*,#1836,.T.);
#921=ORIENTED_EDGE('',*,*,#1837,.T.);
#922=ORIENTED_EDGE('',*,*,#1838,.T.);
#923=ORIENTED_EDGE('',*,*,#1839,.F.);
#924=ORIENTED_EDGE('',*,*,#1834,.T.);
#925=ORIENTED_EDGE('',*,*,#1794,.T.);
#926=ORIENTED_EDGE('',*,*,#1799,.F.);
#927=ORIENTED_EDGE('',*,*,#1840,.T.);
#928=ORIENTED_EDGE('',*,*,#1841,.T.);
#929=ORIENTED_EDGE('',*,*,#1842,.F.);
#930=ORIENTED_EDGE('',*,*,#1800,.T.);
#931=ORIENTED_EDGE('',*,*,#1796,.F.);
#932=ORIENTED_EDGE('',*,*,#1836,.F.);
#933=ORIENTED_EDGE('',*,*,#1839,.T.);
#934=ORIENTED_EDGE('',*,*,#1843,.T.);
#935=ORIENTED_EDGE('',*,*,#1840,.F.);
#936=ORIENTED_EDGE('',*,*,#1835,.F.);
#937=ORIENTED_EDGE('',*,*,#1842,.T.);
#938=ORIENTED_EDGE('',*,*,#1844,.T.);
#939=ORIENTED_EDGE('',*,*,#1837,.F.);
#940=ORIENTED_EDGE('',*,*,#1798,.F.);
#941=ORIENTED_EDGE('',*,*,#1845,.F.);
#942=ORIENTED_EDGE('',*,*,#1843,.F.);
#943=ORIENTED_EDGE('',*,*,#1846,.F.);
#944=ORIENTED_EDGE('',*,*,#1783,.F.);
#945=ORIENTED_EDGE('',*,*,#1846,.T.);
#946=ORIENTED_EDGE('',*,*,#1838,.F.);
#947=ORIENTED_EDGE('',*,*,#1847,.F.);
#948=ORIENTED_EDGE('',*,*,#1784,.F.);
#949=ORIENTED_EDGE('',*,*,#1845,.T.);
#950=ORIENTED_EDGE('',*,*,#1782,.F.);
#951=ORIENTED_EDGE('',*,*,#1848,.F.);
#952=ORIENTED_EDGE('',*,*,#1841,.F.);
#953=ORIENTED_EDGE('',*,*,#1847,.T.);
#954=ORIENTED_EDGE('',*,*,#1844,.F.);
#955=ORIENTED_EDGE('',*,*,#1848,.T.);
#956=ORIENTED_EDGE('',*,*,#1781,.F.);
#957=ORIENTED_EDGE('',*,*,#1849,.F.);
#958=ORIENTED_EDGE('',*,*,#1790,.F.);
#959=ORIENTED_EDGE('',*,*,#1850,.F.);
#960=ORIENTED_EDGE('',*,*,#1814,.F.);
#961=ORIENTED_EDGE('',*,*,#1850,.T.);
#962=ORIENTED_EDGE('',*,*,#1789,.F.);
#963=ORIENTED_EDGE('',*,*,#1851,.F.);
#964=ORIENTED_EDGE('',*,*,#1826,.F.);
#965=ORIENTED_EDGE('',*,*,#1849,.T.);
#966=ORIENTED_EDGE('',*,*,#1828,.F.);
#967=ORIENTED_EDGE('',*,*,#1852,.F.);
#968=ORIENTED_EDGE('',*,*,#1791,.F.);
#969=ORIENTED_EDGE('',*,*,#1851,.T.);
#970=ORIENTED_EDGE('',*,*,#1788,.F.);
#971=ORIENTED_EDGE('',*,*,#1853,.F.);
#972=ORIENTED_EDGE('',*,*,#1802,.F.);
#973=ORIENTED_EDGE('',*,*,#1852,.T.);
#974=ORIENTED_EDGE('',*,*,#1810,.F.);
#975=ORIENTED_EDGE('',*,*,#1854,.F.);
#976=ORIENTED_EDGE('',*,*,#1792,.F.);
#977=ORIENTED_EDGE('',*,*,#1853,.T.);
#978=ORIENTED_EDGE('',*,*,#1787,.F.);
#979=ORIENTED_EDGE('',*,*,#1855,.F.);
#980=ORIENTED_EDGE('',*,*,#1832,.F.);
#981=ORIENTED_EDGE('',*,*,#1854,.T.);
#982=ORIENTED_EDGE('',*,*,#1830,.F.);
#983=ORIENTED_EDGE('',*,*,#1856,.F.);
#984=ORIENTED_EDGE('',*,*,#1785,.F.);
#985=ORIENTED_EDGE('',*,*,#1855,.T.);
#986=ORIENTED_EDGE('',*,*,#1786,.F.);
#987=ORIENTED_EDGE('',*,*,#1856,.T.);
#988=ORIENTED_EDGE('',*,*,#1806,.F.);
#989=ORIENTED_EDGE('',*,*,#1857,.F.);
#990=ORIENTED_EDGE('',*,*,#1822,.F.);
#991=ORIENTED_EDGE('',*,*,#1858,.F.);
#992=ORIENTED_EDGE('',*,*,#1812,.F.);
#993=ORIENTED_EDGE('',*,*,#1858,.T.);
#994=ORIENTED_EDGE('',*,*,#1821,.F.);
#995=ORIENTED_EDGE('',*,*,#1859,.F.);
#996=ORIENTED_EDGE('',*,*,#1831,.F.);
#997=ORIENTED_EDGE('',*,*,#1857,.T.);
#998=ORIENTED_EDGE('',*,*,#1829,.F.);
#999=ORIENTED_EDGE('',*,*,#1860,.F.);
#1000=ORIENTED_EDGE('',*,*,#1823,.F.);
#1001=ORIENTED_EDGE('',*,*,#1859,.T.);
#1002=ORIENTED_EDGE('',*,*,#1820,.F.);
#1003=ORIENTED_EDGE('',*,*,#1861,.F.);
#1004=ORIENTED_EDGE('',*,*,#1808,.F.);
#1005=ORIENTED_EDGE('',*,*,#1860,.T.);
#1006=ORIENTED_EDGE('',*,*,#1816,.F.);
#1007=ORIENTED_EDGE('',*,*,#1862,.F.);
#1008=ORIENTED_EDGE('',*,*,#1824,.F.);
#1009=ORIENTED_EDGE('',*,*,#1861,.T.);
#1010=ORIENTED_EDGE('',*,*,#1819,.F.);
#1011=ORIENTED_EDGE('',*,*,#1863,.F.);
#1012=ORIENTED_EDGE('',*,*,#1833,.F.);
#1013=ORIENTED_EDGE('',*,*,#1862,.T.);
#1014=ORIENTED_EDGE('',*,*,#1827,.F.);
#1015=ORIENTED_EDGE('',*,*,#1864,.F.);
#1016=ORIENTED_EDGE('',*,*,#1817,.F.);
#1017=ORIENTED_EDGE('',*,*,#1863,.T.);
#1018=ORIENTED_EDGE('',*,*,#1818,.F.);
#1019=ORIENTED_EDGE('',*,*,#1864,.T.);
#1020=ORIENTED_EDGE('',*,*,#1804,.F.);
#1021=ORIENTED_EDGE('',*,*,#1825,.F.);
#1022=ORIENTED_EDGE('',*,*,#1793,.F.);
#1023=ORIENTED_EDGE('',*,*,#1865,.T.);
#1024=ORIENTED_EDGE('',*,*,#1866,.T.);
#1025=ORIENTED_EDGE('',*,*,#1774,.T.);
#1026=ORIENTED_EDGE('',*,*,#1867,.T.);
#1027=ORIENTED_EDGE('',*,*,#1767,.F.);
#1028=ORIENTED_EDGE('',*,*,#1776,.T.);
#1029=ORIENTED_EDGE('',*,*,#1779,.T.);
#1030=ORIENTED_EDGE('',*,*,#1868,.T.);
#1031=ORIENTED_EDGE('',*,*,#1869,.T.);
#1032=ORIENTED_EDGE('',*,*,#1870,.T.);
#1033=ORIENTED_EDGE('',*,*,#1871,.T.);
#1034=ORIENTED_EDGE('',*,*,#1872,.T.);
#1035=ORIENTED_EDGE('',*,*,#1777,.F.);
#1036=ORIENTED_EDGE('',*,*,#1770,.F.);
#1037=ORIENTED_EDGE('',*,*,#1873,.T.);
#1038=ORIENTED_EDGE('',*,*,#1764,.F.);
#1039=ORIENTED_EDGE('',*,*,#1874,.T.);
#1040=ORIENTED_EDGE('',*,*,#1875,.T.);
#1041=ORIENTED_EDGE('',*,*,#1876,.T.);
#1042=ORIENTED_EDGE('',*,*,#1758,.F.);
#1043=ORIENTED_EDGE('',*,*,#1877,.T.);
#1044=ORIENTED_EDGE('',*,*,#1878,.T.);
#1045=ORIENTED_EDGE('',*,*,#1652,.F.);
#1046=ORIENTED_EDGE('',*,*,#1879,.T.);
#1047=ORIENTED_EDGE('',*,*,#1771,.F.);
#1048=ORIENTED_EDGE('',*,*,#1880,.F.);
#1049=ORIENTED_EDGE('',*,*,#1877,.F.);
#1050=ORIENTED_EDGE('',*,*,#1760,.F.);
#1051=ORIENTED_EDGE('',*,*,#1780,.F.);
#1052=ORIENTED_EDGE('',*,*,#1870,.F.);
#1053=ORIENTED_EDGE('',*,*,#1881,.F.);
#1054=ORIENTED_EDGE('',*,*,#1865,.F.);
#1055=ORIENTED_EDGE('',*,*,#1775,.F.);
#1056=ORIENTED_EDGE('',*,*,#1866,.F.);
#1057=ORIENTED_EDGE('',*,*,#1882,.F.);
#1058=ORIENTED_EDGE('',*,*,#1878,.F.);
#1059=ORIENTED_EDGE('',*,*,#1880,.T.);
#1060=ORIENTED_EDGE('',*,*,#1882,.T.);
#1061=ORIENTED_EDGE('',*,*,#1881,.T.);
#1062=ORIENTED_EDGE('',*,*,#1883,.F.);
#1063=ORIENTED_EDGE('',*,*,#1762,.F.);
#1064=ORIENTED_EDGE('',*,*,#1884,.T.);
#1065=ORIENTED_EDGE('',*,*,#1648,.F.);
#1066=ORIENTED_EDGE('',*,*,#1759,.F.);
#1067=ORIENTED_EDGE('',*,*,#1876,.F.);
#1068=ORIENTED_EDGE('',*,*,#1885,.F.);
#1069=ORIENTED_EDGE('',*,*,#1883,.T.);
#1070=ORIENTED_EDGE('',*,*,#1869,.F.);
#1071=ORIENTED_EDGE('',*,*,#1886,.F.);
#1072=ORIENTED_EDGE('',*,*,#1874,.F.);
#1073=ORIENTED_EDGE('',*,*,#1885,.T.);
#1074=ORIENTED_EDGE('',*,*,#1875,.F.);
#1075=ORIENTED_EDGE('',*,*,#1887,.F.);
#1076=ORIENTED_EDGE('',*,*,#1871,.F.);
#1077=ORIENTED_EDGE('',*,*,#1763,.F.);
#1078=ORIENTED_EDGE('',*,*,#1887,.T.);
#1079=ORIENTED_EDGE('',*,*,#1886,.T.);
#1080=ORIENTED_EDGE('',*,*,#1888,.F.);
#1081=ORIENTED_EDGE('',*,*,#1888,.T.);
#1082=ORIENTED_EDGE('',*,*,#1868,.F.);
#1083=ORIENTED_EDGE('',*,*,#1778,.F.);
#1084=ORIENTED_EDGE('',*,*,#1872,.F.);
#1085=ORIENTED_EDGE('',*,*,#1745,.F.);
#1086=ORIENTED_EDGE('',*,*,#1768,.F.);
#1087=ORIENTED_EDGE('',*,*,#1867,.F.);
#1088=ORIENTED_EDGE('',*,*,#1773,.F.);
#1089=ORIENTED_EDGE('',*,*,#1743,.F.);
#1090=ORIENTED_EDGE('',*,*,#1765,.F.);
#1091=ORIENTED_EDGE('',*,*,#1873,.F.);
#1092=ORIENTED_EDGE('',*,*,#1769,.F.);
#1093=ORIENTED_EDGE('',*,*,#1696,.F.);
#1094=ORIENTED_EDGE('',*,*,#1889,.F.);
#1095=ORIENTED_EDGE('',*,*,#1890,.T.);
#1096=ORIENTED_EDGE('',*,*,#1891,.T.);
#1097=ORIENTED_EDGE('',*,*,#1726,.F.);
#1098=ORIENTED_EDGE('',*,*,#1892,.F.);
#1099=ORIENTED_EDGE('',*,*,#1893,.T.);
#1100=ORIENTED_EDGE('',*,*,#1889,.T.);
#1101=ORIENTED_EDGE('',*,*,#1725,.F.);
#1102=ORIENTED_EDGE('',*,*,#1894,.F.);
#1103=ORIENTED_EDGE('',*,*,#1895,.T.);
#1104=ORIENTED_EDGE('',*,*,#1892,.T.);
#1105=ORIENTED_EDGE('',*,*,#1724,.F.);
#1106=ORIENTED_EDGE('',*,*,#1896,.F.);
#1107=ORIENTED_EDGE('',*,*,#1897,.T.);
#1108=ORIENTED_EDGE('',*,*,#1894,.T.);
#1109=ORIENTED_EDGE('',*,*,#1723,.F.);
#1110=ORIENTED_EDGE('',*,*,#1898,.F.);
#1111=ORIENTED_EDGE('',*,*,#1899,.T.);
#1112=ORIENTED_EDGE('',*,*,#1896,.T.);
#1113=ORIENTED_EDGE('',*,*,#1722,.F.);
#1114=ORIENTED_EDGE('',*,*,#1900,.F.);
#1115=ORIENTED_EDGE('',*,*,#1901,.T.);
#1116=ORIENTED_EDGE('',*,*,#1898,.T.);
#1117=ORIENTED_EDGE('',*,*,#1721,.F.);
#1118=ORIENTED_EDGE('',*,*,#1902,.F.);
#1119=ORIENTED_EDGE('',*,*,#1903,.T.);
#1120=ORIENTED_EDGE('',*,*,#1900,.T.);
#1121=ORIENTED_EDGE('',*,*,#1720,.F.);
#1122=ORIENTED_EDGE('',*,*,#1904,.F.);
#1123=ORIENTED_EDGE('',*,*,#1905,.T.);
#1124=ORIENTED_EDGE('',*,*,#1902,.T.);
#1125=ORIENTED_EDGE('',*,*,#1719,.F.);
#1126=ORIENTED_EDGE('',*,*,#1906,.F.);
#1127=ORIENTED_EDGE('',*,*,#1907,.T.);
#1128=ORIENTED_EDGE('',*,*,#1904,.T.);
#1129=ORIENTED_EDGE('',*,*,#1718,.F.);
#1130=ORIENTED_EDGE('',*,*,#1908,.F.);
#1131=ORIENTED_EDGE('',*,*,#1909,.T.);
#1132=ORIENTED_EDGE('',*,*,#1906,.T.);
#1133=ORIENTED_EDGE('',*,*,#1717,.F.);
#1134=ORIENTED_EDGE('',*,*,#1910,.F.);
#1135=ORIENTED_EDGE('',*,*,#1911,.T.);
#1136=ORIENTED_EDGE('',*,*,#1908,.T.);
#1137=ORIENTED_EDGE('',*,*,#1716,.F.);
#1138=ORIENTED_EDGE('',*,*,#1912,.F.);
#1139=ORIENTED_EDGE('',*,*,#1913,.T.);
#1140=ORIENTED_EDGE('',*,*,#1910,.T.);
#1141=ORIENTED_EDGE('',*,*,#1715,.F.);
#1142=ORIENTED_EDGE('',*,*,#1914,.F.);
#1143=ORIENTED_EDGE('',*,*,#1915,.T.);
#1144=ORIENTED_EDGE('',*,*,#1912,.T.);
#1145=ORIENTED_EDGE('',*,*,#1714,.F.);
#1146=ORIENTED_EDGE('',*,*,#1916,.F.);
#1147=ORIENTED_EDGE('',*,*,#1917,.T.);
#1148=ORIENTED_EDGE('',*,*,#1914,.T.);
#1149=ORIENTED_EDGE('',*,*,#1713,.F.);
#1150=ORIENTED_EDGE('',*,*,#1918,.F.);
#1151=ORIENTED_EDGE('',*,*,#1919,.T.);
#1152=ORIENTED_EDGE('',*,*,#1916,.T.);
#1153=ORIENTED_EDGE('',*,*,#1712,.F.);
#1154=ORIENTED_EDGE('',*,*,#1920,.F.);
#1155=ORIENTED_EDGE('',*,*,#1921,.T.);
#1156=ORIENTED_EDGE('',*,*,#1918,.T.);
#1157=ORIENTED_EDGE('',*,*,#1711,.F.);
#1158=ORIENTED_EDGE('',*,*,#1922,.F.);
#1159=ORIENTED_EDGE('',*,*,#1923,.T.);
#1160=ORIENTED_EDGE('',*,*,#1920,.T.);
#1161=ORIENTED_EDGE('',*,*,#1710,.F.);
#1162=ORIENTED_EDGE('',*,*,#1924,.F.);
#1163=ORIENTED_EDGE('',*,*,#1925,.T.);
#1164=ORIENTED_EDGE('',*,*,#1922,.T.);
#1165=ORIENTED_EDGE('',*,*,#1709,.F.);
#1166=ORIENTED_EDGE('',*,*,#1926,.F.);
#1167=ORIENTED_EDGE('',*,*,#1927,.T.);
#1168=ORIENTED_EDGE('',*,*,#1924,.T.);
#1169=ORIENTED_EDGE('',*,*,#1708,.F.);
#1170=ORIENTED_EDGE('',*,*,#1928,.F.);
#1171=ORIENTED_EDGE('',*,*,#1929,.T.);
#1172=ORIENTED_EDGE('',*,*,#1926,.T.);
#1173=ORIENTED_EDGE('',*,*,#1707,.F.);
#1174=ORIENTED_EDGE('',*,*,#1930,.F.);
#1175=ORIENTED_EDGE('',*,*,#1931,.T.);
#1176=ORIENTED_EDGE('',*,*,#1928,.T.);
#1177=ORIENTED_EDGE('',*,*,#1706,.F.);
#1178=ORIENTED_EDGE('',*,*,#1932,.F.);
#1179=ORIENTED_EDGE('',*,*,#1933,.T.);
#1180=ORIENTED_EDGE('',*,*,#1930,.T.);
#1181=ORIENTED_EDGE('',*,*,#1705,.F.);
#1182=ORIENTED_EDGE('',*,*,#1934,.F.);
#1183=ORIENTED_EDGE('',*,*,#1935,.T.);
#1184=ORIENTED_EDGE('',*,*,#1932,.T.);
#1185=ORIENTED_EDGE('',*,*,#1704,.F.);
#1186=ORIENTED_EDGE('',*,*,#1936,.F.);
#1187=ORIENTED_EDGE('',*,*,#1937,.T.);
#1188=ORIENTED_EDGE('',*,*,#1934,.T.);
#1189=ORIENTED_EDGE('',*,*,#1703,.F.);
#1190=ORIENTED_EDGE('',*,*,#1938,.F.);
#1191=ORIENTED_EDGE('',*,*,#1939,.T.);
#1192=ORIENTED_EDGE('',*,*,#1936,.T.);
#1193=ORIENTED_EDGE('',*,*,#1702,.F.);
#1194=ORIENTED_EDGE('',*,*,#1940,.F.);
#1195=ORIENTED_EDGE('',*,*,#1941,.T.);
#1196=ORIENTED_EDGE('',*,*,#1938,.T.);
#1197=ORIENTED_EDGE('',*,*,#1701,.F.);
#1198=ORIENTED_EDGE('',*,*,#1942,.F.);
#1199=ORIENTED_EDGE('',*,*,#1943,.T.);
#1200=ORIENTED_EDGE('',*,*,#1940,.T.);
#1201=ORIENTED_EDGE('',*,*,#1700,.F.);
#1202=ORIENTED_EDGE('',*,*,#1944,.F.);
#1203=ORIENTED_EDGE('',*,*,#1945,.T.);
#1204=ORIENTED_EDGE('',*,*,#1942,.T.);
#1205=ORIENTED_EDGE('',*,*,#1699,.F.);
#1206=ORIENTED_EDGE('',*,*,#1946,.F.);
#1207=ORIENTED_EDGE('',*,*,#1947,.T.);
#1208=ORIENTED_EDGE('',*,*,#1944,.T.);
#1209=ORIENTED_EDGE('',*,*,#1698,.F.);
#1210=ORIENTED_EDGE('',*,*,#1948,.F.);
#1211=ORIENTED_EDGE('',*,*,#1949,.T.);
#1212=ORIENTED_EDGE('',*,*,#1946,.T.);
#1213=ORIENTED_EDGE('',*,*,#1697,.F.);
#1214=ORIENTED_EDGE('',*,*,#1891,.F.);
#1215=ORIENTED_EDGE('',*,*,#1950,.T.);
#1216=ORIENTED_EDGE('',*,*,#1948,.T.);
#1217=ORIENTED_EDGE('',*,*,#1890,.F.);
#1218=ORIENTED_EDGE('',*,*,#1893,.F.);
#1219=ORIENTED_EDGE('',*,*,#1895,.F.);
#1220=ORIENTED_EDGE('',*,*,#1897,.F.);
#1221=ORIENTED_EDGE('',*,*,#1899,.F.);
#1222=ORIENTED_EDGE('',*,*,#1901,.F.);
#1223=ORIENTED_EDGE('',*,*,#1903,.F.);
#1224=ORIENTED_EDGE('',*,*,#1905,.F.);
#1225=ORIENTED_EDGE('',*,*,#1907,.F.);
#1226=ORIENTED_EDGE('',*,*,#1909,.F.);
#1227=ORIENTED_EDGE('',*,*,#1911,.F.);
#1228=ORIENTED_EDGE('',*,*,#1913,.F.);
#1229=ORIENTED_EDGE('',*,*,#1915,.F.);
#1230=ORIENTED_EDGE('',*,*,#1917,.F.);
#1231=ORIENTED_EDGE('',*,*,#1919,.F.);
#1232=ORIENTED_EDGE('',*,*,#1921,.F.);
#1233=ORIENTED_EDGE('',*,*,#1923,.F.);
#1234=ORIENTED_EDGE('',*,*,#1925,.F.);
#1235=ORIENTED_EDGE('',*,*,#1927,.F.);
#1236=ORIENTED_EDGE('',*,*,#1929,.F.);
#1237=ORIENTED_EDGE('',*,*,#1931,.F.);
#1238=ORIENTED_EDGE('',*,*,#1933,.F.);
#1239=ORIENTED_EDGE('',*,*,#1935,.F.);
#1240=ORIENTED_EDGE('',*,*,#1937,.F.);
#1241=ORIENTED_EDGE('',*,*,#1939,.F.);
#1242=ORIENTED_EDGE('',*,*,#1941,.F.);
#1243=ORIENTED_EDGE('',*,*,#1943,.F.);
#1244=ORIENTED_EDGE('',*,*,#1945,.F.);
#1245=ORIENTED_EDGE('',*,*,#1947,.F.);
#1246=ORIENTED_EDGE('',*,*,#1949,.F.);
#1247=ORIENTED_EDGE('',*,*,#1950,.F.);
#1248=ORIENTED_EDGE('',*,*,#1951,.F.);
#1249=ORIENTED_EDGE('',*,*,#1952,.F.);
#1250=ORIENTED_EDGE('',*,*,#1953,.T.);
#1251=ORIENTED_EDGE('',*,*,#1954,.T.);
#1252=ORIENTED_EDGE('',*,*,#1955,.F.);
#1253=ORIENTED_EDGE('',*,*,#1956,.F.);
#1254=ORIENTED_EDGE('',*,*,#1957,.T.);
#1255=ORIENTED_EDGE('',*,*,#1952,.T.);
#1256=ORIENTED_EDGE('',*,*,#1958,.F.);
#1257=ORIENTED_EDGE('',*,*,#1959,.F.);
#1258=ORIENTED_EDGE('',*,*,#1960,.T.);
#1259=ORIENTED_EDGE('',*,*,#1956,.T.);
#1260=ORIENTED_EDGE('',*,*,#1961,.F.);
#1261=ORIENTED_EDGE('',*,*,#1962,.F.);
#1262=ORIENTED_EDGE('',*,*,#1963,.T.);
#1263=ORIENTED_EDGE('',*,*,#1959,.T.);
#1264=ORIENTED_EDGE('',*,*,#1964,.F.);
#1265=ORIENTED_EDGE('',*,*,#1965,.F.);
#1266=ORIENTED_EDGE('',*,*,#1966,.T.);
#1267=ORIENTED_EDGE('',*,*,#1962,.T.);
#1268=ORIENTED_EDGE('',*,*,#1967,.F.);
#1269=ORIENTED_EDGE('',*,*,#1968,.F.);
#1270=ORIENTED_EDGE('',*,*,#1969,.T.);
#1271=ORIENTED_EDGE('',*,*,#1965,.T.);
#1272=ORIENTED_EDGE('',*,*,#1970,.F.);
#1273=ORIENTED_EDGE('',*,*,#1971,.F.);
#1274=ORIENTED_EDGE('',*,*,#1972,.T.);
#1275=ORIENTED_EDGE('',*,*,#1968,.T.);
#1276=ORIENTED_EDGE('',*,*,#1973,.F.);
#1277=ORIENTED_EDGE('',*,*,#1974,.F.);
#1278=ORIENTED_EDGE('',*,*,#1975,.T.);
#1279=ORIENTED_EDGE('',*,*,#1971,.T.);
#1280=ORIENTED_EDGE('',*,*,#1976,.F.);
#1281=ORIENTED_EDGE('',*,*,#1977,.F.);
#1282=ORIENTED_EDGE('',*,*,#1978,.T.);
#1283=ORIENTED_EDGE('',*,*,#1974,.T.);
#1284=ORIENTED_EDGE('',*,*,#1671,.F.);
#1285=ORIENTED_EDGE('',*,*,#1979,.F.);
#1286=ORIENTED_EDGE('',*,*,#1980,.T.);
#1287=ORIENTED_EDGE('',*,*,#1981,.T.);
#1288=ORIENTED_EDGE('',*,*,#1695,.F.);
#1289=ORIENTED_EDGE('',*,*,#1982,.F.);
#1290=ORIENTED_EDGE('',*,*,#1983,.T.);
#1291=ORIENTED_EDGE('',*,*,#1979,.T.);
#1292=ORIENTED_EDGE('',*,*,#1694,.F.);
#1293=ORIENTED_EDGE('',*,*,#1984,.F.);
#1294=ORIENTED_EDGE('',*,*,#1985,.T.);
#1295=ORIENTED_EDGE('',*,*,#1982,.T.);
#1296=ORIENTED_EDGE('',*,*,#1693,.F.);
#1297=ORIENTED_EDGE('',*,*,#1986,.F.);
#1298=ORIENTED_EDGE('',*,*,#1987,.T.);
#1299=ORIENTED_EDGE('',*,*,#1984,.T.);
#1300=ORIENTED_EDGE('',*,*,#1692,.F.);
#1301=ORIENTED_EDGE('',*,*,#1988,.F.);
#1302=ORIENTED_EDGE('',*,*,#1989,.T.);
#1303=ORIENTED_EDGE('',*,*,#1986,.T.);
#1304=ORIENTED_EDGE('',*,*,#1691,.F.);
#1305=ORIENTED_EDGE('',*,*,#1990,.F.);
#1306=ORIENTED_EDGE('',*,*,#1991,.T.);
#1307=ORIENTED_EDGE('',*,*,#1988,.T.);
#1308=ORIENTED_EDGE('',*,*,#1690,.F.);
#1309=ORIENTED_EDGE('',*,*,#1992,.F.);
#1310=ORIENTED_EDGE('',*,*,#1993,.T.);
#1311=ORIENTED_EDGE('',*,*,#1990,.T.);
#1312=ORIENTED_EDGE('',*,*,#1689,.F.);
#1313=ORIENTED_EDGE('',*,*,#1994,.F.);
#1314=ORIENTED_EDGE('',*,*,#1995,.T.);
#1315=ORIENTED_EDGE('',*,*,#1992,.T.);
#1316=ORIENTED_EDGE('',*,*,#1688,.F.);
#1317=ORIENTED_EDGE('',*,*,#1996,.F.);
#1318=ORIENTED_EDGE('',*,*,#1997,.T.);
#1319=ORIENTED_EDGE('',*,*,#1994,.T.);
#1320=ORIENTED_EDGE('',*,*,#1687,.F.);
#1321=ORIENTED_EDGE('',*,*,#1998,.F.);
#1322=ORIENTED_EDGE('',*,*,#1999,.T.);
#1323=ORIENTED_EDGE('',*,*,#1996,.T.);
#1324=ORIENTED_EDGE('',*,*,#1686,.F.);
#1325=ORIENTED_EDGE('',*,*,#2000,.F.);
#1326=ORIENTED_EDGE('',*,*,#2001,.T.);
#1327=ORIENTED_EDGE('',*,*,#1998,.T.);
#1328=ORIENTED_EDGE('',*,*,#1685,.F.);
#1329=ORIENTED_EDGE('',*,*,#2002,.F.);
#1330=ORIENTED_EDGE('',*,*,#2003,.T.);
#1331=ORIENTED_EDGE('',*,*,#2000,.T.);
#1332=ORIENTED_EDGE('',*,*,#1684,.F.);
#1333=ORIENTED_EDGE('',*,*,#2004,.F.);
#1334=ORIENTED_EDGE('',*,*,#2005,.T.);
#1335=ORIENTED_EDGE('',*,*,#2002,.T.);
#1336=ORIENTED_EDGE('',*,*,#1683,.F.);
#1337=ORIENTED_EDGE('',*,*,#2006,.F.);
#1338=ORIENTED_EDGE('',*,*,#2007,.T.);
#1339=ORIENTED_EDGE('',*,*,#2004,.T.);
#1340=ORIENTED_EDGE('',*,*,#1682,.F.);
#1341=ORIENTED_EDGE('',*,*,#2008,.F.);
#1342=ORIENTED_EDGE('',*,*,#2009,.T.);
#1343=ORIENTED_EDGE('',*,*,#2006,.T.);
#1344=ORIENTED_EDGE('',*,*,#1681,.F.);
#1345=ORIENTED_EDGE('',*,*,#2010,.F.);
#1346=ORIENTED_EDGE('',*,*,#2011,.T.);
#1347=ORIENTED_EDGE('',*,*,#2008,.T.);
#1348=ORIENTED_EDGE('',*,*,#1680,.F.);
#1349=ORIENTED_EDGE('',*,*,#2012,.F.);
#1350=ORIENTED_EDGE('',*,*,#2013,.T.);
#1351=ORIENTED_EDGE('',*,*,#2010,.T.);
#1352=ORIENTED_EDGE('',*,*,#1679,.F.);
#1353=ORIENTED_EDGE('',*,*,#2014,.F.);
#1354=ORIENTED_EDGE('',*,*,#2015,.T.);
#1355=ORIENTED_EDGE('',*,*,#2012,.T.);
#1356=ORIENTED_EDGE('',*,*,#1678,.F.);
#1357=ORIENTED_EDGE('',*,*,#2016,.F.);
#1358=ORIENTED_EDGE('',*,*,#2017,.T.);
#1359=ORIENTED_EDGE('',*,*,#2014,.T.);
#1360=ORIENTED_EDGE('',*,*,#1677,.F.);
#1361=ORIENTED_EDGE('',*,*,#2018,.F.);
#1362=ORIENTED_EDGE('',*,*,#2019,.T.);
#1363=ORIENTED_EDGE('',*,*,#2016,.T.);
#1364=ORIENTED_EDGE('',*,*,#1676,.F.);
#1365=ORIENTED_EDGE('',*,*,#2020,.F.);
#1366=ORIENTED_EDGE('',*,*,#2021,.T.);
#1367=ORIENTED_EDGE('',*,*,#2018,.T.);
#1368=ORIENTED_EDGE('',*,*,#1675,.F.);
#1369=ORIENTED_EDGE('',*,*,#2022,.F.);
#1370=ORIENTED_EDGE('',*,*,#2023,.T.);
#1371=ORIENTED_EDGE('',*,*,#2020,.T.);
#1372=ORIENTED_EDGE('',*,*,#1674,.F.);
#1373=ORIENTED_EDGE('',*,*,#2024,.F.);
#1374=ORIENTED_EDGE('',*,*,#2025,.T.);
#1375=ORIENTED_EDGE('',*,*,#2022,.T.);
#1376=ORIENTED_EDGE('',*,*,#1673,.F.);
#1377=ORIENTED_EDGE('',*,*,#2026,.F.);
#1378=ORIENTED_EDGE('',*,*,#2027,.T.);
#1379=ORIENTED_EDGE('',*,*,#2024,.T.);
#1380=ORIENTED_EDGE('',*,*,#1672,.F.);
#1381=ORIENTED_EDGE('',*,*,#1981,.F.);
#1382=ORIENTED_EDGE('',*,*,#2028,.T.);
#1383=ORIENTED_EDGE('',*,*,#2026,.T.);
#1384=ORIENTED_EDGE('',*,*,#2029,.F.);
#1385=ORIENTED_EDGE('',*,*,#1954,.F.);
#1386=ORIENTED_EDGE('',*,*,#2030,.T.);
#1387=ORIENTED_EDGE('',*,*,#1977,.T.);
#1388=ORIENTED_EDGE('',*,*,#1980,.F.);
#1389=ORIENTED_EDGE('',*,*,#1983,.F.);
#1390=ORIENTED_EDGE('',*,*,#1985,.F.);
#1391=ORIENTED_EDGE('',*,*,#1987,.F.);
#1392=ORIENTED_EDGE('',*,*,#1989,.F.);
#1393=ORIENTED_EDGE('',*,*,#1991,.F.);
#1394=ORIENTED_EDGE('',*,*,#1993,.F.);
#1395=ORIENTED_EDGE('',*,*,#1995,.F.);
#1396=ORIENTED_EDGE('',*,*,#1997,.F.);
#1397=ORIENTED_EDGE('',*,*,#1999,.F.);
#1398=ORIENTED_EDGE('',*,*,#2001,.F.);
#1399=ORIENTED_EDGE('',*,*,#2003,.F.);
#1400=ORIENTED_EDGE('',*,*,#2005,.F.);
#1401=ORIENTED_EDGE('',*,*,#2007,.F.);
#1402=ORIENTED_EDGE('',*,*,#2009,.F.);
#1403=ORIENTED_EDGE('',*,*,#2011,.F.);
#1404=ORIENTED_EDGE('',*,*,#2013,.F.);
#1405=ORIENTED_EDGE('',*,*,#2015,.F.);
#1406=ORIENTED_EDGE('',*,*,#2017,.F.);
#1407=ORIENTED_EDGE('',*,*,#2019,.F.);
#1408=ORIENTED_EDGE('',*,*,#2021,.F.);
#1409=ORIENTED_EDGE('',*,*,#2023,.F.);
#1410=ORIENTED_EDGE('',*,*,#2025,.F.);
#1411=ORIENTED_EDGE('',*,*,#2027,.F.);
#1412=ORIENTED_EDGE('',*,*,#2028,.F.);
#1413=ORIENTED_EDGE('',*,*,#1953,.F.);
#1414=ORIENTED_EDGE('',*,*,#1957,.F.);
#1415=ORIENTED_EDGE('',*,*,#1960,.F.);
#1416=ORIENTED_EDGE('',*,*,#1963,.F.);
#1417=ORIENTED_EDGE('',*,*,#1966,.F.);
#1418=ORIENTED_EDGE('',*,*,#1969,.F.);
#1419=ORIENTED_EDGE('',*,*,#1972,.F.);
#1420=ORIENTED_EDGE('',*,*,#1975,.F.);
#1421=ORIENTED_EDGE('',*,*,#1978,.F.);
#1422=ORIENTED_EDGE('',*,*,#2030,.F.);
#1423=ORIENTED_EDGE('',*,*,#1727,.F.);
#1424=ORIENTED_EDGE('',*,*,#2031,.F.);
#1425=ORIENTED_EDGE('',*,*,#2032,.T.);
#1426=ORIENTED_EDGE('',*,*,#2033,.T.);
#1427=ORIENTED_EDGE('',*,*,#1730,.F.);
#1428=ORIENTED_EDGE('',*,*,#2034,.F.);
#1429=ORIENTED_EDGE('',*,*,#2035,.T.);
#1430=ORIENTED_EDGE('',*,*,#2031,.T.);
#1431=ORIENTED_EDGE('',*,*,#1729,.F.);
#1432=ORIENTED_EDGE('',*,*,#2036,.F.);
#1433=ORIENTED_EDGE('',*,*,#2037,.T.);
#1434=ORIENTED_EDGE('',*,*,#2034,.T.);
#1435=ORIENTED_EDGE('',*,*,#1728,.F.);
#1436=ORIENTED_EDGE('',*,*,#2033,.F.);
#1437=ORIENTED_EDGE('',*,*,#2038,.T.);
#1438=ORIENTED_EDGE('',*,*,#2036,.T.);
#1439=ORIENTED_EDGE('',*,*,#2032,.F.);
#1440=ORIENTED_EDGE('',*,*,#2035,.F.);
#1441=ORIENTED_EDGE('',*,*,#2037,.F.);
#1442=ORIENTED_EDGE('',*,*,#2038,.F.);
#1443=ORIENTED_EDGE('',*,*,#1654,.F.);
#1444=ORIENTED_EDGE('',*,*,#2039,.F.);
#1445=ORIENTED_EDGE('',*,*,#2040,.T.);
#1446=ORIENTED_EDGE('',*,*,#2041,.T.);
#1447=ORIENTED_EDGE('',*,*,#1670,.F.);
#1448=ORIENTED_EDGE('',*,*,#2042,.F.);
#1449=ORIENTED_EDGE('',*,*,#2043,.T.);
#1450=ORIENTED_EDGE('',*,*,#2039,.T.);
#1451=ORIENTED_EDGE('',*,*,#1669,.F.);
#1452=ORIENTED_EDGE('',*,*,#2044,.F.);
#1453=ORIENTED_EDGE('',*,*,#2045,.T.);
#1454=ORIENTED_EDGE('',*,*,#2042,.T.);
#1455=ORIENTED_EDGE('',*,*,#1668,.F.);
#1456=ORIENTED_EDGE('',*,*,#2046,.F.);
#1457=ORIENTED_EDGE('',*,*,#2047,.T.);
#1458=ORIENTED_EDGE('',*,*,#2044,.T.);
#1459=ORIENTED_EDGE('',*,*,#1667,.F.);
#1460=ORIENTED_EDGE('',*,*,#2048,.F.);
#1461=ORIENTED_EDGE('',*,*,#2049,.T.);
#1462=ORIENTED_EDGE('',*,*,#2046,.T.);
#1463=ORIENTED_EDGE('',*,*,#1666,.F.);
#1464=ORIENTED_EDGE('',*,*,#2050,.F.);
#1465=ORIENTED_EDGE('',*,*,#2051,.T.);
#1466=ORIENTED_EDGE('',*,*,#2048,.T.);
#1467=ORIENTED_EDGE('',*,*,#1665,.F.);
#1468=ORIENTED_EDGE('',*,*,#2052,.F.);
#1469=ORIENTED_EDGE('',*,*,#2053,.T.);
#1470=ORIENTED_EDGE('',*,*,#2050,.T.);
#1471=ORIENTED_EDGE('',*,*,#1664,.F.);
#1472=ORIENTED_EDGE('',*,*,#2054,.F.);
#1473=ORIENTED_EDGE('',*,*,#2055,.T.);
#1474=ORIENTED_EDGE('',*,*,#2052,.T.);
#1475=ORIENTED_EDGE('',*,*,#1663,.F.);
#1476=ORIENTED_EDGE('',*,*,#2056,.F.);
#1477=ORIENTED_EDGE('',*,*,#2057,.T.);
#1478=ORIENTED_EDGE('',*,*,#2054,.T.);
#1479=ORIENTED_EDGE('',*,*,#1662,.F.);
#1480=ORIENTED_EDGE('',*,*,#2058,.F.);
#1481=ORIENTED_EDGE('',*,*,#2059,.T.);
#1482=ORIENTED_EDGE('',*,*,#2056,.T.);
#1483=ORIENTED_EDGE('',*,*,#1661,.F.);
#1484=ORIENTED_EDGE('',*,*,#2060,.F.);
#1485=ORIENTED_EDGE('',*,*,#2061,.T.);
#1486=ORIENTED_EDGE('',*,*,#2058,.T.);
#1487=ORIENTED_EDGE('',*,*,#1660,.F.);
#1488=ORIENTED_EDGE('',*,*,#2062,.F.);
#1489=ORIENTED_EDGE('',*,*,#2063,.T.);
#1490=ORIENTED_EDGE('',*,*,#2060,.T.);
#1491=ORIENTED_EDGE('',*,*,#1659,.F.);
#1492=ORIENTED_EDGE('',*,*,#2064,.F.);
#1493=ORIENTED_EDGE('',*,*,#2065,.T.);
#1494=ORIENTED_EDGE('',*,*,#2062,.T.);
#1495=ORIENTED_EDGE('',*,*,#1658,.F.);
#1496=ORIENTED_EDGE('',*,*,#2066,.F.);
#1497=ORIENTED_EDGE('',*,*,#2067,.T.);
#1498=ORIENTED_EDGE('',*,*,#2064,.T.);
#1499=ORIENTED_EDGE('',*,*,#1657,.F.);
#1500=ORIENTED_EDGE('',*,*,#2068,.F.);
#1501=ORIENTED_EDGE('',*,*,#2069,.T.);
#1502=ORIENTED_EDGE('',*,*,#2066,.T.);
#1503=ORIENTED_EDGE('',*,*,#1656,.F.);
#1504=ORIENTED_EDGE('',*,*,#2070,.F.);
#1505=ORIENTED_EDGE('',*,*,#2071,.T.);
#1506=ORIENTED_EDGE('',*,*,#2068,.T.);
#1507=ORIENTED_EDGE('',*,*,#1655,.F.);
#1508=ORIENTED_EDGE('',*,*,#2041,.F.);
#1509=ORIENTED_EDGE('',*,*,#2072,.T.);
#1510=ORIENTED_EDGE('',*,*,#2070,.T.);
#1511=ORIENTED_EDGE('',*,*,#2040,.F.);
#1512=ORIENTED_EDGE('',*,*,#2043,.F.);
#1513=ORIENTED_EDGE('',*,*,#2045,.F.);
#1514=ORIENTED_EDGE('',*,*,#2047,.F.);
#1515=ORIENTED_EDGE('',*,*,#2049,.F.);
#1516=ORIENTED_EDGE('',*,*,#2051,.F.);
#1517=ORIENTED_EDGE('',*,*,#2053,.F.);
#1518=ORIENTED_EDGE('',*,*,#2055,.F.);
#1519=ORIENTED_EDGE('',*,*,#2057,.F.);
#1520=ORIENTED_EDGE('',*,*,#2059,.F.);
#1521=ORIENTED_EDGE('',*,*,#2061,.F.);
#1522=ORIENTED_EDGE('',*,*,#2063,.F.);
#1523=ORIENTED_EDGE('',*,*,#2065,.F.);
#1524=ORIENTED_EDGE('',*,*,#2067,.F.);
#1525=ORIENTED_EDGE('',*,*,#2069,.F.);
#1526=ORIENTED_EDGE('',*,*,#2071,.F.);
#1527=ORIENTED_EDGE('',*,*,#2072,.F.);
#1528=ORIENTED_EDGE('',*,*,#2073,.F.);
#1529=ORIENTED_EDGE('',*,*,#2074,.F.);
#1530=ORIENTED_EDGE('',*,*,#2075,.T.);
#1531=ORIENTED_EDGE('',*,*,#2076,.T.);
#1532=ORIENTED_EDGE('',*,*,#2077,.F.);
#1533=ORIENTED_EDGE('',*,*,#2078,.F.);
#1534=ORIENTED_EDGE('',*,*,#2079,.T.);
#1535=ORIENTED_EDGE('',*,*,#2074,.T.);
#1536=ORIENTED_EDGE('',*,*,#2080,.F.);
#1537=ORIENTED_EDGE('',*,*,#2081,.F.);
#1538=ORIENTED_EDGE('',*,*,#2082,.T.);
#1539=ORIENTED_EDGE('',*,*,#2078,.T.);
#1540=ORIENTED_EDGE('',*,*,#2083,.F.);
#1541=ORIENTED_EDGE('',*,*,#2084,.F.);
#1542=ORIENTED_EDGE('',*,*,#2085,.T.);
#1543=ORIENTED_EDGE('',*,*,#2081,.T.);
#1544=ORIENTED_EDGE('',*,*,#2086,.F.);
#1545=ORIENTED_EDGE('',*,*,#2087,.F.);
#1546=ORIENTED_EDGE('',*,*,#2088,.T.);
#1547=ORIENTED_EDGE('',*,*,#2084,.T.);
#1548=ORIENTED_EDGE('',*,*,#2089,.F.);
#1549=ORIENTED_EDGE('',*,*,#2090,.F.);
#1550=ORIENTED_EDGE('',*,*,#2091,.T.);
#1551=ORIENTED_EDGE('',*,*,#2087,.T.);
#1552=ORIENTED_EDGE('',*,*,#1731,.F.);
#1553=ORIENTED_EDGE('',*,*,#2092,.F.);
#1554=ORIENTED_EDGE('',*,*,#2093,.T.);
#1555=ORIENTED_EDGE('',*,*,#2094,.T.);
#1556=ORIENTED_EDGE('',*,*,#1738,.F.);
#1557=ORIENTED_EDGE('',*,*,#2095,.F.);
#1558=ORIENTED_EDGE('',*,*,#2096,.T.);
#1559=ORIENTED_EDGE('',*,*,#2092,.T.);
#1560=ORIENTED_EDGE('',*,*,#1737,.F.);
#1561=ORIENTED_EDGE('',*,*,#2097,.F.);
#1562=ORIENTED_EDGE('',*,*,#2098,.T.);
#1563=ORIENTED_EDGE('',*,*,#2095,.T.);
#1564=ORIENTED_EDGE('',*,*,#1736,.F.);
#1565=ORIENTED_EDGE('',*,*,#2099,.F.);
#1566=ORIENTED_EDGE('',*,*,#2100,.T.);
#1567=ORIENTED_EDGE('',*,*,#2097,.T.);
#1568=ORIENTED_EDGE('',*,*,#1735,.F.);
#1569=ORIENTED_EDGE('',*,*,#2101,.F.);
#1570=ORIENTED_EDGE('',*,*,#2102,.T.);
#1571=ORIENTED_EDGE('',*,*,#2099,.T.);
#1572=ORIENTED_EDGE('',*,*,#1734,.F.);
#1573=ORIENTED_EDGE('',*,*,#2103,.F.);
#1574=ORIENTED_EDGE('',*,*,#2104,.T.);
#1575=ORIENTED_EDGE('',*,*,#2101,.T.);
#1576=ORIENTED_EDGE('',*,*,#1733,.F.);
#1577=ORIENTED_EDGE('',*,*,#2105,.F.);
#1578=ORIENTED_EDGE('',*,*,#2106,.T.);
#1579=ORIENTED_EDGE('',*,*,#2103,.T.);
#1580=ORIENTED_EDGE('',*,*,#1732,.F.);
#1581=ORIENTED_EDGE('',*,*,#2094,.F.);
#1582=ORIENTED_EDGE('',*,*,#2107,.T.);
#1583=ORIENTED_EDGE('',*,*,#2105,.T.);
#1584=ORIENTED_EDGE('',*,*,#2108,.F.);
#1585=ORIENTED_EDGE('',*,*,#2076,.F.);
#1586=ORIENTED_EDGE('',*,*,#2109,.T.);
#1587=ORIENTED_EDGE('',*,*,#2090,.T.);
#1588=ORIENTED_EDGE('',*,*,#2093,.F.);
#1589=ORIENTED_EDGE('',*,*,#2096,.F.);
#1590=ORIENTED_EDGE('',*,*,#2098,.F.);
#1591=ORIENTED_EDGE('',*,*,#2100,.F.);
#1592=ORIENTED_EDGE('',*,*,#2102,.F.);
#1593=ORIENTED_EDGE('',*,*,#2104,.F.);
#1594=ORIENTED_EDGE('',*,*,#2106,.F.);
#1595=ORIENTED_EDGE('',*,*,#2107,.F.);
#1596=ORIENTED_EDGE('',*,*,#2075,.F.);
#1597=ORIENTED_EDGE('',*,*,#2079,.F.);
#1598=ORIENTED_EDGE('',*,*,#2082,.F.);
#1599=ORIENTED_EDGE('',*,*,#2085,.F.);
#1600=ORIENTED_EDGE('',*,*,#2088,.F.);
#1601=ORIENTED_EDGE('',*,*,#2091,.F.);
#1602=ORIENTED_EDGE('',*,*,#2109,.F.);
#1603=ORIENTED_EDGE('',*,*,#1951,.T.);
#1604=ORIENTED_EDGE('',*,*,#2029,.T.);
#1605=ORIENTED_EDGE('',*,*,#1976,.T.);
#1606=ORIENTED_EDGE('',*,*,#1973,.T.);
#1607=ORIENTED_EDGE('',*,*,#1970,.T.);
#1608=ORIENTED_EDGE('',*,*,#1967,.T.);
#1609=ORIENTED_EDGE('',*,*,#1964,.T.);
#1610=ORIENTED_EDGE('',*,*,#1961,.T.);
#1611=ORIENTED_EDGE('',*,*,#1958,.T.);
#1612=ORIENTED_EDGE('',*,*,#1955,.T.);
#1613=ORIENTED_EDGE('',*,*,#2073,.T.);
#1614=ORIENTED_EDGE('',*,*,#2108,.T.);
#1615=ORIENTED_EDGE('',*,*,#2089,.T.);
#1616=ORIENTED_EDGE('',*,*,#2086,.T.);
#1617=ORIENTED_EDGE('',*,*,#2083,.T.);
#1618=ORIENTED_EDGE('',*,*,#2080,.T.);
#1619=ORIENTED_EDGE('',*,*,#2077,.T.);
#1620=ORIENTED_EDGE('',*,*,#1879,.F.);
#1621=ORIENTED_EDGE('',*,*,#1651,.F.);
#1622=ORIENTED_EDGE('',*,*,#2110,.F.);
#1623=ORIENTED_EDGE('',*,*,#1749,.F.);
#1624=ORIENTED_EDGE('',*,*,#1772,.F.);
#1625=ORIENTED_EDGE('',*,*,#1748,.F.);
#1626=ORIENTED_EDGE('',*,*,#1750,.F.);
#1627=ORIENTED_EDGE('',*,*,#2111,.F.);
#1628=ORIENTED_EDGE('',*,*,#1757,.F.);
#1629=ORIENTED_EDGE('',*,*,#2111,.T.);
#1630=ORIENTED_EDGE('',*,*,#2110,.T.);
#1631=ORIENTED_EDGE('',*,*,#2112,.F.);
#1632=ORIENTED_EDGE('',*,*,#2112,.T.);
#1633=ORIENTED_EDGE('',*,*,#1650,.F.);
#1634=ORIENTED_EDGE('',*,*,#2113,.F.);
#1635=ORIENTED_EDGE('',*,*,#1755,.F.);
#1636=ORIENTED_EDGE('',*,*,#1740,.F.);
#1637=ORIENTED_EDGE('',*,*,#1756,.F.);
#1638=ORIENTED_EDGE('',*,*,#2114,.F.);
#1639=ORIENTED_EDGE('',*,*,#1752,.F.);
#1640=ORIENTED_EDGE('',*,*,#2114,.T.);
#1641=ORIENTED_EDGE('',*,*,#2113,.T.);
#1642=ORIENTED_EDGE('',*,*,#2115,.F.);
#1643=ORIENTED_EDGE('',*,*,#2115,.T.);
#1644=ORIENTED_EDGE('',*,*,#1649,.F.);
#1645=ORIENTED_EDGE('',*,*,#1884,.F.);
#1646=ORIENTED_EDGE('',*,*,#1761,.F.);
#1647=ORIENTED_EDGE('',*,*,#1753,.F.);
#1648=EDGE_CURVE('',#2116,#2117,#2418,.T.);
#1649=EDGE_CURVE('',#2117,#2118,#188,.F.);
#1650=EDGE_CURVE('',#2118,#2119,#189,.F.);
#1651=EDGE_CURVE('',#2119,#2120,#190,.T.);
#1652=EDGE_CURVE('',#2120,#2121,#2419,.T.);
#1653=EDGE_CURVE('',#2121,#2116,#191,.T.);
#1654=EDGE_CURVE('',#2122,#2123,#124,.F.);
#1655=EDGE_CURVE('',#2123,#2124,#2420,.T.);
#1656=EDGE_CURVE('',#2124,#2125,#192,.T.);
#1657=EDGE_CURVE('',#2125,#2126,#193,.T.);
#1658=EDGE_CURVE('',#2126,#2127,#194,.T.);
#1659=EDGE_CURVE('',#2127,#2128,#195,.T.);
#1660=EDGE_CURVE('',#2128,#2129,#196,.T.);
#1661=EDGE_CURVE('',#2129,#2130,#197,.T.);
#1662=EDGE_CURVE('',#2130,#2131,#198,.T.);
#1663=EDGE_CURVE('',#2131,#2132,#199,.T.);
#1664=EDGE_CURVE('',#2132,#2133,#200,.T.);
#1665=EDGE_CURVE('',#2133,#2134,#201,.T.);
#1666=EDGE_CURVE('',#2134,#2135,#202,.T.);
#1667=EDGE_CURVE('',#2135,#2136,#2421,.T.);
#1668=EDGE_CURVE('',#2136,#2137,#2422,.T.);
#1669=EDGE_CURVE('',#2137,#2138,#2423,.T.);
#1670=EDGE_CURVE('',#2138,#2122,#203,.T.);
#1671=EDGE_CURVE('',#2139,#2140,#2424,.T.);
#1672=EDGE_CURVE('',#2140,#2141,#2425,.T.);
#1673=EDGE_CURVE('',#2141,#2142,#2426,.T.);
#1674=EDGE_CURVE('',#2142,#2143,#2427,.T.);
#1675=EDGE_CURVE('',#2143,#2144,#204,.T.);
#1676=EDGE_CURVE('',#2144,#2145,#205,.T.);
#1677=EDGE_CURVE('',#2145,#2146,#2428,.T.);
#1678=EDGE_CURVE('',#2146,#2147,#2429,.T.);
#1679=EDGE_CURVE('',#2147,#2148,#2430,.T.);
#1680=EDGE_CURVE('',#2148,#2149,#2431,.T.);
#1681=EDGE_CURVE('',#2149,#2150,#206,.T.);
#1682=EDGE_CURVE('',#2150,#2151,#2432,.T.);
#1683=EDGE_CURVE('',#2151,#2152,#2433,.T.);
#1684=EDGE_CURVE('',#2152,#2153,#2434,.T.);
#1685=EDGE_CURVE('',#2153,#2154,#207,.T.);
#1686=EDGE_CURVE('',#2154,#2155,#2435,.T.);
#1687=EDGE_CURVE('',#2155,#2156,#2436,.T.);
#1688=EDGE_CURVE('',#2156,#2157,#125,.T.);
#1689=EDGE_CURVE('',#2157,#2158,#208,.T.);
#1690=EDGE_CURVE('',#2158,#2159,#126,.F.);
#1691=EDGE_CURVE('',#2159,#2160,#2437,.T.);
#1692=EDGE_CURVE('',#2160,#2161,#2438,.T.);
#1693=EDGE_CURVE('',#2161,#2162,#209,.T.);
#1694=EDGE_CURVE('',#2162,#2163,#2439,.T.);
#1695=EDGE_CURVE('',#2163,#2139,#2440,.T.);
#1696=EDGE_CURVE('',#2164,#2165,#2441,.T.);
#1697=EDGE_CURVE('',#2165,#2166,#2442,.T.);
#1698=EDGE_CURVE('',#2166,#2167,#2443,.T.);
#1699=EDGE_CURVE('',#2167,#2168,#2444,.T.);
#1700=EDGE_CURVE('',#2168,#2169,#210,.T.);
#1701=EDGE_CURVE('',#2169,#2170,#2445,.T.);
#1702=EDGE_CURVE('',#2170,#2171,#2446,.T.);
#1703=EDGE_CURVE('',#2171,#2172,#2447,.T.);
#1704=EDGE_CURVE('',#2172,#2173,#2448,.T.);
#1705=EDGE_CURVE('',#2173,#2174,#2449,.T.);
#1706=EDGE_CURVE('',#2174,#2175,#2450,.T.);
#1707=EDGE_CURVE('',#2175,#2176,#211,.T.);
#1708=EDGE_CURVE('',#2176,#2177,#2451,.T.);
#1709=EDGE_CURVE('',#2177,#2178,#2452,.T.);
#1710=EDGE_CURVE('',#2178,#2179,#2453,.T.);
#1711=EDGE_CURVE('',#2179,#2180,#2454,.T.);
#1712=EDGE_CURVE('',#2180,#2181,#2455,.T.);
#1713=EDGE_CURVE('',#2181,#2182,#2456,.T.);
#1714=EDGE_CURVE('',#2182,#2183,#2457,.T.);
#1715=EDGE_CURVE('',#2183,#2184,#212,.T.);
#1716=EDGE_CURVE('',#2184,#2185,#2458,.T.);
#1717=EDGE_CURVE('',#2185,#2186,#2459,.T.);
#1718=EDGE_CURVE('',#2186,#2187,#2460,.T.);
#1719=EDGE_CURVE('',#2187,#2188,#2461,.T.);
#1720=EDGE_CURVE('',#2188,#2189,#2462,.T.);
#1721=EDGE_CURVE('',#2189,#2190,#2463,.T.);
#1722=EDGE_CURVE('',#2190,#2191,#2464,.T.);
#1723=EDGE_CURVE('',#2191,#2192,#2465,.T.);
#1724=EDGE_CURVE('',#2192,#2193,#2466,.T.);
#1725=EDGE_CURVE('',#2193,#2194,#127,.F.);
#1726=EDGE_CURVE('',#2194,#2164,#2467,.T.);
#1727=EDGE_CURVE('',#2195,#2196,#213,.T.);
#1728=EDGE_CURVE('',#2196,#2197,#214,.T.);
#1729=EDGE_CURVE('',#2197,#2198,#215,.T.);
#1730=EDGE_CURVE('',#2198,#2195,#216,.T.);
#1731=EDGE_CURVE('',#2199,#2200,#217,.T.);
#1732=EDGE_CURVE('',#2200,#2201,#218,.T.);
#1733=EDGE_CURVE('',#2201,#2202,#219,.T.);
#1734=EDGE_CURVE('',#2202,#2203,#220,.T.);
#1735=EDGE_CURVE('',#2203,#2204,#221,.T.);
#1736=EDGE_CURVE('',#2204,#2205,#222,.T.);
#1737=EDGE_CURVE('',#2205,#2206,#223,.T.);
#1738=EDGE_CURVE('',#2206,#2199,#224,.T.);
#1739=EDGE_CURVE('',#2207,#2208,#225,.T.);
#1740=EDGE_CURVE('',#2208,#2209,#128,.T.);
#1741=EDGE_CURVE('',#2209,#2210,#226,.T.);
#1742=EDGE_CURVE('',#2211,#2210,#2468,.F.);
#1743=EDGE_CURVE('',#2211,#2212,#2469,.T.);
#1744=EDGE_CURVE('',#2213,#2212,#227,.T.);
#1745=EDGE_CURVE('',#2213,#2214,#2470,.T.);
#1746=EDGE_CURVE('',#2215,#2214,#2471,.T.);
#1747=EDGE_CURVE('',#2216,#2215,#228,.T.);
#1748=EDGE_CURVE('',#2216,#2207,#129,.T.);
#1749=EDGE_CURVE('',#2217,#2218,#229,.F.);
#1750=EDGE_CURVE('',#2218,#2216,#230,.T.);
#1751=EDGE_CURVE('',#2217,#2215,#231,.T.);
#1752=EDGE_CURVE('',#2209,#2219,#232,.F.);
#1753=EDGE_CURVE('',#2219,#2220,#233,.T.);
#1754=EDGE_CURVE('',#2220,#2210,#234,.T.);
#1755=EDGE_CURVE('',#2221,#2222,#235,.T.);
#1756=EDGE_CURVE('',#2222,#2208,#236,.T.);
#1757=EDGE_CURVE('',#2207,#2221,#237,.F.);
#1758=EDGE_CURVE('',#2223,#2224,#238,.T.);
#1759=EDGE_CURVE('',#2224,#2116,#2472,.T.);
#1760=EDGE_CURVE('',#2121,#2223,#2473,.T.);
#1761=EDGE_CURVE('',#2220,#2225,#2474,.T.);
#1762=EDGE_CURVE('',#2225,#2226,#2475,.T.);
#1763=EDGE_CURVE('',#2226,#2227,#2476,.T.);
#1764=EDGE_CURVE('',#2227,#2228,#239,.T.);
#1765=EDGE_CURVE('',#2228,#2211,#2477,.T.);
#1766=EDGE_CURVE('',#2229,#2230,#240,.T.);
#1767=EDGE_CURVE('',#2229,#2231,#241,.T.);
#1768=EDGE_CURVE('',#2231,#2213,#2478,.T.);
#1769=EDGE_CURVE('',#2212,#2232,#2479,.T.);
#1770=EDGE_CURVE('',#2232,#2230,#242,.T.);
#1771=EDGE_CURVE('',#2233,#2234,#2480,.T.);
#1772=EDGE_CURVE('',#2234,#2217,#2481,.T.);
#1773=EDGE_CURVE('',#2214,#2235,#2482,.T.);
#1774=EDGE_CURVE('',#2236,#2235,#243,.T.);
#1775=EDGE_CURVE('',#2236,#2233,#2483,.T.);
#1776=EDGE_CURVE('',#2229,#2237,#244,.T.);
#1777=EDGE_CURVE('',#2230,#2238,#245,.T.);
#1778=EDGE_CURVE('',#2238,#2239,#130,.T.);
#1779=EDGE_CURVE('',#2240,#2239,#246,.T.);
#1780=EDGE_CURVE('',#2240,#2237,#131,.T.);
#1781=EDGE_CURVE('',#2241,#2242,#247,.T.);
#1782=EDGE_CURVE('',#2242,#2243,#248,.F.);
#1783=EDGE_CURVE('',#2243,#2244,#249,.F.);
#1784=EDGE_CURVE('',#2244,#2241,#250,.T.);
#1785=EDGE_CURVE('',#2245,#2246,#132,.F.);
#1786=EDGE_CURVE('',#2246,#2247,#251,.F.);
#1787=EDGE_CURVE('',#2247,#2248,#133,.F.);
#1788=EDGE_CURVE('',#2248,#2249,#252,.T.);
#1789=EDGE_CURVE('',#2249,#2250,#134,.F.);
#1790=EDGE_CURVE('',#2250,#2251,#253,.T.);
#1791=EDGE_CURVE('',#2251,#2252,#135,.F.);
#1792=EDGE_CURVE('',#2252,#2245,#254,.F.);
#1793=EDGE_CURVE('',#2253,#2253,#136,.T.);
#1794=EDGE_CURVE('',#2254,#2255,#255,.F.);
#1795=EDGE_CURVE('',#2256,#2254,#137,.F.);
#1796=EDGE_CURVE('',#2256,#2257,#256,.F.);
#1797=EDGE_CURVE('',#2255,#2257,#138,.T.);
#1798=EDGE_CURVE('',#2258,#2259,#257,.T.);
#1799=EDGE_CURVE('',#2259,#2255,#258,.T.);
#1800=EDGE_CURVE('',#2258,#2257,#259,.T.);
#1801=EDGE_CURVE('',#2260,#2261,#260,.F.);
#1802=EDGE_CURVE('',#2261,#2262,#261,.F.);
#1803=EDGE_CURVE('',#2262,#2263,#262,.T.);
#1804=EDGE_CURVE('',#2263,#2260,#263,.T.);
#1805=EDGE_CURVE('',#2264,#2265,#264,.F.);
#1806=EDGE_CURVE('',#2265,#2266,#265,.T.);
#1807=EDGE_CURVE('',#2266,#2267,#266,.T.);
#1808=EDGE_CURVE('',#2267,#2264,#267,.F.);
#1809=EDGE_CURVE('',#2268,#2269,#268,.F.);
#1810=EDGE_CURVE('',#2269,#2270,#269,.T.);
#1811=EDGE_CURVE('',#2270,#2271,#270,.T.);
#1812=EDGE_CURVE('',#2271,#2268,#271,.F.);
#1813=EDGE_CURVE('',#2272,#2273,#272,.F.);
#1814=EDGE_CURVE('',#2273,#2274,#273,.F.);
#1815=EDGE_CURVE('',#2274,#2275,#274,.T.);
#1816=EDGE_CURVE('',#2275,#2272,#275,.T.);
#1817=EDGE_CURVE('',#2276,#2277,#139,.T.);
#1818=EDGE_CURVE('',#2277,#2278,#276,.F.);
#1819=EDGE_CURVE('',#2278,#2279,#140,.T.);
#1820=EDGE_CURVE('',#2279,#2280,#277,.T.);
#1821=EDGE_CURVE('',#2280,#2281,#141,.T.);
#1822=EDGE_CURVE('',#2281,#2282,#278,.T.);
#1823=EDGE_CURVE('',#2282,#2283,#142,.T.);
#1824=EDGE_CURVE('',#2283,#2276,#279,.F.);
#1825=EDGE_CURVE('',#2284,#2284,#143,.F.);
#1826=EDGE_CURVE('',#2274,#2261,#144,.T.);
#1827=EDGE_CURVE('',#2260,#2275,#145,.F.);
#1828=EDGE_CURVE('',#2270,#2273,#146,.T.);
#1829=EDGE_CURVE('',#2272,#2271,#147,.F.);
#1830=EDGE_CURVE('',#2266,#2269,#148,.T.);
#1831=EDGE_CURVE('',#2268,#2267,#149,.F.);
#1832=EDGE_CURVE('',#2262,#2265,#150,.T.);
#1833=EDGE_CURVE('',#2264,#2263,#151,.F.);
#1834=EDGE_CURVE('',#2285,#2254,#280,.T.);
#1835=EDGE_CURVE('',#2285,#2286,#281,.T.);
#1836=EDGE_CURVE('',#2286,#2256,#282,.T.);
#1837=EDGE_CURVE('',#2259,#2287,#283,.T.);
#1838=EDGE_CURVE('',#2287,#2288,#284,.F.);
#1839=EDGE_CURVE('',#2285,#2288,#285,.T.);
#1840=EDGE_CURVE('',#2286,#2289,#286,.T.);
#1841=EDGE_CURVE('',#2289,#2290,#287,.T.);
#1842=EDGE_CURVE('',#2258,#2290,#288,.T.);
#1843=EDGE_CURVE('',#2288,#2289,#289,.T.);
#1844=EDGE_CURVE('',#2290,#2287,#290,.F.);
#1845=EDGE_CURVE('',#2289,#2243,#29,.T.);
#1846=EDGE_CURVE('',#2244,#2288,#30,.F.);
#1847=EDGE_CURVE('',#2241,#2287,#31,.F.);
#1848=EDGE_CURVE('',#2290,#2242,#32,.T.);
#1849=EDGE_CURVE('',#2251,#2273,#152,.T.);
#1850=EDGE_CURVE('',#2274,#2250,#153,.T.);
#1851=EDGE_CURVE('',#2261,#2249,#154,.T.);
#1852=EDGE_CURVE('',#2252,#2270,#155,.T.);
#1853=EDGE_CURVE('',#2262,#2248,#156,.T.);
#1854=EDGE_CURVE('',#2245,#2269,#157,.T.);
#1855=EDGE_CURVE('',#2265,#2247,#158,.T.);
#1856=EDGE_CURVE('',#2246,#2266,#159,.T.);
#1857=EDGE_CURVE('',#2282,#2271,#160,.T.);
#1858=EDGE_CURVE('',#2268,#2281,#161,.T.);
#1859=EDGE_CURVE('',#2267,#2280,#162,.T.);
#1860=EDGE_CURVE('',#2283,#2272,#163,.T.);
#1861=EDGE_CURVE('',#2264,#2279,#164,.T.);
#1862=EDGE_CURVE('',#2276,#2275,#165,.T.);
#1863=EDGE_CURVE('',#2263,#2278,#166,.T.);
#1864=EDGE_CURVE('',#2277,#2260,#167,.T.);
#1865=EDGE_CURVE('',#2237,#2291,#291,.F.);
#1866=EDGE_CURVE('',#2291,#2236,#292,.F.);
#1867=EDGE_CURVE('',#2235,#2231,#2484,.T.);
#1868=EDGE_CURVE('',#2239,#2292,#293,.F.);
#1869=EDGE_CURVE('',#2292,#2293,#294,.F.);
#1870=EDGE_CURVE('',#2293,#2240,#295,.T.);
#1871=EDGE_CURVE('',#2227,#2294,#296,.T.);
#1872=EDGE_CURVE('',#2294,#2238,#297,.T.);
#1873=EDGE_CURVE('',#2232,#2228,#2485,.T.);
#1874=EDGE_CURVE('',#2295,#2296,#298,.T.);
#1875=EDGE_CURVE('',#2296,#2297,#299,.F.);
#1876=EDGE_CURVE('',#2297,#2224,#2486,.T.);
#1877=EDGE_CURVE('',#2223,#2298,#2487,.T.);
#1878=EDGE_CURVE('',#2298,#2295,#300,.T.);
#1879=EDGE_CURVE('',#2120,#2234,#2488,.T.);
#1880=EDGE_CURVE('',#2298,#2233,#2489,.F.);
#1881=EDGE_CURVE('',#2291,#2293,#168,.T.);
#1882=EDGE_CURVE('',#2295,#2291,#169,.T.);
#1883=EDGE_CURVE('',#2295,#2293,#170,.F.);
#1884=EDGE_CURVE('',#2225,#2117,#2490,.T.);
#1885=EDGE_CURVE('',#2226,#2297,#2491,.F.);
#1886=EDGE_CURVE('',#2296,#2292,#171,.T.);
#1887=EDGE_CURVE('',#2294,#2296,#172,.T.);
#1888=EDGE_CURVE('',#2294,#2292,#173,.F.);
#1889=EDGE_CURVE('',#2299,#2164,#301,.T.);
#1890=EDGE_CURVE('',#2299,#2300,#2492,.T.);
#1891=EDGE_CURVE('',#2300,#2165,#302,.T.);
#1892=EDGE_CURVE('',#2301,#2194,#303,.T.);
#1893=EDGE_CURVE('',#2301,#2299,#2493,.T.);
#1894=EDGE_CURVE('',#2302,#2193,#304,.T.);
#1895=EDGE_CURVE('',#2302,#2301,#174,.F.);
#1896=EDGE_CURVE('',#2303,#2192,#305,.T.);
#1897=EDGE_CURVE('',#2303,#2302,#2494,.T.);
#1898=EDGE_CURVE('',#2304,#2191,#306,.T.);
#1899=EDGE_CURVE('',#2304,#2303,#2495,.T.);
#1900=EDGE_CURVE('',#2305,#2190,#307,.T.);
#1901=EDGE_CURVE('',#2305,#2304,#2496,.T.);
#1902=EDGE_CURVE('',#2306,#2189,#308,.T.);
#1903=EDGE_CURVE('',#2306,#2305,#2497,.T.);
#1904=EDGE_CURVE('',#2307,#2188,#309,.T.);
#1905=EDGE_CURVE('',#2307,#2306,#2498,.T.);
#1906=EDGE_CURVE('',#2308,#2187,#310,.T.);
#1907=EDGE_CURVE('',#2308,#2307,#2499,.T.);
#1908=EDGE_CURVE('',#2309,#2186,#311,.T.);
#1909=EDGE_CURVE('',#2309,#2308,#2500,.T.);
#1910=EDGE_CURVE('',#2310,#2185,#312,.T.);
#1911=EDGE_CURVE('',#2310,#2309,#2501,.T.);
#1912=EDGE_CURVE('',#2311,#2184,#313,.T.);
#1913=EDGE_CURVE('',#2311,#2310,#2502,.T.);
#1914=EDGE_CURVE('',#2312,#2183,#314,.T.);
#1915=EDGE_CURVE('',#2312,#2311,#315,.T.);
#1916=EDGE_CURVE('',#2313,#2182,#316,.T.);
#1917=EDGE_CURVE('',#2313,#2312,#2503,.T.);
#1918=EDGE_CURVE('',#2314,#2181,#317,.T.);
#1919=EDGE_CURVE('',#2314,#2313,#2504,.T.);
#1920=EDGE_CURVE('',#2315,#2180,#318,.T.);
#1921=EDGE_CURVE('',#2315,#2314,#2505,.T.);
#1922=EDGE_CURVE('',#2316,#2179,#319,.T.);
#1923=EDGE_CURVE('',#2316,#2315,#2506,.T.);
#1924=EDGE_CURVE('',#2317,#2178,#320,.T.);
#1925=EDGE_CURVE('',#2317,#2316,#2507,.T.);
#1926=EDGE_CURVE('',#2318,#2177,#321,.T.);
#1927=EDGE_CURVE('',#2318,#2317,#2508,.T.);
#1928=EDGE_CURVE('',#2319,#2176,#322,.T.);
#1929=EDGE_CURVE('',#2319,#2318,#2509,.T.);
#1930=EDGE_CURVE('',#2320,#2175,#323,.T.);
#1931=EDGE_CURVE('',#2320,#2319,#324,.T.);
#1932=EDGE_CURVE('',#2321,#2174,#325,.T.);
#1933=EDGE_CURVE('',#2321,#2320,#2510,.T.);
#1934=EDGE_CURVE('',#2322,#2173,#326,.T.);
#1935=EDGE_CURVE('',#2322,#2321,#2511,.T.);
#1936=EDGE_CURVE('',#2323,#2172,#327,.T.);
#1937=EDGE_CURVE('',#2323,#2322,#2512,.T.);
#1938=EDGE_CURVE('',#2324,#2171,#328,.T.);
#1939=EDGE_CURVE('',#2324,#2323,#2513,.T.);
#1940=EDGE_CURVE('',#2325,#2170,#329,.T.);
#1941=EDGE_CURVE('',#2325,#2324,#2514,.T.);
#1942=EDGE_CURVE('',#2326,#2169,#330,.T.);
#1943=EDGE_CURVE('',#2326,#2325,#2515,.T.);
#1944=EDGE_CURVE('',#2327,#2168,#331,.T.);
#1945=EDGE_CURVE('',#2327,#2326,#332,.T.);
#1946=EDGE_CURVE('',#2328,#2167,#333,.T.);
#1947=EDGE_CURVE('',#2328,#2327,#2516,.T.);
#1948=EDGE_CURVE('',#2329,#2166,#334,.T.);
#1949=EDGE_CURVE('',#2329,#2328,#2517,.T.);
#1950=EDGE_CURVE('',#2300,#2329,#2518,.T.);
#1951=EDGE_CURVE('',#2330,#2331,#2519,.T.);
#1952=EDGE_CURVE('',#2332,#2330,#335,.T.);
#1953=EDGE_CURVE('',#2332,#2333,#2520,.T.);
#1954=EDGE_CURVE('',#2333,#2331,#336,.T.);
#1955=EDGE_CURVE('',#2334,#2330,#2521,.T.);
#1956=EDGE_CURVE('',#2335,#2334,#337,.T.);
#1957=EDGE_CURVE('',#2335,#2332,#2522,.T.);
#1958=EDGE_CURVE('',#2336,#2334,#2523,.T.);
#1959=EDGE_CURVE('',#2337,#2336,#338,.T.);
#1960=EDGE_CURVE('',#2337,#2335,#2524,.T.);
#1961=EDGE_CURVE('',#2338,#2336,#2525,.T.);
#1962=EDGE_CURVE('',#2339,#2338,#339,.T.);
#1963=EDGE_CURVE('',#2339,#2337,#2526,.T.);
#1964=EDGE_CURVE('',#2340,#2338,#2527,.T.);
#1965=EDGE_CURVE('',#2341,#2340,#340,.T.);
#1966=EDGE_CURVE('',#2341,#2339,#2528,.T.);
#1967=EDGE_CURVE('',#2342,#2340,#2529,.T.);
#1968=EDGE_CURVE('',#2343,#2342,#341,.T.);
#1969=EDGE_CURVE('',#2343,#2341,#2530,.T.);
#1970=EDGE_CURVE('',#2344,#2342,#342,.T.);
#1971=EDGE_CURVE('',#2345,#2344,#343,.T.);
#1972=EDGE_CURVE('',#2345,#2343,#344,.T.);
#1973=EDGE_CURVE('',#2346,#2344,#345,.T.);
#1974=EDGE_CURVE('',#2347,#2346,#346,.T.);
#1975=EDGE_CURVE('',#2347,#2345,#347,.T.);
#1976=EDGE_CURVE('',#2348,#2346,#2531,.T.);
#1977=EDGE_CURVE('',#2349,#2348,#348,.T.);
#1978=EDGE_CURVE('',#2349,#2347,#2532,.T.);
#1979=EDGE_CURVE('',#2350,#2139,#349,.T.);
#1980=EDGE_CURVE('',#2350,#2351,#2533,.T.);
#1981=EDGE_CURVE('',#2351,#2140,#350,.T.);
#1982=EDGE_CURVE('',#2352,#2163,#351,.T.);
#1983=EDGE_CURVE('',#2352,#2350,#2534,.T.);
#1984=EDGE_CURVE('',#2353,#2162,#352,.T.);
#1985=EDGE_CURVE('',#2353,#2352,#2535,.T.);
#1986=EDGE_CURVE('',#2354,#2161,#353,.T.);
#1987=EDGE_CURVE('',#2354,#2353,#354,.T.);
#1988=EDGE_CURVE('',#2355,#2160,#355,.T.);
#1989=EDGE_CURVE('',#2355,#2354,#2536,.T.);
#1990=EDGE_CURVE('',#2356,#2159,#356,.T.);
#1991=EDGE_CURVE('',#2356,#2355,#2537,.T.);
#1992=EDGE_CURVE('',#2357,#2158,#357,.T.);
#1993=EDGE_CURVE('',#2357,#2356,#175,.F.);
#1994=EDGE_CURVE('',#2358,#2157,#358,.T.);
#1995=EDGE_CURVE('',#2358,#2357,#359,.T.);
#1996=EDGE_CURVE('',#2359,#2156,#360,.T.);
#1997=EDGE_CURVE('',#2359,#2358,#176,.T.);
#1998=EDGE_CURVE('',#2360,#2155,#361,.T.);
#1999=EDGE_CURVE('',#2360,#2359,#2538,.T.);
#2000=EDGE_CURVE('',#2361,#2154,#362,.T.);
#2001=EDGE_CURVE('',#2361,#2360,#2539,.T.);
#2002=EDGE_CURVE('',#2362,#2153,#363,.T.);
#2003=EDGE_CURVE('',#2362,#2361,#364,.T.);
#2004=EDGE_CURVE('',#2363,#2152,#365,.T.);
#2005=EDGE_CURVE('',#2363,#2362,#2540,.T.);
#2006=EDGE_CURVE('',#2364,#2151,#366,.T.);
#2007=EDGE_CURVE('',#2364,#2363,#2541,.T.);
#2008=EDGE_CURVE('',#2365,#2150,#367,.T.);
#2009=EDGE_CURVE('',#2365,#2364,#2542,.T.);
#2010=EDGE_CURVE('',#2366,#2149,#368,.T.);
#2011=EDGE_CURVE('',#2366,#2365,#369,.T.);
#2012=EDGE_CURVE('',#2367,#2148,#370,.T.);
#2013=EDGE_CURVE('',#2367,#2366,#2543,.T.);
#2014=EDGE_CURVE('',#2368,#2147,#371,.T.);
#2015=EDGE_CURVE('',#2368,#2367,#2544,.T.);
#2016=EDGE_CURVE('',#2369,#2146,#372,.T.);
#2017=EDGE_CURVE('',#2369,#2368,#2545,.T.);
#2018=EDGE_CURVE('',#2370,#2145,#373,.T.);
#2019=EDGE_CURVE('',#2370,#2369,#2546,.T.);
#2020=EDGE_CURVE('',#2371,#2144,#374,.T.);
#2021=EDGE_CURVE('',#2371,#2370,#375,.T.);
#2022=EDGE_CURVE('',#2372,#2143,#376,.T.);
#2023=EDGE_CURVE('',#2372,#2371,#377,.T.);
#2024=EDGE_CURVE('',#2373,#2142,#378,.T.);
#2025=EDGE_CURVE('',#2373,#2372,#2547,.T.);
#2026=EDGE_CURVE('',#2374,#2141,#379,.T.);
#2027=EDGE_CURVE('',#2374,#2373,#2548,.T.);
#2028=EDGE_CURVE('',#2351,#2374,#2549,.T.);
#2029=EDGE_CURVE('',#2331,#2348,#177,.T.);
#2030=EDGE_CURVE('',#2333,#2349,#178,.T.);
#2031=EDGE_CURVE('',#2375,#2195,#380,.T.);
#2032=EDGE_CURVE('',#2375,#2376,#381,.T.);
#2033=EDGE_CURVE('',#2376,#2196,#382,.T.);
#2034=EDGE_CURVE('',#2377,#2198,#383,.T.);
#2035=EDGE_CURVE('',#2377,#2375,#384,.T.);
#2036=EDGE_CURVE('',#2378,#2197,#385,.T.);
#2037=EDGE_CURVE('',#2378,#2377,#386,.T.);
#2038=EDGE_CURVE('',#2376,#2378,#387,.T.);
#2039=EDGE_CURVE('',#2379,#2122,#388,.T.);
#2040=EDGE_CURVE('',#2379,#2380,#179,.F.);
#2041=EDGE_CURVE('',#2380,#2123,#389,.T.);
#2042=EDGE_CURVE('',#2381,#2138,#390,.T.);
#2043=EDGE_CURVE('',#2381,#2379,#391,.T.);
#2044=EDGE_CURVE('',#2382,#2137,#392,.T.);
#2045=EDGE_CURVE('',#2382,#2381,#2550,.T.);
#2046=EDGE_CURVE('',#2383,#2136,#393,.T.);
#2047=EDGE_CURVE('',#2383,#2382,#2551,.T.);
#2048=EDGE_CURVE('',#2384,#2135,#394,.T.);
#2049=EDGE_CURVE('',#2384,#2383,#2552,.T.);
#2050=EDGE_CURVE('',#2385,#2134,#395,.T.);
#2051=EDGE_CURVE('',#2385,#2384,#396,.T.);
#2052=EDGE_CURVE('',#2386,#2133,#397,.T.);
#2053=EDGE_CURVE('',#2386,#2385,#398,.T.);
#2054=EDGE_CURVE('',#2387,#2132,#399,.T.);
#2055=EDGE_CURVE('',#2387,#2386,#400,.T.);
#2056=EDGE_CURVE('',#2388,#2131,#401,.T.);
#2057=EDGE_CURVE('',#2388,#2387,#402,.T.);
#2058=EDGE_CURVE('',#2389,#2130,#403,.T.);
#2059=EDGE_CURVE('',#2389,#2388,#404,.T.);
#2060=EDGE_CURVE('',#2390,#2129,#405,.T.);
#2061=EDGE_CURVE('',#2390,#2389,#406,.T.);
#2062=EDGE_CURVE('',#2391,#2128,#407,.T.);
#2063=EDGE_CURVE('',#2391,#2390,#408,.T.);
#2064=EDGE_CURVE('',#2392,#2127,#409,.T.);
#2065=EDGE_CURVE('',#2392,#2391,#410,.T.);
#2066=EDGE_CURVE('',#2393,#2126,#411,.T.);
#2067=EDGE_CURVE('',#2393,#2392,#412,.T.);
#2068=EDGE_CURVE('',#2394,#2125,#413,.T.);
#2069=EDGE_CURVE('',#2394,#2393,#414,.T.);
#2070=EDGE_CURVE('',#2395,#2124,#415,.T.);
#2071=EDGE_CURVE('',#2395,#2394,#416,.T.);
#2072=EDGE_CURVE('',#2380,#2395,#2553,.T.);
#2073=EDGE_CURVE('',#2396,#2397,#417,.T.);
#2074=EDGE_CURVE('',#2398,#2396,#418,.T.);
#2075=EDGE_CURVE('',#2398,#2399,#419,.T.);
#2076=EDGE_CURVE('',#2399,#2397,#420,.T.);
#2077=EDGE_CURVE('',#2400,#2396,#421,.T.);
#2078=EDGE_CURVE('',#2401,#2400,#422,.T.);
#2079=EDGE_CURVE('',#2401,#2398,#423,.T.);
#2080=EDGE_CURVE('',#2402,#2400,#180,.F.);
#2081=EDGE_CURVE('',#2403,#2402,#424,.T.);
#2082=EDGE_CURVE('',#2403,#2401,#181,.F.);
#2083=EDGE_CURVE('',#2404,#2402,#425,.T.);
#2084=EDGE_CURVE('',#2405,#2404,#426,.T.);
#2085=EDGE_CURVE('',#2405,#2403,#427,.T.);
#2086=EDGE_CURVE('',#2406,#2404,#428,.T.);
#2087=EDGE_CURVE('',#2407,#2406,#429,.T.);
#2088=EDGE_CURVE('',#2407,#2405,#430,.T.);
#2089=EDGE_CURVE('',#2408,#2406,#431,.T.);
#2090=EDGE_CURVE('',#2409,#2408,#432,.T.);
#2091=EDGE_CURVE('',#2409,#2407,#433,.T.);
#2092=EDGE_CURVE('',#2410,#2199,#434,.T.);
#2093=EDGE_CURVE('',#2410,#2411,#435,.T.);
#2094=EDGE_CURVE('',#2411,#2200,#436,.T.);
#2095=EDGE_CURVE('',#2412,#2206,#437,.T.);
#2096=EDGE_CURVE('',#2412,#2410,#438,.T.);
#2097=EDGE_CURVE('',#2413,#2205,#439,.T.);
#2098=EDGE_CURVE('',#2413,#2412,#440,.T.);
#2099=EDGE_CURVE('',#2414,#2204,#441,.T.);
#2100=EDGE_CURVE('',#2414,#2413,#442,.T.);
#2101=EDGE_CURVE('',#2415,#2203,#443,.T.);
#2102=EDGE_CURVE('',#2415,#2414,#444,.T.);
#2103=EDGE_CURVE('',#2416,#2202,#445,.T.);
#2104=EDGE_CURVE('',#2416,#2415,#446,.T.);
#2105=EDGE_CURVE('',#2417,#2201,#447,.T.);
#2106=EDGE_CURVE('',#2417,#2416,#448,.T.);
#2107=EDGE_CURVE('',#2411,#2417,#449,.T.);
#2108=EDGE_CURVE('',#2397,#2408,#2554,.T.);
#2109=EDGE_CURVE('',#2399,#2409,#2555,.T.);
#2110=EDGE_CURVE('',#2218,#2119,#182,.T.);
#2111=EDGE_CURVE('',#2221,#2218,#183,.T.);
#2112=EDGE_CURVE('',#2221,#2119,#184,.F.);
#2113=EDGE_CURVE('',#2222,#2118,#185,.T.);
#2114=EDGE_CURVE('',#2219,#2222,#186,.T.);
#2115=EDGE_CURVE('',#2219,#2118,#187,.F.);
#2116=VERTEX_POINT('',#4019);
#2117=VERTEX_POINT('',#4020);
#2118=VERTEX_POINT('',#4022);
#2119=VERTEX_POINT('',#4024);
#2120=VERTEX_POINT('',#4026);
#2121=VERTEX_POINT('',#4031);
#2122=VERTEX_POINT('',#4034);
#2123=VERTEX_POINT('',#4035);
#2124=VERTEX_POINT('',#4039);
#2125=VERTEX_POINT('',#4041);
#2126=VERTEX_POINT('',#4043);
#2127=VERTEX_POINT('',#4045);
#2128=VERTEX_POINT('',#4047);
#2129=VERTEX_POINT('',#4049);
#2130=VERTEX_POINT('',#4051);
#2131=VERTEX_POINT('',#4053);
#2132=VERTEX_POINT('',#4055);
#2133=VERTEX_POINT('',#4057);
#2134=VERTEX_POINT('',#4059);
#2135=VERTEX_POINT('',#4061);
#2136=VERTEX_POINT('',#4065);
#2137=VERTEX_POINT('',#4069);
#2138=VERTEX_POINT('',#4073);
#2139=VERTEX_POINT('',#4078);
#2140=VERTEX_POINT('',#4079);
#2141=VERTEX_POINT('',#4083);
#2142=VERTEX_POINT('',#4087);
#2143=VERTEX_POINT('',#4091);
#2144=VERTEX_POINT('',#4093);
#2145=VERTEX_POINT('',#4095);
#2146=VERTEX_POINT('',#4099);
#2147=VERTEX_POINT('',#4103);
#2148=VERTEX_POINT('',#4107);
#2149=VERTEX_POINT('',#4111);
#2150=VERTEX_POINT('',#4113);
#2151=VERTEX_POINT('',#4117);
#2152=VERTEX_POINT('',#4121);
#2153=VERTEX_POINT('',#4125);
#2154=VERTEX_POINT('',#4127);
#2155=VERTEX_POINT('',#4131);
#2156=VERTEX_POINT('',#4135);
#2157=VERTEX_POINT('',#4137);
#2158=VERTEX_POINT('',#4139);
#2159=VERTEX_POINT('',#4141);
#2160=VERTEX_POINT('',#4145);
#2161=VERTEX_POINT('',#4149);
#2162=VERTEX_POINT('',#4151);
#2163=VERTEX_POINT('',#4155);
#2164=VERTEX_POINT('',#4162);
#2165=VERTEX_POINT('',#4163);
#2166=VERTEX_POINT('',#4167);
#2167=VERTEX_POINT('',#4171);
#2168=VERTEX_POINT('',#4175);
#2169=VERTEX_POINT('',#4177);
#2170=VERTEX_POINT('',#4181);
#2171=VERTEX_POINT('',#4185);
#2172=VERTEX_POINT('',#4189);
#2173=VERTEX_POINT('',#4193);
#2174=VERTEX_POINT('',#4197);
#2175=VERTEX_POINT('',#4201);
#2176=VERTEX_POINT('',#4203);
#2177=VERTEX_POINT('',#4207);
#2178=VERTEX_POINT('',#4211);
#2179=VERTEX_POINT('',#4215);
#2180=VERTEX_POINT('',#4219);
#2181=VERTEX_POINT('',#4223);
#2182=VERTEX_POINT('',#4227);
#2183=VERTEX_POINT('',#4231);
#2184=VERTEX_POINT('',#4233);
#2185=VERTEX_POINT('',#4237);
#2186=VERTEX_POINT('',#4241);
#2187=VERTEX_POINT('',#4245);
#2188=VERTEX_POINT('',#4249);
#2189=VERTEX_POINT('',#4253);
#2190=VERTEX_POINT('',#4257);
#2191=VERTEX_POINT('',#4261);
#2192=VERTEX_POINT('',#4265);
#2193=VERTEX_POINT('',#4269);
#2194=VERTEX_POINT('',#4271);
#2195=VERTEX_POINT('',#4276);
#2196=VERTEX_POINT('',#4277);
#2197=VERTEX_POINT('',#4279);
#2198=VERTEX_POINT('',#4281);
#2199=VERTEX_POINT('',#4284);
#2200=VERTEX_POINT('',#4285);
#2201=VERTEX_POINT('',#4287);
#2202=VERTEX_POINT('',#4289);
#2203=VERTEX_POINT('',#4291);
#2204=VERTEX_POINT('',#4293);
#2205=VERTEX_POINT('',#4295);
#2206=VERTEX_POINT('',#4297);
#2207=VERTEX_POINT('',#4301);
#2208=VERTEX_POINT('',#4302);
#2209=VERTEX_POINT('',#4304);
#2210=VERTEX_POINT('',#4306);
#2211=VERTEX_POINT('',#4311);
#2212=VERTEX_POINT('',#4323);
#2213=VERTEX_POINT('',#4325);
#2214=VERTEX_POINT('',#4337);
#2215=VERTEX_POINT('',#4342);
#2216=VERTEX_POINT('',#4344);
#2217=VERTEX_POINT('',#4348);
#2218=VERTEX_POINT('',#4349);
#2219=VERTEX_POINT('',#4354);
#2220=VERTEX_POINT('',#4356);
#2221=VERTEX_POINT('',#4360);
#2222=VERTEX_POINT('',#4361);
#2223=VERTEX_POINT('',#4366);
#2224=VERTEX_POINT('',#4367);
#2225=VERTEX_POINT('',#4392);
#2226=VERTEX_POINT('',#4397);
#2227=VERTEX_POINT('',#4402);
#2228=VERTEX_POINT('',#4404);
#2229=VERTEX_POINT('',#4411);
#2230=VERTEX_POINT('',#4412);
#2231=VERTEX_POINT('',#4414);
#2232=VERTEX_POINT('',#4423);
#2233=VERTEX_POINT('',#4441);
#2234=VERTEX_POINT('',#4442);
#2235=VERTEX_POINT('',#4451);
#2236=VERTEX_POINT('',#4453);
#2237=VERTEX_POINT('',#4460);
#2238=VERTEX_POINT('',#4462);
#2239=VERTEX_POINT('',#4464);
#2240=VERTEX_POINT('',#4466);
#2241=VERTEX_POINT('',#4469);
#2242=VERTEX_POINT('',#4470);
#2243=VERTEX_POINT('',#4472);
#2244=VERTEX_POINT('',#4474);
#2245=VERTEX_POINT('',#4477);
#2246=VERTEX_POINT('',#4478);
#2247=VERTEX_POINT('',#4480);
#2248=VERTEX_POINT('',#4482);
#2249=VERTEX_POINT('',#4484);
#2250=VERTEX_POINT('',#4486);
#2251=VERTEX_POINT('',#4488);
#2252=VERTEX_POINT('',#4490);
#2253=VERTEX_POINT('',#4494);
#2254=VERTEX_POINT('',#4496);
#2255=VERTEX_POINT('',#4497);
#2256=VERTEX_POINT('',#4499);
#2257=VERTEX_POINT('',#4501);
#2258=VERTEX_POINT('',#4505);
#2259=VERTEX_POINT('',#4506);
#2260=VERTEX_POINT('',#4511);
#2261=VERTEX_POINT('',#4512);
#2262=VERTEX_POINT('',#4514);
#2263=VERTEX_POINT('',#4516);
#2264=VERTEX_POINT('',#4520);
#2265=VERTEX_POINT('',#4521);
#2266=VERTEX_POINT('',#4523);
#2267=VERTEX_POINT('',#4525);
#2268=VERTEX_POINT('',#4529);
#2269=VERTEX_POINT('',#4530);
#2270=VERTEX_POINT('',#4532);
#2271=VERTEX_POINT('',#4534);
#2272=VERTEX_POINT('',#4538);
#2273=VERTEX_POINT('',#4539);
#2274=VERTEX_POINT('',#4541);
#2275=VERTEX_POINT('',#4543);
#2276=VERTEX_POINT('',#4547);
#2277=VERTEX_POINT('',#4548);
#2278=VERTEX_POINT('',#4550);
#2279=VERTEX_POINT('',#4552);
#2280=VERTEX_POINT('',#4554);
#2281=VERTEX_POINT('',#4556);
#2282=VERTEX_POINT('',#4558);
#2283=VERTEX_POINT('',#4560);
#2284=VERTEX_POINT('',#4563);
#2285=VERTEX_POINT('',#4578);
#2286=VERTEX_POINT('',#4580);
#2287=VERTEX_POINT('',#4584);
#2288=VERTEX_POINT('',#4586);
#2289=VERTEX_POINT('',#4590);
#2290=VERTEX_POINT('',#4592);
#2291=VERTEX_POINT('',#4641);
#2292=VERTEX_POINT('',#4651);
#2293=VERTEX_POINT('',#4653);
#2294=VERTEX_POINT('',#4657);
#2295=VERTEX_POINT('',#4667);
#2296=VERTEX_POINT('',#4668);
#2297=VERTEX_POINT('',#4670);
#2298=VERTEX_POINT('',#4681);
#2299=VERTEX_POINT('',#4787);
#2300=VERTEX_POINT('',#4791);
#2301=VERTEX_POINT('',#4802);
#2302=VERTEX_POINT('',#4808);
#2303=VERTEX_POINT('',#4819);
#2304=VERTEX_POINT('',#4832);
#2305=VERTEX_POINT('',#4845);
#2306=VERTEX_POINT('',#4858);
#2307=VERTEX_POINT('',#4871);
#2308=VERTEX_POINT('',#4884);
#2309=VERTEX_POINT('',#4897);
#2310=VERTEX_POINT('',#4910);
#2311=VERTEX_POINT('',#4923);
#2312=VERTEX_POINT('',#4929);
#2313=VERTEX_POINT('',#4940);
#2314=VERTEX_POINT('',#4953);
#2315=VERTEX_POINT('',#4966);
#2316=VERTEX_POINT('',#4979);
#2317=VERTEX_POINT('',#4992);
#2318=VERTEX_POINT('',#5005);
#2319=VERTEX_POINT('',#5018);
#2320=VERTEX_POINT('',#5024);
#2321=VERTEX_POINT('',#5035);
#2322=VERTEX_POINT('',#5048);
#2323=VERTEX_POINT('',#5061);
#2324=VERTEX_POINT('',#5074);
#2325=VERTEX_POINT('',#5087);
#2326=VERTEX_POINT('',#5100);
#2327=VERTEX_POINT('',#5106);
#2328=VERTEX_POINT('',#5117);
#2329=VERTEX_POINT('',#5130);
#2330=VERTEX_POINT('',#5157);
#2331=VERTEX_POINT('',#5158);
#2332=VERTEX_POINT('',#5160);
#2333=VERTEX_POINT('',#5164);
#2334=VERTEX_POINT('',#5177);
#2335=VERTEX_POINT('',#5179);
#2336=VERTEX_POINT('',#5194);
#2337=VERTEX_POINT('',#5196);
#2338=VERTEX_POINT('',#5211);
#2339=VERTEX_POINT('',#5213);
#2340=VERTEX_POINT('',#5228);
#2341=VERTEX_POINT('',#5230);
#2342=VERTEX_POINT('',#5245);
#2343=VERTEX_POINT('',#5247);
#2344=VERTEX_POINT('',#5253);
#2345=VERTEX_POINT('',#5255);
#2346=VERTEX_POINT('',#5259);
#2347=VERTEX_POINT('',#5261);
#2348=VERTEX_POINT('',#5274);
#2349=VERTEX_POINT('',#5276);
#2350=VERTEX_POINT('',#5289);
#2351=VERTEX_POINT('',#5293);
#2352=VERTEX_POINT('',#5304);
#2353=VERTEX_POINT('',#5317);
#2354=VERTEX_POINT('',#5323);
#2355=VERTEX_POINT('',#5334);
#2356=VERTEX_POINT('',#5347);
#2357=VERTEX_POINT('',#5353);
#2358=VERTEX_POINT('',#5357);
#2359=VERTEX_POINT('',#5361);
#2360=VERTEX_POINT('',#5372);
#2361=VERTEX_POINT('',#5385);
#2362=VERTEX_POINT('',#5391);
#2363=VERTEX_POINT('',#5402);
#2364=VERTEX_POINT('',#5415);
#2365=VERTEX_POINT('',#5428);
#2366=VERTEX_POINT('',#5434);
#2367=VERTEX_POINT('',#5445);
#2368=VERTEX_POINT('',#5458);
#2369=VERTEX_POINT('',#5471);
#2370=VERTEX_POINT('',#5484);
#2371=VERTEX_POINT('',#5490);
#2372=VERTEX_POINT('',#5494);
#2373=VERTEX_POINT('',#5505);
#2374=VERTEX_POINT('',#5518);
#2375=VERTEX_POINT('',#5539);
#2376=VERTEX_POINT('',#5541);
#2377=VERTEX_POINT('',#5545);
#2378=VERTEX_POINT('',#5549);
#2379=VERTEX_POINT('',#5556);
#2380=VERTEX_POINT('',#5558);
#2381=VERTEX_POINT('',#5562);
#2382=VERTEX_POINT('',#5573);
#2383=VERTEX_POINT('',#5586);
#2384=VERTEX_POINT('',#5599);
#2385=VERTEX_POINT('',#5605);
#2386=VERTEX_POINT('',#5609);
#2387=VERTEX_POINT('',#5613);
#2388=VERTEX_POINT('',#5617);
#2389=VERTEX_POINT('',#5621);
#2390=VERTEX_POINT('',#5625);
#2391=VERTEX_POINT('',#5629);
#2392=VERTEX_POINT('',#5633);
#2393=VERTEX_POINT('',#5637);
#2394=VERTEX_POINT('',#5641);
#2395=VERTEX_POINT('',#5645);
#2396=VERTEX_POINT('',#5661);
#2397=VERTEX_POINT('',#5662);
#2398=VERTEX_POINT('',#5664);
#2399=VERTEX_POINT('',#5666);
#2400=VERTEX_POINT('',#5670);
#2401=VERTEX_POINT('',#5672);
#2402=VERTEX_POINT('',#5676);
#2403=VERTEX_POINT('',#5678);
#2404=VERTEX_POINT('',#5682);
#2405=VERTEX_POINT('',#5684);
#2406=VERTEX_POINT('',#5688);
#2407=VERTEX_POINT('',#5690);
#2408=VERTEX_POINT('',#5694);
#2409=VERTEX_POINT('',#5696);
#2410=VERTEX_POINT('',#5700);
#2411=VERTEX_POINT('',#5702);
#2412=VERTEX_POINT('',#5706);
#2413=VERTEX_POINT('',#5710);
#2414=VERTEX_POINT('',#5714);
#2415=VERTEX_POINT('',#5718);
#2416=VERTEX_POINT('',#5722);
#2417=VERTEX_POINT('',#5726);
#2418=B_SPLINE_CURVE_WITH_KNOTS('',3,(#4015,#4016,#4017,#4018),
 .UNSPECIFIED.,.F.,.F.,(4,4),(0.,0.00021883383099119),.UNSPECIFIED.);
#2419=B_SPLINE_CURVE_WITH_KNOTS('',3,(#4027,#4028,#4029,#4030),
 .UNSPECIFIED.,.F.,.F.,(4,4),(0.00115741331518826,0.00137633062492129),
 .UNSPECIFIED.);
#2420=B_SPLINE_CURVE_WITH_KNOTS('',2,(#4036,#4037,#4038),.UNSPECIFIED.,
 .F.,.F.,(3,3),(0.,1.),.PIECEWISE_BEZIER_KNOTS.);
#2421=B_SPLINE_CURVE_WITH_KNOTS('',2,(#4062,#4063,#4064),.UNSPECIFIED.,
 .F.,.F.,(3,3),(0.,1.),.PIECEWISE_BEZIER_KNOTS.);
#2422=B_SPLINE_CURVE_WITH_KNOTS('',2,(#4066,#4067,#4068),.UNSPECIFIED.,
 .F.,.F.,(3,3),(0.,1.),.PIECEWISE_BEZIER_KNOTS.);
#2423=B_SPLINE_CURVE_WITH_KNOTS('',2,(#4070,#4071,#4072),.UNSPECIFIED.,
 .F.,.F.,(3,3),(0.,1.),.PIECEWISE_BEZIER_KNOTS.);
#2424=B_SPLINE_CURVE_WITH_KNOTS('',2,(#4075,#4076,#4077),.UNSPECIFIED.,
 .F.,.F.,(3,3),(0.,1.),.PIECEWISE_BEZIER_KNOTS.);
#2425=B_SPLINE_CURVE_WITH_KNOTS('',2,(#4080,#4081,#4082),.UNSPECIFIED.,
 .F.,.F.,(3,3),(0.,1.),.PIECEWISE_BEZIER_KNOTS.);
#2426=B_SPLINE_CURVE_WITH_KNOTS('',2,(#4084,#4085,#4086),.UNSPECIFIED.,
 .F.,.F.,(3,3),(0.,1.),.PIECEWISE_BEZIER_KNOTS.);
#2427=B_SPLINE_CURVE_WITH_KNOTS('',2,(#4088,#4089,#4090),.UNSPECIFIED.,
 .F.,.F.,(3,3),(0.,1.),.PIECEWISE_BEZIER_KNOTS.);
#2428=B_SPLINE_CURVE_WITH_KNOTS('',2,(#4096,#4097,#4098),.UNSPECIFIED.,
 .F.,.F.,(3,3),(0.,1.),.PIECEWISE_BEZIER_KNOTS.);
#2429=B_SPLINE_CURVE_WITH_KNOTS('',2,(#4100,#4101,#4102),.UNSPECIFIED.,
 .F.,.F.,(3,3),(0.,1.),.PIECEWISE_BEZIER_KNOTS.);
#2430=B_SPLINE_CURVE_WITH_KNOTS('',2,(#4104,#4105,#4106),.UNSPECIFIED.,
 .F.,.F.,(3,3),(0.,1.),.PIECEWISE_BEZIER_KNOTS.);
#2431=B_SPLINE_CURVE_WITH_KNOTS('',2,(#4108,#4109,#4110),.UNSPECIFIED.,
 .F.,.F.,(3,3),(0.,1.),.PIECEWISE_BEZIER_KNOTS.);
#2432=B_SPLINE_CURVE_WITH_KNOTS('',2,(#4114,#4115,#4116),.UNSPECIFIED.,
 .F.,.F.,(3,3),(0.,1.),.PIECEWISE_BEZIER_KNOTS.);
#2433=B_SPLINE_CURVE_WITH_KNOTS('',2,(#4118,#4119,#4120),.UNSPECIFIED.,
 .F.,.F.,(3,3),(0.,1.),.PIECEWISE_BEZIER_KNOTS.);
#2434=B_SPLINE_CURVE_WITH_KNOTS('',2,(#4122,#4123,#4124),.UNSPECIFIED.,
 .F.,.F.,(3,3),(0.,1.),.PIECEWISE_BEZIER_KNOTS.);
#2435=B_SPLINE_CURVE_WITH_KNOTS('',2,(#4128,#4129,#4130),.UNSPECIFIED.,
 .F.,.F.,(3,3),(0.,1.),.PIECEWISE_BEZIER_KNOTS.);
#2436=B_SPLINE_CURVE_WITH_KNOTS('',2,(#4132,#4133,#4134),.UNSPECIFIED.,
 .F.,.F.,(3,3),(0.,1.),.PIECEWISE_BEZIER_KNOTS.);
#2437=B_SPLINE_CURVE_WITH_KNOTS('',2,(#4142,#4143,#4144),.UNSPECIFIED.,
 .F.,.F.,(3,3),(0.,1.),.PIECEWISE_BEZIER_KNOTS.);
#2438=B_SPLINE_CURVE_WITH_KNOTS('',2,(#4146,#4147,#4148),.UNSPECIFIED.,
 .F.,.F.,(3,3),(0.,1.),.PIECEWISE_BEZIER_KNOTS.);
#2439=B_SPLINE_CURVE_WITH_KNOTS('',2,(#4152,#4153,#4154),.UNSPECIFIED.,
 .F.,.F.,(3,3),(0.,1.),.PIECEWISE_BEZIER_KNOTS.);
#2440=B_SPLINE_CURVE_WITH_KNOTS('',2,(#4156,#4157,#4158),.UNSPECIFIED.,
 .F.,.F.,(3,3),(0.,1.),.PIECEWISE_BEZIER_KNOTS.);
#2441=B_SPLINE_CURVE_WITH_KNOTS('',2,(#4159,#4160,#4161),.UNSPECIFIED.,
 .F.,.F.,(3,3),(0.,1.),.PIECEWISE_BEZIER_KNOTS.);
#2442=B_SPLINE_CURVE_WITH_KNOTS('',2,(#4164,#4165,#4166),.UNSPECIFIED.,
 .F.,.F.,(3,3),(0.,1.),.PIECEWISE_BEZIER_KNOTS.);
#2443=B_SPLINE_CURVE_WITH_KNOTS('',2,(#4168,#4169,#4170),.UNSPECIFIED.,
 .F.,.F.,(3,3),(0.,1.),.PIECEWISE_BEZIER_KNOTS.);
#2444=B_SPLINE_CURVE_WITH_KNOTS('',2,(#4172,#4173,#4174),.UNSPECIFIED.,
 .F.,.F.,(3,3),(0.,1.),.PIECEWISE_BEZIER_KNOTS.);
#2445=B_SPLINE_CURVE_WITH_KNOTS('',2,(#4178,#4179,#4180),.UNSPECIFIED.,
 .F.,.F.,(3,3),(0.,1.),.PIECEWISE_BEZIER_KNOTS.);
#2446=B_SPLINE_CURVE_WITH_KNOTS('',2,(#4182,#4183,#4184),.UNSPECIFIED.,
 .F.,.F.,(3,3),(0.,1.),.PIECEWISE_BEZIER_KNOTS.);
#2447=B_SPLINE_CURVE_WITH_KNOTS('',2,(#4186,#4187,#4188),.UNSPECIFIED.,
 .F.,.F.,(3,3),(0.,1.),.PIECEWISE_BEZIER_KNOTS.);
#2448=B_SPLINE_CURVE_WITH_KNOTS('',2,(#4190,#4191,#4192),.UNSPECIFIED.,
 .F.,.F.,(3,3),(0.,1.),.PIECEWISE_BEZIER_KNOTS.);
#2449=B_SPLINE_CURVE_WITH_KNOTS('',2,(#4194,#4195,#4196),.UNSPECIFIED.,
 .F.,.F.,(3,3),(0.,1.),.PIECEWISE_BEZIER_KNOTS.);
#2450=B_SPLINE_CURVE_WITH_KNOTS('',2,(#4198,#4199,#4200),.UNSPECIFIED.,
 .F.,.F.,(3,3),(0.,1.),.PIECEWISE_BEZIER_KNOTS.);
#2451=B_SPLINE_CURVE_WITH_KNOTS('',2,(#4204,#4205,#4206),.UNSPECIFIED.,
 .F.,.F.,(3,3),(0.,1.),.PIECEWISE_BEZIER_KNOTS.);
#2452=B_SPLINE_CURVE_WITH_KNOTS('',2,(#4208,#4209,#4210),.UNSPECIFIED.,
 .F.,.F.,(3,3),(0.,1.),.PIECEWISE_BEZIER_KNOTS.);
#2453=B_SPLINE_CURVE_WITH_KNOTS('',2,(#4212,#4213,#4214),.UNSPECIFIED.,
 .F.,.F.,(3,3),(0.,1.),.PIECEWISE_BEZIER_KNOTS.);
#2454=B_SPLINE_CURVE_WITH_KNOTS('',2,(#4216,#4217,#4218),.UNSPECIFIED.,
 .F.,.F.,(3,3),(0.,1.),.PIECEWISE_BEZIER_KNOTS.);
#2455=B_SPLINE_CURVE_WITH_KNOTS('',2,(#4220,#4221,#4222),.UNSPECIFIED.,
 .F.,.F.,(3,3),(0.,1.),.PIECEWISE_BEZIER_KNOTS.);
#2456=B_SPLINE_CURVE_WITH_KNOTS('',2,(#4224,#4225,#4226),.UNSPECIFIED.,
 .F.,.F.,(3,3),(0.,1.),.PIECEWISE_BEZIER_KNOTS.);
#2457=B_SPLINE_CURVE_WITH_KNOTS('',2,(#4228,#4229,#4230),.UNSPECIFIED.,
 .F.,.F.,(3,3),(0.,1.),.PIECEWISE_BEZIER_KNOTS.);
#2458=B_SPLINE_CURVE_WITH_KNOTS('',2,(#4234,#4235,#4236),.UNSPECIFIED.,
 .F.,.F.,(3,3),(0.,1.),.PIECEWISE_BEZIER_KNOTS.);
#2459=B_SPLINE_CURVE_WITH_KNOTS('',2,(#4238,#4239,#4240),.UNSPECIFIED.,
 .F.,.F.,(3,3),(0.,1.),.PIECEWISE_BEZIER_KNOTS.);
#2460=B_SPLINE_CURVE_WITH_KNOTS('',2,(#4242,#4243,#4244),.UNSPECIFIED.,
 .F.,.F.,(3,3),(0.,1.),.PIECEWISE_BEZIER_KNOTS.);
#2461=B_SPLINE_CURVE_WITH_KNOTS('',2,(#4246,#4247,#4248),.UNSPECIFIED.,
 .F.,.F.,(3,3),(0.,1.),.PIECEWISE_BEZIER_KNOTS.);
#2462=B_SPLINE_CURVE_WITH_KNOTS('',2,(#4250,#4251,#4252),.UNSPECIFIED.,
 .F.,.F.,(3,3),(0.,1.),.PIECEWISE_BEZIER_KNOTS.);
#2463=B_SPLINE_CURVE_WITH_KNOTS('',2,(#4254,#4255,#4256),.UNSPECIFIED.,
 .F.,.F.,(3,3),(0.,1.),.PIECEWISE_BEZIER_KNOTS.);
#2464=B_SPLINE_CURVE_WITH_KNOTS('',2,(#4258,#4259,#4260),.UNSPECIFIED.,
 .F.,.F.,(3,3),(0.,1.),.PIECEWISE_BEZIER_KNOTS.);
#2465=B_SPLINE_CURVE_WITH_KNOTS('',2,(#4262,#4263,#4264),.UNSPECIFIED.,
 .F.,.F.,(3,3),(0.,1.),.PIECEWISE_BEZIER_KNOTS.);
#2466=B_SPLINE_CURVE_WITH_KNOTS('',2,(#4266,#4267,#4268),.UNSPECIFIED.,
 .F.,.F.,(3,3),(0.,1.),.PIECEWISE_BEZIER_KNOTS.);
#2467=B_SPLINE_CURVE_WITH_KNOTS('',2,(#4272,#4273,#4274),.UNSPECIFIED.,
 .F.,.F.,(3,3),(0.,1.),.PIECEWISE_BEZIER_KNOTS.);
#2468=B_SPLINE_CURVE_WITH_KNOTS('',3,(#4307,#4308,#4309,#4310),
 .UNSPECIFIED.,.F.,.F.,(4,4),(0.,0.00438650001860691),.UNSPECIFIED.);
#2469=B_SPLINE_CURVE_WITH_KNOTS('',3,(#4312,#4313,#4314,#4315,#4316,#4317,
#4318,#4319,#4320,#4321,#4322),.UNSPECIFIED.,.F.,.F.,(4,1,1,1,1,1,1,1,4),
(0.,0.000957536953189695,0.00191507390637939,0.00239384238297424,0.00287261085956908,
0.00311199509786651,0.00335137933616393,0.00359076357446136,0.00383014781275878),
 .UNSPECIFIED.);
#2470=B_SPLINE_CURVE_WITH_KNOTS('',3,(#4326,#4327,#4328,#4329,#4330,#4331,
#4332,#4333,#4334,#4335,#4336),.UNSPECIFIED.,.F.,.F.,(4,1,1,1,1,1,1,1,4),
(0.,0.000242708739216156,0.000485417478432312,0.000728126217648468,0.000970834956864624,
0.00145625243529694,0.00194166991372925,0.00291250487059387,0.00388333982745849),
 .UNSPECIFIED.);
#2471=B_SPLINE_CURVE_WITH_KNOTS('',3,(#4338,#4339,#4340,#4341),
 .UNSPECIFIED.,.F.,.F.,(4,4),(0.,0.00438650001860705),.UNSPECIFIED.);
#2472=B_SPLINE_CURVE_WITH_KNOTS('',3,(#4368,#4369,#4370,#4371),
 .UNSPECIFIED.,.F.,.F.,(4,4),(0.,0.0448544948970653),.UNSPECIFIED.);
#2473=B_SPLINE_CURVE_WITH_KNOTS('',3,(#4372,#4373,#4374,#4375),
 .UNSPECIFIED.,.F.,.F.,(4,4),(0.,0.0448544827850448),.UNSPECIFIED.);
#2474=B_SPLINE_CURVE_WITH_KNOTS('',3,(#4388,#4389,#4390,#4391),
 .UNSPECIFIED.,.F.,.F.,(4,4),(0.,0.00012560855158674),.UNSPECIFIED.);
#2475=B_SPLINE_CURVE_WITH_KNOTS('',3,(#4393,#4394,#4395,#4396),
 .UNSPECIFIED.,.F.,.F.,(4,4),(1.10653532747374E-5,0.0446384188447418),
 .UNSPECIFIED.);
#2476=B_SPLINE_CURVE_WITH_KNOTS('',3,(#4398,#4399,#4400,#4401),
 .UNSPECIFIED.,.F.,.F.,(4,4),(0.,1.99987927677479E-5),.UNSPECIFIED.);
#2477=B_SPLINE_CURVE_WITH_KNOTS('',3,(#4405,#4406,#4407,#4408),
 .UNSPECIFIED.,.F.,.F.,(4,4),(0.,0.0405322825239703),.UNSPECIFIED.);
#2478=B_SPLINE_CURVE_WITH_KNOTS('',3,(#4415,#4416,#4417,#4418),
 .UNSPECIFIED.,.F.,.F.,(4,4),(0.00245867862370522,0.0447898430117812),
 .UNSPECIFIED.);
#2479=B_SPLINE_CURVE_WITH_KNOTS('',3,(#4419,#4420,#4421,#4422),
 .UNSPECIFIED.,.F.,.F.,(4,4),(0.,0.04233112983191),.UNSPECIFIED.);
#2480=B_SPLINE_CURVE_WITH_KNOTS('',3,(#4437,#4438,#4439,#4440),
 .UNSPECIFIED.,.F.,.F.,(4,4),(-2.82717710718957E-7,0.0446271054375854),
 .UNSPECIFIED.);
#2481=B_SPLINE_CURVE_WITH_KNOTS('',3,(#4443,#4444,#4445,#4446),
 .UNSPECIFIED.,.F.,.F.,(4,4),(0.,0.000125608551586733),.UNSPECIFIED.);
#2482=B_SPLINE_CURVE_WITH_KNOTS('',3,(#4447,#4448,#4449,#4450),
 .UNSPECIFIED.,.F.,.F.,(4,4),(0.00462723822545195,0.0451593895704462),
 .UNSPECIFIED.);
#2483=B_SPLINE_CURVE_WITH_KNOTS('',3,(#4454,#4455,#4456,#4457),
 .UNSPECIFIED.,.F.,.F.,(4,4),(0.,1.99987927677469E-5),.UNSPECIFIED.);
#2484=B_SPLINE_CURVE_WITH_KNOTS('',3,(#4643,#4644,#4645,#4646,#4647,#4648),
 .UNSPECIFIED.,.F.,.F.,(4,1,1,4),(2.8609792490764E-17,0.000538829887652791,
0.00107765977530555,0.00215531955061108),.UNSPECIFIED.);
#2485=B_SPLINE_CURVE_WITH_KNOTS('',3,(#4659,#4660,#4661,#4662,#4663,#4664),
 .UNSPECIFIED.,.F.,.F.,(4,1,1,4),(0.,0.00107011862761199,0.00160517794141799,
0.00214023725522399),.UNSPECIFIED.);
#2486=B_SPLINE_CURVE_WITH_KNOTS('',3,(#4671,#4672,#4673,#4674,#4675),
 .UNSPECIFIED.,.F.,.F.,(4,1,4),(0.,0.000217286627335232,0.000434573254670465),
 .UNSPECIFIED.);
#2487=B_SPLINE_CURVE_WITH_KNOTS('',3,(#4676,#4677,#4678,#4679,#4680),
 .UNSPECIFIED.,.F.,.F.,(4,1,4),(0.,0.000217059412036234,0.000434118824072467),
 .UNSPECIFIED.);
#2488=B_SPLINE_CURVE_WITH_KNOTS('',3,(#4695,#4696,#4697,#4698,#4699,#4700),
 .UNSPECIFIED.,.F.,.F.,(4,1,1,4),(0.,0.000368603526655974,0.000737207053311947,
0.00147441410662389),.UNSPECIFIED.);
#2489=B_SPLINE_CURVE_WITH_KNOTS('',3,(#4701,#4702,#4703,#4704,#4705,#4706,
#4707,#4708),.UNSPECIFIED.,.F.,.F.,(4,1,1,1,1,4),(0.,0.000400914437340373,
0.000801828874680746,0.00120274331202112,0.00140320053069131,0.00160365774936149),
 .UNSPECIFIED.);
#2490=B_SPLINE_CURVE_WITH_KNOTS('',3,(#4727,#4728,#4729,#4730,#4731,#4732),
 .UNSPECIFIED.,.F.,.F.,(4,1,1,4),(0.,0.000735202393115217,0.00110280358967282,
0.00147040478623043),.UNSPECIFIED.);
#2491=B_SPLINE_CURVE_WITH_KNOTS('',3,(#4733,#4734,#4735,#4736,#4737,#4738,
#4739,#4740),.UNSPECIFIED.,.F.,.F.,(4,1,1,1,1,4),(0.,0.000202652104218032,
0.000405304208436063,0.000810608416872127,0.00121591262530819,0.00162121683374425),
 .UNSPECIFIED.);
#2492=B_SPLINE_CURVE_WITH_KNOTS('',2,(#4788,#4789,#4790),.UNSPECIFIED.,
 .F.,.F.,(3,3),(0.,1.),.PIECEWISE_BEZIER_KNOTS.);
#2493=B_SPLINE_CURVE_WITH_KNOTS('',2,(#4803,#4804,#4805),.UNSPECIFIED.,
 .F.,.F.,(3,3),(0.,1.),.PIECEWISE_BEZIER_KNOTS.);
#2494=B_SPLINE_CURVE_WITH_KNOTS('',2,(#4820,#4821,#4822),.UNSPECIFIED.,
 .F.,.F.,(3,3),(0.,1.),.PIECEWISE_BEZIER_KNOTS.);
#2495=B_SPLINE_CURVE_WITH_KNOTS('',2,(#4833,#4834,#4835),.UNSPECIFIED.,
 .F.,.F.,(3,3),(0.,1.),.PIECEWISE_BEZIER_KNOTS.);
#2496=B_SPLINE_CURVE_WITH_KNOTS('',2,(#4846,#4847,#4848),.UNSPECIFIED.,
 .F.,.F.,(3,3),(0.,1.),.PIECEWISE_BEZIER_KNOTS.);
#2497=B_SPLINE_CURVE_WITH_KNOTS('',2,(#4859,#4860,#4861),.UNSPECIFIED.,
 .F.,.F.,(3,3),(0.,1.),.PIECEWISE_BEZIER_KNOTS.);
#2498=B_SPLINE_CURVE_WITH_KNOTS('',2,(#4872,#4873,#4874),.UNSPECIFIED.,
 .F.,.F.,(3,3),(0.,1.),.PIECEWISE_BEZIER_KNOTS.);
#2499=B_SPLINE_CURVE_WITH_KNOTS('',2,(#4885,#4886,#4887),.UNSPECIFIED.,
 .F.,.F.,(3,3),(0.,1.),.PIECEWISE_BEZIER_KNOTS.);
#2500=B_SPLINE_CURVE_WITH_KNOTS('',2,(#4898,#4899,#4900),.UNSPECIFIED.,
 .F.,.F.,(3,3),(0.,1.),.PIECEWISE_BEZIER_KNOTS.);
#2501=B_SPLINE_CURVE_WITH_KNOTS('',2,(#4911,#4912,#4913),.UNSPECIFIED.,
 .F.,.F.,(3,3),(0.,1.),.PIECEWISE_BEZIER_KNOTS.);
#2502=B_SPLINE_CURVE_WITH_KNOTS('',2,(#4924,#4925,#4926),.UNSPECIFIED.,
 .F.,.F.,(3,3),(0.,1.),.PIECEWISE_BEZIER_KNOTS.);
#2503=B_SPLINE_CURVE_WITH_KNOTS('',2,(#4941,#4942,#4943),.UNSPECIFIED.,
 .F.,.F.,(3,3),(0.,1.),.PIECEWISE_BEZIER_KNOTS.);
#2504=B_SPLINE_CURVE_WITH_KNOTS('',2,(#4954,#4955,#4956),.UNSPECIFIED.,
 .F.,.F.,(3,3),(0.,1.),.PIECEWISE_BEZIER_KNOTS.);
#2505=B_SPLINE_CURVE_WITH_KNOTS('',2,(#4967,#4968,#4969),.UNSPECIFIED.,
 .F.,.F.,(3,3),(0.,1.),.PIECEWISE_BEZIER_KNOTS.);
#2506=B_SPLINE_CURVE_WITH_KNOTS('',2,(#4980,#4981,#4982),.UNSPECIFIED.,
 .F.,.F.,(3,3),(0.,1.),.PIECEWISE_BEZIER_KNOTS.);
#2507=B_SPLINE_CURVE_WITH_KNOTS('',2,(#4993,#4994,#4995),.UNSPECIFIED.,
 .F.,.F.,(3,3),(0.,1.),.PIECEWISE_BEZIER_KNOTS.);
#2508=B_SPLINE_CURVE_WITH_KNOTS('',2,(#5006,#5007,#5008),.UNSPECIFIED.,
 .F.,.F.,(3,3),(0.,1.),.PIECEWISE_BEZIER_KNOTS.);
#2509=B_SPLINE_CURVE_WITH_KNOTS('',2,(#5019,#5020,#5021),.UNSPECIFIED.,
 .F.,.F.,(3,3),(0.,1.),.PIECEWISE_BEZIER_KNOTS.);
#2510=B_SPLINE_CURVE_WITH_KNOTS('',2,(#5036,#5037,#5038),.UNSPECIFIED.,
 .F.,.F.,(3,3),(0.,1.),.PIECEWISE_BEZIER_KNOTS.);
#2511=B_SPLINE_CURVE_WITH_KNOTS('',2,(#5049,#5050,#5051),.UNSPECIFIED.,
 .F.,.F.,(3,3),(0.,1.),.PIECEWISE_BEZIER_KNOTS.);
#2512=B_SPLINE_CURVE_WITH_KNOTS('',2,(#5062,#5063,#5064),.UNSPECIFIED.,
 .F.,.F.,(3,3),(0.,1.),.PIECEWISE_BEZIER_KNOTS.);
#2513=B_SPLINE_CURVE_WITH_KNOTS('',2,(#5075,#5076,#5077),.UNSPECIFIED.,
 .F.,.F.,(3,3),(0.,1.),.PIECEWISE_BEZIER_KNOTS.);
#2514=B_SPLINE_CURVE_WITH_KNOTS('',2,(#5088,#5089,#5090),.UNSPECIFIED.,
 .F.,.F.,(3,3),(0.,1.),.PIECEWISE_BEZIER_KNOTS.);
#2515=B_SPLINE_CURVE_WITH_KNOTS('',2,(#5101,#5102,#5103),.UNSPECIFIED.,
 .F.,.F.,(3,3),(0.,1.),.PIECEWISE_BEZIER_KNOTS.);
#2516=B_SPLINE_CURVE_WITH_KNOTS('',2,(#5118,#5119,#5120),.UNSPECIFIED.,
 .F.,.F.,(3,3),(0.,1.),.PIECEWISE_BEZIER_KNOTS.);
#2517=B_SPLINE_CURVE_WITH_KNOTS('',2,(#5131,#5132,#5133),.UNSPECIFIED.,
 .F.,.F.,(3,3),(0.,1.),.PIECEWISE_BEZIER_KNOTS.);
#2518=B_SPLINE_CURVE_WITH_KNOTS('',2,(#5142,#5143,#5144),.UNSPECIFIED.,
 .F.,.F.,(3,3),(0.,1.),.PIECEWISE_BEZIER_KNOTS.);
#2519=B_SPLINE_CURVE_WITH_KNOTS('',2,(#5154,#5155,#5156),.UNSPECIFIED.,
 .F.,.F.,(3,3),(0.,1.),.PIECEWISE_BEZIER_KNOTS.);
#2520=B_SPLINE_CURVE_WITH_KNOTS('',2,(#5161,#5162,#5163),.UNSPECIFIED.,
 .F.,.F.,(3,3),(0.,1.),.PIECEWISE_BEZIER_KNOTS.);
#2521=B_SPLINE_CURVE_WITH_KNOTS('',2,(#5174,#5175,#5176),.UNSPECIFIED.,
 .F.,.F.,(3,3),(0.,1.),.PIECEWISE_BEZIER_KNOTS.);
#2522=B_SPLINE_CURVE_WITH_KNOTS('',2,(#5180,#5181,#5182),.UNSPECIFIED.,
 .F.,.F.,(3,3),(0.,1.),.PIECEWISE_BEZIER_KNOTS.);
#2523=B_SPLINE_CURVE_WITH_KNOTS('',2,(#5191,#5192,#5193),.UNSPECIFIED.,
 .F.,.F.,(3,3),(0.,1.),.PIECEWISE_BEZIER_KNOTS.);
#2524=B_SPLINE_CURVE_WITH_KNOTS('',2,(#5197,#5198,#5199),.UNSPECIFIED.,
 .F.,.F.,(3,3),(0.,1.),.PIECEWISE_BEZIER_KNOTS.);
#2525=B_SPLINE_CURVE_WITH_KNOTS('',2,(#5208,#5209,#5210),.UNSPECIFIED.,
 .F.,.F.,(3,3),(0.,1.),.PIECEWISE_BEZIER_KNOTS.);
#2526=B_SPLINE_CURVE_WITH_KNOTS('',2,(#5214,#5215,#5216),.UNSPECIFIED.,
 .F.,.F.,(3,3),(0.,1.),.PIECEWISE_BEZIER_KNOTS.);
#2527=B_SPLINE_CURVE_WITH_KNOTS('',2,(#5225,#5226,#5227),.UNSPECIFIED.,
 .F.,.F.,(3,3),(0.,1.),.PIECEWISE_BEZIER_KNOTS.);
#2528=B_SPLINE_CURVE_WITH_KNOTS('',2,(#5231,#5232,#5233),.UNSPECIFIED.,
 .F.,.F.,(3,3),(0.,1.),.PIECEWISE_BEZIER_KNOTS.);
#2529=B_SPLINE_CURVE_WITH_KNOTS('',2,(#5242,#5243,#5244),.UNSPECIFIED.,
 .F.,.F.,(3,3),(0.,1.),.PIECEWISE_BEZIER_KNOTS.);
#2530=B_SPLINE_CURVE_WITH_KNOTS('',2,(#5248,#5249,#5250),.UNSPECIFIED.,
 .F.,.F.,(3,3),(0.,1.),.PIECEWISE_BEZIER_KNOTS.);
#2531=B_SPLINE_CURVE_WITH_KNOTS('',2,(#5271,#5272,#5273),.UNSPECIFIED.,
 .F.,.F.,(3,3),(0.,1.),.PIECEWISE_BEZIER_KNOTS.);
#2532=B_SPLINE_CURVE_WITH_KNOTS('',2,(#5277,#5278,#5279),.UNSPECIFIED.,
 .F.,.F.,(3,3),(0.,1.),.PIECEWISE_BEZIER_KNOTS.);
#2533=B_SPLINE_CURVE_WITH_KNOTS('',2,(#5290,#5291,#5292),.UNSPECIFIED.,
 .F.,.F.,(3,3),(0.,1.),.PIECEWISE_BEZIER_KNOTS.);
#2534=B_SPLINE_CURVE_WITH_KNOTS('',2,(#5305,#5306,#5307),.UNSPECIFIED.,
 .F.,.F.,(3,3),(0.,1.),.PIECEWISE_BEZIER_KNOTS.);
#2535=B_SPLINE_CURVE_WITH_KNOTS('',2,(#5318,#5319,#5320),.UNSPECIFIED.,
 .F.,.F.,(3,3),(0.,1.),.PIECEWISE_BEZIER_KNOTS.);
#2536=B_SPLINE_CURVE_WITH_KNOTS('',2,(#5335,#5336,#5337),.UNSPECIFIED.,
 .F.,.F.,(3,3),(0.,1.),.PIECEWISE_BEZIER_KNOTS.);
#2537=B_SPLINE_CURVE_WITH_KNOTS('',2,(#5348,#5349,#5350),.UNSPECIFIED.,
 .F.,.F.,(3,3),(0.,1.),.PIECEWISE_BEZIER_KNOTS.);
#2538=B_SPLINE_CURVE_WITH_KNOTS('',2,(#5373,#5374,#5375),.UNSPECIFIED.,
 .F.,.F.,(3,3),(0.,1.),.PIECEWISE_BEZIER_KNOTS.);
#2539=B_SPLINE_CURVE_WITH_KNOTS('',2,(#5386,#5387,#5388),.UNSPECIFIED.,
 .F.,.F.,(3,3),(0.,1.),.PIECEWISE_BEZIER_KNOTS.);
#2540=B_SPLINE_CURVE_WITH_KNOTS('',2,(#5403,#5404,#5405),.UNSPECIFIED.,
 .F.,.F.,(3,3),(0.,1.),.PIECEWISE_BEZIER_KNOTS.);
#2541=B_SPLINE_CURVE_WITH_KNOTS('',2,(#5416,#5417,#5418),.UNSPECIFIED.,
 .F.,.F.,(3,3),(0.,1.),.PIECEWISE_BEZIER_KNOTS.);
#2542=B_SPLINE_CURVE_WITH_KNOTS('',2,(#5429,#5430,#5431),.UNSPECIFIED.,
 .F.,.F.,(3,3),(0.,1.),.PIECEWISE_BEZIER_KNOTS.);
#2543=B_SPLINE_CURVE_WITH_KNOTS('',2,(#5446,#5447,#5448),.UNSPECIFIED.,
 .F.,.F.,(3,3),(0.,1.),.PIECEWISE_BEZIER_KNOTS.);
#2544=B_SPLINE_CURVE_WITH_KNOTS('',2,(#5459,#5460,#5461),.UNSPECIFIED.,
 .F.,.F.,(3,3),(0.,1.),.PIECEWISE_BEZIER_KNOTS.);
#2545=B_SPLINE_CURVE_WITH_KNOTS('',2,(#5472,#5473,#5474),.UNSPECIFIED.,
 .F.,.F.,(3,3),(0.,1.),.PIECEWISE_BEZIER_KNOTS.);
#2546=B_SPLINE_CURVE_WITH_KNOTS('',2,(#5485,#5486,#5487),.UNSPECIFIED.,
 .F.,.F.,(3,3),(0.,1.),.PIECEWISE_BEZIER_KNOTS.);
#2547=B_SPLINE_CURVE_WITH_KNOTS('',2,(#5506,#5507,#5508),.UNSPECIFIED.,
 .F.,.F.,(3,3),(0.,1.),.PIECEWISE_BEZIER_KNOTS.);
#2548=B_SPLINE_CURVE_WITH_KNOTS('',2,(#5519,#5520,#5521),.UNSPECIFIED.,
 .F.,.F.,(3,3),(0.,1.),.PIECEWISE_BEZIER_KNOTS.);
#2549=B_SPLINE_CURVE_WITH_KNOTS('',2,(#5530,#5531,#5532),.UNSPECIFIED.,
 .F.,.F.,(3,3),(0.,1.),.PIECEWISE_BEZIER_KNOTS.);
#2550=B_SPLINE_CURVE_WITH_KNOTS('',2,(#5574,#5575,#5576),.UNSPECIFIED.,
 .F.,.F.,(3,3),(0.,1.),.PIECEWISE_BEZIER_KNOTS.);
#2551=B_SPLINE_CURVE_WITH_KNOTS('',2,(#5587,#5588,#5589),.UNSPECIFIED.,
 .F.,.F.,(3,3),(0.,1.),.PIECEWISE_BEZIER_KNOTS.);
#2552=B_SPLINE_CURVE_WITH_KNOTS('',2,(#5600,#5601,#5602),.UNSPECIFIED.,
 .F.,.F.,(3,3),(0.,1.),.PIECEWISE_BEZIER_KNOTS.);
#2553=B_SPLINE_CURVE_WITH_KNOTS('',2,(#5655,#5656,#5657),.UNSPECIFIED.,
 .F.,.F.,(3,3),(0.,1.),.PIECEWISE_BEZIER_KNOTS.);
#2554=B_SPLINE_CURVE_WITH_KNOTS('',2,(#5738,#5739,#5740),.UNSPECIFIED.,
 .F.,.F.,(3,3),(0.,1.),.PIECEWISE_BEZIER_KNOTS.);
#2555=B_SPLINE_CURVE_WITH_KNOTS('',2,(#5741,#5742,#5743),.UNSPECIFIED.,
 .F.,.F.,(3,3),(0.,1.),.PIECEWISE_BEZIER_KNOTS.);
#2556=EDGE_LOOP('',(#712,#713,#714,#715,#716,#717));
#2557=EDGE_LOOP('',(#718,#719,#720,#721,#722,#723,#724,#725,#726,#727,#728,
#729,#730,#731,#732,#733,#734));
#2558=EDGE_LOOP('',(#735,#736,#737,#738,#739,#740,#741,#742,#743,#744,#745,
#746,#747,#748,#749,#750,#751,#752,#753,#754,#755,#756,#757,#758,#759));
#2559=EDGE_LOOP('',(#760,#761,#762,#763,#764,#765,#766,#767,#768,#769,#770,
#771,#772,#773,#774,#775,#776,#777,#778,#779,#780,#781,#782,#783,#784,#785,
#786,#787,#788,#789,#790));
#2560=EDGE_LOOP('',(#791,#792,#793,#794));
#2561=EDGE_LOOP('',(#795,#796,#797,#798,#799,#800,#801,#802));
#2562=EDGE_LOOP('',(#803,#804,#805,#806,#807,#808,#809,#810,#811,#812));
#2563=EDGE_LOOP('',(#813,#814,#815,#816));
#2564=EDGE_LOOP('',(#817,#818,#819,#820));
#2565=EDGE_LOOP('',(#821,#822,#823,#824));
#2566=EDGE_LOOP('',(#825,#826,#827,#828));
#2567=EDGE_LOOP('',(#829,#830,#831,#832,#833,#834,#835));
#2568=EDGE_LOOP('',(#836,#837,#838,#839,#840,#841));
#2569=EDGE_LOOP('',(#842,#843,#844,#845,#846,#847,#848));
#2570=EDGE_LOOP('',(#849,#850,#851,#852,#853,#854));
#2571=EDGE_LOOP('',(#855,#856,#857,#858));
#2572=EDGE_LOOP('',(#859,#860,#861,#862,#863,#864,#865,#866));
#2573=EDGE_LOOP('',(#867));
#2574=EDGE_LOOP('',(#868,#869,#870,#871));
#2575=EDGE_LOOP('',(#872,#873,#874,#875));
#2576=EDGE_LOOP('',(#876,#877,#878,#879));
#2577=EDGE_LOOP('',(#880,#881,#882,#883));
#2578=EDGE_LOOP('',(#884,#885,#886,#887));
#2579=EDGE_LOOP('',(#888,#889,#890,#891));
#2580=EDGE_LOOP('',(#892,#893,#894,#895,#896,#897,#898,#899));
#2581=EDGE_LOOP('',(#900));
#2582=EDGE_LOOP('',(#901,#902,#903,#904));
#2583=EDGE_LOOP('',(#905,#906,#907,#908));
#2584=EDGE_LOOP('',(#909,#910,#911,#912));
#2585=EDGE_LOOP('',(#913,#914,#915,#916));
#2586=EDGE_LOOP('',(#917,#918,#919,#920));
#2587=EDGE_LOOP('',(#921,#922,#923,#924,#925,#926));
#2588=EDGE_LOOP('',(#927,#928,#929,#930,#931,#932));
#2589=EDGE_LOOP('',(#933,#934,#935,#936));
#2590=EDGE_LOOP('',(#937,#938,#939,#940));
#2591=EDGE_LOOP('',(#941,#942,#943,#944));
#2592=EDGE_LOOP('',(#945,#946,#947,#948));
#2593=EDGE_LOOP('',(#949,#950,#951,#952));
#2594=EDGE_LOOP('',(#953,#954,#955,#956));
#2595=EDGE_LOOP('',(#957,#958,#959,#960));
#2596=EDGE_LOOP('',(#961,#962,#963,#964));
#2597=EDGE_LOOP('',(#965,#966,#967,#968));
#2598=EDGE_LOOP('',(#969,#970,#971,#972));
#2599=EDGE_LOOP('',(#973,#974,#975,#976));
#2600=EDGE_LOOP('',(#977,#978,#979,#980));
#2601=EDGE_LOOP('',(#981,#982,#983,#984));
#2602=EDGE_LOOP('',(#985,#986,#987,#988));
#2603=EDGE_LOOP('',(#989,#990,#991,#992));
#2604=EDGE_LOOP('',(#993,#994,#995,#996));
#2605=EDGE_LOOP('',(#997,#998,#999,#1000));
#2606=EDGE_LOOP('',(#1001,#1002,#1003,#1004));
#2607=EDGE_LOOP('',(#1005,#1006,#1007,#1008));
#2608=EDGE_LOOP('',(#1009,#1010,#1011,#1012));
#2609=EDGE_LOOP('',(#1013,#1014,#1015,#1016));
#2610=EDGE_LOOP('',(#1017,#1018,#1019,#1020));
#2611=EDGE_LOOP('',(#1021));
#2612=EDGE_LOOP('',(#1022));
#2613=EDGE_LOOP('',(#1023,#1024,#1025,#1026,#1027,#1028));
#2614=EDGE_LOOP('',(#1029,#1030,#1031,#1032));
#2615=EDGE_LOOP('',(#1033,#1034,#1035,#1036,#1037,#1038));
#2616=EDGE_LOOP('',(#1039,#1040,#1041,#1042,#1043,#1044));
#2617=EDGE_LOOP('',(#1045,#1046,#1047,#1048,#1049,#1050));
#2618=EDGE_LOOP('',(#1051,#1052,#1053,#1054));
#2619=EDGE_LOOP('',(#1055,#1056,#1057,#1058,#1059));
#2620=EDGE_LOOP('',(#1060,#1061,#1062));
#2621=EDGE_LOOP('',(#1063,#1064,#1065,#1066,#1067,#1068));
#2622=EDGE_LOOP('',(#1069,#1070,#1071,#1072));
#2623=EDGE_LOOP('',(#1073,#1074,#1075,#1076,#1077));
#2624=EDGE_LOOP('',(#1078,#1079,#1080));
#2625=EDGE_LOOP('',(#1081,#1082,#1083,#1084));
#2626=EDGE_LOOP('',(#1085,#1086,#1087,#1088));
#2627=EDGE_LOOP('',(#1089,#1090,#1091,#1092));
#2628=EDGE_LOOP('',(#1093,#1094,#1095,#1096));
#2629=EDGE_LOOP('',(#1097,#1098,#1099,#1100));
#2630=EDGE_LOOP('',(#1101,#1102,#1103,#1104));
#2631=EDGE_LOOP('',(#1105,#1106,#1107,#1108));
#2632=EDGE_LOOP('',(#1109,#1110,#1111,#1112));
#2633=EDGE_LOOP('',(#1113,#1114,#1115,#1116));
#2634=EDGE_LOOP('',(#1117,#1118,#1119,#1120));
#2635=EDGE_LOOP('',(#1121,#1122,#1123,#1124));
#2636=EDGE_LOOP('',(#1125,#1126,#1127,#1128));
#2637=EDGE_LOOP('',(#1129,#1130,#1131,#1132));
#2638=EDGE_LOOP('',(#1133,#1134,#1135,#1136));
#2639=EDGE_LOOP('',(#1137,#1138,#1139,#1140));
#2640=EDGE_LOOP('',(#1141,#1142,#1143,#1144));
#2641=EDGE_LOOP('',(#1145,#1146,#1147,#1148));
#2642=EDGE_LOOP('',(#1149,#1150,#1151,#1152));
#2643=EDGE_LOOP('',(#1153,#1154,#1155,#1156));
#2644=EDGE_LOOP('',(#1157,#1158,#1159,#1160));
#2645=EDGE_LOOP('',(#1161,#1162,#1163,#1164));
#2646=EDGE_LOOP('',(#1165,#1166,#1167,#1168));
#2647=EDGE_LOOP('',(#1169,#1170,#1171,#1172));
#2648=EDGE_LOOP('',(#1173,#1174,#1175,#1176));
#2649=EDGE_LOOP('',(#1177,#1178,#1179,#1180));
#2650=EDGE_LOOP('',(#1181,#1182,#1183,#1184));
#2651=EDGE_LOOP('',(#1185,#1186,#1187,#1188));
#2652=EDGE_LOOP('',(#1189,#1190,#1191,#1192));
#2653=EDGE_LOOP('',(#1193,#1194,#1195,#1196));
#2654=EDGE_LOOP('',(#1197,#1198,#1199,#1200));
#2655=EDGE_LOOP('',(#1201,#1202,#1203,#1204));
#2656=EDGE_LOOP('',(#1205,#1206,#1207,#1208));
#2657=EDGE_LOOP('',(#1209,#1210,#1211,#1212));
#2658=EDGE_LOOP('',(#1213,#1214,#1215,#1216));
#2659=EDGE_LOOP('',(#1217,#1218,#1219,#1220,#1221,#1222,#1223,#1224,#1225,
#1226,#1227,#1228,#1229,#1230,#1231,#1232,#1233,#1234,#1235,#1236,#1237,
#1238,#1239,#1240,#1241,#1242,#1243,#1244,#1245,#1246,#1247));
#2660=EDGE_LOOP('',(#1248,#1249,#1250,#1251));
#2661=EDGE_LOOP('',(#1252,#1253,#1254,#1255));
#2662=EDGE_LOOP('',(#1256,#1257,#1258,#1259));
#2663=EDGE_LOOP('',(#1260,#1261,#1262,#1263));
#2664=EDGE_LOOP('',(#1264,#1265,#1266,#1267));
#2665=EDGE_LOOP('',(#1268,#1269,#1270,#1271));
#2666=EDGE_LOOP('',(#1272,#1273,#1274,#1275));
#2667=EDGE_LOOP('',(#1276,#1277,#1278,#1279));
#2668=EDGE_LOOP('',(#1280,#1281,#1282,#1283));
#2669=EDGE_LOOP('',(#1284,#1285,#1286,#1287));
#2670=EDGE_LOOP('',(#1288,#1289,#1290,#1291));
#2671=EDGE_LOOP('',(#1292,#1293,#1294,#1295));
#2672=EDGE_LOOP('',(#1296,#1297,#1298,#1299));
#2673=EDGE_LOOP('',(#1300,#1301,#1302,#1303));
#2674=EDGE_LOOP('',(#1304,#1305,#1306,#1307));
#2675=EDGE_LOOP('',(#1308,#1309,#1310,#1311));
#2676=EDGE_LOOP('',(#1312,#1313,#1314,#1315));
#2677=EDGE_LOOP('',(#1316,#1317,#1318,#1319));
#2678=EDGE_LOOP('',(#1320,#1321,#1322,#1323));
#2679=EDGE_LOOP('',(#1324,#1325,#1326,#1327));
#2680=EDGE_LOOP('',(#1328,#1329,#1330,#1331));
#2681=EDGE_LOOP('',(#1332,#1333,#1334,#1335));
#2682=EDGE_LOOP('',(#1336,#1337,#1338,#1339));
#2683=EDGE_LOOP('',(#1340,#1341,#1342,#1343));
#2684=EDGE_LOOP('',(#1344,#1345,#1346,#1347));
#2685=EDGE_LOOP('',(#1348,#1349,#1350,#1351));
#2686=EDGE_LOOP('',(#1352,#1353,#1354,#1355));
#2687=EDGE_LOOP('',(#1356,#1357,#1358,#1359));
#2688=EDGE_LOOP('',(#1360,#1361,#1362,#1363));
#2689=EDGE_LOOP('',(#1364,#1365,#1366,#1367));
#2690=EDGE_LOOP('',(#1368,#1369,#1370,#1371));
#2691=EDGE_LOOP('',(#1372,#1373,#1374,#1375));
#2692=EDGE_LOOP('',(#1376,#1377,#1378,#1379));
#2693=EDGE_LOOP('',(#1380,#1381,#1382,#1383));
#2694=EDGE_LOOP('',(#1384,#1385,#1386,#1387));
#2695=EDGE_LOOP('',(#1388,#1389,#1390,#1391,#1392,#1393,#1394,#1395,#1396,
#1397,#1398,#1399,#1400,#1401,#1402,#1403,#1404,#1405,#1406,#1407,#1408,
#1409,#1410,#1411,#1412));
#2696=EDGE_LOOP('',(#1413,#1414,#1415,#1416,#1417,#1418,#1419,#1420,#1421,
#1422));
#2697=EDGE_LOOP('',(#1423,#1424,#1425,#1426));
#2698=EDGE_LOOP('',(#1427,#1428,#1429,#1430));
#2699=EDGE_LOOP('',(#1431,#1432,#1433,#1434));
#2700=EDGE_LOOP('',(#1435,#1436,#1437,#1438));
#2701=EDGE_LOOP('',(#1439,#1440,#1441,#1442));
#2702=EDGE_LOOP('',(#1443,#1444,#1445,#1446));
#2703=EDGE_LOOP('',(#1447,#1448,#1449,#1450));
#2704=EDGE_LOOP('',(#1451,#1452,#1453,#1454));
#2705=EDGE_LOOP('',(#1455,#1456,#1457,#1458));
#2706=EDGE_LOOP('',(#1459,#1460,#1461,#1462));
#2707=EDGE_LOOP('',(#1463,#1464,#1465,#1466));
#2708=EDGE_LOOP('',(#1467,#1468,#1469,#1470));
#2709=EDGE_LOOP('',(#1471,#1472,#1473,#1474));
#2710=EDGE_LOOP('',(#1475,#1476,#1477,#1478));
#2711=EDGE_LOOP('',(#1479,#1480,#1481,#1482));
#2712=EDGE_LOOP('',(#1483,#1484,#1485,#1486));
#2713=EDGE_LOOP('',(#1487,#1488,#1489,#1490));
#2714=EDGE_LOOP('',(#1491,#1492,#1493,#1494));
#2715=EDGE_LOOP('',(#1495,#1496,#1497,#1498));
#2716=EDGE_LOOP('',(#1499,#1500,#1501,#1502));
#2717=EDGE_LOOP('',(#1503,#1504,#1505,#1506));
#2718=EDGE_LOOP('',(#1507,#1508,#1509,#1510));
#2719=EDGE_LOOP('',(#1511,#1512,#1513,#1514,#1515,#1516,#1517,#1518,#1519,
#1520,#1521,#1522,#1523,#1524,#1525,#1526,#1527));
#2720=EDGE_LOOP('',(#1528,#1529,#1530,#1531));
#2721=EDGE_LOOP('',(#1532,#1533,#1534,#1535));
#2722=EDGE_LOOP('',(#1536,#1537,#1538,#1539));
#2723=EDGE_LOOP('',(#1540,#1541,#1542,#1543));
#2724=EDGE_LOOP('',(#1544,#1545,#1546,#1547));
#2725=EDGE_LOOP('',(#1548,#1549,#1550,#1551));
#2726=EDGE_LOOP('',(#1552,#1553,#1554,#1555));
#2727=EDGE_LOOP('',(#1556,#1557,#1558,#1559));
#2728=EDGE_LOOP('',(#1560,#1561,#1562,#1563));
#2729=EDGE_LOOP('',(#1564,#1565,#1566,#1567));
#2730=EDGE_LOOP('',(#1568,#1569,#1570,#1571));
#2731=EDGE_LOOP('',(#1572,#1573,#1574,#1575));
#2732=EDGE_LOOP('',(#1576,#1577,#1578,#1579));
#2733=EDGE_LOOP('',(#1580,#1581,#1582,#1583));
#2734=EDGE_LOOP('',(#1584,#1585,#1586,#1587));
#2735=EDGE_LOOP('',(#1588,#1589,#1590,#1591,#1592,#1593,#1594,#1595));
#2736=EDGE_LOOP('',(#1596,#1597,#1598,#1599,#1600,#1601,#1602));
#2737=EDGE_LOOP('',(#1603,#1604,#1605,#1606,#1607,#1608,#1609,#1610,#1611,
#1612));
#2738=EDGE_LOOP('',(#1613,#1614,#1615,#1616,#1617,#1618,#1619));
#2739=EDGE_LOOP('',(#1620,#1621,#1622,#1623,#1624));
#2740=EDGE_LOOP('',(#1625,#1626,#1627,#1628));
#2741=EDGE_LOOP('',(#1629,#1630,#1631));
#2742=EDGE_LOOP('',(#1632,#1633,#1634,#1635));
#2743=EDGE_LOOP('',(#1636,#1637,#1638,#1639));
#2744=EDGE_LOOP('',(#1640,#1641,#1642));
#2745=EDGE_LOOP('',(#1643,#1644,#1645,#1646,#1647));
#2746=FACE_BOUND('',#2556,.T.);
#2747=FACE_BOUND('',#2557,.T.);
#2748=FACE_BOUND('',#2558,.T.);
#2749=FACE_BOUND('',#2559,.T.);
#2750=FACE_BOUND('',#2560,.T.);
#2751=FACE_BOUND('',#2561,.T.);
#2752=FACE_BOUND('',#2562,.T.);
#2753=FACE_BOUND('',#2563,.T.);
#2754=FACE_BOUND('',#2564,.T.);
#2755=FACE_BOUND('',#2565,.T.);
#2756=FACE_BOUND('',#2566,.T.);
#2757=FACE_BOUND('',#2567,.T.);
#2758=FACE_BOUND('',#2568,.T.);
#2759=FACE_BOUND('',#2569,.T.);
#2760=FACE_BOUND('',#2570,.T.);
#2761=FACE_BOUND('',#2571,.T.);
#2762=FACE_BOUND('',#2572,.T.);
#2763=FACE_BOUND('',#2573,.T.);
#2764=FACE_BOUND('',#2574,.T.);
#2765=FACE_BOUND('',#2575,.T.);
#2766=FACE_BOUND('',#2576,.T.);
#2767=FACE_BOUND('',#2577,.T.);
#2768=FACE_BOUND('',#2578,.T.);
#2769=FACE_BOUND('',#2579,.T.);
#2770=FACE_BOUND('',#2580,.T.);
#2771=FACE_BOUND('',#2581,.T.);
#2772=FACE_BOUND('',#2582,.T.);
#2773=FACE_BOUND('',#2583,.T.);
#2774=FACE_BOUND('',#2584,.T.);
#2775=FACE_BOUND('',#2585,.T.);
#2776=FACE_BOUND('',#2586,.T.);
#2777=FACE_BOUND('',#2587,.T.);
#2778=FACE_BOUND('',#2588,.T.);
#2779=FACE_BOUND('',#2589,.T.);
#2780=FACE_BOUND('',#2590,.T.);
#2781=FACE_BOUND('',#2591,.T.);
#2782=FACE_BOUND('',#2592,.T.);
#2783=FACE_BOUND('',#2593,.T.);
#2784=FACE_BOUND('',#2594,.T.);
#2785=FACE_BOUND('',#2595,.T.);
#2786=FACE_BOUND('',#2596,.T.);
#2787=FACE_BOUND('',#2597,.T.);
#2788=FACE_BOUND('',#2598,.T.);
#2789=FACE_BOUND('',#2599,.T.);
#2790=FACE_BOUND('',#2600,.T.);
#2791=FACE_BOUND('',#2601,.T.);
#2792=FACE_BOUND('',#2602,.T.);
#2793=FACE_BOUND('',#2603,.T.);
#2794=FACE_BOUND('',#2604,.T.);
#2795=FACE_BOUND('',#2605,.T.);
#2796=FACE_BOUND('',#2606,.T.);
#2797=FACE_BOUND('',#2607,.T.);
#2798=FACE_BOUND('',#2608,.T.);
#2799=FACE_BOUND('',#2609,.T.);
#2800=FACE_BOUND('',#2610,.T.);
#2801=FACE_BOUND('',#2611,.T.);
#2802=FACE_BOUND('',#2612,.T.);
#2803=FACE_BOUND('',#2613,.T.);
#2804=FACE_BOUND('',#2614,.T.);
#2805=FACE_BOUND('',#2615,.T.);
#2806=FACE_BOUND('',#2616,.T.);
#2807=FACE_BOUND('',#2617,.T.);
#2808=FACE_BOUND('',#2618,.T.);
#2809=FACE_BOUND('',#2619,.T.);
#2810=FACE_BOUND('',#2620,.T.);
#2811=FACE_BOUND('',#2621,.T.);
#2812=FACE_BOUND('',#2622,.T.);
#2813=FACE_BOUND('',#2623,.T.);
#2814=FACE_BOUND('',#2624,.T.);
#2815=FACE_BOUND('',#2625,.T.);
#2816=FACE_BOUND('',#2626,.T.);
#2817=FACE_BOUND('',#2627,.T.);
#2818=FACE_BOUND('',#2628,.T.);
#2819=FACE_BOUND('',#2629,.T.);
#2820=FACE_BOUND('',#2630,.T.);
#2821=FACE_BOUND('',#2631,.T.);
#2822=FACE_BOUND('',#2632,.T.);
#2823=FACE_BOUND('',#2633,.T.);
#2824=FACE_BOUND('',#2634,.T.);
#2825=FACE_BOUND('',#2635,.T.);
#2826=FACE_BOUND('',#2636,.T.);
#2827=FACE_BOUND('',#2637,.T.);
#2828=FACE_BOUND('',#2638,.T.);
#2829=FACE_BOUND('',#2639,.T.);
#2830=FACE_BOUND('',#2640,.T.);
#2831=FACE_BOUND('',#2641,.T.);
#2832=FACE_BOUND('',#2642,.T.);
#2833=FACE_BOUND('',#2643,.T.);
#2834=FACE_BOUND('',#2644,.T.);
#2835=FACE_BOUND('',#2645,.T.);
#2836=FACE_BOUND('',#2646,.T.);
#2837=FACE_BOUND('',#2647,.T.);
#2838=FACE_BOUND('',#2648,.T.);
#2839=FACE_BOUND('',#2649,.T.);
#2840=FACE_BOUND('',#2650,.T.);
#2841=FACE_BOUND('',#2651,.T.);
#2842=FACE_BOUND('',#2652,.T.);
#2843=FACE_BOUND('',#2653,.T.);
#2844=FACE_BOUND('',#2654,.T.);
#2845=FACE_BOUND('',#2655,.T.);
#2846=FACE_BOUND('',#2656,.T.);
#2847=FACE_BOUND('',#2657,.T.);
#2848=FACE_BOUND('',#2658,.T.);
#2849=FACE_BOUND('',#2659,.T.);
#2850=FACE_BOUND('',#2660,.T.);
#2851=FACE_BOUND('',#2661,.T.);
#2852=FACE_BOUND('',#2662,.T.);
#2853=FACE_BOUND('',#2663,.T.);
#2854=FACE_BOUND('',#2664,.T.);
#2855=FACE_BOUND('',#2665,.T.);
#2856=FACE_BOUND('',#2666,.T.);
#2857=FACE_BOUND('',#2667,.T.);
#2858=FACE_BOUND('',#2668,.T.);
#2859=FACE_BOUND('',#2669,.T.);
#2860=FACE_BOUND('',#2670,.T.);
#2861=FACE_BOUND('',#2671,.T.);
#2862=FACE_BOUND('',#2672,.T.);
#2863=FACE_BOUND('',#2673,.T.);
#2864=FACE_BOUND('',#2674,.T.);
#2865=FACE_BOUND('',#2675,.T.);
#2866=FACE_BOUND('',#2676,.T.);
#2867=FACE_BOUND('',#2677,.T.);
#2868=FACE_BOUND('',#2678,.T.);
#2869=FACE_BOUND('',#2679,.T.);
#2870=FACE_BOUND('',#2680,.T.);
#2871=FACE_BOUND('',#2681,.T.);
#2872=FACE_BOUND('',#2682,.T.);
#2873=FACE_BOUND('',#2683,.T.);
#2874=FACE_BOUND('',#2684,.T.);
#2875=FACE_BOUND('',#2685,.T.);
#2876=FACE_BOUND('',#2686,.T.);
#2877=FACE_BOUND('',#2687,.T.);
#2878=FACE_BOUND('',#2688,.T.);
#2879=FACE_BOUND('',#2689,.T.);
#2880=FACE_BOUND('',#2690,.T.);
#2881=FACE_BOUND('',#2691,.T.);
#2882=FACE_BOUND('',#2692,.T.);
#2883=FACE_BOUND('',#2693,.T.);
#2884=FACE_BOUND('',#2694,.T.);
#2885=FACE_BOUND('',#2695,.T.);
#2886=FACE_BOUND('',#2696,.T.);
#2887=FACE_BOUND('',#2697,.T.);
#2888=FACE_BOUND('',#2698,.T.);
#2889=FACE_BOUND('',#2699,.T.);
#2890=FACE_BOUND('',#2700,.T.);
#2891=FACE_BOUND('',#2701,.T.);
#2892=FACE_BOUND('',#2702,.T.);
#2893=FACE_BOUND('',#2703,.T.);
#2894=FACE_BOUND('',#2704,.T.);
#2895=FACE_BOUND('',#2705,.T.);
#2896=FACE_BOUND('',#2706,.T.);
#2897=FACE_BOUND('',#2707,.T.);
#2898=FACE_BOUND('',#2708,.T.);
#2899=FACE_BOUND('',#2709,.T.);
#2900=FACE_BOUND('',#2710,.T.);
#2901=FACE_BOUND('',#2711,.T.);
#2902=FACE_BOUND('',#2712,.T.);
#2903=FACE_BOUND('',#2713,.T.);
#2904=FACE_BOUND('',#2714,.T.);
#2905=FACE_BOUND('',#2715,.T.);
#2906=FACE_BOUND('',#2716,.T.);
#2907=FACE_BOUND('',#2717,.T.);
#2908=FACE_BOUND('',#2718,.T.);
#2909=FACE_BOUND('',#2719,.T.);
#2910=FACE_BOUND('',#2720,.T.);
#2911=FACE_BOUND('',#2721,.T.);
#2912=FACE_BOUND('',#2722,.T.);
#2913=FACE_BOUND('',#2723,.T.);
#2914=FACE_BOUND('',#2724,.T.);
#2915=FACE_BOUND('',#2725,.T.);
#2916=FACE_BOUND('',#2726,.T.);
#2917=FACE_BOUND('',#2727,.T.);
#2918=FACE_BOUND('',#2728,.T.);
#2919=FACE_BOUND('',#2729,.T.);
#2920=FACE_BOUND('',#2730,.T.);
#2921=FACE_BOUND('',#2731,.T.);
#2922=FACE_BOUND('',#2732,.T.);
#2923=FACE_BOUND('',#2733,.T.);
#2924=FACE_BOUND('',#2734,.T.);
#2925=FACE_BOUND('',#2735,.T.);
#2926=FACE_BOUND('',#2736,.T.);
#2927=FACE_BOUND('',#2737,.T.);
#2928=FACE_BOUND('',#2738,.T.);
#2929=FACE_BOUND('',#2739,.T.);
#2930=FACE_BOUND('',#2740,.T.);
#2931=FACE_BOUND('',#2741,.T.);
#2932=FACE_BOUND('',#2742,.T.);
#2933=FACE_BOUND('',#2743,.T.);
#2934=FACE_BOUND('',#2744,.T.);
#2935=FACE_BOUND('',#2745,.T.);
#2936=PLANE('',#3197);
#2937=PLANE('',#3202);
#2938=PLANE('',#3205);
#2939=PLANE('',#3206);
#2940=PLANE('',#3207);
#2941=PLANE('',#3208);
#2942=PLANE('',#3209);
#2943=PLANE('',#3210);
#2944=PLANE('',#3221);
#2945=PLANE('',#3222);
#2946=PLANE('',#3223);
#2947=PLANE('',#3224);
#2948=PLANE('',#3225);
#2949=PLANE('',#3226);
#2950=PLANE('',#3244);
#2951=PLANE('',#3245);
#2952=PLANE('',#3246);
#2953=PLANE('',#3247);
#2954=PLANE('',#3248);
#2955=PLANE('',#3290);
#2956=PLANE('',#3291);
#2957=PLANE('',#3292);
#2958=PLANE('',#3293);
#2959=PLANE('',#3309);
#2960=PLANE('',#3310);
#2961=PLANE('',#3311);
#2962=PLANE('',#3312);
#2963=PLANE('',#3313);
#2964=PLANE('',#3314);
#2965=PLANE('',#3315);
#2966=PLANE('',#3318);
#2967=PLANE('',#3321);
#2968=PLANE('',#3322);
#2969=PLANE('',#3323);
#2970=PLANE('',#3324);
#2971=PLANE('',#3328);
#2972=PLANE('',#3329);
#2973=PLANE('',#3330);
#2974=PLANE('',#3331);
#2975=PLANE('',#3332);
#2976=PLANE('',#3333);
#2977=PLANE('',#3336);
#2978=PLANE('',#3337);
#2979=PLANE('',#3338);
#2980=PLANE('',#3339);
#2981=PLANE('',#3340);
#2982=PLANE('',#3341);
#2983=PLANE('',#3342);
#2984=PLANE('',#3343);
#2985=PLANE('',#3344);
#2986=PLANE('',#3345);
#2987=PLANE('',#3346);
#2988=PLANE('',#3347);
#2989=PLANE('',#3348);
#2990=PLANE('',#3349);
#2991=PLANE('',#3350);
#2992=PLANE('',#3354);
#2993=PLANE('',#3355);
#2994=PLANE('',#3356);
#2995=PLANE('',#3357);
#2996=PLANE('',#3358);
#2997=PLANE('',#3359);
#2998=PLANE('',#3360);
#2999=PLANE('',#3361);
#3000=PLANE('',#3362);
#3001=PLANE('',#3363);
#3002=PLANE('',#3364);
#3003=PLANE('',#3365);
#3004=PLANE('',#3366);
#3005=PLANE('',#3367);
#3006=ADVANCED_FACE('',(#2746,#2747,#2748,#2749,#2750,#2751),#2936,.F.);
#3007=ADVANCED_FACE('',(#2752),#2937,.T.);
#3008=ADVANCED_FACE('',(#2753),#2938,.T.);
#3009=ADVANCED_FACE('',(#2754),#2939,.F.);
#3010=ADVANCED_FACE('',(#2755),#2940,.T.);
#3011=ADVANCED_FACE('',(#2756),#2941,.F.);
#3012=ADVANCED_FACE('',(#2757),#66,.T.);
#3013=ADVANCED_FACE('',(#2758),#2942,.T.);
#3014=ADVANCED_FACE('',(#2759),#67,.T.);
#3015=ADVANCED_FACE('',(#2760,#2761,#2762),#2943,.F.);
#3016=ADVANCED_FACE('',(#2763,#2764),#33,.F.);
#3017=ADVANCED_FACE('',(#2765),#2944,.T.);
#3018=ADVANCED_FACE('',(#2766),#2945,.F.);
#3019=ADVANCED_FACE('',(#2767),#2946,.T.);
#3020=ADVANCED_FACE('',(#2768),#2947,.T.);
#3021=ADVANCED_FACE('',(#2769),#2948,.F.);
#3022=ADVANCED_FACE('',(#2770,#2771),#2949,.T.);
#3023=ADVANCED_FACE('',(#2772),#34,.T.);
#3024=ADVANCED_FACE('',(#2773),#35,.T.);
#3025=ADVANCED_FACE('',(#2774),#36,.T.);
#3026=ADVANCED_FACE('',(#2775),#37,.T.);
#3027=ADVANCED_FACE('',(#2776),#2950,.T.);
#3028=ADVANCED_FACE('',(#2777),#2951,.T.);
#3029=ADVANCED_FACE('',(#2778),#2952,.F.);
#3030=ADVANCED_FACE('',(#2779),#2953,.F.);
#3031=ADVANCED_FACE('',(#2780),#2954,.T.);
#3032=ADVANCED_FACE('',(#2781),#38,.T.);
#3033=ADVANCED_FACE('',(#2782),#39,.T.);
#3034=ADVANCED_FACE('',(#2783),#40,.T.);
#3035=ADVANCED_FACE('',(#2784),#41,.T.);
#3036=ADVANCED_FACE('',(#2785),#42,.T.);
#3037=ADVANCED_FACE('',(#2786),#20,.T.);
#3038=ADVANCED_FACE('',(#2787),#21,.T.);
#3039=ADVANCED_FACE('',(#2788),#43,.T.);
#3040=ADVANCED_FACE('',(#2789),#44,.T.);
#3041=ADVANCED_FACE('',(#2790),#22,.T.);
#3042=ADVANCED_FACE('',(#2791),#23,.T.);
#3043=ADVANCED_FACE('',(#2792),#45,.T.);
#3044=ADVANCED_FACE('',(#2793),#46,.T.);
#3045=ADVANCED_FACE('',(#2794),#24,.T.);
#3046=ADVANCED_FACE('',(#2795),#25,.T.);
#3047=ADVANCED_FACE('',(#2796),#47,.T.);
#3048=ADVANCED_FACE('',(#2797),#48,.T.);
#3049=ADVANCED_FACE('',(#2798),#26,.T.);
#3050=ADVANCED_FACE('',(#2799),#27,.T.);
#3051=ADVANCED_FACE('',(#2800),#49,.T.);
#3052=ADVANCED_FACE('',(#2801,#2802),#28,.T.);
#3053=ADVANCED_FACE('',(#2803),#2955,.F.);
#3054=ADVANCED_FACE('',(#2804),#2956,.F.);
#3055=ADVANCED_FACE('',(#2805),#2957,.T.);
#3056=ADVANCED_FACE('',(#2806),#2958,.T.);
#3057=ADVANCED_FACE('',(#2807),#16,.T.);
#3058=ADVANCED_FACE('',(#2808),#50,.T.);
#3059=ADVANCED_FACE('',(#2809),#51,.T.);
#3060=ADVANCED_FACE('',(#2810),#12,.T.);
#3061=ADVANCED_FACE('',(#2811),#17,.T.);
#3062=ADVANCED_FACE('',(#2812),#52,.T.);
#3063=ADVANCED_FACE('',(#2813),#53,.T.);
#3064=ADVANCED_FACE('',(#2814),#13,.T.);
#3065=ADVANCED_FACE('',(#2815),#54,.T.);
#3066=ADVANCED_FACE('',(#2816),#18,.T.);
#3067=ADVANCED_FACE('',(#2817),#19,.T.);
#3068=ADVANCED_FACE('',(#2818),#68,.T.);
#3069=ADVANCED_FACE('',(#2819),#69,.T.);
#3070=ADVANCED_FACE('',(#2820),#55,.F.);
#3071=ADVANCED_FACE('',(#2821),#70,.T.);
#3072=ADVANCED_FACE('',(#2822),#71,.T.);
#3073=ADVANCED_FACE('',(#2823),#72,.T.);
#3074=ADVANCED_FACE('',(#2824),#73,.T.);
#3075=ADVANCED_FACE('',(#2825),#74,.T.);
#3076=ADVANCED_FACE('',(#2826),#75,.T.);
#3077=ADVANCED_FACE('',(#2827),#76,.T.);
#3078=ADVANCED_FACE('',(#2828),#77,.T.);
#3079=ADVANCED_FACE('',(#2829),#78,.T.);
#3080=ADVANCED_FACE('',(#2830),#2959,.T.);
#3081=ADVANCED_FACE('',(#2831),#79,.T.);
#3082=ADVANCED_FACE('',(#2832),#80,.T.);
#3083=ADVANCED_FACE('',(#2833),#81,.T.);
#3084=ADVANCED_FACE('',(#2834),#82,.T.);
#3085=ADVANCED_FACE('',(#2835),#83,.T.);
#3086=ADVANCED_FACE('',(#2836),#84,.T.);
#3087=ADVANCED_FACE('',(#2837),#85,.T.);
#3088=ADVANCED_FACE('',(#2838),#2960,.T.);
#3089=ADVANCED_FACE('',(#2839),#86,.T.);
#3090=ADVANCED_FACE('',(#2840),#87,.T.);
#3091=ADVANCED_FACE('',(#2841),#88,.T.);
#3092=ADVANCED_FACE('',(#2842),#89,.T.);
#3093=ADVANCED_FACE('',(#2843),#90,.T.);
#3094=ADVANCED_FACE('',(#2844),#91,.T.);
#3095=ADVANCED_FACE('',(#2845),#2961,.T.);
#3096=ADVANCED_FACE('',(#2846),#92,.T.);
#3097=ADVANCED_FACE('',(#2847),#93,.T.);
#3098=ADVANCED_FACE('',(#2848),#94,.T.);
#3099=ADVANCED_FACE('',(#2849),#2962,.T.);
#3100=ADVANCED_FACE('',(#2850),#95,.T.);
#3101=ADVANCED_FACE('',(#2851),#96,.T.);
#3102=ADVANCED_FACE('',(#2852),#97,.T.);
#3103=ADVANCED_FACE('',(#2853),#98,.T.);
#3104=ADVANCED_FACE('',(#2854),#99,.T.);
#3105=ADVANCED_FACE('',(#2855),#100,.T.);
#3106=ADVANCED_FACE('',(#2856),#2963,.T.);
#3107=ADVANCED_FACE('',(#2857),#2964,.T.);
#3108=ADVANCED_FACE('',(#2858),#101,.T.);
#3109=ADVANCED_FACE('',(#2859),#102,.T.);
#3110=ADVANCED_FACE('',(#2860),#103,.T.);
#3111=ADVANCED_FACE('',(#2861),#104,.T.);
#3112=ADVANCED_FACE('',(#2862),#2965,.T.);
#3113=ADVANCED_FACE('',(#2863),#105,.T.);
#3114=ADVANCED_FACE('',(#2864),#106,.T.);
#3115=ADVANCED_FACE('',(#2865),#56,.F.);
#3116=ADVANCED_FACE('',(#2866),#2966,.T.);
#3117=ADVANCED_FACE('',(#2867),#57,.T.);
#3118=ADVANCED_FACE('',(#2868),#107,.T.);
#3119=ADVANCED_FACE('',(#2869),#108,.T.);
#3120=ADVANCED_FACE('',(#2870),#2967,.T.);
#3121=ADVANCED_FACE('',(#2871),#109,.T.);
#3122=ADVANCED_FACE('',(#2872),#110,.T.);
#3123=ADVANCED_FACE('',(#2873),#111,.T.);
#3124=ADVANCED_FACE('',(#2874),#2968,.T.);
#3125=ADVANCED_FACE('',(#2875),#112,.T.);
#3126=ADVANCED_FACE('',(#2876),#113,.T.);
#3127=ADVANCED_FACE('',(#2877),#114,.T.);
#3128=ADVANCED_FACE('',(#2878),#115,.T.);
#3129=ADVANCED_FACE('',(#2879),#2969,.T.);
#3130=ADVANCED_FACE('',(#2880),#2970,.T.);
#3131=ADVANCED_FACE('',(#2881),#116,.T.);
#3132=ADVANCED_FACE('',(#2882),#117,.T.);
#3133=ADVANCED_FACE('',(#2883),#118,.T.);
#3134=ADVANCED_FACE('',(#2884),#58,.T.);
#3135=ADVANCED_FACE('',(#2885,#2886),#2971,.T.);
#3136=ADVANCED_FACE('',(#2887),#2972,.T.);
#3137=ADVANCED_FACE('',(#2888),#2973,.T.);
#3138=ADVANCED_FACE('',(#2889),#2974,.T.);
#3139=ADVANCED_FACE('',(#2890),#2975,.T.);
#3140=ADVANCED_FACE('',(#2891),#2976,.T.);
#3141=ADVANCED_FACE('',(#2892),#59,.F.);
#3142=ADVANCED_FACE('',(#2893),#2977,.T.);
#3143=ADVANCED_FACE('',(#2894),#119,.T.);
#3144=ADVANCED_FACE('',(#2895),#120,.T.);
#3145=ADVANCED_FACE('',(#2896),#121,.T.);
#3146=ADVANCED_FACE('',(#2897),#2978,.T.);
#3147=ADVANCED_FACE('',(#2898),#2979,.T.);
#3148=ADVANCED_FACE('',(#2899),#2980,.T.);
#3149=ADVANCED_FACE('',(#2900),#2981,.T.);
#3150=ADVANCED_FACE('',(#2901),#2982,.T.);
#3151=ADVANCED_FACE('',(#2902),#2983,.T.);
#3152=ADVANCED_FACE('',(#2903),#2984,.T.);
#3153=ADVANCED_FACE('',(#2904),#2985,.T.);
#3154=ADVANCED_FACE('',(#2905),#2986,.T.);
#3155=ADVANCED_FACE('',(#2906),#2987,.T.);
#3156=ADVANCED_FACE('',(#2907),#2988,.T.);
#3157=ADVANCED_FACE('',(#2908),#122,.T.);
#3158=ADVANCED_FACE('',(#2909),#2989,.T.);
#3159=ADVANCED_FACE('',(#2910),#2990,.T.);
#3160=ADVANCED_FACE('',(#2911),#2991,.T.);
#3161=ADVANCED_FACE('',(#2912),#60,.F.);
#3162=ADVANCED_FACE('',(#2913),#2992,.T.);
#3163=ADVANCED_FACE('',(#2914),#2993,.T.);
#3164=ADVANCED_FACE('',(#2915),#2994,.T.);
#3165=ADVANCED_FACE('',(#2916),#2995,.T.);
#3166=ADVANCED_FACE('',(#2917),#2996,.T.);
#3167=ADVANCED_FACE('',(#2918),#2997,.T.);
#3168=ADVANCED_FACE('',(#2919),#2998,.T.);
#3169=ADVANCED_FACE('',(#2920),#2999,.T.);
#3170=ADVANCED_FACE('',(#2921),#3000,.T.);
#3171=ADVANCED_FACE('',(#2922),#3001,.T.);
#3172=ADVANCED_FACE('',(#2923),#3002,.T.);
#3173=ADVANCED_FACE('',(#2924),#123,.T.);
#3174=ADVANCED_FACE('',(#2925,#2926),#3003,.T.);
#3175=ADVANCED_FACE('',(#2927),#3004,.F.);
#3176=ADVANCED_FACE('',(#2928),#3005,.F.);
#3177=ADVANCED_FACE('',(#2929),#61,.T.);
#3178=ADVANCED_FACE('',(#2930),#62,.T.);
#3179=ADVANCED_FACE('',(#2931),#14,.T.);
#3180=ADVANCED_FACE('',(#2932),#63,.T.);
#3181=ADVANCED_FACE('',(#2933),#64,.T.);
#3182=ADVANCED_FACE('',(#2934),#15,.T.);
#3183=ADVANCED_FACE('',(#2935),#65,.T.);
#3184=CLOSED_SHELL('',(#3006,#3007,#3008,#3009,#3010,#3011,#3012,#3013,
#3014,#3015,#3016,#3017,#3018,#3019,#3020,#3021,#3022,#3023,#3024,#3025,
#3026,#3027,#3028,#3029,#3030,#3031,#3032,#3033,#3034,#3035,#3036,#3037,
#3038,#3039,#3040,#3041,#3042,#3043,#3044,#3045,#3046,#3047,#3048,#3049,
#3050,#3051,#3052,#3053,#3054,#3055,#3056,#3057,#3058,#3059,#3060,#3061,
#3062,#3063,#3064,#3065,#3066,#3067,#3068,#3069,#3070,#3071,#3072,#3073,
#3074,#3075,#3076,#3077,#3078,#3079,#3080,#3081,#3082,#3083,#3084,#3085,
#3086,#3087,#3088,#3089,#3090,#3091,#3092,#3093,#3094,#3095,#3096,#3097,
#3098,#3099,#3100,#3101,#3102,#3103,#3104,#3105,#3106,#3107,#3108,#3109,
#3110,#3111,#3112,#3113,#3114,#3115,#3116,#3117,#3118,#3119,#3120,#3121,
#3122,#3123,#3124,#3125,#3126,#3127,#3128,#3129,#3130,#3131,#3132,#3133,
#3134,#3135,#3136,#3137,#3138,#3139,#3140,#3141,#3142,#3143,#3144,#3145,
#3146,#3147,#3148,#3149,#3150,#3151,#3152,#3153,#3154,#3155,#3156,#3157,
#3158,#3159,#3160,#3161,#3162,#3163,#3164,#3165,#3166,#3167,#3168,#3169,
#3170,#3171,#3172,#3173,#3174,#3175,#3176,#3177,#3178,#3179,#3180,#3181,
#3182,#3183));
#3185=STYLED_ITEM('',(#3186),#3193);
#3186=PRESENTATION_STYLE_ASSIGNMENT((#3187));
#3187=SURFACE_STYLE_USAGE(.BOTH.,#3188);
#3188=SURFACE_SIDE_STYLE('',(#3189));
#3189=SURFACE_STYLE_FILL_AREA(#3190);
#3190=FILL_AREA_STYLE('',(#3191));
#3191=FILL_AREA_STYLE_COLOUR('',#3192);
#3192=COLOUR_RGB('',0.768627450980392,0.886274509803922,0.952941176470588);
#3193=MANIFOLD_SOLID_BREP('Phone Stand',#3184);
#3194=SHAPE_DEFINITION_REPRESENTATION(#5766,#3195);
#3195=SHAPE_REPRESENTATION('Phone Stand',(#3196),#5761);
#3196=AXIS2_PLACEMENT_3D('',#4013,#3381,#3382);
#3197=AXIS2_PLACEMENT_3D('',#4014,#3383,#3384);
#3198=AXIS2_PLACEMENT_3D('',#4033,#3389,#3390);
#3199=AXIS2_PLACEMENT_3D('',#4136,#3407,#3408);
#3200=AXIS2_PLACEMENT_3D('',#4140,#3410,#3411);
#3201=AXIS2_PLACEMENT_3D('',#4270,#3416,#3417);
#3202=AXIS2_PLACEMENT_3D('',#4299,#3430,#3431);
#3203=AXIS2_PLACEMENT_3D('',#4303,#3433,#3434);
#3204=AXIS2_PLACEMENT_3D('',#4345,#3438,#3439);
#3205=AXIS2_PLACEMENT_3D('',#4346,#3440,#3441);
#3206=AXIS2_PLACEMENT_3D('',#4352,#3445,#3446);
#3207=AXIS2_PLACEMENT_3D('',#4358,#3450,#3451);
#3208=AXIS2_PLACEMENT_3D('',#4364,#3455,#3456);
#3209=AXIS2_PLACEMENT_3D('',#4409,#3459,#3460);
#3210=AXIS2_PLACEMENT_3D('',#4458,#3465,#3466);
#3211=AXIS2_PLACEMENT_3D('',#4463,#3469,#3470);
#3212=AXIS2_PLACEMENT_3D('',#4467,#3472,#3473);
#3213=AXIS2_PLACEMENT_3D('',#4476,#3478,#3479);
#3214=AXIS2_PLACEMENT_3D('',#4481,#3481,#3482);
#3215=AXIS2_PLACEMENT_3D('',#4485,#3484,#3485);
#3216=AXIS2_PLACEMENT_3D('',#4489,#3487,#3488);
#3217=AXIS2_PLACEMENT_3D('',#4492,#3490,#3491);
#3218=AXIS2_PLACEMENT_3D('',#4493,#3492,#3493);
#3219=AXIS2_PLACEMENT_3D('',#4498,#3495,#3496);
#3220=AXIS2_PLACEMENT_3D('',#4502,#3498,#3499);
#3221=AXIS2_PLACEMENT_3D('',#4503,#3500,#3501);
#3222=AXIS2_PLACEMENT_3D('',#4509,#3505,#3506);
#3223=AXIS2_PLACEMENT_3D('',#4518,#3511,#3512);
#3224=AXIS2_PLACEMENT_3D('',#4527,#3517,#3518);
#3225=AXIS2_PLACEMENT_3D('',#4536,#3523,#3524);
#3226=AXIS2_PLACEMENT_3D('',#4545,#3529,#3530);
#3227=AXIS2_PLACEMENT_3D('',#4546,#3531,#3532);
#3228=AXIS2_PLACEMENT_3D('',#4551,#3534,#3535);
#3229=AXIS2_PLACEMENT_3D('',#4555,#3537,#3538);
#3230=AXIS2_PLACEMENT_3D('',#4559,#3540,#3541);
#3231=AXIS2_PLACEMENT_3D('',#4562,#3543,#3544);
#3232=AXIS2_PLACEMENT_3D('',#4564,#3545,#3546);
#3233=AXIS2_PLACEMENT_3D('',#4565,#3547,#3548);
#3234=AXIS2_PLACEMENT_3D('',#4566,#3549,#3550);
#3235=AXIS2_PLACEMENT_3D('',#4567,#3551,#3552);
#3236=AXIS2_PLACEMENT_3D('',#4568,#3553,#3554);
#3237=AXIS2_PLACEMENT_3D('',#4569,#3555,#3556);
#3238=AXIS2_PLACEMENT_3D('',#4570,#3557,#3558);
#3239=AXIS2_PLACEMENT_3D('',#4571,#3559,#3560);
#3240=AXIS2_PLACEMENT_3D('',#4572,#3561,#3562);
#3241=AXIS2_PLACEMENT_3D('',#4573,#3563,#3564);
#3242=AXIS2_PLACEMENT_3D('',#4574,#3565,#3566);
#3243=AXIS2_PLACEMENT_3D('',#4575,#3567,#3568);
#3244=AXIS2_PLACEMENT_3D('',#4576,#3569,#3570);
#3245=AXIS2_PLACEMENT_3D('',#4582,#3574,#3575);
#3246=AXIS2_PLACEMENT_3D('',#4588,#3579,#3580);
#3247=AXIS2_PLACEMENT_3D('',#4594,#3584,#3585);
#3248=AXIS2_PLACEMENT_3D('',#4596,#3587,#3588);
#3249=AXIS2_PLACEMENT_3D('',#4598,#3590,#3591);
#3250=AXIS2_PLACEMENT_3D('',#4599,#3592,#3593);
#3251=AXIS2_PLACEMENT_3D('',#4600,#3594,#3595);
#3252=AXIS2_PLACEMENT_3D('',#4601,#3596,#3597);
#3253=AXIS2_PLACEMENT_3D('',#4602,#3598,#3599);
#3254=AXIS2_PLACEMENT_3D('',#4603,#3600,#3601);
#3255=AXIS2_PLACEMENT_3D('',#4604,#3602,#3603);
#3256=AXIS2_PLACEMENT_3D('',#4605,#3604,#3605);
#3257=AXIS2_PLACEMENT_3D('',#4606,#3606,#3607);
#3258=AXIS2_PLACEMENT_3D('',#4607,#3608,#3609);
#3259=AXIS2_PLACEMENT_3D('',#4608,#3610,#3611);
#3260=AXIS2_PLACEMENT_3D('',#4609,#3612,#3613);
#3261=AXIS2_PLACEMENT_3D('',#4610,#3614,#3615);
#3262=AXIS2_PLACEMENT_3D('',#4611,#3616,#3617);
#3263=AXIS2_PLACEMENT_3D('',#4612,#3618,#3619);
#3264=AXIS2_PLACEMENT_3D('',#4613,#3620,#3621);
#3265=AXIS2_PLACEMENT_3D('',#4614,#3622,#3623);
#3266=AXIS2_PLACEMENT_3D('',#4615,#3624,#3625);
#3267=AXIS2_PLACEMENT_3D('',#4616,#3626,#3627);
#3268=AXIS2_PLACEMENT_3D('',#4617,#3628,#3629);
#3269=AXIS2_PLACEMENT_3D('',#4618,#3630,#3631);
#3270=AXIS2_PLACEMENT_3D('',#4619,#3632,#3633);
#3271=AXIS2_PLACEMENT_3D('',#4620,#3634,#3635);
#3272=AXIS2_PLACEMENT_3D('',#4621,#3636,#3637);
#3273=AXIS2_PLACEMENT_3D('',#4622,#3638,#3639);
#3274=AXIS2_PLACEMENT_3D('',#4623,#3640,#3641);
#3275=AXIS2_PLACEMENT_3D('',#4624,#3642,#3643);
#3276=AXIS2_PLACEMENT_3D('',#4625,#3644,#3645);
#3277=AXIS2_PLACEMENT_3D('',#4626,#3646,#3647);
#3278=AXIS2_PLACEMENT_3D('',#4627,#3648,#3649);
#3279=AXIS2_PLACEMENT_3D('',#4628,#3650,#3651);
#3280=AXIS2_PLACEMENT_3D('',#4629,#3652,#3653);
#3281=AXIS2_PLACEMENT_3D('',#4630,#3654,#3655);
#3282=AXIS2_PLACEMENT_3D('',#4631,#3656,#3657);
#3283=AXIS2_PLACEMENT_3D('',#4632,#3658,#3659);
#3284=AXIS2_PLACEMENT_3D('',#4633,#3660,#3661);
#3285=AXIS2_PLACEMENT_3D('',#4634,#3662,#3663);
#3286=AXIS2_PLACEMENT_3D('',#4635,#3664,#3665);
#3287=AXIS2_PLACEMENT_3D('',#4636,#3666,#3667);
#3288=AXIS2_PLACEMENT_3D('',#4637,#3668,#3669);
#3289=AXIS2_PLACEMENT_3D('',#4638,#3670,#3671);
#3290=AXIS2_PLACEMENT_3D('',#4639,#3672,#3673);
#3291=AXIS2_PLACEMENT_3D('',#4649,#3676,#3677);
#3292=AXIS2_PLACEMENT_3D('',#4655,#3681,#3682);
#3293=AXIS2_PLACEMENT_3D('',#4665,#3685,#3686);
#3294=AXIS2_PLACEMENT_3D('',#4709,#3690,#3691);
#3295=AXIS2_PLACEMENT_3D('',#4710,#3692,#3693);
#3296=AXIS2_PLACEMENT_3D('',#4711,#3694,#3695);
#3297=AXIS2_PLACEMENT_3D('',#4712,#3696,#3697);
#3298=AXIS2_PLACEMENT_3D('',#4713,#3698,#3699);
#3299=AXIS2_PLACEMENT_3D('',#4714,#3700,#3701);
#3300=AXIS2_PLACEMENT_3D('',#4741,#3702,#3703);
#3301=AXIS2_PLACEMENT_3D('',#4742,#3704,#3705);
#3302=AXIS2_PLACEMENT_3D('',#4743,#3706,#3707);
#3303=AXIS2_PLACEMENT_3D('',#4744,#3708,#3709);
#3304=AXIS2_PLACEMENT_3D('',#4745,#3710,#3711);
#3305=AXIS2_PLACEMENT_3D('',#4746,#3712,#3713);
#3306=AXIS2_PLACEMENT_3D('',#4747,#3714,#3715);
#3307=AXIS2_PLACEMENT_3D('',#4806,#3719,#3720);
#3308=AXIS2_PLACEMENT_3D('',#4809,#3722,#3723);
#3309=AXIS2_PLACEMENT_3D('',#4927,#3733,#3734);
#3310=AXIS2_PLACEMENT_3D('',#5022,#3744,#3745);
#3311=AXIS2_PLACEMENT_3D('',#5104,#3754,#3755);
#3312=AXIS2_PLACEMENT_3D('',#5145,#3760,#3761);
#3313=AXIS2_PLACEMENT_3D('',#5251,#3769,#3770);
#3314=AXIS2_PLACEMENT_3D('',#5257,#3774,#3775);
#3315=AXIS2_PLACEMENT_3D('',#5321,#3784,#3785);
#3316=AXIS2_PLACEMENT_3D('',#5351,#3790,#3791);
#3317=AXIS2_PLACEMENT_3D('',#5354,#3793,#3794);
#3318=AXIS2_PLACEMENT_3D('',#5355,#3795,#3796);
#3319=AXIS2_PLACEMENT_3D('',#5359,#3799,#3800);
#3320=AXIS2_PLACEMENT_3D('',#5362,#3802,#3803);
#3321=AXIS2_PLACEMENT_3D('',#5389,#3806,#3807);
#3322=AXIS2_PLACEMENT_3D('',#5432,#3813,#3814);
#3323=AXIS2_PLACEMENT_3D('',#5488,#3821,#3822);
#3324=AXIS2_PLACEMENT_3D('',#5492,#3825,#3826);
#3325=AXIS2_PLACEMENT_3D('',#5533,#3831,#3832);
#3326=AXIS2_PLACEMENT_3D('',#5534,#3833,#3834);
#3327=AXIS2_PLACEMENT_3D('',#5535,#3835,#3836);
#3328=AXIS2_PLACEMENT_3D('',#5536,#3837,#3838);
#3329=AXIS2_PLACEMENT_3D('',#5537,#3839,#3840);
#3330=AXIS2_PLACEMENT_3D('',#5543,#3844,#3845);
#3331=AXIS2_PLACEMENT_3D('',#5547,#3848,#3849);
#3332=AXIS2_PLACEMENT_3D('',#5551,#3852,#3853);
#3333=AXIS2_PLACEMENT_3D('',#5553,#3855,#3856);
#3334=AXIS2_PLACEMENT_3D('',#5554,#3857,#3858);
#3335=AXIS2_PLACEMENT_3D('',#5557,#3860,#3861);
#3336=AXIS2_PLACEMENT_3D('',#5560,#3863,#3864);
#3337=AXIS2_PLACEMENT_3D('',#5603,#3870,#3871);
#3338=AXIS2_PLACEMENT_3D('',#5607,#3874,#3875);
#3339=AXIS2_PLACEMENT_3D('',#5611,#3878,#3879);
#3340=AXIS2_PLACEMENT_3D('',#5615,#3882,#3883);
#3341=AXIS2_PLACEMENT_3D('',#5619,#3886,#3887);
#3342=AXIS2_PLACEMENT_3D('',#5623,#3890,#3891);
#3343=AXIS2_PLACEMENT_3D('',#5627,#3894,#3895);
#3344=AXIS2_PLACEMENT_3D('',#5631,#3898,#3899);
#3345=AXIS2_PLACEMENT_3D('',#5635,#3902,#3903);
#3346=AXIS2_PLACEMENT_3D('',#5639,#3906,#3907);
#3347=AXIS2_PLACEMENT_3D('',#5643,#3910,#3911);
#3348=AXIS2_PLACEMENT_3D('',#5658,#3914,#3915);
#3349=AXIS2_PLACEMENT_3D('',#5659,#3916,#3917);
#3350=AXIS2_PLACEMENT_3D('',#5668,#3922,#3923);
#3351=AXIS2_PLACEMENT_3D('',#5674,#3927,#3928);
#3352=AXIS2_PLACEMENT_3D('',#5675,#3929,#3930);
#3353=AXIS2_PLACEMENT_3D('',#5679,#3932,#3933);
#3354=AXIS2_PLACEMENT_3D('',#5680,#3934,#3935);
#3355=AXIS2_PLACEMENT_3D('',#5686,#3939,#3940);
#3356=AXIS2_PLACEMENT_3D('',#5692,#3944,#3945);
#3357=AXIS2_PLACEMENT_3D('',#5698,#3949,#3950);
#3358=AXIS2_PLACEMENT_3D('',#5704,#3954,#3955);
#3359=AXIS2_PLACEMENT_3D('',#5708,#3958,#3959);
#3360=AXIS2_PLACEMENT_3D('',#5712,#3962,#3963);
#3361=AXIS2_PLACEMENT_3D('',#5716,#3966,#3967);
#3362=AXIS2_PLACEMENT_3D('',#5720,#3970,#3971);
#3363=AXIS2_PLACEMENT_3D('',#5724,#3974,#3975);
#3364=AXIS2_PLACEMENT_3D('',#5728,#3978,#3979);
#3365=AXIS2_PLACEMENT_3D('',#5744,#3981,#3982);
#3366=AXIS2_PLACEMENT_3D('',#5745,#3983,#3984);
#3367=AXIS2_PLACEMENT_3D('',#5746,#3985,#3986);
#3368=AXIS2_PLACEMENT_3D('',#5747,#3987,#3988);
#3369=AXIS2_PLACEMENT_3D('',#5748,#3989,#3990);
#3370=AXIS2_PLACEMENT_3D('',#5749,#3991,#3992);
#3371=AXIS2_PLACEMENT_3D('',#5750,#3993,#3994);
#3372=AXIS2_PLACEMENT_3D('',#5751,#3995,#3996);
#3373=AXIS2_PLACEMENT_3D('',#5752,#3997,#3998);
#3374=AXIS2_PLACEMENT_3D('',#5753,#3999,#4000);
#3375=AXIS2_PLACEMENT_3D('',#5754,#4001,#4002);
#3376=AXIS2_PLACEMENT_3D('',#5755,#4003,#4004);
#3377=AXIS2_PLACEMENT_3D('',#5756,#4005,#4006);
#3378=AXIS2_PLACEMENT_3D('',#5757,#4007,#4008);
#3379=AXIS2_PLACEMENT_3D('',#5758,#4009,#4010);
#3380=AXIS2_PLACEMENT_3D('',#5759,#4011,#4012);
#3381=DIRECTION('',(0.,0.,1.));
#3382=DIRECTION('',(1.,0.,0.));
#3383=DIRECTION('',(9.10615997888087E-17,-1.,0.));
#3384=DIRECTION('',(1.,9.10615997888088E-17,0.));
#3385=DIRECTION('',(0.,0.,-1.));
#3386=DIRECTION('',(-1.,-9.10615997888088E-17,0.));
#3387=DIRECTION('',(0.,0.,-1.));
#3388=DIRECTION('',(-1.,-9.10615997888088E-17,0.));
#3389=DIRECTION('',(-9.10615997888088E-17,1.,0.));
#3390=DIRECTION('',(-1.,-9.10615997888088E-17,0.));
#3391=DIRECTION('',(0.,0.,1.));
#3392=DIRECTION('',(1.,9.10615997888088E-17,0.));
#3393=DIRECTION('',(0.,0.,1.));
#3394=DIRECTION('',(-1.,-9.10615997888088E-17,0.));
#3395=DIRECTION('',(-0.214197114653879,-1.95051319305291E-17,0.976790456584191));
#3396=DIRECTION('',(-1.,-9.10615997888088E-17,0.));
#3397=DIRECTION('',(0.,0.,-1.));
#3398=DIRECTION('',(-1.,-9.10615997888088E-17,0.));
#3399=DIRECTION('',(0.,0.,-1.));
#3400=DIRECTION('',(1.,9.10615997888088E-17,0.));
#3401=DIRECTION('',(0.,0.,-1.));
#3402=DIRECTION('',(0.,0.,-1.));
#3403=DIRECTION('',(-0.99985373708167,-9.10482808534759E-17,0.0171027612921982));
#3404=DIRECTION('',(0.,0.,1.));
#3405=DIRECTION('',(0.995948647187251,9.06926771203709E-17,0.0899238131191321));
#3406=DIRECTION('',(0.,0.,-1.));
#3407=DIRECTION('',(-9.10615997888088E-17,1.,0.));
#3408=DIRECTION('',(-1.,-9.10615997888088E-17,0.));
#3409=DIRECTION('',(0.,0.,-1.));
#3410=DIRECTION('',(-9.10615997888088E-17,1.,0.));
#3411=DIRECTION('',(-1.,-9.10615997888088E-17,0.));
#3412=DIRECTION('',(1.,9.10615997888088E-17,0.));
#3413=DIRECTION('',(-0.981481537349811,-8.93752789542533E-17,0.191556758798669));
#3414=DIRECTION('',(0.96710561509773,8.80661844755392E-17,0.254375174194422));
#3415=DIRECTION('',(0.992576726402498,9.03856246193502E-17,-0.121620073195587));
#3416=DIRECTION('',(-9.10615997888088E-17,1.,0.));
#3417=DIRECTION('',(-1.,-9.10615997888088E-17,0.));
#3418=DIRECTION('',(0.,0.,1.));
#3419=DIRECTION('',(-1.,-9.10615997888088E-17,0.));
#3420=DIRECTION('',(0.,0.,-1.));
#3421=DIRECTION('',(1.,9.10615997888088E-17,0.));
#3422=DIRECTION('',(0.363772093116443,3.31256687577068E-17,0.931487983964196));
#3423=DIRECTION('',(1.,9.10615997888088E-17,0.));
#3424=DIRECTION('',(0.366278140145872,3.33538734093526E-17,-0.930505413230509));
#3425=DIRECTION('',(1.,9.10615997888088E-17,0.));
#3426=DIRECTION('',(-0.377690971919756,-3.4393144128803E-17,0.925931708999271));
#3427=DIRECTION('',(-1.,-9.10615997888088E-17,0.));
#3428=DIRECTION('',(-0.372625844377532,-3.39319055116737E-17,-0.927981670132515));
#3429=DIRECTION('',(1.,9.10615997888088E-17,0.));
#3430=DIRECTION('',(9.10615997888087E-17,-1.,0.));
#3431=DIRECTION('',(1.,9.10615997888088E-17,0.));
#3432=DIRECTION('',(-1.,-9.10615997888088E-17,0.));
#3433=DIRECTION('',(9.10615997888087E-17,-1.,0.));
#3434=DIRECTION('',(1.,9.10615997888088E-17,0.));
#3435=DIRECTION('',(0.,0.,-1.));
#3436=DIRECTION('',(-1.,-9.10615997888088E-17,0.));
#3437=DIRECTION('',(0.,0.,-1.));
#3438=DIRECTION('',(9.10615997888087E-17,-1.,0.));
#3439=DIRECTION('',(1.,9.10615997888088E-17,0.));
#3440=DIRECTION('',(1.,0.,0.));
#3441=DIRECTION('',(0.,0.,-1.));
#3442=DIRECTION('',(0.,0.,-1.));
#3443=DIRECTION('',(0.,-1.,0.));
#3444=DIRECTION('',(0.,-1.,0.));
#3445=DIRECTION('',(1.,0.,0.));
#3446=DIRECTION('',(0.,0.,-1.));
#3447=DIRECTION('',(0.,-1.,0.));
#3448=DIRECTION('',(0.,0.,-1.));
#3449=DIRECTION('',(0.,-1.,0.));
#3450=DIRECTION('',(0.,0.,1.));
#3451=DIRECTION('',(1.,0.,0.));
#3452=DIRECTION('',(-1.,-9.10615997888088E-17,0.));
#3453=DIRECTION('',(0.,-1.,0.));
#3454=DIRECTION('',(0.,-1.,0.));
#3455=DIRECTION('',(8.91844229373052E-17,-0.979385637240537,0.20199943952137));
#3456=DIRECTION('',(0.,-0.20199943952137,-0.979385637240537));
#3457=DIRECTION('',(-1.,-3.73738816934796E-17,6.59002371636663E-18));
#3458=DIRECTION('',(3.79504340610287E-17,-0.984807753012208,0.17364817766693));
#3459=DIRECTION('',(8.22424024248716E-17,-0.90315130214722,0.429322402664689));
#3460=DIRECTION('',(0.,-0.429322402664689,-0.90315130214722));
#3461=DIRECTION('',(-1.,-3.73738816934796E-17,6.59002371636663E-18));
#3462=DIRECTION('',(-1.2979596573932E-16,0.429322402664689,0.90315130214722));
#3463=DIRECTION('',(1.2979596573932E-16,-0.429322402664689,-0.90315130214722));
#3464=DIRECTION('',(3.79504340610287E-17,-0.984807753012208,0.17364817766693));
#3465=DIRECTION('',(3.79504340610287E-17,-0.984807753012208,0.17364817766693));
#3466=DIRECTION('',(1.,3.79504340610287E-17,-3.32023275622809E-18));
#3467=DIRECTION('',(1.24174908802921E-16,-0.17364817766693,-0.984807753012208));
#3468=DIRECTION('',(1.24174908802921E-16,-0.17364817766693,-0.984807753012208));
#3469=DIRECTION('',(3.79504340610287E-17,-0.984807753012208,0.17364817766693));
#3470=DIRECTION('',(0.,-0.17364817766693,-0.984807753012208));
#3471=DIRECTION('',(-1.,-3.73738816934796E-17,6.59002371636663E-18));
#3472=DIRECTION('',(3.79504340610287E-17,-0.984807753012208,0.17364817766693));
#3473=DIRECTION('',(0.,-0.17364817766693,-0.984807753012208));
#3474=DIRECTION('',(-2.31111593326469E-33,-0.17364817766693,-0.984807753012208));
#3475=DIRECTION('',(-1.,-3.73738816934796E-17,6.59002371636663E-18));
#3476=DIRECTION('',(-2.31111593326469E-33,-0.17364817766693,-0.984807753012208));
#3477=DIRECTION('',(-1.,-3.73738816934796E-17,6.59002371636663E-18));
#3478=DIRECTION('',(3.79504340610287E-17,-0.984807753012208,0.17364817766693));
#3479=DIRECTION('',(0.,-0.17364817766693,-0.984807753012208));
#3480=DIRECTION('',(-2.15227606736913E-16,-0.17364817766693,-0.984807753012208));
#3481=DIRECTION('',(3.79504340610287E-17,-0.984807753012208,0.17364817766693));
#3482=DIRECTION('',(0.,-0.17364817766693,-0.984807753012208));
#3483=DIRECTION('',(1.,3.79504340610287E-17,-3.32023275622811E-18));
#3484=DIRECTION('',(3.79504340610287E-17,-0.984807753012208,0.17364817766693));
#3485=DIRECTION('',(0.,-0.17364817766693,-0.984807753012208));
#3486=DIRECTION('',(-2.15227606736913E-16,-0.17364817766693,-0.984807753012208));
#3487=DIRECTION('',(3.79504340610287E-17,-0.984807753012208,0.17364817766693));
#3488=DIRECTION('',(0.,-0.17364817766693,-0.984807753012208));
#3489=DIRECTION('',(1.,3.79504340610287E-17,-3.32023275622811E-18));
#3490=DIRECTION('',(3.79504340610287E-17,-0.984807753012208,0.17364817766693));
#3491=DIRECTION('',(0.,-0.17364817766693,-0.984807753012208));
#3492=DIRECTION('',(3.79504340610287E-17,-0.984807753012208,0.17364817766693));
#3493=DIRECTION('',(0.,-0.17364817766693,-0.984807753012208));
#3494=DIRECTION('',(3.79504340610287E-17,-0.984807753012208,0.17364817766693));
#3495=DIRECTION('',(-3.79504340610287E-17,0.984807753012208,-0.17364817766693));
#3496=DIRECTION('',(0.,0.17364817766693,0.984807753012208));
#3497=DIRECTION('',(3.79504340610287E-17,-0.984807753012208,0.17364817766693));
#3498=DIRECTION('',(3.79504340610287E-17,-0.984807753012208,0.17364817766693));
#3499=DIRECTION('',(0.,-0.17364817766693,-0.984807753012208));
#3500=DIRECTION('',(3.79504340610287E-17,-0.984807753012208,0.17364817766693));
#3501=DIRECTION('',(1.,3.73738816934796E-17,-6.59002371636663E-18));
#3502=DIRECTION('',(1.54074395550979E-33,0.17364817766693,0.984807753012208));
#3503=DIRECTION('',(1.,3.73738816934796E-17,-6.59002371636663E-18));
#3504=DIRECTION('',(1.,3.73738816934796E-17,-6.59002371636663E-18));
#3505=DIRECTION('',(3.32023275622809E-18,-0.17364817766693,-0.984807753012208));
#3506=DIRECTION('',(-1.,-3.79504340610287E-17,3.32023275622809E-18));
#3507=DIRECTION('',(3.79504340610287E-17,-0.984807753012208,0.17364817766693));
#3508=DIRECTION('',(1.,3.79504340610287E-17,-3.32023275622811E-18));
#3509=DIRECTION('',(3.79504340610287E-17,-0.984807753012208,0.17364817766693));
#3510=DIRECTION('',(1.,3.79504340610287E-17,-3.32023275622811E-18));
#3511=DIRECTION('',(-1.,0.,2.18547839493141E-16));
#3512=DIRECTION('',(2.15227606736913E-16,0.17364817766693,0.984807753012208));
#3513=DIRECTION('',(3.79504340610287E-17,-0.984807753012208,0.17364817766693));
#3514=DIRECTION('',(-2.15227606736913E-16,-0.17364817766693,-0.984807753012208));
#3515=DIRECTION('',(3.79504340610287E-17,-0.984807753012208,0.17364817766693));
#3516=DIRECTION('',(-2.15227606736913E-16,-0.17364817766693,-0.984807753012208));
#3517=DIRECTION('',(3.32023275622809E-18,-0.17364817766693,-0.984807753012208));
#3518=DIRECTION('',(-1.,-3.79504340610287E-17,3.32023275622809E-18));
#3519=DIRECTION('',(3.79504340610287E-17,-0.984807753012208,0.17364817766693));
#3520=DIRECTION('',(1.,3.79504340610287E-17,-3.32023275622811E-18));
#3521=DIRECTION('',(3.79504340610287E-17,-0.984807753012208,0.17364817766693));
#3522=DIRECTION('',(1.,3.79504340610287E-17,-3.32023275622811E-18));
#3523=DIRECTION('',(-1.,0.,2.18547839493141E-16));
#3524=DIRECTION('',(2.15227606736913E-16,0.17364817766693,0.984807753012208));
#3525=DIRECTION('',(3.79504340610287E-17,-0.984807753012208,0.17364817766693));
#3526=DIRECTION('',(-2.15227606736913E-16,-0.17364817766693,-0.984807753012208));
#3527=DIRECTION('',(3.79504340610287E-17,-0.984807753012208,0.17364817766693));
#3528=DIRECTION('',(-2.15227606736913E-16,-0.17364817766693,-0.984807753012208));
#3529=DIRECTION('',(3.79504340610287E-17,-0.984807753012208,0.17364817766693));
#3530=DIRECTION('',(1.,3.79504340610287E-17,-3.32023275622809E-18));
#3531=DIRECTION('',(3.79504340610287E-17,-0.984807753012208,0.17364817766693));
#3532=DIRECTION('',(0.,-0.17364817766693,-0.984807753012208));
#3533=DIRECTION('',(1.,3.79504340610287E-17,-3.32023275622811E-18));
#3534=DIRECTION('',(3.79504340610287E-17,-0.984807753012208,0.17364817766693));
#3535=DIRECTION('',(0.,-0.17364817766693,-0.984807753012208));
#3536=DIRECTION('',(-2.15227606736913E-16,-0.17364817766693,-0.984807753012208));
#3537=DIRECTION('',(3.79504340610287E-17,-0.984807753012208,0.17364817766693));
#3538=DIRECTION('',(0.,-0.17364817766693,-0.984807753012208));
#3539=DIRECTION('',(1.,3.79504340610287E-17,-3.32023275622811E-18));
#3540=DIRECTION('',(3.79504340610287E-17,-0.984807753012208,0.17364817766693));
#3541=DIRECTION('',(0.,-0.17364817766693,-0.984807753012208));
#3542=DIRECTION('',(-2.15227606736913E-16,-0.17364817766693,-0.984807753012208));
#3543=DIRECTION('',(3.79504340610287E-17,-0.984807753012208,0.17364817766693));
#3544=DIRECTION('',(0.,-0.17364817766693,-0.984807753012208));
#3545=DIRECTION('',(3.79504340610287E-17,-0.984807753012208,0.17364817766693));
#3546=DIRECTION('',(0.,-0.17364817766693,-0.984807753012208));
#3547=DIRECTION('',(3.79504340610287E-17,-0.984807753012208,0.17364817766693));
#3548=DIRECTION('',(0.,-0.17364817766693,-0.984807753012208));
#3549=DIRECTION('',(3.79504340610287E-17,-0.984807753012208,0.17364817766693));
#3550=DIRECTION('',(0.,-0.17364817766693,-0.984807753012208));
#3551=DIRECTION('',(-3.79504340610287E-17,0.984807753012208,-0.17364817766693));
#3552=DIRECTION('',(0.,0.17364817766693,0.984807753012208));
#3553=DIRECTION('',(3.79504340610287E-17,-0.984807753012208,0.17364817766693));
#3554=DIRECTION('',(0.,-0.17364817766693,-0.984807753012208));
#3555=DIRECTION('',(3.79504340610287E-17,-0.984807753012208,0.17364817766693));
#3556=DIRECTION('',(0.,-0.17364817766693,-0.984807753012208));
#3557=DIRECTION('',(3.79504340610287E-17,-0.984807753012208,0.17364817766693));
#3558=DIRECTION('',(0.,-0.17364817766693,-0.984807753012208));
#3559=DIRECTION('',(3.79504340610287E-17,-0.984807753012208,0.17364817766693));
#3560=DIRECTION('',(0.,-0.17364817766693,-0.984807753012208));
#3561=DIRECTION('',(3.79504340610287E-17,-0.984807753012208,0.17364817766693));
#3562=DIRECTION('',(0.,-0.17364817766693,-0.984807753012208));
#3563=DIRECTION('',(-3.79504340610287E-17,0.984807753012208,-0.17364817766693));
#3564=DIRECTION('',(0.,0.17364817766693,0.984807753012208));
#3565=DIRECTION('',(3.79504340610287E-17,-0.984807753012208,0.17364817766693));
#3566=DIRECTION('',(0.,-0.17364817766693,-0.984807753012208));
#3567=DIRECTION('',(3.79504340610287E-17,-0.984807753012208,0.17364817766693));
#3568=DIRECTION('',(0.,-0.17364817766693,-0.984807753012208));
#3569=DIRECTION('',(-3.79504340610287E-17,0.984807753012208,-0.17364817766693));
#3570=DIRECTION('',(-1.,-3.73738816934796E-17,6.59002371636663E-18));
#3571=DIRECTION('',(-1.,-3.73738816934796E-17,6.59002371636663E-18));
#3572=DIRECTION('',(0.,-0.17364817766693,-0.984807753012208));
#3573=DIRECTION('',(-1.,-3.73738816934796E-17,6.59002371636663E-18));
#3574=DIRECTION('',(-1.31638912428043E-33,-0.17364817766693,-0.984807753012208));
#3575=DIRECTION('',(0.,0.984807753012208,-0.17364817766693));
#3576=DIRECTION('',(-3.79504340610287E-17,0.984807753012208,-0.17364817766693));
#3577=DIRECTION('',(-1.,-3.73738816934796E-17,6.59002371636663E-18));
#3578=DIRECTION('',(-3.79504340610287E-17,0.984807753012208,-0.17364817766693));
#3579=DIRECTION('',(-1.31638912428043E-33,-0.17364817766693,-0.984807753012208));
#3580=DIRECTION('',(0.,0.984807753012208,-0.17364817766693));
#3581=DIRECTION('',(-3.79504340610287E-17,0.984807753012208,-0.17364817766693));
#3582=DIRECTION('',(-1.,-3.73738816934796E-17,6.59002371636663E-18));
#3583=DIRECTION('',(-3.79504340610287E-17,0.984807753012208,-0.17364817766693));
#3584=DIRECTION('',(1.,3.73738816934796E-17,-6.59002371636663E-18));
#3585=DIRECTION('',(-3.73738816934796E-17,1.,0.));
#3586=DIRECTION('',(-1.54074395550979E-33,-0.17364817766693,-0.984807753012208));
#3587=DIRECTION('',(1.,3.73738816934796E-17,-6.59002371636663E-18));
#3588=DIRECTION('',(-3.73738816934796E-17,1.,0.));
#3589=DIRECTION('',(-1.54074395550979E-33,-0.17364817766693,-0.984807753012208));
#3590=DIRECTION('',(-1.54074395550979E-33,-0.17364817766693,-0.984807753012208));
#3591=DIRECTION('',(0.,0.984807753012208,-0.17364817766693));
#3592=DIRECTION('',(-0.707106781186548,-0.122787803968973,-0.696364240320019));
#3593=DIRECTION('',(0.707106781186548,-0.122787803968973,-0.696364240320019));
#3594=DIRECTION('',(0.707106781186548,-0.122787803968973,-0.696364240320019));
#3595=DIRECTION('',(-0.707106781186548,-0.122787803968973,-0.696364240320019));
#3596=DIRECTION('',(1.,3.73738816934796E-17,-6.59002371636663E-18));
#3597=DIRECTION('',(-3.73738816934796E-17,1.,0.));
#3598=DIRECTION('',(0.707106781186548,0.122787803968973,0.696364240320019));
#3599=DIRECTION('',(-0.707106781186548,0.122787803968973,0.696364240320019));
#3600=DIRECTION('',(-1.,-3.73738816934796E-17,6.59002371636663E-18));
#3601=DIRECTION('',(3.73738816934796E-17,-1.,0.));
#3602=DIRECTION('',(-0.707106781186548,0.122787803968973,0.696364240320019));
#3603=DIRECTION('',(0.707106781186548,0.122787803968973,0.696364240320019));
#3604=DIRECTION('',(1.54074395550979E-33,0.17364817766693,0.984807753012208));
#3605=DIRECTION('',(0.,-0.984807753012208,0.17364817766693));
#3606=DIRECTION('',(-2.15227606736913E-16,-0.17364817766693,-0.984807753012208));
#3607=DIRECTION('',(0.,0.984807753012208,-0.17364817766693));
#3608=DIRECTION('',(-3.70609707627235E-17,-0.173648177666931,-0.984807753012208));
#3609=DIRECTION('',(0.,0.984807753012208,-0.173648177666931));
#3610=DIRECTION('',(0.,0.173648177666928,0.984807753012208));
#3611=DIRECTION('',(0.,-0.984807753012209,0.173648177666928));
#3612=DIRECTION('',(3.79504340610287E-17,-0.984807753012208,0.17364817766693));
#3613=DIRECTION('',(0.,-0.17364817766693,-0.984807753012208));
#3614=DIRECTION('',(-1.,0.,0.));
#3615=DIRECTION('',(0.,0.,1.));
#3616=DIRECTION('',(3.79504340610287E-17,-0.984807753012208,0.17364817766693));
#3617=DIRECTION('',(0.,-0.17364817766693,-0.984807753012208));
#3618=DIRECTION('',(-1.,0.,0.));
#3619=DIRECTION('',(0.,0.,1.));
#3620=DIRECTION('',(1.,3.79504340610287E-17,-3.32023275622811E-18));
#3621=DIRECTION('',(-3.79504340610287E-17,1.,0.));
#3622=DIRECTION('',(-1.,0.,0.));
#3623=DIRECTION('',(0.,0.,1.));
#3624=DIRECTION('',(-1.,-3.79504340610287E-17,3.32023275622811E-18));
#3625=DIRECTION('',(3.79504340610287E-17,-1.,0.));
#3626=DIRECTION('',(-1.,0.,0.));
#3627=DIRECTION('',(0.,0.,1.));
#3628=DIRECTION('',(3.79504340610287E-17,-0.984807753012208,0.17364817766693));
#3629=DIRECTION('',(0.,-0.17364817766693,-0.984807753012208));
#3630=DIRECTION('',(0.,-0.173648177666928,-0.984807753012208));
#3631=DIRECTION('',(0.,0.984807753012209,-0.173648177666928));
#3632=DIRECTION('',(3.79504340610287E-17,-0.984807753012208,0.17364817766693));
#3633=DIRECTION('',(0.,-0.17364817766693,-0.984807753012208));
#3634=DIRECTION('',(-1.11182912288171E-16,0.173648177666931,0.984807753012208));
#3635=DIRECTION('',(0.,-0.984807753012208,0.173648177666931));
#3636=DIRECTION('',(2.15227606736913E-16,0.17364817766693,0.984807753012208));
#3637=DIRECTION('',(0.,-0.984807753012208,0.17364817766693));
#3638=DIRECTION('',(1.,3.79504340610287E-17,-3.32023275622811E-18));
#3639=DIRECTION('',(-3.79504340610287E-17,1.,0.));
#3640=DIRECTION('',(1.,0.,0.));
#3641=DIRECTION('',(0.,0.,-1.));
#3642=DIRECTION('',(-1.,0.,0.));
#3643=DIRECTION('',(0.,0.,1.));
#3644=DIRECTION('',(3.79504340610287E-17,-0.984807753012208,0.17364817766693));
#3645=DIRECTION('',(0.,-0.17364817766693,-0.984807753012208));
#3646=DIRECTION('',(0.,0.173648177666931,0.984807753012208));
#3647=DIRECTION('',(0.,-0.984807753012208,0.173648177666931));
#3648=DIRECTION('',(3.79504340610287E-17,-0.984807753012208,0.17364817766693));
#3649=DIRECTION('',(0.,-0.17364817766693,-0.984807753012208));
#3650=DIRECTION('',(1.48243883050895E-16,0.173648177666931,0.984807753012208));
#3651=DIRECTION('',(0.,-0.984807753012208,0.173648177666931));
#3652=DIRECTION('',(-2.15227606736913E-16,-0.17364817766693,-0.984807753012208));
#3653=DIRECTION('',(0.,0.984807753012208,-0.17364817766693));
#3654=DIRECTION('',(0.,0.173648177666932,0.984807753012208));
#3655=DIRECTION('',(0.,-0.984807753012208,0.173648177666932));
#3656=DIRECTION('',(2.15227606736913E-16,0.17364817766693,0.984807753012208));
#3657=DIRECTION('',(0.,-0.984807753012208,0.17364817766693));
#3658=DIRECTION('',(0.,0.173648177666931,0.984807753012208));
#3659=DIRECTION('',(0.,-0.984807753012208,0.173648177666931));
#3660=DIRECTION('',(3.79504340610287E-17,-0.984807753012208,0.17364817766693));
#3661=DIRECTION('',(0.,-0.17364817766693,-0.984807753012208));
#3662=DIRECTION('',(1.,0.,0.));
#3663=DIRECTION('',(0.,0.,-1.));
#3664=DIRECTION('',(3.79504340610287E-17,-0.984807753012208,0.17364817766693));
#3665=DIRECTION('',(0.,-0.17364817766693,-0.984807753012208));
#3666=DIRECTION('',(-1.,0.,0.));
#3667=DIRECTION('',(0.,0.,1.));
#3668=DIRECTION('',(-1.,-3.79504340610287E-17,3.32023275622811E-18));
#3669=DIRECTION('',(3.79504340610287E-17,-1.,0.));
#3670=DIRECTION('',(3.79504340610287E-17,-0.984807753012208,0.17364817766693));
#3671=DIRECTION('',(0.,-0.17364817766693,-0.984807753012208));
#3672=DIRECTION('',(-1.,-5.89366283190641E-17,-1.15698389202334E-16));
#3673=DIRECTION('',(-1.15698389202334E-16,0.,1.));
#3674=DIRECTION('',(3.79504340610287E-17,-0.984807753012208,0.17364817766693));
#3675=DIRECTION('',(1.24174908802921E-16,-0.17364817766693,-0.984807753012208));
#3676=DIRECTION('',(0.,0.17364817766693,0.984807753012208));
#3677=DIRECTION('',(0.,-0.984807753012208,0.17364817766693));
#3678=DIRECTION('',(3.79504340610287E-17,-0.984807753012208,0.17364817766693));
#3679=DIRECTION('',(-1.,-3.73738816934796E-17,6.59002371636663E-18));
#3680=DIRECTION('',(3.79504340610287E-17,-0.984807753012208,0.17364817766693));
#3681=DIRECTION('',(-1.,-5.89366283190641E-17,-1.15698389202334E-16));
#3682=DIRECTION('',(-1.15698389202334E-16,0.,1.));
#3683=DIRECTION('',(1.24174908802921E-16,-0.17364817766693,-0.984807753012208));
#3684=DIRECTION('',(3.79504340610287E-17,-0.984807753012208,0.17364817766693));
#3685=DIRECTION('',(-3.79504340610287E-17,0.984807753012208,-0.17364817766693));
#3686=DIRECTION('',(-1.,-3.73738816934796E-17,6.59002371636663E-18));
#3687=DIRECTION('',(-1.,-3.73738816934796E-17,6.59002371636663E-18));
#3688=DIRECTION('',(1.24174908802921E-16,-0.17364817766693,-0.984807753012208));
#3689=DIRECTION('',(1.24174908802921E-16,-0.17364817766693,-0.984807753012208));
#3690=DIRECTION('',(3.79504340610287E-17,-0.984807753012208,0.17364817766693));
#3691=DIRECTION('',(0.,-0.17364817766693,-0.984807753012208));
#3692=DIRECTION('',(0.,0.984807753012208,-0.173648177666932));
#3693=DIRECTION('',(0.,0.173648177666932,0.984807753012208));
#3694=DIRECTION('',(-1.24174908802921E-16,0.17364817766693,0.984807753012208));
#3695=DIRECTION('',(0.,-0.984807753012208,0.17364817766693));
#3696=DIRECTION('',(-5.92975532203573E-16,-0.17364817766693,-0.984807753012208));
#3697=DIRECTION('',(0.,0.984807753012208,-0.17364817766693));
#3698=DIRECTION('',(1.,-3.41480999208033E-15,0.));
#3699=DIRECTION('',(3.41480999208033E-15,1.,0.));
#3700=DIRECTION('',(1.,-8.40732838816063E-16,1.48243883050894E-16));
#3701=DIRECTION('',(8.40732838816063E-16,1.,0.));
#3702=DIRECTION('',(1.,3.73738816934796E-17,-6.59002371636663E-18));
#3703=DIRECTION('',(-3.73738816934796E-17,1.,0.));
#3704=DIRECTION('',(-1.,0.,0.));
#3705=DIRECTION('',(0.,0.,1.));
#3706=DIRECTION('',(1.24174908802921E-16,-0.17364817766693,-0.984807753012208));
#3707=DIRECTION('',(0.,0.984807753012208,-0.17364817766693));
#3708=DIRECTION('',(0.,-0.17364817766693,-0.984807753012208));
#3709=DIRECTION('',(0.,0.984807753012208,-0.17364817766693));
#3710=DIRECTION('',(0.,0.984807753012208,-0.17364817766693));
#3711=DIRECTION('',(0.,0.17364817766693,0.984807753012208));
#3712=DIRECTION('',(3.36293135526427E-15,0.984807753012208,-0.173648177666932));
#3713=DIRECTION('',(0.,0.173648177666932,0.984807753012208));
#3714=DIRECTION('',(-3.79504340610287E-17,0.984807753012208,-0.17364817766693));
#3715=DIRECTION('',(0.,0.17364817766693,0.984807753012208));
#3716=DIRECTION('',(-9.10615997888088E-17,1.,0.));
#3717=DIRECTION('',(-9.10615997888088E-17,1.,0.));
#3718=DIRECTION('',(-9.10615997888088E-17,1.,0.));
#3719=DIRECTION('',(-9.10615997888088E-17,1.,0.));
#3720=DIRECTION('',(-0.834541788310942,0.,0.550944646550608));
#3721=DIRECTION('',(-9.10615997888088E-17,1.,0.));
#3722=DIRECTION('',(-9.10615997888088E-17,1.,0.));
#3723=DIRECTION('',(-1.,-9.10615997888088E-17,0.));
#3724=DIRECTION('',(-9.10615997888088E-17,1.,0.));
#3725=DIRECTION('',(-9.10615997888088E-17,1.,0.));
#3726=DIRECTION('',(-9.10615997888088E-17,1.,0.));
#3727=DIRECTION('',(-9.10615997888088E-17,1.,0.));
#3728=DIRECTION('',(-9.10615997888088E-17,1.,0.));
#3729=DIRECTION('',(-9.10615997888088E-17,1.,0.));
#3730=DIRECTION('',(-9.10615997888088E-17,1.,0.));
#3731=DIRECTION('',(-9.10615997888088E-17,1.,0.));
#3732=DIRECTION('',(-9.10615997888088E-17,1.,0.));
#3733=DIRECTION('',(0.121620073195587,1.10749184316222E-17,0.992576726402498));
#3734=DIRECTION('',(0.992576726402498,0.,-0.121620073195587));
#3735=DIRECTION('',(-9.10615997888088E-17,1.,0.));
#3736=DIRECTION('',(0.992576726402498,9.03856246193502E-17,-0.121620073195587));
#3737=DIRECTION('',(-9.10615997888088E-17,1.,0.));
#3738=DIRECTION('',(-9.10615997888088E-17,1.,0.));
#3739=DIRECTION('',(-9.10615997888088E-17,1.,0.));
#3740=DIRECTION('',(-9.10615997888088E-17,1.,0.));
#3741=DIRECTION('',(-9.10615997888088E-17,1.,0.));
#3742=DIRECTION('',(-9.10615997888088E-17,1.,0.));
#3743=DIRECTION('',(-9.10615997888088E-17,1.,0.));
#3744=DIRECTION('',(-0.254375174194422,-2.31638103087009E-17,0.967105615097729));
#3745=DIRECTION('',(0.96710561509773,0.,0.254375174194422));
#3746=DIRECTION('',(-9.10615997888088E-17,1.,0.));
#3747=DIRECTION('',(0.96710561509773,8.80661844755392E-17,0.254375174194422));
#3748=DIRECTION('',(-9.10615997888088E-17,1.,0.));
#3749=DIRECTION('',(-9.10615997888088E-17,1.,0.));
#3750=DIRECTION('',(-9.10615997888088E-17,1.,0.));
#3751=DIRECTION('',(-9.10615997888088E-17,1.,0.));
#3752=DIRECTION('',(-9.10615997888088E-17,1.,0.));
#3753=DIRECTION('',(-9.10615997888088E-17,1.,0.));
#3754=DIRECTION('',(-0.191556758798669,-1.74434649065658E-17,-0.981481537349811));
#3755=DIRECTION('',(-0.981481537349811,0.,0.191556758798669));
#3756=DIRECTION('',(-9.10615997888088E-17,1.,0.));
#3757=DIRECTION('',(-0.981481537349811,-8.93752789542533E-17,0.191556758798669));
#3758=DIRECTION('',(-9.10615997888088E-17,1.,0.));
#3759=DIRECTION('',(-9.10615997888088E-17,1.,0.));
#3760=DIRECTION('',(-9.10615997888088E-17,1.,0.));
#3761=DIRECTION('',(-1.,-9.10615997888088E-17,0.));
#3762=DIRECTION('',(-9.10615997888088E-17,1.,0.));
#3763=DIRECTION('',(-9.10615997888088E-17,1.,0.));
#3764=DIRECTION('',(-9.10615997888088E-17,1.,0.));
#3765=DIRECTION('',(-9.10615997888088E-17,1.,0.));
#3766=DIRECTION('',(-9.10615997888088E-17,1.,0.));
#3767=DIRECTION('',(-9.10615997888088E-17,1.,0.));
#3768=DIRECTION('',(-9.10615997888088E-17,1.,0.));
#3769=DIRECTION('',(0.0210991981052723,1.92132673372711E-18,0.999777387141415));
#3770=DIRECTION('',(0.999777387141415,0.,-0.0210991981052723));
#3771=DIRECTION('',(0.999777387141415,9.10413283057724E-17,-0.0210991981052723));
#3772=DIRECTION('',(-9.10615997888088E-17,1.,0.));
#3773=DIRECTION('',(0.999777387141415,9.10413283057724E-17,-0.0210991981052723));
#3774=DIRECTION('',(-1.,-9.10615997888088E-17,0.));
#3775=DIRECTION('',(9.10615997888088E-17,-1.,0.));
#3776=DIRECTION('',(0.,0.,1.));
#3777=DIRECTION('',(-9.10615997888088E-17,1.,0.));
#3778=DIRECTION('',(0.,0.,1.));
#3779=DIRECTION('',(-9.10615997888088E-17,1.,0.));
#3780=DIRECTION('',(-9.10615997888088E-17,1.,0.));
#3781=DIRECTION('',(-9.10615997888088E-17,1.,0.));
#3782=DIRECTION('',(-9.10615997888088E-17,1.,0.));
#3783=DIRECTION('',(-9.10615997888088E-17,1.,0.));
#3784=DIRECTION('',(0.,0.,1.));
#3785=DIRECTION('',(1.,0.,0.));
#3786=DIRECTION('',(-9.10615997888088E-17,1.,0.));
#3787=DIRECTION('',(1.,9.10615997888088E-17,0.));
#3788=DIRECTION('',(-9.10615997888088E-17,1.,0.));
#3789=DIRECTION('',(-9.10615997888088E-17,1.,0.));
#3790=DIRECTION('',(-9.10615997888088E-17,1.,0.));
#3791=DIRECTION('',(-0.114817312516268,0.,-0.993386624002227));
#3792=DIRECTION('',(-9.10615997888088E-17,1.,0.));
#3793=DIRECTION('',(-9.10615997888088E-17,1.,0.));
#3794=DIRECTION('',(-1.,-9.10615997888088E-17,0.));
#3795=DIRECTION('',(1.,9.10615997888088E-17,0.));
#3796=DIRECTION('',(-9.10615997888088E-17,1.,0.));
#3797=DIRECTION('',(-9.10615997888088E-17,1.,0.));
#3798=DIRECTION('',(0.,0.,-1.));
#3799=DIRECTION('',(-9.10615997888088E-17,1.,0.));
#3800=DIRECTION('',(-0.114254258912659,0.,-0.993451541002539));
#3801=DIRECTION('',(-9.10615997888088E-17,1.,0.));
#3802=DIRECTION('',(-9.10615997888088E-17,1.,0.));
#3803=DIRECTION('',(-1.,-9.10615997888088E-17,0.));
#3804=DIRECTION('',(-9.10615997888088E-17,1.,0.));
#3805=DIRECTION('',(-9.10615997888088E-17,1.,0.));
#3806=DIRECTION('',(1.,9.10615997888088E-17,0.));
#3807=DIRECTION('',(-9.10615997888088E-17,1.,0.));
#3808=DIRECTION('',(-9.10615997888088E-17,1.,0.));
#3809=DIRECTION('',(0.,0.,-1.));
#3810=DIRECTION('',(-9.10615997888088E-17,1.,0.));
#3811=DIRECTION('',(-9.10615997888088E-17,1.,0.));
#3812=DIRECTION('',(-9.10615997888088E-17,1.,0.));
#3813=DIRECTION('',(-0.0899238131191321,-8.18860628173804E-18,0.995948647187251));
#3814=DIRECTION('',(0.995948647187251,0.,0.0899238131191321));
#3815=DIRECTION('',(-9.10615997888088E-17,1.,0.));
#3816=DIRECTION('',(0.995948647187251,9.06926771203709E-17,0.0899238131191321));
#3817=DIRECTION('',(-9.10615997888088E-17,1.,0.));
#3818=DIRECTION('',(-9.10615997888088E-17,1.,0.));
#3819=DIRECTION('',(-9.10615997888088E-17,1.,0.));
#3820=DIRECTION('',(-9.10615997888088E-17,1.,0.));
#3821=DIRECTION('',(-1.,-9.10615997888088E-17,0.));
#3822=DIRECTION('',(9.10615997888088E-17,-1.,0.));
#3823=DIRECTION('',(-9.10615997888088E-17,1.,0.));
#3824=DIRECTION('',(0.,0.,1.));
#3825=DIRECTION('',(-0.0171027612921982,-1.55740480407369E-18,-0.99985373708167));
#3826=DIRECTION('',(-0.99985373708167,0.,0.0171027612921982));
#3827=DIRECTION('',(-9.10615997888088E-17,1.,0.));
#3828=DIRECTION('',(-0.99985373708167,-9.10482808534759E-17,0.0171027612921982));
#3829=DIRECTION('',(-9.10615997888088E-17,1.,0.));
#3830=DIRECTION('',(-9.10615997888088E-17,1.,0.));
#3831=DIRECTION('',(-9.10615997888088E-17,1.,0.));
#3832=DIRECTION('',(-0.71233442356397,0.,-0.701840201901961));
#3833=DIRECTION('',(-9.10615997888088E-17,1.,0.));
#3834=DIRECTION('',(-1.,-9.10615997888088E-17,0.));
#3835=DIRECTION('',(-9.10615997888088E-17,1.,0.));
#3836=DIRECTION('',(-1.,-9.10615997888088E-17,0.));
#3837=DIRECTION('',(-9.10615997888088E-17,1.,0.));
#3838=DIRECTION('',(-1.,-9.10615997888088E-17,0.));
#3839=DIRECTION('',(-1.,-9.10615997888088E-17,0.));
#3840=DIRECTION('',(9.10615997888088E-17,-1.,0.));
#3841=DIRECTION('',(-9.10615997888088E-17,1.,0.));
#3842=DIRECTION('',(0.,0.,1.));
#3843=DIRECTION('',(-9.10615997888088E-17,1.,0.));
#3844=DIRECTION('',(0.,0.,1.));
#3845=DIRECTION('',(1.,0.,0.));
#3846=DIRECTION('',(-9.10615997888088E-17,1.,0.));
#3847=DIRECTION('',(1.,9.10615997888088E-17,0.));
#3848=DIRECTION('',(1.,9.10615997888088E-17,0.));
#3849=DIRECTION('',(-9.10615997888088E-17,1.,0.));
#3850=DIRECTION('',(-9.10615997888088E-17,1.,0.));
#3851=DIRECTION('',(0.,0.,-1.));
#3852=DIRECTION('',(0.,0.,-1.));
#3853=DIRECTION('',(-1.,0.,0.));
#3854=DIRECTION('',(-1.,-9.10615997888088E-17,0.));
#3855=DIRECTION('',(-9.10615997888088E-17,1.,0.));
#3856=DIRECTION('',(-1.,-9.10615997888088E-17,0.));
#3857=DIRECTION('',(-9.10615997888088E-17,1.,0.));
#3858=DIRECTION('',(-0.131062885266698,0.,-0.99137405660304));
#3859=DIRECTION('',(-9.10615997888088E-17,1.,0.));
#3860=DIRECTION('',(-9.10615997888088E-17,1.,0.));
#3861=DIRECTION('',(-1.,-9.10615997888088E-17,0.));
#3862=DIRECTION('',(-9.10615997888088E-17,1.,0.));
#3863=DIRECTION('',(1.,9.10615997888088E-17,0.));
#3864=DIRECTION('',(-9.10615997888088E-17,1.,0.));
#3865=DIRECTION('',(-9.10615997888088E-17,1.,0.));
#3866=DIRECTION('',(0.,0.,-1.));
#3867=DIRECTION('',(-9.10615997888088E-17,1.,0.));
#3868=DIRECTION('',(-9.10615997888088E-17,1.,0.));
#3869=DIRECTION('',(-9.10615997888088E-17,1.,0.));
#3870=DIRECTION('',(1.,9.10615997888088E-17,0.));
#3871=DIRECTION('',(-9.10615997888088E-17,1.,0.));
#3872=DIRECTION('',(-9.10615997888088E-17,1.,0.));
#3873=DIRECTION('',(0.,0.,-1.));
#3874=DIRECTION('',(0.,0.,1.));
#3875=DIRECTION('',(1.,0.,0.));
#3876=DIRECTION('',(-9.10615997888088E-17,1.,0.));
#3877=DIRECTION('',(1.,9.10615997888088E-17,0.));
#3878=DIRECTION('',(1.,9.10615997888088E-17,0.));
#3879=DIRECTION('',(-9.10615997888088E-17,1.,0.));
#3880=DIRECTION('',(-9.10615997888088E-17,1.,0.));
#3881=DIRECTION('',(0.,0.,-1.));
#3882=DIRECTION('',(0.,0.,-1.));
#3883=DIRECTION('',(-1.,0.,0.));
#3884=DIRECTION('',(-9.10615997888088E-17,1.,0.));
#3885=DIRECTION('',(-1.,-9.10615997888088E-17,0.));
#3886=DIRECTION('',(1.,9.10615997888088E-17,0.));
#3887=DIRECTION('',(-9.10615997888088E-17,1.,0.));
#3888=DIRECTION('',(-9.10615997888088E-17,1.,0.));
#3889=DIRECTION('',(0.,0.,-1.));
#3890=DIRECTION('',(0.,0.,-1.));
#3891=DIRECTION('',(-1.,0.,0.));
#3892=DIRECTION('',(-9.10615997888088E-17,1.,0.));
#3893=DIRECTION('',(-1.,-9.10615997888088E-17,0.));
#3894=DIRECTION('',(-0.976790456584191,-8.89481016349974E-17,-0.214197114653879));
#3895=DIRECTION('',(-0.214197114653879,0.,0.976790456584191));
#3896=DIRECTION('',(-9.10615997888088E-17,1.,0.));
#3897=DIRECTION('',(-0.214197114653879,-1.95051319305291E-17,0.976790456584191));
#3898=DIRECTION('',(0.,0.,-1.));
#3899=DIRECTION('',(-1.,0.,0.));
#3900=DIRECTION('',(-9.10615997888088E-17,1.,0.));
#3901=DIRECTION('',(-1.,-9.10615997888088E-17,0.));
#3902=DIRECTION('',(-1.,-9.10615997888088E-17,0.));
#3903=DIRECTION('',(9.10615997888088E-17,-1.,0.));
#3904=DIRECTION('',(-9.10615997888088E-17,1.,0.));
#3905=DIRECTION('',(0.,0.,1.));
#3906=DIRECTION('',(0.,0.,1.));
#3907=DIRECTION('',(1.,0.,0.));
#3908=DIRECTION('',(-9.10615997888088E-17,1.,0.));
#3909=DIRECTION('',(1.,9.10615997888088E-17,0.));
#3910=DIRECTION('',(-1.,-9.10615997888088E-17,0.));
#3911=DIRECTION('',(9.10615997888088E-17,-1.,0.));
#3912=DIRECTION('',(-9.10615997888088E-17,1.,0.));
#3913=DIRECTION('',(0.,0.,1.));
#3914=DIRECTION('',(-9.10615997888088E-17,1.,0.));
#3915=DIRECTION('',(-1.,-9.10615997888088E-17,0.));
#3916=DIRECTION('',(0.951914652710881,8.66828711382611E-17,0.30636333650475));
#3917=DIRECTION('',(0.30636333650475,0.,-0.951914652710881));
#3918=DIRECTION('',(0.30636333650475,2.78979355387597E-17,-0.951914652710881));
#3919=DIRECTION('',(-9.10615997888088E-17,1.,0.));
#3920=DIRECTION('',(0.30636333650475,2.78979355387597E-17,-0.951914652710881));
#3921=DIRECTION('',(-9.10615997888088E-17,1.,0.));
#3922=DIRECTION('',(-0.951222818948785,-8.66198716490968E-17,0.308504698037366));
#3923=DIRECTION('',(0.308504698037366,0.,0.951222818948785));
#3924=DIRECTION('',(0.308504698037366,2.80929313456459E-17,0.951222818948785));
#3925=DIRECTION('',(-9.10615997888088E-17,1.,0.));
#3926=DIRECTION('',(0.308504698037366,2.80929313456459E-17,0.951222818948785));
#3927=DIRECTION('',(-9.10615997888088E-17,1.,0.));
#3928=DIRECTION('',(0.940909696604639,0.,-0.338657559837908));
#3929=DIRECTION('',(-9.10615997888088E-17,1.,0.));
#3930=DIRECTION('',(-1.,-9.10615997888088E-17,0.));
#3931=DIRECTION('',(-9.10615997888088E-17,1.,0.));
#3932=DIRECTION('',(-9.10615997888088E-17,1.,0.));
#3933=DIRECTION('',(-1.,-9.10615997888088E-17,0.));
#3934=DIRECTION('',(-0.931799927972379,-8.48511921242616E-17,0.362972305046362));
#3935=DIRECTION('',(0.362972305046362,0.,0.931799927972379));
#3936=DIRECTION('',(0.362972305046362,3.30528387765532E-17,0.931799927972379));
#3937=DIRECTION('',(-9.10615997888088E-17,1.,0.));
#3938=DIRECTION('',(0.362972305046362,3.30528387765532E-17,0.931799927972379));
#3939=DIRECTION('',(0.,0.,-1.));
#3940=DIRECTION('',(-1.,0.,0.));
#3941=DIRECTION('',(-1.,-9.10615997888088E-17,0.));
#3942=DIRECTION('',(-9.10615997888088E-17,1.,0.));
#3943=DIRECTION('',(-1.,-9.10615997888088E-17,0.));
#3944=DIRECTION('',(0.932161748727906,8.48841401010966E-17,0.362042089001449));
#3945=DIRECTION('',(0.362042089001449,0.,-0.932161748727906));
#3946=DIRECTION('',(0.362042089001449,3.29681318153542E-17,-0.932161748727906));
#3947=DIRECTION('',(-9.10615997888088E-17,1.,0.));
#3948=DIRECTION('',(0.362042089001449,3.29681318153542E-17,-0.932161748727906));
#3949=DIRECTION('',(-0.931487983964196,-8.48227860038319E-17,0.363772093116443));
#3950=DIRECTION('',(0.363772093116443,0.,0.931487983964196));
#3951=DIRECTION('',(-9.10615997888088E-17,1.,0.));
#3952=DIRECTION('',(0.363772093116443,3.31256687577068E-17,0.931487983964196));
#3953=DIRECTION('',(-9.10615997888088E-17,1.,0.));
#3954=DIRECTION('',(0.,0.,1.));
#3955=DIRECTION('',(1.,0.,0.));
#3956=DIRECTION('',(-9.10615997888088E-17,1.,0.));
#3957=DIRECTION('',(1.,9.10615997888088E-17,0.));
#3958=DIRECTION('',(0.927981670132515,8.45034954569574E-17,-0.372625844377532));
#3959=DIRECTION('',(-0.372625844377532,0.,-0.927981670132515));
#3960=DIRECTION('',(-9.10615997888088E-17,1.,0.));
#3961=DIRECTION('',(-0.372625844377532,-3.39319055116737E-17,-0.927981670132515));
#3962=DIRECTION('',(0.,0.,-1.));
#3963=DIRECTION('',(-1.,0.,0.));
#3964=DIRECTION('',(-9.10615997888088E-17,1.,0.));
#3965=DIRECTION('',(-1.,-9.10615997888088E-17,0.));
#3966=DIRECTION('',(-0.925931708999271,-8.43168227166593E-17,-0.377690971919756));
#3967=DIRECTION('',(-0.377690971919756,0.,0.925931708999271));
#3968=DIRECTION('',(-9.10615997888088E-17,1.,0.));
#3969=DIRECTION('',(-0.377690971919756,-3.4393144128803E-17,0.925931708999271));
#3970=DIRECTION('',(0.,0.,1.));
#3971=DIRECTION('',(1.,0.,0.));
#3972=DIRECTION('',(-9.10615997888088E-17,1.,0.));
#3973=DIRECTION('',(1.,9.10615997888088E-17,0.));
#3974=DIRECTION('',(0.930505413230509,8.47333115409167E-17,0.366278140145872));
#3975=DIRECTION('',(0.366278140145872,0.,-0.930505413230509));
#3976=DIRECTION('',(-9.10615997888088E-17,1.,0.));
#3977=DIRECTION('',(0.366278140145872,3.33538734093526E-17,-0.930505413230509));
#3978=DIRECTION('',(0.,0.,1.));
#3979=DIRECTION('',(1.,0.,0.));
#3980=DIRECTION('',(1.,9.10615997888088E-17,0.));
#3981=DIRECTION('',(-9.10615997888088E-17,1.,0.));
#3982=DIRECTION('',(-1.,-9.10615997888088E-17,0.));
#3983=DIRECTION('',(9.10615997888087E-17,-1.,0.));
#3984=DIRECTION('',(1.,9.10615997888088E-17,0.));
#3985=DIRECTION('',(9.10615997888087E-17,-1.,0.));
#3986=DIRECTION('',(1.,9.10615997888088E-17,0.));
#3987=DIRECTION('',(0.,0.,1.));
#3988=DIRECTION('',(1.,0.,0.));
#3989=DIRECTION('',(0.,0.,1.));
#3990=DIRECTION('',(1.,0.,0.));
#3991=DIRECTION('',(0.,-1.,0.));
#3992=DIRECTION('',(0.,0.,-1.));
#3993=DIRECTION('',(0.,1.,0.));
#3994=DIRECTION('',(0.,0.,1.));
#3995=DIRECTION('',(1.,0.,0.));
#3996=DIRECTION('',(0.,0.,-1.));
#3997=DIRECTION('',(1.,0.,-6.82961998416064E-15));
#3998=DIRECTION('',(-6.82961998416064E-15,0.,-1.));
#3999=DIRECTION('',(1.,9.10615997888088E-17,0.));
#4000=DIRECTION('',(-9.10615997888088E-17,1.,0.));
#4001=DIRECTION('',(-1.,0.,0.));
#4002=DIRECTION('',(0.,0.,1.));
#4003=DIRECTION('',(0.,1.,0.));
#4004=DIRECTION('',(0.,0.,1.));
#4005=DIRECTION('',(0.,1.,0.));
#4006=DIRECTION('',(0.,0.,1.));
#4007=DIRECTION('',(0.,0.,1.));
#4008=DIRECTION('',(1.,0.,0.));
#4009=DIRECTION('',(0.,0.,1.));
#4010=DIRECTION('',(1.,0.,0.));
#4011=DIRECTION('',(0.,0.,-1.));
#4012=DIRECTION('',(-1.,0.,0.));
#4013=CARTESIAN_POINT('',(0.,0.,0.));
#4014=CARTESIAN_POINT('',(-0.06858,-0.147589462311125,0.064516));
#4015=CARTESIAN_POINT('',(-0.105448418976699,-0.147589462311125,0.046736));
#4016=CARTESIAN_POINT('',(-0.105523437356105,-0.147589462311125,0.046736));
#4017=CARTESIAN_POINT('',(-0.105594213891281,-0.147589462311125,0.0467536640863405));
#4018=CARTESIAN_POINT('',(-0.105663999999997,-0.147589462311125,0.0467754525529168));
#4019=CARTESIAN_POINT('',(-0.105448418976699,-0.147589462311125,0.046736));
#4020=CARTESIAN_POINT('',(-0.105663999999997,-0.147589462311125,0.0467754525529171));
#4021=CARTESIAN_POINT('',(-0.105664,-0.147589462311125,0.064516));
#4022=CARTESIAN_POINT('',(-0.105664,-0.147589462311125,0.0635));
#4023=CARTESIAN_POINT('',(-0.03048,-0.147589462311125,0.0635));
#4024=CARTESIAN_POINT('',(-0.031496,-0.147589462311125,0.0635));
#4025=CARTESIAN_POINT('',(-0.031496,-0.147589462311125,0.0473241306854259));
#4026=CARTESIAN_POINT('',(-0.031496,-0.147589462311125,0.0467754525529178));
#4027=CARTESIAN_POINT('',(-0.0314959999999982,-0.147589462311125,0.0467754525529133));
#4028=CARTESIAN_POINT('',(-0.0315657895788148,-0.147589462311125,0.0467536630029091));
#4029=CARTESIAN_POINT('',(-0.0316376973782625,-0.147589462311125,0.0467360000000012));
#4030=CARTESIAN_POINT('',(-0.0317115810233006,-0.147589462311125,0.046736));
#4031=CARTESIAN_POINT('',(-0.0317115810233006,-0.147589462311125,0.046736));
#4032=CARTESIAN_POINT('',(-0.06858,-0.147589462311125,0.046736));
#4033=CARTESIAN_POINT('',(-0.0648860834042726,-0.147589462311125,0.0553459684161194));
#4034=CARTESIAN_POINT('',(-0.0661672131036992,-0.147589462311125,0.0505982442291899));
#4035=CARTESIAN_POINT('',(-0.0648803788590471,-0.147589462311125,0.0504283506495676));
#4036=CARTESIAN_POINT('',(-0.0648803788590471,-0.147589462311125,0.0504283506495676));
#4037=CARTESIAN_POINT('',(-0.0633511304168989,-0.147589462311125,0.0504283506495676));
#4038=CARTESIAN_POINT('',(-0.0633511304168989,-0.147589462311125,0.0521637644372498));
#4039=CARTESIAN_POINT('',(-0.0633511304168989,-0.147589462311125,0.0521637644372498));
#4040=CARTESIAN_POINT('',(-0.0633511304168989,-0.147589462311125,0.0547193085005729));
#4041=CARTESIAN_POINT('',(-0.0633511304168989,-0.147589462311125,0.057274852563896));
#4042=CARTESIAN_POINT('',(-0.0629082147569879,-0.147589462311125,0.057274852563896));
#4043=CARTESIAN_POINT('',(-0.0624652990970768,-0.147589462311125,0.057274852563896));
#4044=CARTESIAN_POINT('',(-0.0624652990970768,-0.147589462311125,0.0577381582030357));
#4045=CARTESIAN_POINT('',(-0.0624652990970768,-0.147589462311125,0.0582014638421754));
#4046=CARTESIAN_POINT('',(-0.062932003066088,-0.147589462311125,0.0582014638421754));
#4047=CARTESIAN_POINT('',(-0.0633987070350991,-0.147589462311125,0.0582014638421754));
#4048=CARTESIAN_POINT('',(-0.0635867479546521,-0.147589462311125,0.0590589757464022));
#4049=CARTESIAN_POINT('',(-0.0637747888742052,-0.147589462311125,0.059916487650629));
#4050=CARTESIAN_POINT('',(-0.0641995801081352,-0.147589462311125,0.059916487650629));
#4051=CARTESIAN_POINT('',(-0.0646243713420652,-0.147589462311125,0.059916487650629));
#4052=CARTESIAN_POINT('',(-0.0646243713420652,-0.147589462311125,0.0590589757464022));
#4053=CARTESIAN_POINT('',(-0.0646243713420652,-0.147589462311125,0.0582014638421754));
#4054=CARTESIAN_POINT('',(-0.0653323567319487,-0.147589462311125,0.0582014638421754));
#4055=CARTESIAN_POINT('',(-0.066040342121832,-0.147589462311125,0.0582014638421754));
#4056=CARTESIAN_POINT('',(-0.066040342121832,-0.147589462311125,0.0577381582030357));
#4057=CARTESIAN_POINT('',(-0.0660403421218321,-0.147589462311125,0.057274852563896));
#4058=CARTESIAN_POINT('',(-0.0653323567319487,-0.147589462311125,0.057274852563896));
#4059=CARTESIAN_POINT('',(-0.0646243713420652,-0.147589462311125,0.057274852563896));
#4060=CARTESIAN_POINT('',(-0.0646243713420652,-0.147589462311125,0.0548575072486781));
#4061=CARTESIAN_POINT('',(-0.0646243713420652,-0.147589462311125,0.0524401619334603));
#4062=CARTESIAN_POINT('',(-0.0646243713420652,-0.147589462311125,0.0524401619334603));
#4063=CARTESIAN_POINT('',(-0.0646243713420652,-0.147589462311125,0.0518873669410393));
#4064=CARTESIAN_POINT('',(-0.0648044828252516,-0.147589462311125,0.0516642099461481));
#4065=CARTESIAN_POINT('',(-0.0648044828252516,-0.147589462311125,0.0516642099461481));
#4066=CARTESIAN_POINT('',(-0.0648044828252516,-0.147589462311125,0.0516642099461481));
#4067=CARTESIAN_POINT('',(-0.0649845943084379,-0.147589462311125,0.0514410529512568));
#4068=CARTESIAN_POINT('',(-0.0654309082982204,-0.147589462311125,0.0514410529512568));
#4069=CARTESIAN_POINT('',(-0.0654309082982204,-0.147589462311125,0.0514410529512568));
#4070=CARTESIAN_POINT('',(-0.0654309082982204,-0.147589462311125,0.0514410529512568));
#4071=CARTESIAN_POINT('',(-0.0656869158152023,-0.147589462311125,0.0514410529512568));
#4072=CARTESIAN_POINT('',(-0.0661672131036992,-0.147589462311125,0.0515407372941524));
#4073=CARTESIAN_POINT('',(-0.0661672131036992,-0.147589462311125,0.0515407372941524));
#4074=CARTESIAN_POINT('',(-0.0661672131036992,-0.147589462311125,0.051069502218646));
#4075=CARTESIAN_POINT('',(-0.0724269367268922,-0.147589462311125,0.0503988984573485));
#4076=CARTESIAN_POINT('',(-0.0712715045706025,-0.147589462311125,0.0503988984573485));
#4077=CARTESIAN_POINT('',(-0.07069152293921,-0.147589462311125,0.0510083322809601));
#4078=CARTESIAN_POINT('',(-0.0724269367268922,-0.147589462311125,0.0503988984573485));
#4079=CARTESIAN_POINT('',(-0.07069152293921,-0.147589462311125,0.0510083322809601));
#4080=CARTESIAN_POINT('',(-0.07069152293921,-0.147589462311125,0.0510083322809601));
#4081=CARTESIAN_POINT('',(-0.0701115413078176,-0.147589462311125,0.0516177661045717));
#4082=CARTESIAN_POINT('',(-0.0701115413078176,-0.147589462311125,0.0526803105777087));
#4083=CARTESIAN_POINT('',(-0.0701115413078176,-0.147589462311125,0.0526803105777087));
#4084=CARTESIAN_POINT('',(-0.0701115413078176,-0.147589462311125,0.0526803105777087));
#4085=CARTESIAN_POINT('',(-0.0701115413078176,-0.147589462311125,0.0538697260327128));
#4086=CARTESIAN_POINT('',(-0.0708942899548726,-0.147589462311125,0.054506346495296));
#4087=CARTESIAN_POINT('',(-0.0708942899548726,-0.147589462311125,0.054506346495296));
#4088=CARTESIAN_POINT('',(-0.0708942899548726,-0.147589462311125,0.054506346495296));
#4089=CARTESIAN_POINT('',(-0.0716770386019277,-0.147589462311125,0.0551429669578791));
#4090=CARTESIAN_POINT('',(-0.0734169834961052,-0.147589462311125,0.055186012469584));
#4091=CARTESIAN_POINT('',(-0.0734169834961051,-0.147589462311125,0.055186012469584));
#4092=CARTESIAN_POINT('',(-0.0742778937302033,-0.147589462311125,0.0552007385656936));
#4093=CARTESIAN_POINT('',(-0.0751388039643016,-0.147589462311125,0.0552154646618032));
#4094=CARTESIAN_POINT('',(-0.0751388039643016,-0.147589462311125,0.0554238955605849));
#4095=CARTESIAN_POINT('',(-0.0751388039643016,-0.147589462311125,0.0556323264593665));
#4096=CARTESIAN_POINT('',(-0.0751388039643016,-0.147589462311125,0.0556323264593665));
#4097=CARTESIAN_POINT('',(-0.0751388039643016,-0.147589462311125,0.0565657343973888));
#4098=CARTESIAN_POINT('',(-0.0747423321459669,-0.147589462311125,0.0569701356520902));
#4099=CARTESIAN_POINT('',(-0.0747423321459669,-0.147589462311125,0.0569701356520902));
#4100=CARTESIAN_POINT('',(-0.0747423321459669,-0.147589462311125,0.0569701356520902));
#4101=CARTESIAN_POINT('',(-0.0743458603276321,-0.147589462311125,0.0573745369067916));
#4102=CARTESIAN_POINT('',(-0.0734962778597721,-0.147589462311125,0.0573745369067916));
#4103=CARTESIAN_POINT('',(-0.0734962778597721,-0.147589462311125,0.0573745369067916));
#4104=CARTESIAN_POINT('',(-0.0734962778597721,-0.147589462311125,0.0573745369067916));
#4105=CARTESIAN_POINT('',(-0.0726398987321691,-0.147589462311125,0.0573745369067916));
#4106=CARTESIAN_POINT('',(-0.0722502235735773,-0.147589462311125,0.0570834133144715));
#4107=CARTESIAN_POINT('',(-0.0722502235735773,-0.147589462311125,0.0570834133144715));
#4108=CARTESIAN_POINT('',(-0.0722502235735773,-0.147589462311125,0.0570834133144715));
#4109=CARTESIAN_POINT('',(-0.0718605484149855,-0.147589462311125,0.0567922897221515));
#4110=CARTESIAN_POINT('',(-0.0717812540513185,-0.147589462311125,0.0561556692595683));
#4111=CARTESIAN_POINT('',(-0.0717812540513186,-0.147589462311125,0.0561556692595683));
#4112=CARTESIAN_POINT('',(-0.0711163141731401,-0.147589462311125,0.0562157064206305));
#4113=CARTESIAN_POINT('',(-0.0704513742949616,-0.147589462311125,0.0562757435816926));
#4114=CARTESIAN_POINT('',(-0.0704513742949616,-0.147589462311125,0.0562757435816926));
#4115=CARTESIAN_POINT('',(-0.0707776139626198,-0.147589462311125,0.0583441936967759));
#4116=CARTESIAN_POINT('',(-0.0735234644987436,-0.147589462311125,0.0583441936967759));
#4117=CARTESIAN_POINT('',(-0.0735234644987436,-0.147589462311125,0.0583441936967759));
#4118=CARTESIAN_POINT('',(-0.0735234644987436,-0.147589462311125,0.0583441936967759));
#4119=CARTESIAN_POINT('',(-0.0749688874707296,-0.147589462311125,0.0583441936967759));
#4120=CARTESIAN_POINT('',(-0.0756972628398416,-0.147589462311125,0.057681519371845));
#4121=CARTESIAN_POINT('',(-0.0756972628398416,-0.147589462311125,0.057681519371845));
#4122=CARTESIAN_POINT('',(-0.0756972628398416,-0.147589462311125,0.057681519371845));
#4123=CARTESIAN_POINT('',(-0.0764256382089537,-0.147589462311125,0.0570188450469142));
#4124=CARTESIAN_POINT('',(-0.0764256382089537,-0.147589462311125,0.0557659941009765));
#4125=CARTESIAN_POINT('',(-0.0764256382089537,-0.147589462311125,0.0557659941009765));
#4126=CARTESIAN_POINT('',(-0.0764256382089537,-0.147589462311125,0.0541166713367041));
#4127=CARTESIAN_POINT('',(-0.0764256382089537,-0.147589462311125,0.0524673485724318));
#4128=CARTESIAN_POINT('',(-0.0764256382089537,-0.147589462311125,0.0524673485724318));
#4129=CARTESIAN_POINT('',(-0.0764256382089537,-0.147589462311125,0.0519009602605251));
#4130=CARTESIAN_POINT('',(-0.076575164723297,-0.147589462311125,0.0516143677747003));
#4131=CARTESIAN_POINT('',(-0.076575164723297,-0.147589462311125,0.0516143677747003));
#4132=CARTESIAN_POINT('',(-0.076575164723297,-0.147589462311125,0.0516143677747003));
#4133=CARTESIAN_POINT('',(-0.0767246912376404,-0.147589462311125,0.0513277752888755));
#4134=CARTESIAN_POINT('',(-0.0771415530352037,-0.147589462311125,0.0513277752888755));
#4135=CARTESIAN_POINT('',(-0.0771415530352037,-0.147589462311125,0.0513277752888755));
#4136=CARTESIAN_POINT('',(-0.0771051136915317,-0.147589462311125,0.0533610600565902));
#4137=CARTESIAN_POINT('',(-0.077558414832767,-0.147589462311125,0.0513776174603233));
#4138=CARTESIAN_POINT('',(-0.077558414832767,-0.147589462311125,0.0509811456419886));
#4139=CARTESIAN_POINT('',(-0.077558414832767,-0.147589462311125,0.0505845933692201));
#4140=CARTESIAN_POINT('',(-0.0765824007787434,-0.147589462311125,0.0547395986377827));
#4141=CARTESIAN_POINT('',(-0.076575164723297,-0.147589462311125,0.0504713961612725));
#4142=CARTESIAN_POINT('',(-0.076575164723297,-0.147589462311125,0.0504713961612725));
#4143=CARTESIAN_POINT('',(-0.0758683121100374,-0.147589462311125,0.0504713961612725));
#4144=CARTESIAN_POINT('',(-0.0755454707722506,-0.147589462311125,0.0508429468938833));
#4145=CARTESIAN_POINT('',(-0.0755454707722506,-0.147589462311125,0.0508429468938833));
#4146=CARTESIAN_POINT('',(-0.0755454707722506,-0.147589462311125,0.0508429468938833));
#4147=CARTESIAN_POINT('',(-0.0752226294344637,-0.147589462311125,0.0512144976264941));
#4148=CARTESIAN_POINT('',(-0.0751795839227589,-0.147589462311125,0.0520074412631635));
#4149=CARTESIAN_POINT('',(-0.0751795839227589,-0.147589462311125,0.0520074412631635));
#4150=CARTESIAN_POINT('',(-0.0751591939435302,-0.147589462311125,0.0520074412631635));
#4151=CARTESIAN_POINT('',(-0.0751388039643016,-0.147589462311125,0.0520074412631635));
#4152=CARTESIAN_POINT('',(-0.0751388039643016,-0.147589462311125,0.0520074412631635));
#4153=CARTESIAN_POINT('',(-0.0746494444628141,-0.147589462311125,0.0511284066030843));
#4154=CARTESIAN_POINT('',(-0.0740014962339929,-0.147589462311125,0.0507636525302164));
#4155=CARTESIAN_POINT('',(-0.0740014962339929,-0.147589462311125,0.0507636525302164));
#4156=CARTESIAN_POINT('',(-0.0740014962339929,-0.147589462311125,0.0507636525302164));
#4157=CARTESIAN_POINT('',(-0.0733535480051716,-0.147589462311125,0.0503988984573485));
#4158=CARTESIAN_POINT('',(-0.0724269367268922,-0.147589462311125,0.0503988984573485));
#4159=CARTESIAN_POINT('',(-0.0842848424249713,-0.147589462311125,0.0526576550452325));
#4160=CARTESIAN_POINT('',(-0.0842848424249713,-0.147589462311125,0.0515747205928668));
#4161=CARTESIAN_POINT('',(-0.0834669777025779,-0.147589462311125,0.0509868095251076));
#4162=CARTESIAN_POINT('',(-0.0842848424249713,-0.147589462311125,0.0526576550452325));
#4163=CARTESIAN_POINT('',(-0.0834669777025779,-0.147589462311125,0.0509868095251076));
#4164=CARTESIAN_POINT('',(-0.0834669777025779,-0.147589462311125,0.0509868095251076));
#4165=CARTESIAN_POINT('',(-0.0826491129801846,-0.147589462311125,0.0503988984573485));
#4166=CARTESIAN_POINT('',(-0.0811765033692272,-0.147589462311125,0.0503988984573485));
#4167=CARTESIAN_POINT('',(-0.0811765033692272,-0.147589462311125,0.0503988984573485));
#4168=CARTESIAN_POINT('',(-0.0811765033692272,-0.147589462311125,0.0503988984573485));
#4169=CARTESIAN_POINT('',(-0.0797469392699746,-0.147589462311125,0.0503988984573485));
#4170=CARTESIAN_POINT('',(-0.0789709872826624,-0.147589462311125,0.0508701335328548));
#4171=CARTESIAN_POINT('',(-0.0789709872826624,-0.147589462311125,0.0508701335328548));
#4172=CARTESIAN_POINT('',(-0.0789709872826624,-0.147589462311125,0.0508701335328548));
#4173=CARTESIAN_POINT('',(-0.0781950352953502,-0.147589462311125,0.0513413686083612));
#4174=CARTESIAN_POINT('',(-0.0779616833108446,-0.147589462311125,0.0523404775905647));
#4175=CARTESIAN_POINT('',(-0.0779616833108446,-0.147589462311125,0.0523404775905647));
#4176=CARTESIAN_POINT('',(-0.0785246732928799,-0.147589462311125,0.0524503569230746));
#4177=CARTESIAN_POINT('',(-0.0790876632749152,-0.147589462311125,0.0525602362555845));
#4178=CARTESIAN_POINT('',(-0.0790876632749152,-0.147589462311125,0.0525602362555845));
#4179=CARTESIAN_POINT('',(-0.0792507831087443,-0.147589462311125,0.05194400577223));
#4180=CARTESIAN_POINT('',(-0.0797605325894604,-0.147589462311125,0.0516574132864052));
#4181=CARTESIAN_POINT('',(-0.0797605325894604,-0.147589462311125,0.0516574132864052));
#4182=CARTESIAN_POINT('',(-0.0797605325894604,-0.147589462311125,0.0516574132864052));
#4183=CARTESIAN_POINT('',(-0.0802702820701765,-0.147589462311125,0.0513708208005804));
#4184=CARTESIAN_POINT('',(-0.0811765033692272,-0.147589462311125,0.0513708208005804));
#4185=CARTESIAN_POINT('',(-0.0811765033692272,-0.147589462311125,0.0513708208005804));
#4186=CARTESIAN_POINT('',(-0.0811765033692272,-0.147589462311125,0.0513708208005804));
#4187=CARTESIAN_POINT('',(-0.0821461601592115,-0.147589462311125,0.0513708208005804));
#4188=CARTESIAN_POINT('',(-0.0825958724788654,-0.147589462311125,0.0516676082760195));
#4189=CARTESIAN_POINT('',(-0.0825958724788654,-0.147589462311125,0.0516676082760195));
#4190=CARTESIAN_POINT('',(-0.0825958724788654,-0.147589462311125,0.0516676082760195));
#4191=CARTESIAN_POINT('',(-0.0830455847985194,-0.147589462311125,0.0519643957514586));
#4192=CARTESIAN_POINT('',(-0.0830455847985194,-0.147589462311125,0.0525602362555845));
#4193=CARTESIAN_POINT('',(-0.0830455847985194,-0.147589462311125,0.0525602362555845));
#4194=CARTESIAN_POINT('',(-0.0830455847985194,-0.147589462311125,0.0525602362555845));
#4195=CARTESIAN_POINT('',(-0.0830455847985194,-0.147589462311125,0.0530133469051099));
#4196=CARTESIAN_POINT('',(-0.0827340712269706,-0.147589462311125,0.0532965410610632));
#4197=CARTESIAN_POINT('',(-0.0827340712269706,-0.147589462311125,0.0532965410610632));
#4198=CARTESIAN_POINT('',(-0.0827340712269706,-0.147589462311125,0.0532965410610632));
#4199=CARTESIAN_POINT('',(-0.082422557655422,-0.147589462311125,0.0535797352170166));
#4200=CARTESIAN_POINT('',(-0.0817292983616481,-0.147589462311125,0.0537632450300744));
#4201=CARTESIAN_POINT('',(-0.0817292983616481,-0.147589462311125,0.0537632450300744));
#4202=CARTESIAN_POINT('',(-0.0812727893822513,-0.147589462311125,0.0538833193521986));
#4203=CARTESIAN_POINT('',(-0.0808162804028545,-0.147589462311125,0.0540033936743228));
#4204=CARTESIAN_POINT('',(-0.0808162804028545,-0.147589462311125,0.0540033936743228));
#4205=CARTESIAN_POINT('',(-0.0797174870777554,-0.147589462311125,0.0542865878302762));
#4206=CARTESIAN_POINT('',(-0.0792541814386158,-0.147589462311125,0.0545595869966152));
#4207=CARTESIAN_POINT('',(-0.0792541814386158,-0.147589462311125,0.0545595869966152));
#4208=CARTESIAN_POINT('',(-0.0792541814386158,-0.147589462311125,0.0545595869966152));
#4209=CARTESIAN_POINT('',(-0.0787908757994761,-0.147589462311125,0.0548325861629543));
#4210=CARTESIAN_POINT('',(-0.0785292043993752,-0.147589462311125,0.0552222613215461));
#4211=CARTESIAN_POINT('',(-0.0785292043993752,-0.147589462311125,0.0552222613215461));
#4212=CARTESIAN_POINT('',(-0.0785292043993752,-0.147589462311125,0.0552222613215461));
#4213=CARTESIAN_POINT('',(-0.0782675329992743,-0.147589462311125,0.0556119364801379));
#4214=CARTESIAN_POINT('',(-0.0782675329992743,-0.147589462311125,0.0561783247920446));
#4215=CARTESIAN_POINT('',(-0.0782675329992743,-0.147589462311125,0.0561783247920446));
#4216=CARTESIAN_POINT('',(-0.0782675329992743,-0.147589462311125,0.0561783247920446));
#4217=CARTESIAN_POINT('',(-0.0782675329992743,-0.147589462311125,0.0572250103924482));
#4218=CARTESIAN_POINT('',(-0.0790140327943673,-0.147589462311125,0.0577732742783739));
#4219=CARTESIAN_POINT('',(-0.0790140327943673,-0.147589462311125,0.0577732742783739));
#4220=CARTESIAN_POINT('',(-0.0790140327943673,-0.147589462311125,0.0577732742783739));
#4221=CARTESIAN_POINT('',(-0.0797605325894604,-0.147589462311125,0.0583215381642996));
#4222=CARTESIAN_POINT('',(-0.0811900966887129,-0.147589462311125,0.0583215381642996));
#4223=CARTESIAN_POINT('',(-0.0811900966887129,-0.147589462311125,0.0583215381642996));
#4224=CARTESIAN_POINT('',(-0.0811900966887129,-0.147589462311125,0.0583215381642996));
#4225=CARTESIAN_POINT('',(-0.082458806507384,-0.147589462311125,0.0583215381642996));
#4226=CARTESIAN_POINT('',(-0.083205306302477,-0.147589462311125,0.0578763569511409));
#4227=CARTESIAN_POINT('',(-0.083205306302477,-0.147589462311125,0.0578763569511409));
#4228=CARTESIAN_POINT('',(-0.083205306302477,-0.147589462311125,0.0578763569511409));
#4229=CARTESIAN_POINT('',(-0.0839518060975701,-0.147589462311125,0.0574311757379823));
#4230=CARTESIAN_POINT('',(-0.0841489092301136,-0.147589462311125,0.0564456600752646));
#4231=CARTESIAN_POINT('',(-0.0841489092301136,-0.147589462311125,0.0564456600752646));
#4232=CARTESIAN_POINT('',(-0.0835757242584641,-0.147589462311125,0.0563754279245881));
#4233=CARTESIAN_POINT('',(-0.0830025392868145,-0.147589462311125,0.0563051957739117));
#4234=CARTESIAN_POINT('',(-0.0830025392868145,-0.147589462311125,0.0563051957739117));
#4235=CARTESIAN_POINT('',(-0.082896058284176,-0.147589462311125,0.0568149452546278));
#4236=CARTESIAN_POINT('',(-0.0824327526450363,-0.147589462311125,0.057086811644343));
#4237=CARTESIAN_POINT('',(-0.0824327526450363,-0.147589462311125,0.057086811644343));
#4238=CARTESIAN_POINT('',(-0.0824327526450363,-0.147589462311125,0.057086811644343));
#4239=CARTESIAN_POINT('',(-0.0819694470058966,-0.147589462311125,0.0573586780340582));
#4240=CARTESIAN_POINT('',(-0.0811900966887129,-0.147589462311125,0.0573586780340582));
#4241=CARTESIAN_POINT('',(-0.0811900966887129,-0.147589462311125,0.0573586780340582));
#4242=CARTESIAN_POINT('',(-0.0811900966887129,-0.147589462311125,0.0573586780340582));
#4243=CARTESIAN_POINT('',(-0.0803269209013671,-0.147589462311125,0.0573586780340582));
#4244=CARTESIAN_POINT('',(-0.0799157229869228,-0.147589462311125,0.0570970066339573));
#4245=CARTESIAN_POINT('',(-0.0799157229869228,-0.147589462311125,0.0570970066339573));
#4246=CARTESIAN_POINT('',(-0.0799157229869228,-0.147589462311125,0.0570970066339573));
#4247=CARTESIAN_POINT('',(-0.0795045250724785,-0.147589462311125,0.0568353352338564));
#4248=CARTESIAN_POINT('',(-0.0795045250724785,-0.147589462311125,0.0563051957739117));
#4249=CARTESIAN_POINT('',(-0.0795045250724785,-0.147589462311125,0.0563051957739117));
#4250=CARTESIAN_POINT('',(-0.0795045250724785,-0.147589462311125,0.0563051957739117));
#4251=CARTESIAN_POINT('',(-0.0795045250724785,-0.147589462311125,0.0559789561062535));
#4252=CARTESIAN_POINT('',(-0.0796744415660506,-0.147589462311125,0.0557671268776003));
#4253=CARTESIAN_POINT('',(-0.0796744415660506,-0.147589462311125,0.0557671268776003));
#4254=CARTESIAN_POINT('',(-0.0796744415660506,-0.147589462311125,0.0557671268776003));
#4255=CARTESIAN_POINT('',(-0.0798443580596226,-0.147589462311125,0.0555552976489472));
#4256=CARTESIAN_POINT('',(-0.0801773943870237,-0.147589462311125,0.0554057711346039));
#4257=CARTESIAN_POINT('',(-0.0801773943870237,-0.147589462311125,0.0554057711346039));
#4258=CARTESIAN_POINT('',(-0.0801773943870237,-0.147589462311125,0.0554057711346039));
#4259=CARTESIAN_POINT('',(-0.0805104307144249,-0.147589462311125,0.0552562446202605));
#4260=CARTESIAN_POINT('',(-0.0815797718473048,-0.147589462311125,0.0549957059967834));
#4261=CARTESIAN_POINT('',(-0.0815797718473048,-0.147589462311125,0.0549957059967834));
#4262=CARTESIAN_POINT('',(-0.0815797718473048,-0.147589462311125,0.0549957059967834));
#4263=CARTESIAN_POINT('',(-0.082592474148994,-0.147589462311125,0.0547396984798015));
#4264=CARTESIAN_POINT('',(-0.0830387881387765,-0.147589462311125,0.054524470921277));
#4265=CARTESIAN_POINT('',(-0.0830387881387765,-0.147589462311125,0.054524470921277));
#4266=CARTESIAN_POINT('',(-0.0830387881387765,-0.147589462311125,0.054524470921277));
#4267=CARTESIAN_POINT('',(-0.083485102128559,-0.147589462311125,0.0543092433627525));
#4268=CARTESIAN_POINT('',(-0.0837433751987884,-0.147589462311125,0.0540464391860277));
#4269=CARTESIAN_POINT('',(-0.0837433726362116,-0.147589462311125,0.0540464366623866));
#4270=CARTESIAN_POINT('',(-0.0824059748673803,-0.147589462311125,0.0527293592622493));
#4271=CARTESIAN_POINT('',(-0.0841432453469946,-0.147589462311125,0.0534404036922875));
#4272=CARTESIAN_POINT('',(-0.0841432453469946,-0.147589462311125,0.0534404036922875));
#4273=CARTESIAN_POINT('',(-0.0842848424249713,-0.147589462311125,0.0530971723752721));
#4274=CARTESIAN_POINT('',(-0.0842848424249713,-0.147589462311125,0.0526576550452325));
#4275=CARTESIAN_POINT('',(-0.0672501475560648,-0.147589462311125,0.0557954462931957));
#4276=CARTESIAN_POINT('',(-0.0672501475560648,-0.147589462311125,0.0505416283119489));
#4277=CARTESIAN_POINT('',(-0.0672501475560648,-0.147589462311125,0.0610492642744424));
#4278=CARTESIAN_POINT('',(-0.0678879007952717,-0.147589462311125,0.0610492642744424));
#4279=CARTESIAN_POINT('',(-0.0685256540344787,-0.147589462311125,0.0610492642744424));
#4280=CARTESIAN_POINT('',(-0.0685256540344787,-0.147589462311125,0.0557954462931957));
#4281=CARTESIAN_POINT('',(-0.0685256540344787,-0.147589462311125,0.0505416283119489));
#4282=CARTESIAN_POINT('',(-0.0678879007952717,-0.147589462311125,0.0505416283119489));
#4283=CARTESIAN_POINT('',(-0.060266579670255,-0.147589462311125,0.0520006446034207));
#4284=CARTESIAN_POINT('',(-0.0608363663120331,-0.147589462311125,0.0505416283119489));
#4285=CARTESIAN_POINT('',(-0.0596967930284768,-0.147589462311125,0.0534596608948924));
#4286=CARTESIAN_POINT('',(-0.0574244431211071,-0.147589462311125,0.0534596608948924));
#4287=CARTESIAN_POINT('',(-0.0551520932137373,-0.147589462311125,0.0534596608948924));
#4288=CARTESIAN_POINT('',(-0.0545777754654639,-0.147589462311125,0.0520006446034207));
#4289=CARTESIAN_POINT('',(-0.0540034577171905,-0.147589462311125,0.0505416283119489));
#4290=CARTESIAN_POINT('',(-0.0533034017636738,-0.147589462311125,0.0505416283119489));
#4291=CARTESIAN_POINT('',(-0.0526033458101571,-0.147589462311125,0.0505416283119489));
#4292=CARTESIAN_POINT('',(-0.054637812626526,-0.147589462311125,0.0555292437865995));
#4293=CARTESIAN_POINT('',(-0.0566722794428949,-0.147589462311125,0.0605168592612501));
#4294=CARTESIAN_POINT('',(-0.0574414347704643,-0.147589462311125,0.0605168592612501));
#4295=CARTESIAN_POINT('',(-0.0582105900980336,-0.147589462311125,0.0605168592612501));
#4296=CARTESIAN_POINT('',(-0.0602133391689357,-0.147589462311125,0.0555292437865995));
#4297=CARTESIAN_POINT('',(-0.0622160882398379,-0.147589462311125,0.0505416283119489));
#4298=CARTESIAN_POINT('',(-0.0615262272759355,-0.147589462311125,0.0505416283119489));
#4299=CARTESIAN_POINT('',(-0.06858,-0.152669462311125,0.064516));
#4300=CARTESIAN_POINT('',(-0.06858,-0.152669462311125,0.064516));
#4301=CARTESIAN_POINT('',(-0.031496,-0.152669462311125,0.064516));
#4302=CARTESIAN_POINT('',(-0.105664,-0.152669462311125,0.064516));
#4303=CARTESIAN_POINT('',(-0.105664,-0.152669462311125,0.0635));
#4304=CARTESIAN_POINT('',(-0.10668,-0.152669462311125,0.0635));
#4305=CARTESIAN_POINT('',(-0.10668,-0.152669462311125,0.064516));
#4306=CARTESIAN_POINT('',(-0.10668,-0.152669462311125,0.046736));
#4307=CARTESIAN_POINT('',(-0.10668,-0.152669462311125,0.046736));
#4308=CARTESIAN_POINT('',(-0.105615240981234,-0.152669462311125,0.0457337308045833));
#4309=CARTESIAN_POINT('',(-0.104560984476116,-0.152669462311125,0.0447205759061821));
#4310=CARTESIAN_POINT('',(-0.103513277398439,-0.152669462311125,0.0437006326212836));
#4311=CARTESIAN_POINT('',(-0.103513277398439,-0.152669462311125,0.0437006326212836));
#4312=CARTESIAN_POINT('',(-0.103513277398439,-0.152669462311125,0.0437006326212836));
#4313=CARTESIAN_POINT('',(-0.103743422605923,-0.152669462311125,0.0439246790784724));
#4314=CARTESIAN_POINT('',(-0.104180601860938,-0.152669462311125,0.0443915348126439));
#4315=CARTESIAN_POINT('',(-0.104664914246527,-0.152669462311125,0.0450270244890679));
#4316=CARTESIAN_POINT('',(-0.104989310578924,-0.152669462311125,0.0455851368499802));
#4317=CARTESIAN_POINT('',(-0.105145950475684,-0.152669462311125,0.0459578918578219));
#4318=CARTESIAN_POINT('',(-0.105205304473083,-0.152669462311125,0.0462730324252585));
#4319=CARTESIAN_POINT('',(-0.105186574645737,-0.152669462311125,0.0465255622761213));
#4320=CARTESIAN_POINT('',(-0.105008925909386,-0.152669462311125,0.0467150873207538));
#4321=CARTESIAN_POINT('',(-0.104840925674173,-0.152669462311125,0.046736));
#4322=CARTESIAN_POINT('',(-0.104759217932916,-0.152669462311125,0.046736));
#4323=CARTESIAN_POINT('',(-0.104759217932916,-0.152669462311125,0.046736));
#4324=CARTESIAN_POINT('',(-0.06858,-0.152669462311125,0.046736));
#4325=CARTESIAN_POINT('',(-0.0324007820670842,-0.152669462311125,0.046736));
#4326=CARTESIAN_POINT('',(-0.0324007820670842,-0.152669462311125,0.046736));
#4327=CARTESIAN_POINT('',(-0.0323191834201399,-0.152669462311125,0.046736));
#4328=CARTESIAN_POINT('',(-0.0321515564520843,-0.152669462311125,0.0467152204236232));
#4329=CARTESIAN_POINT('',(-0.0319736707874996,-0.152669462311125,0.0465261155174174));
#4330=CARTESIAN_POINT('',(-0.0319545892093913,-0.152669462311125,0.0462739364612585));
#4331=CARTESIAN_POINT('',(-0.0320140683836767,-0.152669462311125,0.0459573292014252));
#4332=CARTESIAN_POINT('',(-0.0321715318137284,-0.152669462311125,0.0455838616800449));
#4333=CARTESIAN_POINT('',(-0.0324918438744614,-0.152669462311125,0.0450321146231652));
#4334=CARTESIAN_POINT('',(-0.0329796799479011,-0.152669462311125,0.0443907405610464));
#4335=CARTESIAN_POINT('',(-0.0334166388675711,-0.152669462311125,0.0439246192339995));
#4336=CARTESIAN_POINT('',(-0.0336467226015611,-0.152669462311125,0.0437006326212835));
#4337=CARTESIAN_POINT('',(-0.0336467226015611,-0.152669462311125,0.0437006326212835));
#4338=CARTESIAN_POINT('',(-0.03048,-0.152669462311125,0.046736));
#4339=CARTESIAN_POINT('',(-0.0315447590187657,-0.152669462311125,0.0457337308045833));
#4340=CARTESIAN_POINT('',(-0.0325990155238836,-0.152669462311125,0.044720575906182));
#4341=CARTESIAN_POINT('',(-0.0336467226015611,-0.152669462311125,0.0437006326212835));
#4342=CARTESIAN_POINT('',(-0.03048,-0.152669462311125,0.046736));
#4343=CARTESIAN_POINT('',(-0.03048,-0.152669462311125,0.064516));
#4344=CARTESIAN_POINT('',(-0.03048,-0.152669462311125,0.0635));
#4345=CARTESIAN_POINT('',(-0.031496,-0.152669462311125,0.0635));
#4346=CARTESIAN_POINT('',(-0.03048,-0.150129462311125,0.064516));
#4347=CARTESIAN_POINT('',(-0.03048,-0.148605462311125,0.064516));
#4348=CARTESIAN_POINT('',(-0.03048,-0.148605462311125,0.046736));
#4349=CARTESIAN_POINT('',(-0.03048,-0.148605462311125,0.0635));
#4350=CARTESIAN_POINT('',(-0.03048,-0.150129462311125,0.0635));
#4351=CARTESIAN_POINT('',(-0.03048,-0.150129462311125,0.046736));
#4352=CARTESIAN_POINT('',(-0.10668,-0.150129462311125,0.064516));
#4353=CARTESIAN_POINT('',(-0.10668,-0.147589462311125,0.0635));
#4354=CARTESIAN_POINT('',(-0.10668,-0.148605462311125,0.0635));
#4355=CARTESIAN_POINT('',(-0.10668,-0.148605462311125,0.064516));
#4356=CARTESIAN_POINT('',(-0.10668,-0.148605462311125,0.046736));
#4357=CARTESIAN_POINT('',(-0.10668,-0.150129462311125,0.046736));
#4358=CARTESIAN_POINT('',(-0.06858,-0.150129462311125,0.064516));
#4359=CARTESIAN_POINT('',(-0.10668,-0.148605462311125,0.064516));
#4360=CARTESIAN_POINT('',(-0.031496,-0.148605462311125,0.064516));
#4361=CARTESIAN_POINT('',(-0.105664,-0.148605462311125,0.064516));
#4362=CARTESIAN_POINT('',(-0.105664,-0.152669462311125,0.064516));
#4363=CARTESIAN_POINT('',(-0.031496,-0.150129462311125,0.064516));
#4364=CARTESIAN_POINT('',(-0.06858,-0.155732821387297,0.00725327204296422));
#4365=CARTESIAN_POINT('',(-0.0720725,-0.154085181880198,0.0152417816765859));
#4366=CARTESIAN_POINT('',(-0.0629820480368832,-0.154085181880198,0.0152417816765859));
#4367=CARTESIAN_POINT('',(-0.0741779519631168,-0.154085181880198,0.0152417816765859));
#4368=CARTESIAN_POINT('',(-0.0741779519631168,-0.154085181880198,0.0152417816765859));
#4369=CARTESIAN_POINT('',(-0.0845860010695949,-0.151916909873073,0.0257545557042799));
#4370=CARTESIAN_POINT('',(-0.0949885091041233,-0.149747529301322,0.0362727045601223));
#4371=CARTESIAN_POINT('',(-0.105448418976699,-0.147589462311125,0.046736));
#4372=CARTESIAN_POINT('',(-0.0317115810233006,-0.147589462311125,0.046736));
#4373=CARTESIAN_POINT('',(-0.0421714908978446,-0.149747529301728,0.0362727045581538));
#4374=CARTESIAN_POINT('',(-0.0525739989297623,-0.15191690987294,0.0257545557049281));
#4375=CARTESIAN_POINT('',(-0.0629820480368832,-0.154085181880199,0.015241781676586));
#4376=CARTESIAN_POINT('',(-0.10668,-0.152669462311125,0.046736));
#4377=CARTESIAN_POINT('',(-0.075565,-0.166592240343454,0.017447113532956));
#4378=CARTESIAN_POINT('',(-0.0753781120127869,-0.166675865603389,0.0172711938466459));
#4379=CARTESIAN_POINT('',(-0.10668,-0.151099564908083,0.046736));
#4380=CARTESIAN_POINT('',(-0.075565,-0.162727122508581,0.0167655889750504));
#4381=CARTESIAN_POINT('',(-0.0753781120127869,-0.162796961841255,0.0165855758047981));
#4382=CARTESIAN_POINT('',(-0.10668,-0.149529667505042,0.046736));
#4383=CARTESIAN_POINT('',(-0.075565,-0.158862004673708,0.0160840644171448));
#4384=CARTESIAN_POINT('',(-0.0753781120127869,-0.158918058079122,0.0158999577629503));
#4385=CARTESIAN_POINT('',(-0.10668,-0.147959770102,0.046736));
#4386=CARTESIAN_POINT('',(-0.075565,-0.154996886838835,0.0154025398592393));
#4387=CARTESIAN_POINT('',(-0.0753781120127869,-0.155039154316988,0.0152143397211024));
#4388=CARTESIAN_POINT('',(-0.10668,-0.148605462311125,0.046736));
#4389=CARTESIAN_POINT('',(-0.10668,-0.148563433141532,0.046736));
#4390=CARTESIAN_POINT('',(-0.106677402128805,-0.148521724796986,0.0467334072914196));
#4391=CARTESIAN_POINT('',(-0.106672264910274,-0.148480330897359,0.0467282665720592));
#4392=CARTESIAN_POINT('',(-0.106672264910274,-0.148480330897359,0.046728266572059));
#4393=CARTESIAN_POINT('',(-0.106672264910274,-0.148480330897359,0.046728266572059));
#4394=CARTESIAN_POINT('',(-0.0962735586284484,-0.150731845039257,0.0363317561606618));
#4395=CARTESIAN_POINT('',(-0.0859201908156132,-0.152892779706081,0.0258707300484024));
#4396=CARTESIAN_POINT('',(-0.0755648031936251,-0.155066088787221,0.0154145360245903));
#4397=CARTESIAN_POINT('',(-0.0755648031936251,-0.155066088787221,0.0154145360245903));
#4398=CARTESIAN_POINT('',(-0.0755648031936251,-0.155066088787221,0.0154145360245903));
#4399=CARTESIAN_POINT('',(-0.0755649343843737,-0.155072628324888,0.0154158264472106));
#4400=CARTESIAN_POINT('',(-0.075565,-0.155079180912752,0.0154170505248233));
#4401=CARTESIAN_POINT('',(-0.075565,-0.155085746557259,0.0154182082250956));
#4402=CARTESIAN_POINT('',(-0.075565,-0.155085746557259,0.0154182082250956));
#4403=CARTESIAN_POINT('',(-0.075565,-0.154085181880198,0.0152417816765859));
#4404=CARTESIAN_POINT('',(-0.075565,-0.165359815286915,0.0172298037437871));
#4405=CARTESIAN_POINT('',(-0.075565,-0.165359815286915,0.0172298037437871));
#4406=CARTESIAN_POINT('',(-0.0849033172732951,-0.16115450339657,0.0260418328671906));
#4407=CARTESIAN_POINT('',(-0.0942501788670465,-0.156954545949721,0.0348478058224354));
#4408=CARTESIAN_POINT('',(-0.103513277398439,-0.152669462311125,0.0437006326212836));
#4409=CARTESIAN_POINT('',(-0.06858,-0.170527809603645,0.00916798698383714));
#4410=CARTESIAN_POINT('',(-0.0720725,-0.166592240343454,0.017447113532956));
#4411=CARTESIAN_POINT('',(-0.061595,-0.166592240343454,0.017447113532956));
#4412=CARTESIAN_POINT('',(-0.075565,-0.166592240343454,0.017447113532956));
#4413=CARTESIAN_POINT('',(-0.061595,-0.168032873922785,0.0144165004435512));
#4414=CARTESIAN_POINT('',(-0.061595,-0.165829555707573,0.0190515479108217));
#4415=CARTESIAN_POINT('',(-0.061595,-0.165829555707573,0.0190515479108217));
#4416=CARTESIAN_POINT('',(-0.051840526269218,-0.161452292213714,0.0282598519727178));
#4417=CARTESIAN_POINT('',(-0.0420733048068945,-0.157080130945116,0.0374574226525231));
#4418=CARTESIAN_POINT('',(-0.0324007820670842,-0.152669462311125,0.046736));
#4419=CARTESIAN_POINT('',(-0.104759217932916,-0.152669462311125,0.046736));
#4420=CARTESIAN_POINT('',(-0.0950866952003811,-0.157080130941798,0.0374574226595022));
#4421=CARTESIAN_POINT('',(-0.0853194737288903,-0.161452292214563,0.028259851970932));
#4422=CARTESIAN_POINT('',(-0.075565,-0.165829555707573,0.0190515479108217));
#4423=CARTESIAN_POINT('',(-0.075565,-0.165829555707573,0.0190515479108217));
#4424=CARTESIAN_POINT('',(-0.075565,-0.170527809603645,0.00916798698383714));
#4425=CARTESIAN_POINT('',(-0.03048,-0.147959770102,0.046736));
#4426=CARTESIAN_POINT('',(-0.061595,-0.154996886838835,0.0154025398592393));
#4427=CARTESIAN_POINT('',(-0.0617818879872131,-0.155039154316988,0.0152143397211024));
#4428=CARTESIAN_POINT('',(-0.03048,-0.149529667505042,0.046736));
#4429=CARTESIAN_POINT('',(-0.061595,-0.158862004673708,0.0160840644171448));
#4430=CARTESIAN_POINT('',(-0.0617818879872131,-0.158918058079122,0.0158999577629503));
#4431=CARTESIAN_POINT('',(-0.03048,-0.151099564908083,0.046736));
#4432=CARTESIAN_POINT('',(-0.061595,-0.162727122508581,0.0167655889750504));
#4433=CARTESIAN_POINT('',(-0.0617818879872131,-0.162796961841255,0.0165855758047981));
#4434=CARTESIAN_POINT('',(-0.03048,-0.152669462311125,0.046736));
#4435=CARTESIAN_POINT('',(-0.061595,-0.166592240343454,0.017447113532956));
#4436=CARTESIAN_POINT('',(-0.0617818879872131,-0.166675865603389,0.0172711938466459));
#4437=CARTESIAN_POINT('',(-0.0615951968063748,-0.155066088787221,0.0154145360245903));
#4438=CARTESIAN_POINT('',(-0.0512398091826385,-0.152892779705714,0.0258707300501671));
#4439=CARTESIAN_POINT('',(-0.0408864413782848,-0.150731845040715,0.03633175615393));
#4440=CARTESIAN_POINT('',(-0.0304877350897263,-0.148480330897359,0.046728266572059));
#4441=CARTESIAN_POINT('',(-0.0615951968063748,-0.155066088787221,0.0154145360245903));
#4442=CARTESIAN_POINT('',(-0.0304877350897263,-0.148480330897359,0.046728266572059));
#4443=CARTESIAN_POINT('',(-0.0304877350897263,-0.148480330897359,0.046728266572059));
#4444=CARTESIAN_POINT('',(-0.030482597871195,-0.148521724796986,0.0467334072914194));
#4445=CARTESIAN_POINT('',(-0.03048,-0.148563433141532,0.046736));
#4446=CARTESIAN_POINT('',(-0.03048,-0.148605462311125,0.046736));
#4447=CARTESIAN_POINT('',(-0.0336467226015612,-0.152669462311125,0.0437006326212835));
#4448=CARTESIAN_POINT('',(-0.0429098210963189,-0.156954545932774,0.0348478058574474));
#4449=CARTESIAN_POINT('',(-0.0522566827216635,-0.1611545033943,0.0260418328719479));
#4450=CARTESIAN_POINT('',(-0.061595,-0.165359815286915,0.017229803743787));
#4451=CARTESIAN_POINT('',(-0.061595,-0.165359815286915,0.0172298037437871));
#4452=CARTESIAN_POINT('',(-0.061595,-0.154085181880198,0.0152417816765859));
#4453=CARTESIAN_POINT('',(-0.061595,-0.155085746557259,0.0154182082250956));
#4454=CARTESIAN_POINT('',(-0.061595,-0.155085746557259,0.0154182082250956));
#4455=CARTESIAN_POINT('',(-0.061595,-0.155079180912752,0.0154170505248233));
#4456=CARTESIAN_POINT('',(-0.0615950656156262,-0.155072628324888,0.0154158264472106));
#4457=CARTESIAN_POINT('',(-0.0615951968063748,-0.155066088787221,0.0154145360245903));
#4458=CARTESIAN_POINT('',(-0.06858,-0.167805172864458,0.0105682313781657));
#4459=CARTESIAN_POINT('',(-0.061595,-0.167805172864458,0.0105682313781657));
#4460=CARTESIAN_POINT('',(-0.061595,-0.168841678836951,0.00468991390043583));
#4461=CARTESIAN_POINT('',(-0.075565,-0.167805172864458,0.0105682313781657));
#4462=CARTESIAN_POINT('',(-0.075565,-0.168841678836951,0.00468991390043583));
#4463=CARTESIAN_POINT('',(-0.074549,-0.168841678836951,0.00468991390043583));
#4464=CARTESIAN_POINT('',(-0.074549,-0.169018105385461,0.00368934922337543));
#4465=CARTESIAN_POINT('',(-0.0720725,-0.169018105385461,0.00368934922337543));
#4466=CARTESIAN_POINT('',(-0.062611,-0.169018105385461,0.00368934922337543));
#4467=CARTESIAN_POINT('',(-0.062611,-0.168841678836951,0.00468991390043583));
#4468=CARTESIAN_POINT('',(-0.0452851470019094,-0.16875807455463,0.00516405734680633));
#4469=CARTESIAN_POINT('',(-0.0452851470019094,-0.166930863741436,0.0155266848122837));
#4470=CARTESIAN_POINT('',(-0.0452851470019094,-0.168934501103139,0.00416349266974593));
#4471=CARTESIAN_POINT('',(-0.06858,-0.168934501103139,0.00416349266974593));
#4472=CARTESIAN_POINT('',(-0.0338722655902631,-0.168934501103139,0.00416349266974593));
#4473=CARTESIAN_POINT('',(-0.0338722655902631,-0.167805172864458,0.0105682313781657));
#4474=CARTESIAN_POINT('',(-0.0338722655902631,-0.166930863741436,0.0155266848122837));
#4475=CARTESIAN_POINT('',(-0.0442691470019095,-0.166930863741436,0.0155266848122837));
#4476=CARTESIAN_POINT('',(-0.11338,-0.172276613439381,-0.0147905682618987));
#4477=CARTESIAN_POINT('',(-0.11338,-0.173142075956873,-0.0196988501029115));
#4478=CARTESIAN_POINT('',(-0.118364,-0.172276613439381,-0.0147905682618987));
#4479=CARTESIAN_POINT('',(-0.118364,-0.163333732289534,0.0359270310182301));
#4480=CARTESIAN_POINT('',(-0.118364,-0.163333732289534,0.0359270310182301));
#4481=CARTESIAN_POINT('',(-0.11338,-0.163333732289534,0.0359270310182301));
#4482=CARTESIAN_POINT('',(-0.11338,-0.162468269772042,0.0408353128592429));
#4483=CARTESIAN_POINT('',(-0.06858,-0.162468269772042,0.0408353128592429));
#4484=CARTESIAN_POINT('',(-0.02378,-0.162468269772042,0.0408353128592429));
#4485=CARTESIAN_POINT('',(-0.02378,-0.163333732289534,0.0359270310182301));
#4486=CARTESIAN_POINT('',(-0.018796,-0.163333732289534,0.0359270310182301));
#4487=CARTESIAN_POINT('',(-0.018796,-0.167805172864458,0.0105682313781657));
#4488=CARTESIAN_POINT('',(-0.018796,-0.172276613439381,-0.0147905682618987));
#4489=CARTESIAN_POINT('',(-0.02378,-0.172276613439381,-0.0147905682618987));
#4490=CARTESIAN_POINT('',(-0.02378,-0.173142075956873,-0.0196988501029115));
#4491=CARTESIAN_POINT('',(-0.11338,-0.173142075956873,-0.0196988501029115));
#4492=CARTESIAN_POINT('',(-0.06858,-0.171673515241621,0.0116648535150739));
#4493=CARTESIAN_POINT('',(-0.06858,-0.173627373823598,0.0120093714995651));
#4494=CARTESIAN_POINT('',(-0.06858,-0.178489522798272,-0.0155652455847767));
#4495=CARTESIAN_POINT('',(-0.0408137841429713,-0.171046521301994,0.015220712845891));
#4496=CARTESIAN_POINT('',(-0.0408137841429713,-0.171609831336717,0.0153200396035165));
#4497=CARTESIAN_POINT('',(-0.0408137841429713,-0.171046521301994,0.015220712845891));
#4498=CARTESIAN_POINT('',(-0.06858,-0.172236825276344,0.0117641802726994));
#4499=CARTESIAN_POINT('',(-0.041207753932509,-0.173260615601402,0.00595797681509955));
#4500=CARTESIAN_POINT('',(-0.041207753932509,-0.172697305566679,0.00585865005747406));
#4501=CARTESIAN_POINT('',(-0.041207753932509,-0.172697305566679,0.00585865005747406));
#4502=CARTESIAN_POINT('',(-0.06858,-0.171673515241621,0.0116648535150739));
#4503=CARTESIAN_POINT('',(-0.06858,-0.171849941790131,0.0106642888380135));
#4504=CARTESIAN_POINT('',(-0.0442691470019095,-0.171849941790131,0.0106642888380135));
#4505=CARTESIAN_POINT('',(-0.0442691470019095,-0.172697305566679,0.00585865005747406));
#4506=CARTESIAN_POINT('',(-0.0442691470019095,-0.171046521301994,0.015220712845891));
#4507=CARTESIAN_POINT('',(-0.06858,-0.171046521301994,0.015220712845891));
#4508=CARTESIAN_POINT('',(-0.06858,-0.172697305566679,0.00585865005747406));
#4509=CARTESIAN_POINT('',(-0.06858,-0.162291843223533,0.0418358775363033));
#4510=CARTESIAN_POINT('',(-0.02378,-0.162291843223533,0.0418358775363033));
#4511=CARTESIAN_POINT('',(-0.02378,-0.168184932817558,0.0428749882314622));
#4512=CARTESIAN_POINT('',(-0.02378,-0.163292407900592,0.0420123040848129));
#4513=CARTESIAN_POINT('',(-0.06858,-0.163292407900592,0.0420123040848129));
#4514=CARTESIAN_POINT('',(-0.11338,-0.163292407900592,0.0420123040848129));
#4515=CARTESIAN_POINT('',(-0.11338,-0.169185497494618,0.0430514147799718));
#4516=CARTESIAN_POINT('',(-0.11338,-0.168184932817558,0.0428749882314622));
#4517=CARTESIAN_POINT('',(-0.02378,-0.168184932817558,0.0428749882314622));
#4518=CARTESIAN_POINT('',(-0.11938,-0.167805172864458,0.0105682313781657));
#4519=CARTESIAN_POINT('',(-0.11938,-0.163333732289534,0.0359270310182301));
#4520=CARTESIAN_POINT('',(-0.11938,-0.169226821883559,0.036966141713389));
#4521=CARTESIAN_POINT('',(-0.11938,-0.164334296966595,0.0361034575667396));
#4522=CARTESIAN_POINT('',(-0.11938,-0.173277178116441,-0.014614141713389));
#4523=CARTESIAN_POINT('',(-0.11938,-0.173277178116441,-0.014614141713389));
#4524=CARTESIAN_POINT('',(-0.11938,-0.172276613439381,-0.0147905682618987));
#4525=CARTESIAN_POINT('',(-0.11938,-0.178169703033406,-0.0137514575667397));
#4526=CARTESIAN_POINT('',(-0.11938,-0.173698262458482,0.0116073420733246));
#4527=CARTESIAN_POINT('',(-0.06858,-0.173318502505382,-0.0206994147799719));
#4528=CARTESIAN_POINT('',(-0.11338,-0.173318502505382,-0.0206994147799719));
#4529=CARTESIAN_POINT('',(-0.11338,-0.179211592099408,-0.019660304084813));
#4530=CARTESIAN_POINT('',(-0.11338,-0.174319067182442,-0.0205229882314623));
#4531=CARTESIAN_POINT('',(-0.02378,-0.174319067182442,-0.0205229882314623));
#4532=CARTESIAN_POINT('',(-0.02378,-0.174319067182442,-0.0205229882314623));
#4533=CARTESIAN_POINT('',(-0.02378,-0.180212156776468,-0.0194838775363034));
#4534=CARTESIAN_POINT('',(-0.02378,-0.179211592099408,-0.019660304084813));
#4535=CARTESIAN_POINT('',(-0.06858,-0.179211592099408,-0.019660304084813));
#4536=CARTESIAN_POINT('',(-0.01778,-0.167805172864458,0.0105682313781657));
#4537=CARTESIAN_POINT('',(-0.01778,-0.172276613439381,-0.0147905682618987));
#4538=CARTESIAN_POINT('',(-0.01778,-0.178169703033406,-0.0137514575667397));
#4539=CARTESIAN_POINT('',(-0.01778,-0.173277178116441,-0.014614141713389));
#4540=CARTESIAN_POINT('',(-0.01778,-0.168805737541518,0.0107446579266753));
#4541=CARTESIAN_POINT('',(-0.01778,-0.164334296966595,0.0361034575667396));
#4542=CARTESIAN_POINT('',(-0.01778,-0.163333732289534,0.0359270310182301));
#4543=CARTESIAN_POINT('',(-0.01778,-0.169226821883559,0.036966141713389));
#4544=CARTESIAN_POINT('',(-0.01778,-0.178169703033406,-0.0137514575667397));
#4545=CARTESIAN_POINT('',(-0.06858,-0.174698827135543,0.0117837686218342));
#4546=CARTESIAN_POINT('',(-0.02378,-0.17022738656062,0.0371425682618986));
#4547=CARTESIAN_POINT('',(-0.018796,-0.17022738656062,0.0371425682618986));
#4548=CARTESIAN_POINT('',(-0.02378,-0.169361924043127,0.0420508501029115));
#4549=CARTESIAN_POINT('',(-0.11338,-0.169361924043127,0.0420508501029115));
#4550=CARTESIAN_POINT('',(-0.11338,-0.169361924043127,0.0420508501029115));
#4551=CARTESIAN_POINT('',(-0.11338,-0.17022738656062,0.0371425682618986));
#4552=CARTESIAN_POINT('',(-0.118364,-0.17022738656062,0.0371425682618986));
#4553=CARTESIAN_POINT('',(-0.118364,-0.174698827135543,0.0117837686218342));
#4554=CARTESIAN_POINT('',(-0.118364,-0.179170267710466,-0.0135750310182302));
#4555=CARTESIAN_POINT('',(-0.11338,-0.179170267710466,-0.0135750310182301));
#4556=CARTESIAN_POINT('',(-0.11338,-0.180035730227958,-0.018483312859243));
#4557=CARTESIAN_POINT('',(-0.06858,-0.180035730227958,-0.018483312859243));
#4558=CARTESIAN_POINT('',(-0.02378,-0.180035730227958,-0.018483312859243));
#4559=CARTESIAN_POINT('',(-0.02378,-0.179170267710466,-0.0135750310182301));
#4560=CARTESIAN_POINT('',(-0.018796,-0.179170267710466,-0.0135750310182301));
#4561=CARTESIAN_POINT('',(-0.018796,-0.17022738656062,0.0371425682618986));
#4562=CARTESIAN_POINT('',(-0.06858,-0.174627938500658,0.0121857980480747));
#4563=CARTESIAN_POINT('',(-0.06858,-0.179666514023842,-0.0163893837133275));
#4564=CARTESIAN_POINT('',(-0.02378,-0.163333732289534,0.0359270310182301));
#4565=CARTESIAN_POINT('',(-0.02378,-0.164334296966595,0.0361034575667396));
#4566=CARTESIAN_POINT('',(-0.02378,-0.169226821883559,0.036966141713389));
#4567=CARTESIAN_POINT('',(-0.02378,-0.172276613439381,-0.0147905682618987));
#4568=CARTESIAN_POINT('',(-0.02378,-0.173277178116441,-0.014614141713389));
#4569=CARTESIAN_POINT('',(-0.02378,-0.178169703033406,-0.0137514575667397));
#4570=CARTESIAN_POINT('',(-0.11338,-0.172276613439381,-0.0147905682618987));
#4571=CARTESIAN_POINT('',(-0.11338,-0.173277178116441,-0.014614141713389));
#4572=CARTESIAN_POINT('',(-0.11338,-0.178169703033406,-0.0137514575667397));
#4573=CARTESIAN_POINT('',(-0.11338,-0.163333732289534,0.0359270310182301));
#4574=CARTESIAN_POINT('',(-0.11338,-0.164334296966595,0.0361034575667396));
#4575=CARTESIAN_POINT('',(-0.11338,-0.169226821883559,0.036966141713389));
#4576=CARTESIAN_POINT('',(-0.06858,-0.172307713911229,0.0113621508464589));
#4577=CARTESIAN_POINT('',(-0.0395787062960863,-0.171609831336717,0.0153200396035165));
#4578=CARTESIAN_POINT('',(-0.0348882655902632,-0.171609831336717,0.0153200396035165));
#4579=CARTESIAN_POINT('',(-0.0348882655902632,-0.17243522346906,0.010639008209308));
#4580=CARTESIAN_POINT('',(-0.0348882655902632,-0.173260615601402,0.00595797681509955));
#4581=CARTESIAN_POINT('',(-0.0395787062960863,-0.173260615601402,0.00595797681509955));
#4582=CARTESIAN_POINT('',(-0.0395787062960863,-0.171609831336717,0.0153200396035165));
#4583=CARTESIAN_POINT('',(-0.0442691470019095,-0.171609831336717,0.0153200396035165));
#4584=CARTESIAN_POINT('',(-0.0442691470019095,-0.168107854967006,0.0147025466837329));
#4585=CARTESIAN_POINT('',(-0.0348882655902632,-0.168107854967006,0.0147025466837329));
#4586=CARTESIAN_POINT('',(-0.0348882655902632,-0.168107854967006,0.0147025466837329));
#4587=CARTESIAN_POINT('',(-0.0348882655902632,-0.171609831336717,0.0153200396035165));
#4588=CARTESIAN_POINT('',(-0.0395787062960863,-0.173260615601402,0.00595797681509955));
#4589=CARTESIAN_POINT('',(-0.0348882655902632,-0.173260615601402,0.00595797681509955));
#4590=CARTESIAN_POINT('',(-0.0348882655902632,-0.169758639231691,0.00534048389531594));
#4591=CARTESIAN_POINT('',(-0.0395787062960863,-0.169758639231691,0.00534048389531594));
#4592=CARTESIAN_POINT('',(-0.0442691470019095,-0.169758639231691,0.00534048389531594));
#4593=CARTESIAN_POINT('',(-0.0442691470019095,-0.173260615601402,0.00595797681509953));
#4594=CARTESIAN_POINT('',(-0.0348882655902632,-0.17243522346906,0.010639008209308));
#4595=CARTESIAN_POINT('',(-0.0348882655902632,-0.168933247099348,0.0100215152895244));
#4596=CARTESIAN_POINT('',(-0.0442691470019095,-0.17243522346906,0.010639008209308));
#4597=CARTESIAN_POINT('',(-0.0442691470019095,-0.168107854967006,0.0147025466837329));
#4598=CARTESIAN_POINT('',(-0.0338722655902631,-0.168933247099348,0.0100215152895244));
#4599=CARTESIAN_POINT('',(-0.0338722655902631,-0.1699350657802,0.00433991921825554));
#4600=CARTESIAN_POINT('',(-0.0338722655902631,-0.167931428418496,0.0157031113607933));
#4601=CARTESIAN_POINT('',(-0.06858,-0.167931428418496,0.0157031113607933));
#4602=CARTESIAN_POINT('',(-0.0452851470019094,-0.167931428418496,0.0157031113607933));
#4603=CARTESIAN_POINT('',(-0.0395787062960863,-0.1699350657802,0.00433991921825554));
#4604=CARTESIAN_POINT('',(-0.0452851470019094,-0.1699350657802,0.00433991921825554));
#4605=CARTESIAN_POINT('',(-0.0452851470019094,-0.168805737541518,0.0107446579266753));
#4606=CARTESIAN_POINT('',(-0.018796,-0.168805737541518,0.0107446579266753));
#4607=CARTESIAN_POINT('',(-0.018796,-0.173277178116441,-0.014614141713389));
#4608=CARTESIAN_POINT('',(-0.018796,-0.164334296966595,0.0361034575667396));
#4609=CARTESIAN_POINT('',(-0.02378,-0.164334296966595,0.0361034575667396));
#4610=CARTESIAN_POINT('',(-0.02378,-0.163468834449103,0.0410117394077525));
#4611=CARTESIAN_POINT('',(-0.02378,-0.173277178116441,-0.014614141713389));
#4612=CARTESIAN_POINT('',(-0.02378,-0.174142640633933,-0.0195224235544019));
#4613=CARTESIAN_POINT('',(-0.06858,-0.163468834449103,0.0410117394077525));
#4614=CARTESIAN_POINT('',(-0.11338,-0.163468834449103,0.0410117394077525));
#4615=CARTESIAN_POINT('',(-0.06858,-0.174142640633933,-0.0195224235544019));
#4616=CARTESIAN_POINT('',(-0.11338,-0.174142640633933,-0.0195224235544019));
#4617=CARTESIAN_POINT('',(-0.11338,-0.164334296966595,0.0361034575667396));
#4618=CARTESIAN_POINT('',(-0.118364,-0.164334296966595,0.0361034575667396));
#4619=CARTESIAN_POINT('',(-0.11338,-0.173277178116441,-0.014614141713389));
#4620=CARTESIAN_POINT('',(-0.118364,-0.173277178116441,-0.014614141713389));
#4621=CARTESIAN_POINT('',(-0.118364,-0.168805737541518,0.0107446579266753));
#4622=CARTESIAN_POINT('',(-0.06858,-0.179035165550898,-0.0186597394077526));
#4623=CARTESIAN_POINT('',(-0.02378,-0.179035165550898,-0.0186597394077526));
#4624=CARTESIAN_POINT('',(-0.11338,-0.179035165550898,-0.0186597394077526));
#4625=CARTESIAN_POINT('',(-0.11338,-0.178169703033406,-0.0137514575667397));
#4626=CARTESIAN_POINT('',(-0.118364,-0.178169703033406,-0.0137514575667397));
#4627=CARTESIAN_POINT('',(-0.02378,-0.178169703033406,-0.0137514575667397));
#4628=CARTESIAN_POINT('',(-0.018796,-0.178169703033406,-0.0137514575667397));
#4629=CARTESIAN_POINT('',(-0.118364,-0.173698262458482,0.0116073420733246));
#4630=CARTESIAN_POINT('',(-0.118364,-0.169226821883559,0.036966141713389));
#4631=CARTESIAN_POINT('',(-0.018796,-0.173698262458482,0.0116073420733246));
#4632=CARTESIAN_POINT('',(-0.018796,-0.169226821883559,0.036966141713389));
#4633=CARTESIAN_POINT('',(-0.11338,-0.169226821883559,0.036966141713389));
#4634=CARTESIAN_POINT('',(-0.11338,-0.168361359366067,0.0418744235544019));
#4635=CARTESIAN_POINT('',(-0.02378,-0.169226821883559,0.036966141713389));
#4636=CARTESIAN_POINT('',(-0.02378,-0.168361359366067,0.0418744235544019));
#4637=CARTESIAN_POINT('',(-0.06858,-0.168361359366067,0.0418744235544019));
#4638=CARTESIAN_POINT('',(-0.06858,-0.173627373823598,0.0120093714995651));
#4639=CARTESIAN_POINT('',(-0.061595,-0.155298114401203,0.00836289952179568));
#4640=CARTESIAN_POINT('',(-0.061595,-0.156334620373696,0.00248458204406582));
#4641=CARTESIAN_POINT('',(-0.061595,-0.157335185050756,0.00266100859257543));
#4642=CARTESIAN_POINT('',(-0.061595,-0.155085746557259,0.0154182082250956));
#4643=CARTESIAN_POINT('',(-0.061595,-0.165359815286915,0.017229803743787));
#4644=CARTESIAN_POINT('',(-0.061595,-0.165539357619135,0.0172614619011367));
#4645=CARTESIAN_POINT('',(-0.061595,-0.165860789828585,0.017470802682561));
#4646=CARTESIAN_POINT('',(-0.061595,-0.166104173233011,0.0181785652842781));
#4647=CARTESIAN_POINT('',(-0.061595,-0.1659847769332,0.0187250141656101));
#4648=CARTESIAN_POINT('',(-0.061595,-0.165829555707573,0.0190515479108217));
#4649=CARTESIAN_POINT('',(-0.0720725,-0.156511046922206,0.00148401736700542));
#4650=CARTESIAN_POINT('',(-0.074549,-0.156511046922206,0.00148401736700542));
#4651=CARTESIAN_POINT('',(-0.074549,-0.157511611599266,0.00166044391551501));
#4652=CARTESIAN_POINT('',(-0.061595,-0.157511611599266,0.00166044391551501));
#4653=CARTESIAN_POINT('',(-0.062611,-0.157511611599266,0.00166044391551501));
#4654=CARTESIAN_POINT('',(-0.062611,-0.156511046922206,0.00148401736700542));
#4655=CARTESIAN_POINT('',(-0.075565,-0.155298114401203,0.00836289952179568));
#4656=CARTESIAN_POINT('',(-0.075565,-0.156298679078263,0.00853932607030529));
#4657=CARTESIAN_POINT('',(-0.075565,-0.157335185050756,0.00266100859257543));
#4658=CARTESIAN_POINT('',(-0.075565,-0.168841678836951,0.00468991390043583));
#4659=CARTESIAN_POINT('',(-0.075565,-0.165829555707573,0.0190515479108217));
#4660=CARTESIAN_POINT('',(-0.075565,-0.165984893328544,0.0187247693085835));
#4661=CARTESIAN_POINT('',(-0.075565,-0.166104324539608,0.0181819108840382));
#4662=CARTESIAN_POINT('',(-0.075565,-0.16586134915109,0.0174710534718572));
#4663=CARTESIAN_POINT('',(-0.075565,-0.165539706863838,0.0172615234824007));
#4664=CARTESIAN_POINT('',(-0.075565,-0.165359815286915,0.0172298037437871));
#4665=CARTESIAN_POINT('',(-0.06858,-0.155298114401203,0.0083628995217957));
#4666=CARTESIAN_POINT('',(-0.075565,-0.156334620373696,0.00248458204406582));
#4667=CARTESIAN_POINT('',(-0.062611,-0.156334620373696,0.00248458204406582));
#4668=CARTESIAN_POINT('',(-0.074549,-0.156334620373696,0.00248458204406582));
#4669=CARTESIAN_POINT('',(-0.074549,-0.155298114401203,0.0083628995217957));
#4670=CARTESIAN_POINT('',(-0.074549,-0.154046999725924,0.0154583234339569));
#4671=CARTESIAN_POINT('',(-0.074549,-0.154046999725924,0.0154583234339569));
#4672=CARTESIAN_POINT('',(-0.0744911268817118,-0.154054571450761,0.0154153820485431));
#4673=CARTESIAN_POINT('',(-0.074372932644217,-0.154067922438888,0.0153396648323144));
#4674=CARTESIAN_POINT('',(-0.0742512369350832,-0.154085181880199,0.0152417816765857));
#4675=CARTESIAN_POINT('',(-0.0741779519631167,-0.154085181880198,0.0152417816765863));
#4676=CARTESIAN_POINT('',(-0.0629820480368832,-0.154085181880198,0.0152417816765859));
#4677=CARTESIAN_POINT('',(-0.062907489102681,-0.154085181880198,0.0152417816765867));
#4678=CARTESIAN_POINT('',(-0.0627877622802957,-0.154067929043168,0.0153396273775801));
#4679=CARTESIAN_POINT('',(-0.0626688755177974,-0.154054571764697,0.0154153802681286));
#4680=CARTESIAN_POINT('',(-0.0626110000000008,-0.154046999725924,0.015458323433958));
#4681=CARTESIAN_POINT('',(-0.062611,-0.154046999725924,0.0154583234339569));
#4682=CARTESIAN_POINT('',(-0.062611,-0.156511046922206,0.00148401736700542));
#4683=CARTESIAN_POINT('',(-0.0302966384106938,-0.148438940121891,0.0469193054608068));
#4684=CARTESIAN_POINT('',(-0.0303874045678329,-0.147569895586841,0.0468308684252651));
#4685=CARTESIAN_POINT('',(-0.0310147149849569,-0.147445739091818,0.0474328358776654));
#4686=CARTESIAN_POINT('',(-0.0410408651062498,-0.150766935387126,0.0361793149627514));
#4687=CARTESIAN_POINT('',(-0.0416071737394795,-0.149912583286006,0.0354724473587325));
#4688=CARTESIAN_POINT('',(-0.0417747203268901,-0.149664067656499,0.0366773647730092));
#4689=CARTESIAN_POINT('',(-0.0517411175623667,-0.152998370215835,0.0253652992369832));
#4690=CARTESIAN_POINT('',(-0.051849719578375,-0.152050696445895,0.025105897256622));
#4691=CARTESIAN_POINT('',(-0.0524698927053896,-0.151895189170873,0.0258598675992836));
#4692=CARTESIAN_POINT('',(-0.0624431219506394,-0.15524402898985,0.0145583250998479));
#4693=CARTESIAN_POINT('',(-0.0624565787491753,-0.154265043414949,0.0143697307231593));
#4694=CARTESIAN_POINT('',(-0.0631724097345513,-0.154124839551681,0.0150495031536912));
#4695=CARTESIAN_POINT('',(-0.031496,-0.147589462311125,0.0467754525529178));
#4696=CARTESIAN_POINT('',(-0.031376360169655,-0.147589462311125,0.0468128062396708));
#4697=CARTESIAN_POINT('',(-0.0311271829733209,-0.147634496316893,0.0467947666647514));
#4698=CARTESIAN_POINT('',(-0.0307037892807324,-0.147889960438238,0.0467163643728658));
#4699=CARTESIAN_POINT('',(-0.030518134095999,-0.148235386399335,0.0466978468499603));
#4700=CARTESIAN_POINT('',(-0.0304877350897263,-0.148480330897359,0.046728266572059));
#4701=CARTESIAN_POINT('',(-0.0615951968063748,-0.155066088787221,0.0154145360245903));
#4702=CARTESIAN_POINT('',(-0.0615978655999131,-0.154933055962491,0.0153882851525854));
#4703=CARTESIAN_POINT('',(-0.0616577001779455,-0.154668171111363,0.0153584656146819));
#4704=CARTESIAN_POINT('',(-0.0618898266092702,-0.154329090250648,0.0153821266930245));
#4705=CARTESIAN_POINT('',(-0.0621652626352051,-0.154138501405699,0.0154449668026618));
#4706=CARTESIAN_POINT('',(-0.0624132008891797,-0.154050899404618,0.0155055350777141));
#4707=CARTESIAN_POINT('',(-0.0625563962685948,-0.15403985574541,0.0154988389607641));
#4708=CARTESIAN_POINT('',(-0.0626110000000008,-0.154046999725924,0.0154583234339581));
#4709=CARTESIAN_POINT('',(-0.062611,-0.156334620373696,0.00248458204406582));
#4710=CARTESIAN_POINT('',(-0.062611,-0.157335185050756,0.00266100859257543));
#4711=CARTESIAN_POINT('',(-0.062611,-0.156298679078263,0.00853932607030529));
#4712=CARTESIAN_POINT('',(-0.062611,-0.157335185050756,0.00266100859257543));
#4713=CARTESIAN_POINT('',(-0.062611,-0.157335185050756,0.00266100859257543));
#4714=CARTESIAN_POINT('',(-0.062611,-0.157335185050756,0.00266100859257543));
#4715=CARTESIAN_POINT('',(-0.106145285014005,-0.147445739092032,0.0474328358766281));
#4716=CARTESIAN_POINT('',(-0.106772595431136,-0.147569895587056,0.0468308684242218));
#4717=CARTESIAN_POINT('',(-0.10686336158827,-0.148438940122115,0.0469193054597711));
#4718=CARTESIAN_POINT('',(-0.0953852797317034,-0.149664067644305,0.0366773648321318));
#4719=CARTESIAN_POINT('',(-0.0955528263296681,-0.149912583274794,0.035472447431881));
#4720=CARTESIAN_POINT('',(-0.0961191349527035,-0.150766935375404,0.036179315021668));
#4721=CARTESIAN_POINT('',(-0.0846901072978602,-0.151895189170307,0.025859867602028));
#4722=CARTESIAN_POINT('',(-0.0853102804245784,-0.152050696441638,0.0251058972585028));
#4723=CARTESIAN_POINT('',(-0.0854188824403778,-0.152998370212184,0.0253652992392067));
#4724=CARTESIAN_POINT('',(-0.0739875902653958,-0.154124839551693,0.0150495031536378));
#4725=CARTESIAN_POINT('',(-0.0747034212507718,-0.15426504341496,0.0143697307231059));
#4726=CARTESIAN_POINT('',(-0.0747168780493077,-0.155244028989861,0.0145583250997945));
#4727=CARTESIAN_POINT('',(-0.106672264910274,-0.148480330897359,0.046728266572059));
#4728=CARTESIAN_POINT('',(-0.106641868664192,-0.14823540863998,0.0466978496120318));
#4729=CARTESIAN_POINT('',(-0.106455457820827,-0.147889305554527,0.0467164885184024));
#4730=CARTESIAN_POINT('',(-0.106033005586509,-0.14763464204325,0.0467947368650373));
#4731=CARTESIAN_POINT('',(-0.105783642362324,-0.147589462311125,0.0468128070302008));
#4732=CARTESIAN_POINT('',(-0.105664,-0.147589462311125,0.0467754525529179));
#4733=CARTESIAN_POINT('',(-0.074549,-0.154046999725924,0.015458323433957));
#4734=CARTESIAN_POINT('',(-0.0746037378513874,-0.154039838198065,0.0154989384767035));
#4735=CARTESIAN_POINT('',(-0.074747332789066,-0.154051020496463,0.0155054375039485));
#4736=CARTESIAN_POINT('',(-0.0749948559155872,-0.154138590792993,0.0154449215278915));
#4737=CARTESIAN_POINT('',(-0.0752703817739224,-0.154329461026728,0.0153821265590604));
#4738=CARTESIAN_POINT('',(-0.0755018245733527,-0.154667118083836,0.0153584387425074));
#4739=CARTESIAN_POINT('',(-0.0755621341964148,-0.154933045809942,0.0153882831492207));
#4740=CARTESIAN_POINT('',(-0.0755648031936251,-0.155066088787221,0.0154145360245903));
#4741=CARTESIAN_POINT('',(-0.06858,-0.157335185050756,0.00266100859257543));
#4742=CARTESIAN_POINT('',(-0.074549,-0.157335185050756,0.00266100859257543));
#4743=CARTESIAN_POINT('',(-0.074549,-0.156298679078263,0.00853932607030529));
#4744=CARTESIAN_POINT('',(-0.074549,-0.157335185050756,0.00266100859257543));
#4745=CARTESIAN_POINT('',(-0.074549,-0.157335185050756,0.00266100859257543));
#4746=CARTESIAN_POINT('',(-0.074549,-0.157335185050756,0.00266100859257543));
#4747=CARTESIAN_POINT('',(-0.074549,-0.156334620373696,0.00248458204406582));
#4748=CARTESIAN_POINT('',(-0.0321162938110629,-0.152539698098622,0.0470089806708584));
#4749=CARTESIAN_POINT('',(-0.0311070864266187,-0.152947387212654,0.0461513386006476));
#4750=CARTESIAN_POINT('',(-0.0314106174181217,-0.151631188681931,0.0458419032373936));
#4751=CARTESIAN_POINT('',(-0.0371499197461232,-0.154836372053352,0.0421775438300426));
#4752=CARTESIAN_POINT('',(-0.0360374114396186,-0.15515546518519,0.041506278190933));
#4753=CARTESIAN_POINT('',(-0.0364372854251477,-0.153974825733764,0.0410177685603489));
#4754=CARTESIAN_POINT('',(-0.0472830597005269,-0.159403032748603,0.0325708111559933));
#4755=CARTESIAN_POINT('',(-0.0462604469559539,-0.159730035066054,0.0318829072226625));
#4756=CARTESIAN_POINT('',(-0.0465653450625703,-0.158581539982601,0.0314220363246736));
#4757=CARTESIAN_POINT('',(-0.0574337283363623,-0.163962431326817,0.0229793555567406));
#4758=CARTESIAN_POINT('',(-0.0565144144246775,-0.164318613325144,0.0222300672996884));
#4759=CARTESIAN_POINT('',(-0.0567134943101862,-0.163161646319916,0.021836100172789));
#4760=CARTESIAN_POINT('',(-0.0625118858576366,-0.166240980641188,0.0181860469208342));
#4761=CARTESIAN_POINT('',(-0.0616248145670779,-0.166605376440701,0.0174194795607695));
#4762=CARTESIAN_POINT('',(-0.0617907497579164,-0.165447964788333,0.017045087960761));
#4763=CARTESIAN_POINT('',(-0.105749591992957,-0.151631091045928,0.0458421042109768));
#4764=CARTESIAN_POINT('',(-0.106053125555482,-0.152947292275096,0.0461515383176399));
#4765=CARTESIAN_POINT('',(-0.105043915889886,-0.152539602419122,0.0470091819486505));
#4766=CARTESIAN_POINT('',(-0.100722784311692,-0.15397479522839,0.0410178332401569));
#4767=CARTESIAN_POINT('',(-0.101122669675417,-0.155155428942225,0.0415063544364509));
#4768=CARTESIAN_POINT('',(-0.100010149932899,-0.154836341272763,0.0421776085821462));
#4769=CARTESIAN_POINT('',(-0.0905944392648344,-0.158581637795386,0.0314218323350509));
#4770=CARTESIAN_POINT('',(-0.0908993380752945,-0.159730131243808,0.0318827048945772));
#4771=CARTESIAN_POINT('',(-0.0898767245412247,-0.159403129832698,0.0325706069234019));
#4772=CARTESIAN_POINT('',(-0.0804460048713941,-0.163161872218619,0.0218356272638185));
#4773=CARTESIAN_POINT('',(-0.0806450844453466,-0.164318837570682,0.0222295955636933));
#4774=CARTESIAN_POINT('',(-0.0797257707305053,-0.163962656260503,0.0229788823712057));
#4775=CARTESIAN_POINT('',(-0.0753686066865565,-0.165448254585209,0.0170444806873401));
#4776=CARTESIAN_POINT('',(-0.0755345408142984,-0.166605664889756,0.0174188727600574));
#4777=CARTESIAN_POINT('',(-0.0746474704724978,-0.166241269453316,0.0181854393563386));
#4778=CARTESIAN_POINT('',(-0.0842848424249713,-0.148757862311125,0.0526576550452325));
#4779=CARTESIAN_POINT('',(-0.0842848424249713,-0.147589462311125,0.0526576550452325));
#4780=CARTESIAN_POINT('',(-0.0842848424249713,-0.148757862311125,0.0519356987436554));
#4781=CARTESIAN_POINT('',(-0.0842848424249713,-0.147589462311125,0.0519356987436554));
#4782=CARTESIAN_POINT('',(-0.0840122208508402,-0.148757862311125,0.0513787502369471));
#4783=CARTESIAN_POINT('',(-0.0840122208508402,-0.147589462311125,0.0513787502369471));
#4784=CARTESIAN_POINT('',(-0.0834669777025779,-0.148757862311125,0.0509868095251076));
#4785=CARTESIAN_POINT('',(-0.0834669777025779,-0.147589462311125,0.0509868095251076));
#4786=CARTESIAN_POINT('',(-0.0842848424249713,-0.148757862311125,0.0526576550452325));
#4787=CARTESIAN_POINT('',(-0.0842848424249713,-0.148757862311125,0.0526576550452325));
#4788=CARTESIAN_POINT('',(-0.0842848424249713,-0.148757862311125,0.0526576550452325));
#4789=CARTESIAN_POINT('',(-0.0842848424249713,-0.148757862311125,0.0515747205928668));
#4790=CARTESIAN_POINT('',(-0.0834669777025779,-0.148757862311125,0.0509868095251076));
#4791=CARTESIAN_POINT('',(-0.0834669777025779,-0.148757862311125,0.0509868095251076));
#4792=CARTESIAN_POINT('',(-0.0834669777025779,-0.148757862311125,0.0509868095251076));
#4793=CARTESIAN_POINT('',(-0.0841432453469946,-0.148757862311125,0.0534404036922875));
#4794=CARTESIAN_POINT('',(-0.0841432453469946,-0.147589462311125,0.0534404036922875));
#4795=CARTESIAN_POINT('',(-0.0842376433989791,-0.148757862311125,0.0532115828142772));
#4796=CARTESIAN_POINT('',(-0.0842376433989791,-0.147589462311125,0.0532115828142772));
#4797=CARTESIAN_POINT('',(-0.0842848424249713,-0.148757862311125,0.0529506665985922));
#4798=CARTESIAN_POINT('',(-0.0842848424249713,-0.147589462311125,0.0529506665985922));
#4799=CARTESIAN_POINT('',(-0.0842848424249713,-0.148757862311125,0.0526576550452325));
#4800=CARTESIAN_POINT('',(-0.0842848424249713,-0.147589462311125,0.0526576550452325));
#4801=CARTESIAN_POINT('',(-0.0841432453469946,-0.148757862311125,0.0534404036922875));
#4802=CARTESIAN_POINT('',(-0.0841432453469946,-0.148757862311125,0.0534404036922875));
#4803=CARTESIAN_POINT('',(-0.0841432453469946,-0.148757862311125,0.0534404036922875));
#4804=CARTESIAN_POINT('',(-0.0842848424249713,-0.148757862311125,0.0530971723752721));
#4805=CARTESIAN_POINT('',(-0.0842848424249713,-0.148757862311125,0.0526576550452325));
#4806=CARTESIAN_POINT('',(-0.0824059748673803,-0.148757862311125,0.0527293592622493));
#4807=CARTESIAN_POINT('',(-0.0837433751987884,-0.148757862311125,0.0540464391860277));
#4808=CARTESIAN_POINT('',(-0.0837433726362116,-0.148757862311125,0.0540464366623866));
#4809=CARTESIAN_POINT('',(-0.0824059748673803,-0.148757862311125,0.0527293592622493));
#4810=CARTESIAN_POINT('',(-0.0830387881387765,-0.148757862311125,0.054524470921277));
#4811=CARTESIAN_POINT('',(-0.0830387881387765,-0.147589462311125,0.054524470921277));
#4812=CARTESIAN_POINT('',(-0.0833363307986315,-0.148757862311125,0.0543809858822607));
#4813=CARTESIAN_POINT('',(-0.0833363307986315,-0.147589462311125,0.0543809858822607));
#4814=CARTESIAN_POINT('',(-0.0835711931519688,-0.148757862311125,0.0542216419705109));
#4815=CARTESIAN_POINT('',(-0.0835711931519688,-0.147589462311125,0.0542216419705109));
#4816=CARTESIAN_POINT('',(-0.0837433751987884,-0.148757862311125,0.0540464391860277));
#4817=CARTESIAN_POINT('',(-0.0837433751987884,-0.147589462311125,0.0540464391860277));
#4818=CARTESIAN_POINT('',(-0.0830387881387765,-0.148757862311125,0.054524470921277));
#4819=CARTESIAN_POINT('',(-0.0830387881387765,-0.148757862311125,0.054524470921277));
#4820=CARTESIAN_POINT('',(-0.0830387881387765,-0.148757862311125,0.054524470921277));
#4821=CARTESIAN_POINT('',(-0.083485102128559,-0.148757862311125,0.0543092433627525));
#4822=CARTESIAN_POINT('',(-0.0837433751987884,-0.148757862311125,0.0540464391860277));
#4823=CARTESIAN_POINT('',(-0.0815797718473048,-0.148757862311125,0.0549957059967834));
#4824=CARTESIAN_POINT('',(-0.0815797718473048,-0.147589462311125,0.0549957059967834));
#4825=CARTESIAN_POINT('',(-0.0822549067150976,-0.148757862311125,0.0548250343187955));
#4826=CARTESIAN_POINT('',(-0.0822549067150976,-0.147589462311125,0.0548250343187955));
#4827=CARTESIAN_POINT('',(-0.0827412454789215,-0.148757862311125,0.0546679559602933));
#4828=CARTESIAN_POINT('',(-0.0827412454789215,-0.147589462311125,0.0546679559602933));
#4829=CARTESIAN_POINT('',(-0.0830387881387765,-0.148757862311125,0.054524470921277));
#4830=CARTESIAN_POINT('',(-0.0830387881387765,-0.147589462311125,0.054524470921277));
#4831=CARTESIAN_POINT('',(-0.0815797718473048,-0.148757862311125,0.0549957059967834));
#4832=CARTESIAN_POINT('',(-0.0815797718473048,-0.148757862311125,0.0549957059967834));
#4833=CARTESIAN_POINT('',(-0.0815797718473048,-0.148757862311125,0.0549957059967834));
#4834=CARTESIAN_POINT('',(-0.082592474148994,-0.148757862311125,0.0547396984798015));
#4835=CARTESIAN_POINT('',(-0.0830387881387765,-0.148757862311125,0.054524470921277));
#4836=CARTESIAN_POINT('',(-0.0801773943870237,-0.148757862311125,0.0554057711346039));
#4837=CARTESIAN_POINT('',(-0.0801773943870237,-0.147589462311125,0.0554057711346039));
#4838=CARTESIAN_POINT('',(-0.0803994186052912,-0.148757862311125,0.0553060867917083));
#4839=CARTESIAN_POINT('',(-0.0803994186052912,-0.147589462311125,0.0553060867917083));
#4840=CARTESIAN_POINT('',(-0.0808668777587182,-0.148757862311125,0.0551693984124348));
#4841=CARTESIAN_POINT('',(-0.0808668777587182,-0.147589462311125,0.0551693984124348));
#4842=CARTESIAN_POINT('',(-0.0815797718473048,-0.148757862311125,0.0549957059967834));
#4843=CARTESIAN_POINT('',(-0.0815797718473048,-0.147589462311125,0.0549957059967834));
#4844=CARTESIAN_POINT('',(-0.0801773943870237,-0.148757862311125,0.0554057711346039));
#4845=CARTESIAN_POINT('',(-0.0801773943870237,-0.148757862311125,0.0554057711346039));
#4846=CARTESIAN_POINT('',(-0.0801773943870237,-0.148757862311125,0.0554057711346039));
#4847=CARTESIAN_POINT('',(-0.0805104307144249,-0.148757862311125,0.0552562446202605));
#4848=CARTESIAN_POINT('',(-0.0815797718473048,-0.148757862311125,0.0549957059967834));
#4849=CARTESIAN_POINT('',(-0.0796744415660506,-0.148757862311125,0.0557671268776003));
#4850=CARTESIAN_POINT('',(-0.0796744415660506,-0.147589462311125,0.0557671268776003));
#4851=CARTESIAN_POINT('',(-0.0797877192284319,-0.148757862311125,0.0556259073918316));
#4852=CARTESIAN_POINT('',(-0.0797877192284319,-0.147589462311125,0.0556259073918316));
#4853=CARTESIAN_POINT('',(-0.0799553701687563,-0.148757862311125,0.0555054554774994));
#4854=CARTESIAN_POINT('',(-0.0799553701687563,-0.147589462311125,0.0555054554774994));
#4855=CARTESIAN_POINT('',(-0.0801773943870237,-0.148757862311125,0.0554057711346039));
#4856=CARTESIAN_POINT('',(-0.0801773943870237,-0.147589462311125,0.0554057711346039));
#4857=CARTESIAN_POINT('',(-0.0796744415660506,-0.148757862311125,0.0557671268776003));
#4858=CARTESIAN_POINT('',(-0.0796744415660506,-0.148757862311125,0.0557671268776003));
#4859=CARTESIAN_POINT('',(-0.0796744415660506,-0.148757862311125,0.0557671268776003));
#4860=CARTESIAN_POINT('',(-0.0798443580596226,-0.148757862311125,0.0555552976489472));
#4861=CARTESIAN_POINT('',(-0.0801773943870237,-0.148757862311125,0.0554057711346039));
#4862=CARTESIAN_POINT('',(-0.0795045250724785,-0.148757862311125,0.0563051957739117));
#4863=CARTESIAN_POINT('',(-0.0795045250724785,-0.147589462311125,0.0563051957739117));
#4864=CARTESIAN_POINT('',(-0.0795045250724785,-0.148757862311125,0.0560877026621396));
#4865=CARTESIAN_POINT('',(-0.0795045250724785,-0.147589462311125,0.0560877026621396));
#4866=CARTESIAN_POINT('',(-0.0795611639036692,-0.148757862311125,0.0559083463633691));
#4867=CARTESIAN_POINT('',(-0.0795611639036692,-0.147589462311125,0.0559083463633691));
#4868=CARTESIAN_POINT('',(-0.0796744415660506,-0.148757862311125,0.0557671268776003));
#4869=CARTESIAN_POINT('',(-0.0796744415660506,-0.147589462311125,0.0557671268776003));
#4870=CARTESIAN_POINT('',(-0.0795045250724785,-0.148757862311125,0.0563051957739117));
#4871=CARTESIAN_POINT('',(-0.0795045250724785,-0.148757862311125,0.0563051957739117));
#4872=CARTESIAN_POINT('',(-0.0795045250724785,-0.148757862311125,0.0563051957739117));
#4873=CARTESIAN_POINT('',(-0.0795045250724785,-0.148757862311125,0.0559789561062535));
#4874=CARTESIAN_POINT('',(-0.0796744415660506,-0.148757862311125,0.0557671268776003));
#4875=CARTESIAN_POINT('',(-0.0799157229869228,-0.148757862311125,0.0570970066339573));
#4876=CARTESIAN_POINT('',(-0.0799157229869228,-0.147589462311125,0.0570970066339573));
#4877=CARTESIAN_POINT('',(-0.0796415910439599,-0.148757862311125,0.05692255903389));
#4878=CARTESIAN_POINT('',(-0.0796415910439599,-0.147589462311125,0.05692255903389));
#4879=CARTESIAN_POINT('',(-0.0795045250724785,-0.148757862311125,0.0566586220805415));
#4880=CARTESIAN_POINT('',(-0.0795045250724785,-0.147589462311125,0.0566586220805415));
#4881=CARTESIAN_POINT('',(-0.0795045250724785,-0.148757862311125,0.0563051957739117));
#4882=CARTESIAN_POINT('',(-0.0795045250724785,-0.147589462311125,0.0563051957739117));
#4883=CARTESIAN_POINT('',(-0.0799157229869228,-0.148757862311125,0.0570970066339573));
#4884=CARTESIAN_POINT('',(-0.0799157229869228,-0.148757862311125,0.0570970066339573));
#4885=CARTESIAN_POINT('',(-0.0799157229869228,-0.148757862311125,0.0570970066339573));
#4886=CARTESIAN_POINT('',(-0.0795045250724785,-0.148757862311125,0.0568353352338564));
#4887=CARTESIAN_POINT('',(-0.0795045250724785,-0.148757862311125,0.0563051957739117));
#4888=CARTESIAN_POINT('',(-0.0811900966887129,-0.148757862311125,0.0573586780340582));
#4889=CARTESIAN_POINT('',(-0.0811900966887129,-0.147589462311125,0.0573586780340582));
#4890=CARTESIAN_POINT('',(-0.0806146461638157,-0.148757862311125,0.0573586780340582));
#4891=CARTESIAN_POINT('',(-0.0806146461638157,-0.147589462311125,0.0573586780340582));
#4892=CARTESIAN_POINT('',(-0.0801898549298857,-0.148757862311125,0.0572714542340246));
#4893=CARTESIAN_POINT('',(-0.0801898549298857,-0.147589462311125,0.0572714542340246));
#4894=CARTESIAN_POINT('',(-0.0799157229869228,-0.148757862311125,0.0570970066339573));
#4895=CARTESIAN_POINT('',(-0.0799157229869228,-0.147589462311125,0.0570970066339573));
#4896=CARTESIAN_POINT('',(-0.0811900966887129,-0.148757862311125,0.0573586780340582));
#4897=CARTESIAN_POINT('',(-0.0811900966887129,-0.148757862311125,0.0573586780340582));
#4898=CARTESIAN_POINT('',(-0.0811900966887129,-0.148757862311125,0.0573586780340582));
#4899=CARTESIAN_POINT('',(-0.0803269209013671,-0.148757862311125,0.0573586780340582));
#4900=CARTESIAN_POINT('',(-0.0799157229869228,-0.148757862311125,0.0570970066339573));
#4901=CARTESIAN_POINT('',(-0.0824327526450363,-0.148757862311125,0.057086811644343));
#4902=CARTESIAN_POINT('',(-0.0824327526450363,-0.147589462311125,0.057086811644343));
#4903=CARTESIAN_POINT('',(-0.0821238822189432,-0.148757862311125,0.0572680559041531));
#4904=CARTESIAN_POINT('',(-0.0821238822189432,-0.147589462311125,0.0572680559041531));
#4905=CARTESIAN_POINT('',(-0.0817096635668354,-0.148757862311125,0.0573586780340582));
#4906=CARTESIAN_POINT('',(-0.0817096635668354,-0.147589462311125,0.0573586780340582));
#4907=CARTESIAN_POINT('',(-0.0811900966887129,-0.148757862311125,0.0573586780340582));
#4908=CARTESIAN_POINT('',(-0.0811900966887129,-0.147589462311125,0.0573586780340582));
#4909=CARTESIAN_POINT('',(-0.0824327526450363,-0.148757862311125,0.057086811644343));
#4910=CARTESIAN_POINT('',(-0.0824327526450363,-0.148757862311125,0.057086811644343));
#4911=CARTESIAN_POINT('',(-0.0824327526450363,-0.148757862311125,0.057086811644343));
#4912=CARTESIAN_POINT('',(-0.0819694470058966,-0.148757862311125,0.0573586780340582));
#4913=CARTESIAN_POINT('',(-0.0811900966887129,-0.148757862311125,0.0573586780340582));
#4914=CARTESIAN_POINT('',(-0.0830025392868145,-0.148757862311125,0.0563051957739117));
#4915=CARTESIAN_POINT('',(-0.0830025392868145,-0.147589462311125,0.0563051957739117));
#4916=CARTESIAN_POINT('',(-0.0829315519517222,-0.148757862311125,0.0566450287610558));
#4917=CARTESIAN_POINT('',(-0.0829315519517222,-0.147589462311125,0.0566450287610558));
#4918=CARTESIAN_POINT('',(-0.0827416230711294,-0.148757862311125,0.0569055673845329));
#4919=CARTESIAN_POINT('',(-0.0827416230711294,-0.147589462311125,0.0569055673845329));
#4920=CARTESIAN_POINT('',(-0.0824327526450363,-0.148757862311125,0.057086811644343));
#4921=CARTESIAN_POINT('',(-0.0824327526450363,-0.147589462311125,0.057086811644343));
#4922=CARTESIAN_POINT('',(-0.0830025392868145,-0.148757862311125,0.0563051957739117));
#4923=CARTESIAN_POINT('',(-0.0830025392868145,-0.148757862311125,0.0563051957739117));
#4924=CARTESIAN_POINT('',(-0.0830025392868145,-0.148757862311125,0.0563051957739117));
#4925=CARTESIAN_POINT('',(-0.082896058284176,-0.148757862311125,0.0568149452546278));
#4926=CARTESIAN_POINT('',(-0.0824327526450363,-0.148757862311125,0.057086811644343));
#4927=CARTESIAN_POINT('',(-0.0835757242584641,-0.148757862311125,0.0563754279245881));
#4928=CARTESIAN_POINT('',(-0.0841489092301136,-0.148757862311125,0.0564456600752646));
#4929=CARTESIAN_POINT('',(-0.0841489092301136,-0.148757862311125,0.0564456600752646));
#4930=CARTESIAN_POINT('',(-0.0835757242584641,-0.148757862311125,0.0563754279245881));
#4931=CARTESIAN_POINT('',(-0.083205306302477,-0.148757862311125,0.0578763569511409));
#4932=CARTESIAN_POINT('',(-0.083205306302477,-0.147589462311125,0.0578763569511409));
#4933=CARTESIAN_POINT('',(-0.0837029728325391,-0.148757862311125,0.0575795694757018));
#4934=CARTESIAN_POINT('',(-0.0837029728325391,-0.147589462311125,0.0575795694757018));
#4935=CARTESIAN_POINT('',(-0.0840175071417513,-0.148757862311125,0.0571026705170764));
#4936=CARTESIAN_POINT('',(-0.0840175071417513,-0.147589462311125,0.0571026705170764));
#4937=CARTESIAN_POINT('',(-0.0841489092301136,-0.148757862311125,0.0564456600752646));
#4938=CARTESIAN_POINT('',(-0.0841489092301136,-0.147589462311125,0.0564456600752646));
#4939=CARTESIAN_POINT('',(-0.083205306302477,-0.148757862311125,0.0578763569511409));
#4940=CARTESIAN_POINT('',(-0.083205306302477,-0.148757862311125,0.0578763569511409));
#4941=CARTESIAN_POINT('',(-0.083205306302477,-0.148757862311125,0.0578763569511409));
#4942=CARTESIAN_POINT('',(-0.0839518060975701,-0.148757862311125,0.0574311757379823));
#4943=CARTESIAN_POINT('',(-0.0841489092301136,-0.148757862311125,0.0564456600752646));
#4944=CARTESIAN_POINT('',(-0.0811900966887129,-0.148757862311125,0.0583215381642996));
#4945=CARTESIAN_POINT('',(-0.0811900966887129,-0.147589462311125,0.0583215381642996));
#4946=CARTESIAN_POINT('',(-0.0820359032344936,-0.148757862311125,0.0583215381642996));
#4947=CARTESIAN_POINT('',(-0.0820359032344936,-0.147589462311125,0.0583215381642996));
#4948=CARTESIAN_POINT('',(-0.082707639772415,-0.148757862311125,0.05817314442658));
#4949=CARTESIAN_POINT('',(-0.082707639772415,-0.147589462311125,0.05817314442658));
#4950=CARTESIAN_POINT('',(-0.083205306302477,-0.148757862311125,0.0578763569511409));
#4951=CARTESIAN_POINT('',(-0.083205306302477,-0.147589462311125,0.0578763569511409));
#4952=CARTESIAN_POINT('',(-0.0811900966887129,-0.148757862311125,0.0583215381642996));
#4953=CARTESIAN_POINT('',(-0.0811900966887129,-0.148757862311125,0.0583215381642996));
#4954=CARTESIAN_POINT('',(-0.0811900966887129,-0.148757862311125,0.0583215381642996));
#4955=CARTESIAN_POINT('',(-0.082458806507384,-0.148757862311125,0.0583215381642996));
#4956=CARTESIAN_POINT('',(-0.083205306302477,-0.148757862311125,0.0578763569511409));
#4957=CARTESIAN_POINT('',(-0.0790140327943673,-0.148757862311125,0.0577732742783739));
#4958=CARTESIAN_POINT('',(-0.0790140327943673,-0.147589462311125,0.0577732742783739));
#4959=CARTESIAN_POINT('',(-0.0795116993244294,-0.148757862311125,0.0581387835356577));
#4960=CARTESIAN_POINT('',(-0.0795116993244294,-0.147589462311125,0.0581387835356577));
#4961=CARTESIAN_POINT('',(-0.0802370539558779,-0.148757862311125,0.0583215381642996));
#4962=CARTESIAN_POINT('',(-0.0802370539558779,-0.147589462311125,0.0583215381642996));
#4963=CARTESIAN_POINT('',(-0.0811900966887129,-0.148757862311125,0.0583215381642996));
#4964=CARTESIAN_POINT('',(-0.0811900966887129,-0.147589462311125,0.0583215381642996));
#4965=CARTESIAN_POINT('',(-0.0790140327943673,-0.148757862311125,0.0577732742783739));
#4966=CARTESIAN_POINT('',(-0.0790140327943673,-0.148757862311125,0.0577732742783739));
#4967=CARTESIAN_POINT('',(-0.0790140327943673,-0.148757862311125,0.0577732742783739));
#4968=CARTESIAN_POINT('',(-0.0797605325894604,-0.148757862311125,0.0583215381642996));
#4969=CARTESIAN_POINT('',(-0.0811900966887129,-0.148757862311125,0.0583215381642996));
#4970=CARTESIAN_POINT('',(-0.0782675329992743,-0.148757862311125,0.0561783247920446));
#4971=CARTESIAN_POINT('',(-0.0782675329992743,-0.147589462311125,0.0561783247920446));
#4972=CARTESIAN_POINT('',(-0.0782675329992743,-0.148757862311125,0.0568761151923137));
#4973=CARTESIAN_POINT('',(-0.0782675329992743,-0.147589462311125,0.0568761151923137));
#4974=CARTESIAN_POINT('',(-0.0785163662643053,-0.148757862311125,0.0574077650210901));
#4975=CARTESIAN_POINT('',(-0.0785163662643053,-0.147589462311125,0.0574077650210901));
#4976=CARTESIAN_POINT('',(-0.0790140327943673,-0.148757862311125,0.0577732742783739));
#4977=CARTESIAN_POINT('',(-0.0790140327943673,-0.147589462311125,0.0577732742783739));
#4978=CARTESIAN_POINT('',(-0.0782675329992743,-0.148757862311125,0.0561783247920446));
#4979=CARTESIAN_POINT('',(-0.0782675329992743,-0.148757862311125,0.0561783247920446));
#4980=CARTESIAN_POINT('',(-0.0782675329992743,-0.148757862311125,0.0561783247920446));
#4981=CARTESIAN_POINT('',(-0.0782675329992743,-0.148757862311125,0.0572250103924482));
#4982=CARTESIAN_POINT('',(-0.0790140327943673,-0.148757862311125,0.0577732742783739));
#4983=CARTESIAN_POINT('',(-0.0785292043993752,-0.148757862311125,0.0552222613215461));
#4984=CARTESIAN_POINT('',(-0.0785292043993752,-0.147589462311125,0.0552222613215461));
#4985=CARTESIAN_POINT('',(-0.0783547567993079,-0.148757862311125,0.0554820447606073));
#4986=CARTESIAN_POINT('',(-0.0783547567993079,-0.147589462311125,0.0554820447606073));
#4987=CARTESIAN_POINT('',(-0.0782675329992743,-0.148757862311125,0.0558007325841068));
#4988=CARTESIAN_POINT('',(-0.0782675329992743,-0.147589462311125,0.0558007325841068));
#4989=CARTESIAN_POINT('',(-0.0782675329992743,-0.148757862311125,0.0561783247920446));
#4990=CARTESIAN_POINT('',(-0.0782675329992743,-0.147589462311125,0.0561783247920446));
#4991=CARTESIAN_POINT('',(-0.0785292043993752,-0.148757862311125,0.0552222613215461));
#4992=CARTESIAN_POINT('',(-0.0785292043993752,-0.148757862311125,0.0552222613215461));
#4993=CARTESIAN_POINT('',(-0.0785292043993752,-0.148757862311125,0.0552222613215461));
#4994=CARTESIAN_POINT('',(-0.0782675329992743,-0.148757862311125,0.0556119364801379));
#4995=CARTESIAN_POINT('',(-0.0782675329992743,-0.148757862311125,0.0561783247920446));
#4996=CARTESIAN_POINT('',(-0.0792541814386158,-0.148757862311125,0.0545595869966152));
#4997=CARTESIAN_POINT('',(-0.0792541814386158,-0.147589462311125,0.0545595869966152));
#4998=CARTESIAN_POINT('',(-0.0789453110125227,-0.148757862311125,0.0547415864408413));
#4999=CARTESIAN_POINT('',(-0.0789453110125227,-0.147589462311125,0.0547415864408413));
#5000=CARTESIAN_POINT('',(-0.0787036519994425,-0.148757862311125,0.0549624778824849));
#5001=CARTESIAN_POINT('',(-0.0787036519994425,-0.147589462311125,0.0549624778824849));
#5002=CARTESIAN_POINT('',(-0.0785292043993752,-0.148757862311125,0.0552222613215461));
#5003=CARTESIAN_POINT('',(-0.0785292043993752,-0.147589462311125,0.0552222613215461));
#5004=CARTESIAN_POINT('',(-0.0792541814386158,-0.148757862311125,0.0545595869966152));
#5005=CARTESIAN_POINT('',(-0.0792541814386158,-0.148757862311125,0.0545595869966152));
#5006=CARTESIAN_POINT('',(-0.0792541814386158,-0.148757862311125,0.0545595869966152));
#5007=CARTESIAN_POINT('',(-0.0787908757994761,-0.148757862311125,0.0548325861629543));
#5008=CARTESIAN_POINT('',(-0.0785292043993752,-0.148757862311125,0.0552222613215461));
#5009=CARTESIAN_POINT('',(-0.0808162804028545,-0.148757862311125,0.0540033936743228));
#5010=CARTESIAN_POINT('',(-0.0808162804028545,-0.147589462311125,0.0540033936743228));
#5011=CARTESIAN_POINT('',(-0.0800837515194551,-0.148757862311125,0.0541921897782917));
#5012=CARTESIAN_POINT('',(-0.0800837515194551,-0.147589462311125,0.0541921897782917));
#5013=CARTESIAN_POINT('',(-0.0795630518647089,-0.148757862311125,0.0543775875523892));
#5014=CARTESIAN_POINT('',(-0.0795630518647089,-0.147589462311125,0.0543775875523892));
#5015=CARTESIAN_POINT('',(-0.0792541814386158,-0.148757862311125,0.0545595869966152));
#5016=CARTESIAN_POINT('',(-0.0792541814386158,-0.147589462311125,0.0545595869966152));
#5017=CARTESIAN_POINT('',(-0.0808162804028545,-0.148757862311125,0.0540033936743228));
#5018=CARTESIAN_POINT('',(-0.0808162804028545,-0.148757862311125,0.0540033936743228));
#5019=CARTESIAN_POINT('',(-0.0808162804028545,-0.148757862311125,0.0540033936743228));
#5020=CARTESIAN_POINT('',(-0.0797174870777554,-0.148757862311125,0.0542865878302762));
#5021=CARTESIAN_POINT('',(-0.0792541814386158,-0.148757862311125,0.0545595869966152));
#5022=CARTESIAN_POINT('',(-0.0812727893822513,-0.148757862311125,0.0538833193521986));
#5023=CARTESIAN_POINT('',(-0.0817292983616481,-0.148757862311125,0.0537632450300744));
#5024=CARTESIAN_POINT('',(-0.0817292983616481,-0.148757862311125,0.0537632450300744));
#5025=CARTESIAN_POINT('',(-0.0812727893822513,-0.148757862311125,0.0538833193521986));
#5026=CARTESIAN_POINT('',(-0.0827340712269706,-0.148757862311125,0.0532965410610632));
#5027=CARTESIAN_POINT('',(-0.0827340712269706,-0.147589462311125,0.0532965410610632));
#5028=CARTESIAN_POINT('',(-0.0825263955126049,-0.148757862311125,0.0534853371650321));
#5029=CARTESIAN_POINT('',(-0.0825263955126049,-0.147589462311125,0.0534853371650321));
#5030=CARTESIAN_POINT('',(-0.082191471224164,-0.148757862311125,0.0536409051547025));
#5031=CARTESIAN_POINT('',(-0.082191471224164,-0.147589462311125,0.0536409051547025));
#5032=CARTESIAN_POINT('',(-0.0817292983616481,-0.148757862311125,0.0537632450300744));
#5033=CARTESIAN_POINT('',(-0.0817292983616481,-0.147589462311125,0.0537632450300744));
#5034=CARTESIAN_POINT('',(-0.0827340712269706,-0.148757862311125,0.0532965410610632));
#5035=CARTESIAN_POINT('',(-0.0827340712269706,-0.148757862311125,0.0532965410610632));
#5036=CARTESIAN_POINT('',(-0.0827340712269706,-0.148757862311125,0.0532965410610632));
#5037=CARTESIAN_POINT('',(-0.082422557655422,-0.148757862311125,0.0535797352170166));
#5038=CARTESIAN_POINT('',(-0.0817292983616481,-0.148757862311125,0.0537632450300744));
#5039=CARTESIAN_POINT('',(-0.0830455847985194,-0.148757862311125,0.0525602362555845));
#5040=CARTESIAN_POINT('',(-0.0830455847985194,-0.147589462311125,0.0525602362555845));
#5041=CARTESIAN_POINT('',(-0.0830455847985194,-0.148757862311125,0.0528623100219348));
#5042=CARTESIAN_POINT('',(-0.0830455847985194,-0.147589462311125,0.0528623100219348));
#5043=CARTESIAN_POINT('',(-0.0829417469413365,-0.148757862311125,0.0531077449570943));
#5044=CARTESIAN_POINT('',(-0.0829417469413365,-0.147589462311125,0.0531077449570943));
#5045=CARTESIAN_POINT('',(-0.0827340712269706,-0.148757862311125,0.0532965410610632));
#5046=CARTESIAN_POINT('',(-0.0827340712269706,-0.147589462311125,0.0532965410610632));
#5047=CARTESIAN_POINT('',(-0.0830455847985194,-0.148757862311125,0.0525602362555845));
#5048=CARTESIAN_POINT('',(-0.0830455847985194,-0.148757862311125,0.0525602362555845));
#5049=CARTESIAN_POINT('',(-0.0830455847985194,-0.148757862311125,0.0525602362555845));
#5050=CARTESIAN_POINT('',(-0.0830455847985194,-0.148757862311125,0.0530133469051099));
#5051=CARTESIAN_POINT('',(-0.0827340712269706,-0.148757862311125,0.0532965410610632));
#5052=CARTESIAN_POINT('',(-0.0825958724788654,-0.148757862311125,0.0516676082760195));
#5053=CARTESIAN_POINT('',(-0.0825958724788654,-0.147589462311125,0.0516676082760195));
#5054=CARTESIAN_POINT('',(-0.0828956806919681,-0.148757862311125,0.0518654665929789));
#5055=CARTESIAN_POINT('',(-0.0828956806919681,-0.147589462311125,0.0518654665929789));
#5056=CARTESIAN_POINT('',(-0.0830455847985194,-0.148757862311125,0.0521630092528339));
#5057=CARTESIAN_POINT('',(-0.0830455847985194,-0.147589462311125,0.0521630092528339));
#5058=CARTESIAN_POINT('',(-0.0830455847985194,-0.148757862311125,0.0525602362555845));
#5059=CARTESIAN_POINT('',(-0.0830455847985194,-0.147589462311125,0.0525602362555845));
#5060=CARTESIAN_POINT('',(-0.0825958724788654,-0.148757862311125,0.0516676082760195));
#5061=CARTESIAN_POINT('',(-0.0825958724788654,-0.148757862311125,0.0516676082760195));
#5062=CARTESIAN_POINT('',(-0.0825958724788654,-0.148757862311125,0.0516676082760195));
#5063=CARTESIAN_POINT('',(-0.0830455847985194,-0.148757862311125,0.0519643957514586));
#5064=CARTESIAN_POINT('',(-0.0830455847985194,-0.148757862311125,0.0525602362555845));
#5065=CARTESIAN_POINT('',(-0.0811765033692272,-0.148757862311125,0.0513708208005804));
#5066=CARTESIAN_POINT('',(-0.0811765033692272,-0.147589462311125,0.0513708208005804));
#5067=CARTESIAN_POINT('',(-0.0818229412292167,-0.148757862311125,0.0513708208005804));
#5068=CARTESIAN_POINT('',(-0.0818229412292167,-0.147589462311125,0.0513708208005804));
#5069=CARTESIAN_POINT('',(-0.0822960642657628,-0.148757862311125,0.0514697499590601));
#5070=CARTESIAN_POINT('',(-0.0822960642657628,-0.147589462311125,0.0514697499590601));
#5071=CARTESIAN_POINT('',(-0.0825958724788654,-0.148757862311125,0.0516676082760195));
#5072=CARTESIAN_POINT('',(-0.0825958724788654,-0.147589462311125,0.0516676082760195));
#5073=CARTESIAN_POINT('',(-0.0811765033692272,-0.148757862311125,0.0513708208005804));
#5074=CARTESIAN_POINT('',(-0.0811765033692272,-0.148757862311125,0.0513708208005804));
#5075=CARTESIAN_POINT('',(-0.0811765033692272,-0.148757862311125,0.0513708208005804));
#5076=CARTESIAN_POINT('',(-0.0821461601592115,-0.148757862311125,0.0513708208005804));
#5077=CARTESIAN_POINT('',(-0.0825958724788654,-0.148757862311125,0.0516676082760195));
#5078=CARTESIAN_POINT('',(-0.0797605325894604,-0.148757862311125,0.0516574132864052));
#5079=CARTESIAN_POINT('',(-0.0797605325894604,-0.147589462311125,0.0516574132864052));
#5080=CARTESIAN_POINT('',(-0.0801003655766045,-0.148757862311125,0.0514663516291887));
#5081=CARTESIAN_POINT('',(-0.0801003655766045,-0.147589462311125,0.0514663516291887));
#5082=CARTESIAN_POINT('',(-0.0805723558365267,-0.148757862311125,0.0513708208005804));
#5083=CARTESIAN_POINT('',(-0.0805723558365267,-0.147589462311125,0.0513708208005804));
#5084=CARTESIAN_POINT('',(-0.0811765033692272,-0.148757862311125,0.0513708208005804));
#5085=CARTESIAN_POINT('',(-0.0811765033692272,-0.147589462311125,0.0513708208005804));
#5086=CARTESIAN_POINT('',(-0.0797605325894604,-0.148757862311125,0.0516574132864052));
#5087=CARTESIAN_POINT('',(-0.0797605325894604,-0.148757862311125,0.0516574132864052));
#5088=CARTESIAN_POINT('',(-0.0797605325894604,-0.148757862311125,0.0516574132864052));
#5089=CARTESIAN_POINT('',(-0.0802702820701765,-0.148757862311125,0.0513708208005804));
#5090=CARTESIAN_POINT('',(-0.0811765033692272,-0.148757862311125,0.0513708208005804));
#5091=CARTESIAN_POINT('',(-0.0790876632749152,-0.148757862311125,0.0525602362555845));
#5092=CARTESIAN_POINT('',(-0.0790876632749152,-0.147589462311125,0.0525602362555845));
#5093=CARTESIAN_POINT('',(-0.0791964098308013,-0.148757862311125,0.0521494159333482));
#5094=CARTESIAN_POINT('',(-0.0791964098308013,-0.147589462311125,0.0521494159333482));
#5095=CARTESIAN_POINT('',(-0.0794206996023163,-0.148757862311125,0.0518484749436217));
#5096=CARTESIAN_POINT('',(-0.0794206996023163,-0.147589462311125,0.0518484749436217));
#5097=CARTESIAN_POINT('',(-0.0797605325894604,-0.148757862311125,0.0516574132864052));
#5098=CARTESIAN_POINT('',(-0.0797605325894604,-0.147589462311125,0.0516574132864052));
#5099=CARTESIAN_POINT('',(-0.0790876632749152,-0.148757862311125,0.0525602362555845));
#5100=CARTESIAN_POINT('',(-0.0790876632749152,-0.148757862311125,0.0525602362555845));
#5101=CARTESIAN_POINT('',(-0.0790876632749152,-0.148757862311125,0.0525602362555845));
#5102=CARTESIAN_POINT('',(-0.0792507831087443,-0.148757862311125,0.05194400577223));
#5103=CARTESIAN_POINT('',(-0.0797605325894604,-0.148757862311125,0.0516574132864052));
#5104=CARTESIAN_POINT('',(-0.0785246732928799,-0.148757862311125,0.0524503569230746));
#5105=CARTESIAN_POINT('',(-0.0779616833108446,-0.148757862311125,0.0523404775905647));
#5106=CARTESIAN_POINT('',(-0.0779616833108446,-0.148757862311125,0.0523404775905647));
#5107=CARTESIAN_POINT('',(-0.0785246732928799,-0.148757862311125,0.0524503569230746));
#5108=CARTESIAN_POINT('',(-0.0789709872826624,-0.148757862311125,0.0508701335328548));
#5109=CARTESIAN_POINT('',(-0.0789709872826624,-0.147589462311125,0.0508701335328548));
#5110=CARTESIAN_POINT('',(-0.0784536859577876,-0.148757862311125,0.0511842902498591));
#5111=CARTESIAN_POINT('',(-0.0784536859577876,-0.147589462311125,0.0511842902498591));
#5112=CARTESIAN_POINT('',(-0.078117251300515,-0.148757862311125,0.0516744049357624));
#5113=CARTESIAN_POINT('',(-0.078117251300515,-0.147589462311125,0.0516744049357624));
#5114=CARTESIAN_POINT('',(-0.0779616833108446,-0.148757862311125,0.0523404775905647));
#5115=CARTESIAN_POINT('',(-0.0779616833108446,-0.147589462311125,0.0523404775905647));
#5116=CARTESIAN_POINT('',(-0.0789709872826624,-0.148757862311125,0.0508701335328548));
#5117=CARTESIAN_POINT('',(-0.0789709872826624,-0.148757862311125,0.0508701335328548));
#5118=CARTESIAN_POINT('',(-0.0789709872826624,-0.148757862311125,0.0508701335328548));
#5119=CARTESIAN_POINT('',(-0.0781950352953502,-0.148757862311125,0.0513413686083612));
#5120=CARTESIAN_POINT('',(-0.0779616833108446,-0.148757862311125,0.0523404775905647));
#5121=CARTESIAN_POINT('',(-0.0811765033692272,-0.148757862311125,0.0503988984573485));
#5122=CARTESIAN_POINT('',(-0.0811765033692272,-0.147589462311125,0.0503988984573485));
#5123=CARTESIAN_POINT('',(-0.0802234606363921,-0.148757862311125,0.0503988984573485));
#5124=CARTESIAN_POINT('',(-0.0802234606363921,-0.147589462311125,0.0503988984573485));
#5125=CARTESIAN_POINT('',(-0.0794882886075372,-0.148757862311125,0.0505559768158506));
#5126=CARTESIAN_POINT('',(-0.0794882886075372,-0.147589462311125,0.0505559768158506));
#5127=CARTESIAN_POINT('',(-0.0789709872826624,-0.148757862311125,0.0508701335328548));
#5128=CARTESIAN_POINT('',(-0.0789709872826624,-0.147589462311125,0.0508701335328548));
#5129=CARTESIAN_POINT('',(-0.0811765033692272,-0.148757862311125,0.0503988984573485));
#5130=CARTESIAN_POINT('',(-0.0811765033692272,-0.148757862311125,0.0503988984573485));
#5131=CARTESIAN_POINT('',(-0.0811765033692272,-0.148757862311125,0.0503988984573485));
#5132=CARTESIAN_POINT('',(-0.0797469392699746,-0.148757862311125,0.0503988984573485));
#5133=CARTESIAN_POINT('',(-0.0789709872826624,-0.148757862311125,0.0508701335328548));
#5134=CARTESIAN_POINT('',(-0.0834669777025779,-0.148757862311125,0.0509868095251076));
#5135=CARTESIAN_POINT('',(-0.0834669777025779,-0.147589462311125,0.0509868095251076));
#5136=CARTESIAN_POINT('',(-0.0829217345543157,-0.148757862311125,0.0505948688132682));
#5137=CARTESIAN_POINT('',(-0.0829217345543157,-0.147589462311125,0.0505948688132682));
#5138=CARTESIAN_POINT('',(-0.0821582431098655,-0.148757862311125,0.0503988984573485));
#5139=CARTESIAN_POINT('',(-0.0821582431098655,-0.147589462311125,0.0503988984573485));
#5140=CARTESIAN_POINT('',(-0.0811765033692272,-0.148757862311125,0.0503988984573485));
#5141=CARTESIAN_POINT('',(-0.0811765033692272,-0.147589462311125,0.0503988984573485));
#5142=CARTESIAN_POINT('',(-0.0834669777025779,-0.148757862311125,0.0509868095251076));
#5143=CARTESIAN_POINT('',(-0.0826491129801846,-0.148757862311125,0.0503988984573485));
#5144=CARTESIAN_POINT('',(-0.0811765033692272,-0.148757862311125,0.0503988984573485));
#5145=CARTESIAN_POINT('',(-0.06858,-0.148757862311125,0.055626));
#5146=CARTESIAN_POINT('',(-0.0727169275425884,-0.148757862311125,0.051354961927847));
#5147=CARTESIAN_POINT('',(-0.0727169275425884,-0.147589462311125,0.051354961927847));
#5148=CARTESIAN_POINT('',(-0.0731836315115996,-0.148757862311125,0.051354961927847));
#5149=CARTESIAN_POINT('',(-0.0731836315115996,-0.147589462311125,0.051354961927847));
#5150=CARTESIAN_POINT('',(-0.0735989829403312,-0.148757862311125,0.0514614429304855));
#5151=CARTESIAN_POINT('',(-0.0735989829403312,-0.147589462311125,0.0514614429304855));
#5152=CARTESIAN_POINT('',(-0.0739629818287832,-0.148757862311125,0.0516744049357624));
#5153=CARTESIAN_POINT('',(-0.0739629818287832,-0.147589462311125,0.0516744049357624));
#5154=CARTESIAN_POINT('',(-0.0727169275425884,-0.147589462311125,0.051354961927847));
#5155=CARTESIAN_POINT('',(-0.0734169834961052,-0.147589462311125,0.051354961927847));
#5156=CARTESIAN_POINT('',(-0.0739629818287832,-0.147589462311125,0.0516744049357624));
#5157=CARTESIAN_POINT('',(-0.0727169275425884,-0.147589462311125,0.051354961927847));
#5158=CARTESIAN_POINT('',(-0.0739629818287832,-0.147589462311125,0.0516744049357624));
#5159=CARTESIAN_POINT('',(-0.0727169275425884,-0.148757862311125,0.051354961927847));
#5160=CARTESIAN_POINT('',(-0.0727169275425884,-0.148757862311125,0.051354961927847));
#5161=CARTESIAN_POINT('',(-0.0727169275425884,-0.148757862311125,0.051354961927847));
#5162=CARTESIAN_POINT('',(-0.0734169834961052,-0.148757862311125,0.051354961927847));
#5163=CARTESIAN_POINT('',(-0.0739629818287832,-0.148757862311125,0.0516744049357624));
#5164=CARTESIAN_POINT('',(-0.0739629818287832,-0.148757862311125,0.0516744049357624));
#5165=CARTESIAN_POINT('',(-0.0739629818287832,-0.148757862311125,0.0516744049357624));
#5166=CARTESIAN_POINT('',(-0.0717574657422185,-0.148757862311125,0.051694794914991));
#5167=CARTESIAN_POINT('',(-0.0717574657422185,-0.147589462311125,0.051694794914991));
#5168=CARTESIAN_POINT('',(-0.0719817555137335,-0.148757862311125,0.0514682395902283));
#5169=CARTESIAN_POINT('',(-0.0719817555137335,-0.147589462311125,0.0514682395902283));
#5170=CARTESIAN_POINT('',(-0.0723015761138568,-0.148757862311125,0.051354961927847));
#5171=CARTESIAN_POINT('',(-0.0723015761138568,-0.147589462311125,0.051354961927847));
#5172=CARTESIAN_POINT('',(-0.0727169275425884,-0.148757862311125,0.051354961927847));
#5173=CARTESIAN_POINT('',(-0.0727169275425884,-0.147589462311125,0.051354961927847));
#5174=CARTESIAN_POINT('',(-0.0717574657422185,-0.147589462311125,0.051694794914991));
#5175=CARTESIAN_POINT('',(-0.072093900399491,-0.147589462311125,0.051354961927847));
#5176=CARTESIAN_POINT('',(-0.0727169275425884,-0.147589462311125,0.051354961927847));
#5177=CARTESIAN_POINT('',(-0.0717574657422185,-0.147589462311125,0.051694794914991));
#5178=CARTESIAN_POINT('',(-0.0717574657422185,-0.148757862311125,0.051694794914991));
#5179=CARTESIAN_POINT('',(-0.0717574657422185,-0.148757862311125,0.051694794914991));
#5180=CARTESIAN_POINT('',(-0.0717574657422185,-0.148757862311125,0.051694794914991));
#5181=CARTESIAN_POINT('',(-0.072093900399491,-0.148757862311125,0.051354961927847));
#5182=CARTESIAN_POINT('',(-0.0727169275425884,-0.148757862311125,0.051354961927847));
#5183=CARTESIAN_POINT('',(-0.0714210310849459,-0.148757862311125,0.0526576550452325));
#5184=CARTESIAN_POINT('',(-0.0714210310849459,-0.147589462311125,0.0526576550452325));
#5185=CARTESIAN_POINT('',(-0.0714210310849459,-0.148757862311125,0.0522423036165009));
#5186=CARTESIAN_POINT('',(-0.0714210310849459,-0.147589462311125,0.0522423036165009));
#5187=CARTESIAN_POINT('',(-0.0715331759707034,-0.148757862311125,0.0519213502397537));
#5188=CARTESIAN_POINT('',(-0.0715331759707034,-0.147589462311125,0.0519213502397537));
#5189=CARTESIAN_POINT('',(-0.0717574657422185,-0.148757862311125,0.051694794914991));
#5190=CARTESIAN_POINT('',(-0.0717574657422185,-0.147589462311125,0.051694794914991));
#5191=CARTESIAN_POINT('',(-0.0714210310849459,-0.147589462311125,0.0526576550452325));
#5192=CARTESIAN_POINT('',(-0.0714210310849459,-0.147589462311125,0.0520346279021351));
#5193=CARTESIAN_POINT('',(-0.0717574657422185,-0.147589462311125,0.051694794914991));
#5194=CARTESIAN_POINT('',(-0.0714210310849459,-0.147589462311125,0.0526576550452325));
#5195=CARTESIAN_POINT('',(-0.0714210310849459,-0.148757862311125,0.0526576550452325));
#5196=CARTESIAN_POINT('',(-0.0714210310849459,-0.148757862311125,0.0526576550452325));
#5197=CARTESIAN_POINT('',(-0.0714210310849459,-0.148757862311125,0.0526576550452325));
#5198=CARTESIAN_POINT('',(-0.0714210310849459,-0.148757862311125,0.0520346279021351));
#5199=CARTESIAN_POINT('',(-0.0717574657422185,-0.148757862311125,0.051694794914991));
#5200=CARTESIAN_POINT('',(-0.071669109165561,-0.148757862311125,0.0535865318767595));
#5201=CARTESIAN_POINT('',(-0.071669109165561,-0.147589462311125,0.0535865318767595));
#5202=CARTESIAN_POINT('',(-0.0715037237784843,-0.148757862311125,0.0533509143390063));
#5203=CARTESIAN_POINT('',(-0.0715037237784843,-0.147589462311125,0.0533509143390063));
#5204=CARTESIAN_POINT('',(-0.0714210310849459,-0.148757862311125,0.0530412887284973));
#5205=CARTESIAN_POINT('',(-0.0714210310849459,-0.147589462311125,0.0530412887284973));
#5206=CARTESIAN_POINT('',(-0.0714210310849459,-0.148757862311125,0.0526576550452325));
#5207=CARTESIAN_POINT('',(-0.0714210310849459,-0.147589462311125,0.0526576550452325));
#5208=CARTESIAN_POINT('',(-0.071669109165561,-0.147589462311125,0.0535865318767595));
#5209=CARTESIAN_POINT('',(-0.0714210310849459,-0.147589462311125,0.0532331055701297));
#5210=CARTESIAN_POINT('',(-0.0714210310849459,-0.147589462311125,0.0526576550452325));
#5211=CARTESIAN_POINT('',(-0.071669109165561,-0.147589462311125,0.0535865318767595));
#5212=CARTESIAN_POINT('',(-0.071669109165561,-0.148757862311125,0.0535865318767595));
#5213=CARTESIAN_POINT('',(-0.071669109165561,-0.148757862311125,0.0535865318767595));
#5214=CARTESIAN_POINT('',(-0.071669109165561,-0.148757862311125,0.0535865318767595));
#5215=CARTESIAN_POINT('',(-0.0714210310849459,-0.148757862311125,0.0532331055701297));
#5216=CARTESIAN_POINT('',(-0.0714210310849459,-0.148757862311125,0.0526576550452325));
#5217=CARTESIAN_POINT('',(-0.0723804928853158,-0.148757862311125,0.0541098746769613));
#5218=CARTESIAN_POINT('',(-0.0723804928853158,-0.147589462311125,0.0541098746769613));
#5219=CARTESIAN_POINT('',(-0.0720716224592227,-0.148757862311125,0.05399659701458));
#5220=CARTESIAN_POINT('',(-0.0720716224592227,-0.147589462311125,0.05399659701458));
#5221=CARTESIAN_POINT('',(-0.0718344945526377,-0.148757862311125,0.0538221494145127));
#5222=CARTESIAN_POINT('',(-0.0718344945526377,-0.147589462311125,0.0538221494145127));
#5223=CARTESIAN_POINT('',(-0.071669109165561,-0.148757862311125,0.0535865318767595));
#5224=CARTESIAN_POINT('',(-0.071669109165561,-0.147589462311125,0.0535865318767595));
#5225=CARTESIAN_POINT('',(-0.0723804928853158,-0.147589462311125,0.0541098746769613));
#5226=CARTESIAN_POINT('',(-0.0719171872461761,-0.147589462311125,0.0539399581833893));
#5227=CARTESIAN_POINT('',(-0.071669109165561,-0.147589462311125,0.0535865318767595));
#5228=CARTESIAN_POINT('',(-0.0723804928853158,-0.147589462311125,0.0541098746769613));
#5229=CARTESIAN_POINT('',(-0.0723804928853158,-0.148757862311125,0.0541098746769613));
#5230=CARTESIAN_POINT('',(-0.0723804928853158,-0.148757862311125,0.0541098746769613));
#5231=CARTESIAN_POINT('',(-0.0723804928853158,-0.148757862311125,0.0541098746769613));
#5232=CARTESIAN_POINT('',(-0.0719171872461761,-0.148757862311125,0.0539399581833893));
#5233=CARTESIAN_POINT('',(-0.071669109165561,-0.148757862311125,0.0535865318767595));
#5234=CARTESIAN_POINT('',(-0.0737432231637634,-0.148757862311125,0.0542933844900191));
#5235=CARTESIAN_POINT('',(-0.0737432231637634,-0.147589462311125,0.0542933844900191));
#5236=CARTESIAN_POINT('',(-0.0731436067375582,-0.148757862311125,0.0542843222770286));
#5237=CARTESIAN_POINT('',(-0.0731436067375582,-0.147589462311125,0.0542843222770286));
#5238=CARTESIAN_POINT('',(-0.072689363311409,-0.148757862311125,0.0542231523393426));
#5239=CARTESIAN_POINT('',(-0.072689363311409,-0.147589462311125,0.0542231523393426));
#5240=CARTESIAN_POINT('',(-0.0723804928853158,-0.148757862311125,0.0541098746769613));
#5241=CARTESIAN_POINT('',(-0.0723804928853158,-0.147589462311125,0.0541098746769613));
#5242=CARTESIAN_POINT('',(-0.0737432231637634,-0.147589462311125,0.0542933844900191));
#5243=CARTESIAN_POINT('',(-0.0728437985244556,-0.147589462311125,0.0542797911705333));
#5244=CARTESIAN_POINT('',(-0.0723804928853158,-0.147589462311125,0.0541098746769613));
#5245=CARTESIAN_POINT('',(-0.0737432231637634,-0.147589462311125,0.0542933844900191));
#5246=CARTESIAN_POINT('',(-0.0737432231637634,-0.148757862311125,0.0542933844900191));
#5247=CARTESIAN_POINT('',(-0.0737432231637634,-0.148757862311125,0.0542933844900191));
#5248=CARTESIAN_POINT('',(-0.0737432231637634,-0.148757862311125,0.0542933844900191));
#5249=CARTESIAN_POINT('',(-0.0728437985244556,-0.148757862311125,0.0542797911705333));
#5250=CARTESIAN_POINT('',(-0.0723804928853158,-0.148757862311125,0.0541098746769613));
#5251=CARTESIAN_POINT('',(-0.0744410135640325,-0.148757862311125,0.0543081105861286));
#5252=CARTESIAN_POINT('',(-0.0744410135640325,-0.147589462311125,0.0543081105861286));
#5253=CARTESIAN_POINT('',(-0.0751388039643016,-0.147589462311125,0.0543228366822382));
#5254=CARTESIAN_POINT('',(-0.0751388039643016,-0.148757862311125,0.0543228366822382));
#5255=CARTESIAN_POINT('',(-0.0751388039643016,-0.148757862311125,0.0543228366822382));
#5256=CARTESIAN_POINT('',(-0.0744410135640325,-0.148757862311125,0.0543081105861286));
#5257=CARTESIAN_POINT('',(-0.0751388039643016,-0.148757862311125,0.0540079247808181));
#5258=CARTESIAN_POINT('',(-0.0751388039643016,-0.147589462311125,0.0540079247808181));
#5259=CARTESIAN_POINT('',(-0.0751388039643016,-0.147589462311125,0.0536930128793979));
#5260=CARTESIAN_POINT('',(-0.0751388039643016,-0.148757862311125,0.0536930128793979));
#5261=CARTESIAN_POINT('',(-0.0751388039643016,-0.148757862311125,0.0536930128793979));
#5262=CARTESIAN_POINT('',(-0.0751388039643016,-0.148757862311125,0.0540079247808181));
#5263=CARTESIAN_POINT('',(-0.0748238920628814,-0.148757862311125,0.0525489084893464));
#5264=CARTESIAN_POINT('',(-0.0748238920628814,-0.147589462311125,0.0525489084893464));
#5265=CARTESIAN_POINT('',(-0.0750338333304949,-0.148757862311125,0.0529189488531254));
#5266=CARTESIAN_POINT('',(-0.0750338333304949,-0.147589462311125,0.0529189488531254));
#5267=CARTESIAN_POINT('',(-0.0751388039643016,-0.148757862311125,0.0533003169831426));
#5268=CARTESIAN_POINT('',(-0.0751388039643016,-0.147589462311125,0.0533003169831426));
#5269=CARTESIAN_POINT('',(-0.0751388039643016,-0.148757862311125,0.0536930128793979));
#5270=CARTESIAN_POINT('',(-0.0751388039643016,-0.147589462311125,0.0536930128793979));
#5271=CARTESIAN_POINT('',(-0.0748238920628814,-0.147589462311125,0.0525489084893464));
#5272=CARTESIAN_POINT('',(-0.0751388039643016,-0.147589462311125,0.0531039690350149));
#5273=CARTESIAN_POINT('',(-0.0751388039643016,-0.147589462311125,0.0536930128793979));
#5274=CARTESIAN_POINT('',(-0.0748238920628814,-0.147589462311125,0.0525489084893464));
#5275=CARTESIAN_POINT('',(-0.0748238920628814,-0.148757862311125,0.0525489084893464));
#5276=CARTESIAN_POINT('',(-0.0748238920628814,-0.148757862311125,0.0525489084893464));
#5277=CARTESIAN_POINT('',(-0.0748238920628814,-0.148757862311125,0.0525489084893464));
#5278=CARTESIAN_POINT('',(-0.0751388039643016,-0.148757862311125,0.0531039690350149));
#5279=CARTESIAN_POINT('',(-0.0751388039643016,-0.148757862311125,0.0536930128793979));
#5280=CARTESIAN_POINT('',(-0.0724269367268922,-0.148757862311125,0.0503988984573485));
#5281=CARTESIAN_POINT('',(-0.0724269367268922,-0.147589462311125,0.0503988984573485));
#5282=CARTESIAN_POINT('',(-0.0716566486226991,-0.148757862311125,0.0503988984573485));
#5283=CARTESIAN_POINT('',(-0.0716566486226991,-0.147589462311125,0.0503988984573485));
#5284=CARTESIAN_POINT('',(-0.0710781773601383,-0.148757862311125,0.050602043065219));
#5285=CARTESIAN_POINT('',(-0.0710781773601383,-0.147589462311125,0.050602043065219));
#5286=CARTESIAN_POINT('',(-0.07069152293921,-0.148757862311125,0.0510083322809601));
#5287=CARTESIAN_POINT('',(-0.07069152293921,-0.147589462311125,0.0510083322809601));
#5288=CARTESIAN_POINT('',(-0.0724269367268922,-0.148757862311125,0.0503988984573485));
#5289=CARTESIAN_POINT('',(-0.0724269367268922,-0.148757862311125,0.0503988984573485));
#5290=CARTESIAN_POINT('',(-0.0724269367268922,-0.148757862311125,0.0503988984573485));
#5291=CARTESIAN_POINT('',(-0.0712715045706025,-0.148757862311125,0.0503988984573485));
#5292=CARTESIAN_POINT('',(-0.07069152293921,-0.148757862311125,0.0510083322809601));
#5293=CARTESIAN_POINT('',(-0.07069152293921,-0.148757862311125,0.0510083322809601));
#5294=CARTESIAN_POINT('',(-0.07069152293921,-0.148757862311125,0.0510083322809601));
#5295=CARTESIAN_POINT('',(-0.0740014962339929,-0.148757862311125,0.0507636525302164));
#5296=CARTESIAN_POINT('',(-0.0740014962339929,-0.147589462311125,0.0507636525302164));
#5297=CARTESIAN_POINT('',(-0.073569530748112,-0.148757862311125,0.0505204831483045));
#5298=CARTESIAN_POINT('',(-0.073569530748112,-0.147589462311125,0.0505204831483045));
#5299=CARTESIAN_POINT('',(-0.0730446775790785,-0.148757862311125,0.0503988984573485));
#5300=CARTESIAN_POINT('',(-0.0730446775790785,-0.147589462311125,0.0503988984573485));
#5301=CARTESIAN_POINT('',(-0.0724269367268922,-0.148757862311125,0.0503988984573485));
#5302=CARTESIAN_POINT('',(-0.0724269367268922,-0.147589462311125,0.0503988984573485));
#5303=CARTESIAN_POINT('',(-0.0740014962339929,-0.148757862311125,0.0507636525302164));
#5304=CARTESIAN_POINT('',(-0.0740014962339929,-0.148757862311125,0.0507636525302164));
#5305=CARTESIAN_POINT('',(-0.0740014962339929,-0.148757862311125,0.0507636525302164));
#5306=CARTESIAN_POINT('',(-0.0733535480051716,-0.148757862311125,0.0503988984573485));
#5307=CARTESIAN_POINT('',(-0.0724269367268922,-0.148757862311125,0.0503988984573485));
#5308=CARTESIAN_POINT('',(-0.0751388039643016,-0.148757862311125,0.0520074412631635));
#5309=CARTESIAN_POINT('',(-0.0751388039643016,-0.147589462311125,0.0520074412631635));
#5310=CARTESIAN_POINT('',(-0.0748125642966433,-0.148757862311125,0.051421418156444));
#5311=CARTESIAN_POINT('',(-0.0748125642966433,-0.147589462311125,0.051421418156444));
#5312=CARTESIAN_POINT('',(-0.0744334617198737,-0.148757862311125,0.0510068219121283));
#5313=CARTESIAN_POINT('',(-0.0744334617198737,-0.147589462311125,0.0510068219121283));
#5314=CARTESIAN_POINT('',(-0.0740014962339929,-0.148757862311125,0.0507636525302164));
#5315=CARTESIAN_POINT('',(-0.0740014962339929,-0.147589462311125,0.0507636525302164));
#5316=CARTESIAN_POINT('',(-0.0751388039643016,-0.148757862311125,0.0520074412631635));
#5317=CARTESIAN_POINT('',(-0.0751388039643016,-0.148757862311125,0.0520074412631635));
#5318=CARTESIAN_POINT('',(-0.0751388039643016,-0.148757862311125,0.0520074412631635));
#5319=CARTESIAN_POINT('',(-0.0746494444628141,-0.148757862311125,0.0511284066030843));
#5320=CARTESIAN_POINT('',(-0.0740014962339929,-0.148757862311125,0.0507636525302164));
#5321=CARTESIAN_POINT('',(-0.0751591939435302,-0.148757862311125,0.0520074412631635));
#5322=CARTESIAN_POINT('',(-0.0751795839227589,-0.148757862311125,0.0520074412631635));
#5323=CARTESIAN_POINT('',(-0.0751795839227589,-0.148757862311125,0.0520074412631635));
#5324=CARTESIAN_POINT('',(-0.0751591939435302,-0.148757862311125,0.0520074412631635));
#5325=CARTESIAN_POINT('',(-0.0755454707722506,-0.148757862311125,0.0508429468938833));
#5326=CARTESIAN_POINT('',(-0.0755454707722506,-0.147589462311125,0.0508429468938833));
#5327=CARTESIAN_POINT('',(-0.075330243213726,-0.148757862311125,0.0510906473822905));
#5328=CARTESIAN_POINT('',(-0.075330243213726,-0.147589462311125,0.0510906473822905));
#5329=CARTESIAN_POINT('',(-0.0752082809305621,-0.148757862311125,0.0514788121720506));
#5330=CARTESIAN_POINT('',(-0.0752082809305621,-0.147589462311125,0.0514788121720506));
#5331=CARTESIAN_POINT('',(-0.0751795839227589,-0.148757862311125,0.0520074412631635));
#5332=CARTESIAN_POINT('',(-0.0751795839227589,-0.147589462311125,0.0520074412631635));
#5333=CARTESIAN_POINT('',(-0.0755454707722506,-0.148757862311125,0.0508429468938833));
#5334=CARTESIAN_POINT('',(-0.0755454707722506,-0.148757862311125,0.0508429468938833));
#5335=CARTESIAN_POINT('',(-0.0755454707722506,-0.148757862311125,0.0508429468938833));
#5336=CARTESIAN_POINT('',(-0.0752226294344637,-0.148757862311125,0.0512144976264941));
#5337=CARTESIAN_POINT('',(-0.0751795839227589,-0.148757862311125,0.0520074412631635));
#5338=CARTESIAN_POINT('',(-0.076575164723297,-0.148757862311125,0.0504713961612725));
#5339=CARTESIAN_POINT('',(-0.076575164723297,-0.147589462311125,0.0504713961612725));
#5340=CARTESIAN_POINT('',(-0.0761039296477906,-0.148757862311125,0.0504713961612725));
#5341=CARTESIAN_POINT('',(-0.0761039296477906,-0.147589462311125,0.0504713961612725));
#5342=CARTESIAN_POINT('',(-0.0757606983307751,-0.148757862311125,0.0505952464054761));
#5343=CARTESIAN_POINT('',(-0.0757606983307751,-0.147589462311125,0.0505952464054761));
#5344=CARTESIAN_POINT('',(-0.0755454707722506,-0.148757862311125,0.0508429468938833));
#5345=CARTESIAN_POINT('',(-0.0755454707722506,-0.147589462311125,0.0508429468938833));
#5346=CARTESIAN_POINT('',(-0.076575164723297,-0.148757862311125,0.0504713961612725));
#5347=CARTESIAN_POINT('',(-0.076575164723297,-0.148757862311125,0.0504713961612725));
#5348=CARTESIAN_POINT('',(-0.076575164723297,-0.148757862311125,0.0504713961612725));
#5349=CARTESIAN_POINT('',(-0.0758683121100374,-0.148757862311125,0.0504713961612725));
#5350=CARTESIAN_POINT('',(-0.0755454707722506,-0.148757862311125,0.0508429468938833));
#5351=CARTESIAN_POINT('',(-0.0765824007787434,-0.148757862311127,0.0547395986377827));
#5352=CARTESIAN_POINT('',(-0.077558414832767,-0.148757862311125,0.0505845933692201));
#5353=CARTESIAN_POINT('',(-0.077558414832767,-0.148757862311125,0.0505845933692201));
#5354=CARTESIAN_POINT('',(-0.0765824007787434,-0.148757862311125,0.0547395986377827));
#5355=CARTESIAN_POINT('',(-0.077558414832767,-0.148757862311125,0.0509811456419886));
#5356=CARTESIAN_POINT('',(-0.077558414832767,-0.148757862311125,0.0513780944765115));
#5357=CARTESIAN_POINT('',(-0.077558414832767,-0.148757862311125,0.0513776174603233));
#5358=CARTESIAN_POINT('',(-0.077558414832767,-0.148757862311125,0.0509811456419886));
#5359=CARTESIAN_POINT('',(-0.0771051136915317,-0.148757862311127,0.0533610600565902));
#5360=CARTESIAN_POINT('',(-0.0771415530352037,-0.148757862311125,0.0513277752888755));
#5361=CARTESIAN_POINT('',(-0.0771415530352037,-0.148757862311125,0.0513277752888755));
#5362=CARTESIAN_POINT('',(-0.0771051136915317,-0.148757862311125,0.0533610600565902));
#5363=CARTESIAN_POINT('',(-0.076575164723297,-0.148757862311125,0.0516143677747003));
#5364=CARTESIAN_POINT('',(-0.076575164723297,-0.147589462311125,0.0516143677747003));
#5365=CARTESIAN_POINT('',(-0.0766748490661926,-0.148757862311125,0.0514233061174838));
#5366=CARTESIAN_POINT('',(-0.0766748490661926,-0.147589462311125,0.0514233061174838));
#5367=CARTESIAN_POINT('',(-0.0768636451701615,-0.148757862311125,0.0513277752888755));
#5368=CARTESIAN_POINT('',(-0.0768636451701615,-0.147589462311125,0.0513277752888755));
#5369=CARTESIAN_POINT('',(-0.0771415530352037,-0.148757862311125,0.0513277752888755));
#5370=CARTESIAN_POINT('',(-0.0771415530352037,-0.147589462311125,0.0513277752888755));
#5371=CARTESIAN_POINT('',(-0.076575164723297,-0.148757862311125,0.0516143677747003));
#5372=CARTESIAN_POINT('',(-0.076575164723297,-0.148757862311125,0.0516143677747003));
#5373=CARTESIAN_POINT('',(-0.076575164723297,-0.148757862311125,0.0516143677747003));
#5374=CARTESIAN_POINT('',(-0.0767246912376404,-0.148757862311125,0.0513277752888755));
#5375=CARTESIAN_POINT('',(-0.0771415530352037,-0.148757862311125,0.0513277752888755));
#5376=CARTESIAN_POINT('',(-0.0764256382089537,-0.148757862311125,0.0524673485724318));
#5377=CARTESIAN_POINT('',(-0.0764256382089537,-0.147589462311125,0.0524673485724318));
#5378=CARTESIAN_POINT('',(-0.0764256382089537,-0.148757862311125,0.052089756364494));
#5379=CARTESIAN_POINT('',(-0.0764256382089537,-0.147589462311125,0.052089756364494));
#5380=CARTESIAN_POINT('',(-0.0764754803804015,-0.148757862311125,0.0518054294319168));
#5381=CARTESIAN_POINT('',(-0.0764754803804015,-0.147589462311125,0.0518054294319168));
#5382=CARTESIAN_POINT('',(-0.076575164723297,-0.148757862311125,0.0516143677747003));
#5383=CARTESIAN_POINT('',(-0.076575164723297,-0.147589462311125,0.0516143677747003));
#5384=CARTESIAN_POINT('',(-0.0764256382089537,-0.148757862311125,0.0524673485724318));
#5385=CARTESIAN_POINT('',(-0.0764256382089537,-0.148757862311125,0.0524673485724318));
#5386=CARTESIAN_POINT('',(-0.0764256382089537,-0.148757862311125,0.0524673485724318));
#5387=CARTESIAN_POINT('',(-0.0764256382089537,-0.148757862311125,0.0519009602605251));
#5388=CARTESIAN_POINT('',(-0.076575164723297,-0.148757862311125,0.0516143677747003));
#5389=CARTESIAN_POINT('',(-0.0764256382089537,-0.148757862311125,0.0541166713367041));
#5390=CARTESIAN_POINT('',(-0.0764256382089537,-0.148757862311125,0.0557659941009765));
#5391=CARTESIAN_POINT('',(-0.0764256382089537,-0.148757862311125,0.0557659941009765));
#5392=CARTESIAN_POINT('',(-0.0764256382089537,-0.148757862311125,0.0541166713367041));
#5393=CARTESIAN_POINT('',(-0.0756972628398416,-0.148757862311125,0.057681519371845));
#5394=CARTESIAN_POINT('',(-0.0756972628398416,-0.147589462311125,0.057681519371845));
#5395=CARTESIAN_POINT('',(-0.0761828464192497,-0.148757862311125,0.0572397364885578));
#5396=CARTESIAN_POINT('',(-0.0761828464192497,-0.147589462311125,0.0572397364885578));
#5397=CARTESIAN_POINT('',(-0.0764256382089537,-0.148757862311125,0.056601228064935));
#5398=CARTESIAN_POINT('',(-0.0764256382089537,-0.147589462311125,0.056601228064935));
#5399=CARTESIAN_POINT('',(-0.0764256382089537,-0.148757862311125,0.0557659941009765));
#5400=CARTESIAN_POINT('',(-0.0764256382089537,-0.147589462311125,0.0557659941009765));
#5401=CARTESIAN_POINT('',(-0.0756972628398416,-0.148757862311125,0.057681519371845));
#5402=CARTESIAN_POINT('',(-0.0756972628398416,-0.148757862311125,0.057681519371845));
#5403=CARTESIAN_POINT('',(-0.0756972628398416,-0.148757862311125,0.057681519371845));
#5404=CARTESIAN_POINT('',(-0.0764256382089537,-0.148757862311125,0.0570188450469142));
#5405=CARTESIAN_POINT('',(-0.0764256382089537,-0.148757862311125,0.0557659941009765));
#5406=CARTESIAN_POINT('',(-0.0735234644987436,-0.148757862311125,0.0583441936967759));
#5407=CARTESIAN_POINT('',(-0.0735234644987436,-0.147589462311125,0.0583441936967759));
#5408=CARTESIAN_POINT('',(-0.0744870798134009,-0.148757862311125,0.0583441936967759));
#5409=CARTESIAN_POINT('',(-0.0744870798134009,-0.147589462311125,0.0583441936967759));
#5410=CARTESIAN_POINT('',(-0.0752116792604336,-0.148757862311125,0.0581233022551323));
#5411=CARTESIAN_POINT('',(-0.0752116792604336,-0.147589462311125,0.0581233022551323));
#5412=CARTESIAN_POINT('',(-0.0756972628398416,-0.148757862311125,0.057681519371845));
#5413=CARTESIAN_POINT('',(-0.0756972628398416,-0.147589462311125,0.057681519371845));
#5414=CARTESIAN_POINT('',(-0.0735234644987436,-0.148757862311125,0.0583441936967759));
#5415=CARTESIAN_POINT('',(-0.0735234644987436,-0.148757862311125,0.0583441936967759));
#5416=CARTESIAN_POINT('',(-0.0735234644987436,-0.148757862311125,0.0583441936967759));
#5417=CARTESIAN_POINT('',(-0.0749688874707296,-0.148757862311125,0.0583441936967759));
#5418=CARTESIAN_POINT('',(-0.0756972628398416,-0.148757862311125,0.057681519371845));
#5419=CARTESIAN_POINT('',(-0.0704513742949616,-0.148757862311125,0.0562757435816926));
#5420=CARTESIAN_POINT('',(-0.0704513742949616,-0.147589462311125,0.0562757435816926));
#5421=CARTESIAN_POINT('',(-0.0706688674067337,-0.148757862311125,0.0576547103250815));
#5422=CARTESIAN_POINT('',(-0.0706688674067337,-0.147589462311125,0.0576547103250815));
#5423=CARTESIAN_POINT('',(-0.0716928974746611,-0.148757862311125,0.0583441936967759));
#5424=CARTESIAN_POINT('',(-0.0716928974746611,-0.147589462311125,0.0583441936967759));
#5425=CARTESIAN_POINT('',(-0.0735234644987436,-0.148757862311125,0.0583441936967759));
#5426=CARTESIAN_POINT('',(-0.0735234644987436,-0.147589462311125,0.0583441936967759));
#5427=CARTESIAN_POINT('',(-0.0704513742949616,-0.148757862311125,0.0562757435816926));
#5428=CARTESIAN_POINT('',(-0.0704513742949616,-0.148757862311125,0.0562757435816926));
#5429=CARTESIAN_POINT('',(-0.0704513742949616,-0.148757862311125,0.0562757435816926));
#5430=CARTESIAN_POINT('',(-0.0707776139626198,-0.148757862311125,0.0583441936967759));
#5431=CARTESIAN_POINT('',(-0.0735234644987436,-0.148757862311125,0.0583441936967759));
#5432=CARTESIAN_POINT('',(-0.0711163141731401,-0.148757862311125,0.0562157064206305));
#5433=CARTESIAN_POINT('',(-0.0717812540513186,-0.148757862311125,0.0561556692595683));
#5434=CARTESIAN_POINT('',(-0.0717812540513186,-0.148757862311125,0.0561556692595683));
#5435=CARTESIAN_POINT('',(-0.0711163141731401,-0.148757862311125,0.0562157064206305));
#5436=CARTESIAN_POINT('',(-0.0722502235735773,-0.148757862311125,0.0570834133144715));
#5437=CARTESIAN_POINT('',(-0.0722502235735773,-0.147589462311125,0.0570834133144715));
#5438=CARTESIAN_POINT('',(-0.0719904401345161,-0.148757862311125,0.0568893309195915));
#5439=CARTESIAN_POINT('',(-0.0719904401345161,-0.147589462311125,0.0568893309195915));
#5440=CARTESIAN_POINT('',(-0.0718341169604298,-0.148757862311125,0.0565800829012904));
#5441=CARTESIAN_POINT('',(-0.0718341169604298,-0.147589462311125,0.0565800829012904));
#5442=CARTESIAN_POINT('',(-0.0717812540513185,-0.148757862311125,0.0561556692595683));
#5443=CARTESIAN_POINT('',(-0.0717812540513185,-0.147589462311125,0.0561556692595683));
#5444=CARTESIAN_POINT('',(-0.0722502235735773,-0.148757862311125,0.0570834133144715));
#5445=CARTESIAN_POINT('',(-0.0722502235735773,-0.148757862311125,0.0570834133144715));
#5446=CARTESIAN_POINT('',(-0.0722502235735773,-0.148757862311125,0.0570834133144715));
#5447=CARTESIAN_POINT('',(-0.0718605484149855,-0.148757862311125,0.0567922897221515));
#5448=CARTESIAN_POINT('',(-0.0717812540513185,-0.148757862311125,0.0561556692595683));
#5449=CARTESIAN_POINT('',(-0.0734962778597721,-0.148757862311125,0.0573745369067916));
#5450=CARTESIAN_POINT('',(-0.0734962778597721,-0.147589462311125,0.0573745369067916));
#5451=CARTESIAN_POINT('',(-0.0729253584413701,-0.148757862311125,0.0573745369067916));
#5452=CARTESIAN_POINT('',(-0.0729253584413701,-0.147589462311125,0.0573745369067916));
#5453=CARTESIAN_POINT('',(-0.0725100070126385,-0.148757862311125,0.0572774957093516));
#5454=CARTESIAN_POINT('',(-0.0725100070126385,-0.147589462311125,0.0572774957093516));
#5455=CARTESIAN_POINT('',(-0.0722502235735773,-0.148757862311125,0.0570834133144715));
#5456=CARTESIAN_POINT('',(-0.0722502235735773,-0.147589462311125,0.0570834133144715));
#5457=CARTESIAN_POINT('',(-0.0734962778597721,-0.148757862311125,0.0573745369067916));
#5458=CARTESIAN_POINT('',(-0.0734962778597721,-0.148757862311125,0.0573745369067916));
#5459=CARTESIAN_POINT('',(-0.0734962778597721,-0.148757862311125,0.0573745369067916));
#5460=CARTESIAN_POINT('',(-0.0726398987321691,-0.148757862311125,0.0573745369067916));
#5461=CARTESIAN_POINT('',(-0.0722502235735773,-0.148757862311125,0.0570834133144715));
#5462=CARTESIAN_POINT('',(-0.0747423321459669,-0.148757862311125,0.0569701356520902));
#5463=CARTESIAN_POINT('',(-0.0747423321459669,-0.147589462311125,0.0569701356520902));
#5464=CARTESIAN_POINT('',(-0.0744780176004104,-0.148757862311125,0.0572397364885578));
#5465=CARTESIAN_POINT('',(-0.0744780176004104,-0.147589462311125,0.0572397364885578));
#5466=CARTESIAN_POINT('',(-0.0740626661716788,-0.148757862311125,0.0573745369067916));
#5467=CARTESIAN_POINT('',(-0.0740626661716788,-0.147589462311125,0.0573745369067916));
#5468=CARTESIAN_POINT('',(-0.0734962778597721,-0.148757862311125,0.0573745369067916));
#5469=CARTESIAN_POINT('',(-0.0734962778597721,-0.147589462311125,0.0573745369067916));
#5470=CARTESIAN_POINT('',(-0.0747423321459669,-0.148757862311125,0.0569701356520902));
#5471=CARTESIAN_POINT('',(-0.0747423321459669,-0.148757862311125,0.0569701356520902));
#5472=CARTESIAN_POINT('',(-0.0747423321459669,-0.148757862311125,0.0569701356520902));
#5473=CARTESIAN_POINT('',(-0.0743458603276321,-0.148757862311125,0.0573745369067916));
#5474=CARTESIAN_POINT('',(-0.0734962778597721,-0.148757862311125,0.0573745369067916));
#5475=CARTESIAN_POINT('',(-0.0751388039643016,-0.148757862311125,0.0556323264593665));
#5476=CARTESIAN_POINT('',(-0.0751388039643016,-0.147589462311125,0.0556323264593665));
#5477=CARTESIAN_POINT('',(-0.0751388039643016,-0.148757862311125,0.056254598418048));
#5478=CARTESIAN_POINT('',(-0.0751388039643016,-0.147589462311125,0.056254598418048));
#5479=CARTESIAN_POINT('',(-0.0750066466915234,-0.148757862311125,0.0567005348156226));
#5480=CARTESIAN_POINT('',(-0.0750066466915234,-0.147589462311125,0.0567005348156226));
#5481=CARTESIAN_POINT('',(-0.0747423321459669,-0.148757862311125,0.0569701356520902));
#5482=CARTESIAN_POINT('',(-0.0747423321459669,-0.147589462311125,0.0569701356520902));
#5483=CARTESIAN_POINT('',(-0.0751388039643016,-0.148757862311125,0.0556323264593665));
#5484=CARTESIAN_POINT('',(-0.0751388039643016,-0.148757862311125,0.0556323264593665));
#5485=CARTESIAN_POINT('',(-0.0751388039643016,-0.148757862311125,0.0556323264593665));
#5486=CARTESIAN_POINT('',(-0.0751388039643016,-0.148757862311125,0.0565657343973888));
#5487=CARTESIAN_POINT('',(-0.0747423321459669,-0.148757862311125,0.0569701356520902));
#5488=CARTESIAN_POINT('',(-0.0751388039643016,-0.148757862311125,0.0554238955605849));
#5489=CARTESIAN_POINT('',(-0.0751388039643016,-0.148757862311125,0.0552154646618032));
#5490=CARTESIAN_POINT('',(-0.0751388039643016,-0.148757862311125,0.0552154646618032));
#5491=CARTESIAN_POINT('',(-0.0751388039643016,-0.148757862311125,0.0554238955605849));
#5492=CARTESIAN_POINT('',(-0.0742778937302033,-0.148757862311125,0.0552007385656936));
#5493=CARTESIAN_POINT('',(-0.0734169834961051,-0.148757862311125,0.055186012469584));
#5494=CARTESIAN_POINT('',(-0.0734169834961051,-0.148757862311125,0.055186012469584));
#5495=CARTESIAN_POINT('',(-0.0742778937302033,-0.148757862311125,0.0552007385656936));
#5496=CARTESIAN_POINT('',(-0.0708942899548726,-0.148757862311125,0.054506346495296));
#5497=CARTESIAN_POINT('',(-0.0708942899548726,-0.147589462311125,0.054506346495296));
#5498=CARTESIAN_POINT('',(-0.0714161223862427,-0.148757862311125,0.0549307601370181));
#5499=CARTESIAN_POINT('',(-0.0714161223862427,-0.147589462311125,0.0549307601370181));
#5500=CARTESIAN_POINT('',(-0.0722570202333202,-0.148757862311125,0.0551573154617807));
#5501=CARTESIAN_POINT('',(-0.0722570202333202,-0.147589462311125,0.0551573154617807));
#5502=CARTESIAN_POINT('',(-0.0734169834961052,-0.148757862311125,0.055186012469584));
#5503=CARTESIAN_POINT('',(-0.0734169834961052,-0.147589462311125,0.055186012469584));
#5504=CARTESIAN_POINT('',(-0.0708942899548726,-0.148757862311125,0.054506346495296));
#5505=CARTESIAN_POINT('',(-0.0708942899548726,-0.148757862311125,0.054506346495296));
#5506=CARTESIAN_POINT('',(-0.0708942899548726,-0.148757862311125,0.054506346495296));
#5507=CARTESIAN_POINT('',(-0.0716770386019277,-0.148757862311125,0.0551429669578791));
#5508=CARTESIAN_POINT('',(-0.0734169834961052,-0.148757862311125,0.055186012469584));
#5509=CARTESIAN_POINT('',(-0.0701115413078176,-0.148757862311125,0.0526803105777087));
#5510=CARTESIAN_POINT('',(-0.0701115413078176,-0.147589462311125,0.0526803105777087));
#5511=CARTESIAN_POINT('',(-0.0701115413078176,-0.148757862311125,0.0534732542143781));
#5512=CARTESIAN_POINT('',(-0.0701115413078176,-0.147589462311125,0.0534732542143781));
#5513=CARTESIAN_POINT('',(-0.0703724575235026,-0.148757862311125,0.0540819328535739));
#5514=CARTESIAN_POINT('',(-0.0703724575235026,-0.147589462311125,0.0540819328535739));
#5515=CARTESIAN_POINT('',(-0.0708942899548726,-0.148757862311125,0.054506346495296));
#5516=CARTESIAN_POINT('',(-0.0708942899548726,-0.147589462311125,0.054506346495296));
#5517=CARTESIAN_POINT('',(-0.0701115413078176,-0.148757862311125,0.0526803105777087));
#5518=CARTESIAN_POINT('',(-0.0701115413078176,-0.148757862311125,0.0526803105777087));
#5519=CARTESIAN_POINT('',(-0.0701115413078176,-0.148757862311125,0.0526803105777087));
#5520=CARTESIAN_POINT('',(-0.0701115413078176,-0.148757862311125,0.0538697260327128));
#5521=CARTESIAN_POINT('',(-0.0708942899548726,-0.148757862311125,0.054506346495296));
#5522=CARTESIAN_POINT('',(-0.07069152293921,-0.148757862311125,0.0510083322809601));
#5523=CARTESIAN_POINT('',(-0.07069152293921,-0.147589462311125,0.0510083322809601));
#5524=CARTESIAN_POINT('',(-0.0703048685182817,-0.148757862311125,0.0514146214967012));
#5525=CARTESIAN_POINT('',(-0.0703048685182817,-0.147589462311125,0.0514146214967012));
#5526=CARTESIAN_POINT('',(-0.0701115413078176,-0.148757862311125,0.0519719475956174));
#5527=CARTESIAN_POINT('',(-0.0701115413078176,-0.147589462311125,0.0519719475956174));
#5528=CARTESIAN_POINT('',(-0.0701115413078176,-0.148757862311125,0.0526803105777087));
#5529=CARTESIAN_POINT('',(-0.0701115413078176,-0.147589462311125,0.0526803105777087));
#5530=CARTESIAN_POINT('',(-0.07069152293921,-0.148757862311125,0.0510083322809601));
#5531=CARTESIAN_POINT('',(-0.0701115413078176,-0.148757862311125,0.0516177661045717));
#5532=CARTESIAN_POINT('',(-0.0701115413078176,-0.148757862311125,0.0526803105777087));
#5533=CARTESIAN_POINT('',(-0.072798100248695,-0.148757862311125,0.0536815067840756));
#5534=CARTESIAN_POINT('',(-0.072798100248695,-0.147589462311125,0.0536815067840756));
#5535=CARTESIAN_POINT('',(-0.072798100248695,-0.148757862311125,0.0536815067840756));
#5536=CARTESIAN_POINT('',(-0.06858,-0.148757862311125,0.055626));
#5537=CARTESIAN_POINT('',(-0.0672501475560648,-0.148757862311125,0.0557954462931957));
#5538=CARTESIAN_POINT('',(-0.0672501475560648,-0.148757862311125,0.0505416283119489));
#5539=CARTESIAN_POINT('',(-0.0672501475560648,-0.148757862311125,0.0505416283119489));
#5540=CARTESIAN_POINT('',(-0.0672501475560648,-0.148757862311125,0.0557954462931957));
#5541=CARTESIAN_POINT('',(-0.0672501475560648,-0.148757862311125,0.0610492642744424));
#5542=CARTESIAN_POINT('',(-0.0672501475560648,-0.148757862311125,0.0610492642744424));
#5543=CARTESIAN_POINT('',(-0.0678879007952717,-0.148757862311125,0.0505416283119489));
#5544=CARTESIAN_POINT('',(-0.0685256540344787,-0.148757862311125,0.0505416283119489));
#5545=CARTESIAN_POINT('',(-0.0685256540344787,-0.148757862311125,0.0505416283119489));
#5546=CARTESIAN_POINT('',(-0.0678879007952717,-0.148757862311125,0.0505416283119489));
#5547=CARTESIAN_POINT('',(-0.0685256540344787,-0.148757862311125,0.0557954462931957));
#5548=CARTESIAN_POINT('',(-0.0685256540344787,-0.148757862311125,0.0610492642744424));
#5549=CARTESIAN_POINT('',(-0.0685256540344787,-0.148757862311125,0.0610492642744424));
#5550=CARTESIAN_POINT('',(-0.0685256540344787,-0.148757862311125,0.0557954462931957));
#5551=CARTESIAN_POINT('',(-0.0678879007952717,-0.148757862311125,0.0610492642744424));
#5552=CARTESIAN_POINT('',(-0.0678879007952717,-0.148757862311125,0.0610492642744424));
#5553=CARTESIAN_POINT('',(-0.06858,-0.148757862311125,0.055626));
#5554=CARTESIAN_POINT('',(-0.0648860834042726,-0.148757862311126,0.0553459684161194));
#5555=CARTESIAN_POINT('',(-0.0661672131036992,-0.148757862311125,0.0505982442291899));
#5556=CARTESIAN_POINT('',(-0.0661672131036992,-0.148757862311125,0.0505982442291899));
#5557=CARTESIAN_POINT('',(-0.0648860834042726,-0.148757862311125,0.0553459684161194));
#5558=CARTESIAN_POINT('',(-0.0648803788590471,-0.148757862311125,0.0504283506495676));
#5559=CARTESIAN_POINT('',(-0.0648803788590471,-0.148757862311125,0.0504283506495676));
#5560=CARTESIAN_POINT('',(-0.0661672131036992,-0.148757862311125,0.051069502218646));
#5561=CARTESIAN_POINT('',(-0.0661672131036992,-0.148757862311125,0.0515407372941524));
#5562=CARTESIAN_POINT('',(-0.0661672131036992,-0.148757862311125,0.0515407372941524));
#5563=CARTESIAN_POINT('',(-0.0661672131036992,-0.148757862311125,0.051069502218646));
#5564=CARTESIAN_POINT('',(-0.0654309082982204,-0.148757862311125,0.0514410529512568));
#5565=CARTESIAN_POINT('',(-0.0654309082982204,-0.147589462311125,0.0514410529512568));
#5566=CARTESIAN_POINT('',(-0.0656015799762083,-0.148757862311125,0.0514410529512568));
#5567=CARTESIAN_POINT('',(-0.0656015799762083,-0.147589462311125,0.0514410529512568));
#5568=CARTESIAN_POINT('',(-0.0658470149113679,-0.148757862311125,0.0514742810655553));
#5569=CARTESIAN_POINT('',(-0.0658470149113679,-0.147589462311125,0.0514742810655553));
#5570=CARTESIAN_POINT('',(-0.0661672131036992,-0.148757862311125,0.0515407372941524));
#5571=CARTESIAN_POINT('',(-0.0661672131036992,-0.147589462311125,0.0515407372941524));
#5572=CARTESIAN_POINT('',(-0.0654309082982204,-0.148757862311125,0.0514410529512568));
#5573=CARTESIAN_POINT('',(-0.0654309082982204,-0.148757862311125,0.0514410529512568));
#5574=CARTESIAN_POINT('',(-0.0654309082982204,-0.148757862311125,0.0514410529512568));
#5575=CARTESIAN_POINT('',(-0.0656869158152023,-0.148757862311125,0.0514410529512568));
#5576=CARTESIAN_POINT('',(-0.0661672131036992,-0.148757862311125,0.0515407372941524));
#5577=CARTESIAN_POINT('',(-0.0648044828252516,-0.148757862311125,0.0516642099461481));
#5578=CARTESIAN_POINT('',(-0.0648044828252516,-0.147589462311125,0.0516642099461481));
#5579=CARTESIAN_POINT('',(-0.0649245571473758,-0.148757862311125,0.0515154386162206));
#5580=CARTESIAN_POINT('',(-0.0649245571473758,-0.147589462311125,0.0515154386162206));
#5581=CARTESIAN_POINT('',(-0.0651333656383654,-0.148757862311125,0.0514410529512568));
#5582=CARTESIAN_POINT('',(-0.0651333656383654,-0.147589462311125,0.0514410529512568));
#5583=CARTESIAN_POINT('',(-0.0654309082982204,-0.148757862311125,0.0514410529512568));
#5584=CARTESIAN_POINT('',(-0.0654309082982204,-0.147589462311125,0.0514410529512568));
#5585=CARTESIAN_POINT('',(-0.0648044828252516,-0.148757862311125,0.0516642099461481));
#5586=CARTESIAN_POINT('',(-0.0648044828252516,-0.148757862311125,0.0516642099461481));
#5587=CARTESIAN_POINT('',(-0.0648044828252516,-0.148757862311125,0.0516642099461481));
#5588=CARTESIAN_POINT('',(-0.0649845943084379,-0.148757862311125,0.0514410529512568));
#5589=CARTESIAN_POINT('',(-0.0654309082982204,-0.148757862311125,0.0514410529512568));
#5590=CARTESIAN_POINT('',(-0.0646243713420652,-0.148757862311125,0.0524401619334603));
#5591=CARTESIAN_POINT('',(-0.0646243713420652,-0.147589462311125,0.0524401619334603));
#5592=CARTESIAN_POINT('',(-0.0646243713420652,-0.148757862311125,0.052071631938513));
#5593=CARTESIAN_POINT('',(-0.0646243713420652,-0.147589462311125,0.052071631938513));
#5594=CARTESIAN_POINT('',(-0.0646844085031273,-0.148757862311125,0.0518129812760756));
#5595=CARTESIAN_POINT('',(-0.0646844085031273,-0.147589462311125,0.0518129812760756));
#5596=CARTESIAN_POINT('',(-0.0648044828252516,-0.148757862311125,0.0516642099461481));
#5597=CARTESIAN_POINT('',(-0.0648044828252516,-0.147589462311125,0.0516642099461481));
#5598=CARTESIAN_POINT('',(-0.0646243713420652,-0.148757862311125,0.0524401619334603));
#5599=CARTESIAN_POINT('',(-0.0646243713420652,-0.148757862311125,0.0524401619334603));
#5600=CARTESIAN_POINT('',(-0.0646243713420652,-0.148757862311125,0.0524401619334603));
#5601=CARTESIAN_POINT('',(-0.0646243713420652,-0.148757862311125,0.0518873669410393));
#5602=CARTESIAN_POINT('',(-0.0648044828252516,-0.148757862311125,0.0516642099461481));
#5603=CARTESIAN_POINT('',(-0.0646243713420652,-0.148757862311125,0.0548575072486781));
#5604=CARTESIAN_POINT('',(-0.0646243713420652,-0.148757862311125,0.057274852563896));
#5605=CARTESIAN_POINT('',(-0.0646243713420652,-0.148757862311125,0.057274852563896));
#5606=CARTESIAN_POINT('',(-0.0646243713420652,-0.148757862311125,0.0548575072486781));
#5607=CARTESIAN_POINT('',(-0.0653323567319487,-0.148757862311125,0.057274852563896));
#5608=CARTESIAN_POINT('',(-0.0660403421218321,-0.148757862311125,0.057274852563896));
#5609=CARTESIAN_POINT('',(-0.0660403421218321,-0.148757862311125,0.057274852563896));
#5610=CARTESIAN_POINT('',(-0.0653323567319487,-0.148757862311125,0.057274852563896));
#5611=CARTESIAN_POINT('',(-0.066040342121832,-0.148757862311125,0.0577381582030357));
#5612=CARTESIAN_POINT('',(-0.066040342121832,-0.148757862311125,0.0582014638421754));
#5613=CARTESIAN_POINT('',(-0.066040342121832,-0.148757862311125,0.0582014638421754));
#5614=CARTESIAN_POINT('',(-0.066040342121832,-0.148757862311125,0.0577381582030357));
#5615=CARTESIAN_POINT('',(-0.0653323567319487,-0.148757862311125,0.0582014638421754));
#5616=CARTESIAN_POINT('',(-0.0646243713420652,-0.148757862311125,0.0582014638421754));
#5617=CARTESIAN_POINT('',(-0.0646243713420652,-0.148757862311125,0.0582014638421754));
#5618=CARTESIAN_POINT('',(-0.0653323567319487,-0.148757862311125,0.0582014638421754));
#5619=CARTESIAN_POINT('',(-0.0646243713420652,-0.148757862311125,0.0590589757464022));
#5620=CARTESIAN_POINT('',(-0.0646243713420652,-0.148757862311125,0.059916487650629));
#5621=CARTESIAN_POINT('',(-0.0646243713420652,-0.148757862311125,0.059916487650629));
#5622=CARTESIAN_POINT('',(-0.0646243713420652,-0.148757862311125,0.0590589757464022));
#5623=CARTESIAN_POINT('',(-0.0641995801081352,-0.148757862311125,0.059916487650629));
#5624=CARTESIAN_POINT('',(-0.0637747888742052,-0.148757862311125,0.059916487650629));
#5625=CARTESIAN_POINT('',(-0.0637747888742052,-0.148757862311125,0.059916487650629));
#5626=CARTESIAN_POINT('',(-0.0641995801081352,-0.148757862311125,0.059916487650629));
#5627=CARTESIAN_POINT('',(-0.0635867479546521,-0.148757862311125,0.0590589757464022));
#5628=CARTESIAN_POINT('',(-0.0633987070350991,-0.148757862311125,0.0582014638421754));
#5629=CARTESIAN_POINT('',(-0.0633987070350991,-0.148757862311125,0.0582014638421754));
#5630=CARTESIAN_POINT('',(-0.0635867479546521,-0.148757862311125,0.0590589757464022));
#5631=CARTESIAN_POINT('',(-0.062932003066088,-0.148757862311125,0.0582014638421754));
#5632=CARTESIAN_POINT('',(-0.0624652990970768,-0.148757862311125,0.0582014638421754));
#5633=CARTESIAN_POINT('',(-0.0624652990970768,-0.148757862311125,0.0582014638421754));
#5634=CARTESIAN_POINT('',(-0.062932003066088,-0.148757862311125,0.0582014638421754));
#5635=CARTESIAN_POINT('',(-0.0624652990970768,-0.148757862311125,0.0577381582030357));
#5636=CARTESIAN_POINT('',(-0.0624652990970768,-0.148757862311125,0.057274852563896));
#5637=CARTESIAN_POINT('',(-0.0624652990970768,-0.148757862311125,0.057274852563896));
#5638=CARTESIAN_POINT('',(-0.0624652990970768,-0.148757862311125,0.0577381582030357));
#5639=CARTESIAN_POINT('',(-0.0629082147569879,-0.148757862311125,0.057274852563896));
#5640=CARTESIAN_POINT('',(-0.0633511304168989,-0.148757862311125,0.057274852563896));
#5641=CARTESIAN_POINT('',(-0.0633511304168989,-0.148757862311125,0.057274852563896));
#5642=CARTESIAN_POINT('',(-0.0629082147569879,-0.148757862311125,0.057274852563896));
#5643=CARTESIAN_POINT('',(-0.0633511304168989,-0.148757862311125,0.0547193085005729));
#5644=CARTESIAN_POINT('',(-0.0633511304168989,-0.148757862311125,0.0521637644372498));
#5645=CARTESIAN_POINT('',(-0.0633511304168989,-0.148757862311125,0.0521637644372498));
#5646=CARTESIAN_POINT('',(-0.0633511304168989,-0.148757862311125,0.0547193085005729));
#5647=CARTESIAN_POINT('',(-0.0648803788590471,-0.148757862311125,0.0504283506495676));
#5648=CARTESIAN_POINT('',(-0.0648803788590471,-0.147589462311125,0.0504283506495676));
#5649=CARTESIAN_POINT('',(-0.063860879897615,-0.148757862311125,0.0504283506495676));
#5650=CARTESIAN_POINT('',(-0.063860879897615,-0.147589462311125,0.0504283506495676));
#5651=CARTESIAN_POINT('',(-0.0633511304168989,-0.148757862311125,0.0510068219121283));
#5652=CARTESIAN_POINT('',(-0.0633511304168989,-0.147589462311125,0.0510068219121283));
#5653=CARTESIAN_POINT('',(-0.0633511304168989,-0.148757862311125,0.0521637644372498));
#5654=CARTESIAN_POINT('',(-0.0633511304168989,-0.147589462311125,0.0521637644372498));
#5655=CARTESIAN_POINT('',(-0.0648803788590471,-0.148757862311125,0.0504283506495676));
#5656=CARTESIAN_POINT('',(-0.0633511304168989,-0.148757862311125,0.0504283506495676));
#5657=CARTESIAN_POINT('',(-0.0633511304168989,-0.148757862311125,0.0521637644372498));
#5658=CARTESIAN_POINT('',(-0.06858,-0.148757862311125,0.055626));
#5659=CARTESIAN_POINT('',(-0.0573927253756403,-0.148757862311125,0.0593988087335462));
#5660=CARTESIAN_POINT('',(-0.0573927253756403,-0.147589462311125,0.0593988087335462));
#5661=CARTESIAN_POINT('',(-0.0574244431211071,-0.147589462311125,0.059497360299818));
#5662=CARTESIAN_POINT('',(-0.0573610076301735,-0.147589462311125,0.0593002571672744));
#5663=CARTESIAN_POINT('',(-0.0574244431211071,-0.148757862311125,0.059497360299818));
#5664=CARTESIAN_POINT('',(-0.0574244431211071,-0.148757862311125,0.059497360299818));
#5665=CARTESIAN_POINT('',(-0.0573927253756403,-0.148757862311125,0.0593988087335462));
#5666=CARTESIAN_POINT('',(-0.0573610076301735,-0.148757862311125,0.0593002571672744));
#5667=CARTESIAN_POINT('',(-0.0573610076301735,-0.148757862311125,0.0593002571672744));
#5668=CARTESIAN_POINT('',(-0.0575195963575074,-0.148757862311125,0.0592039711542503));
#5669=CARTESIAN_POINT('',(-0.0575195963575074,-0.147589462311125,0.0592039711542503));
#5670=CARTESIAN_POINT('',(-0.0576149109463322,-0.147589462311125,0.0589106335419935));
#5671=CARTESIAN_POINT('',(-0.0576147495939077,-0.148757862311125,0.0589105820086826));
#5672=CARTESIAN_POINT('',(-0.0576149109463322,-0.148757862311125,0.0589106335419935));
#5673=CARTESIAN_POINT('',(-0.0575195963575074,-0.148757862311125,0.0592039711542503));
#5674=CARTESIAN_POINT('',(-0.073797098980591,-0.148757862311144,0.0640789582826918));
#5675=CARTESIAN_POINT('',(-0.073797098980591,-0.147589462311125,0.0640789582826918));
#5676=CARTESIAN_POINT('',(-0.0580110511096862,-0.147589462311125,0.0578049243385007));
#5677=CARTESIAN_POINT('',(-0.0580112214122424,-0.148757862311125,0.0578049920238407));
#5678=CARTESIAN_POINT('',(-0.0580110511096861,-0.148757862061125,0.0578049243385006));
#5679=CARTESIAN_POINT('',(-0.073797098980591,-0.148757862311125,0.0640789582826918));
#5680=CARTESIAN_POINT('',(-0.0586523729813208,-0.148757862311125,0.0561590675894398));
#5681=CARTESIAN_POINT('',(-0.0586523729813208,-0.147589462311125,0.0561590675894398));
#5682=CARTESIAN_POINT('',(-0.0592935245503992,-0.147589462311125,0.0545131431550389));
#5683=CARTESIAN_POINT('',(-0.0592935245503992,-0.148757862311125,0.0545131431550389));
#5684=CARTESIAN_POINT('',(-0.0592935245503992,-0.148757862311125,0.0545131431550389));
#5685=CARTESIAN_POINT('',(-0.0586523729813208,-0.148757862311125,0.0561590675894398));
#5686=CARTESIAN_POINT('',(-0.0574278414509785,-0.148757862311125,0.0545131431550389));
#5687=CARTESIAN_POINT('',(-0.0574278414509785,-0.147589462311125,0.0545131431550389));
#5688=CARTESIAN_POINT('',(-0.0555621583515577,-0.147589462311125,0.0545131431550389));
#5689=CARTESIAN_POINT('',(-0.0555621583515577,-0.148757862311125,0.0545131431550389));
#5690=CARTESIAN_POINT('',(-0.0555621583515577,-0.148757862311125,0.0545131431550389));
#5691=CARTESIAN_POINT('',(-0.0574278414509785,-0.148757862311125,0.0545131431550389));
#5692=CARTESIAN_POINT('',(-0.0561987788141409,-0.148757862311125,0.0561522709296969));
#5693=CARTESIAN_POINT('',(-0.0561987788141409,-0.147589462311125,0.0561522709296969));
#5694=CARTESIAN_POINT('',(-0.056835399276724,-0.147589462311125,0.0577913987043549));
#5695=CARTESIAN_POINT('',(-0.0568353992767241,-0.148757862311125,0.057791398704355));
#5696=CARTESIAN_POINT('',(-0.0568353992767241,-0.148757862311125,0.057791398704355));
#5697=CARTESIAN_POINT('',(-0.0561987788141409,-0.148757862311125,0.0561522709296969));
#5698=CARTESIAN_POINT('',(-0.060266579670255,-0.148757862311125,0.0520006446034207));
#5699=CARTESIAN_POINT('',(-0.0608363663120331,-0.148757862311125,0.0505416283119489));
#5700=CARTESIAN_POINT('',(-0.0608363663120331,-0.148757862311125,0.0505416283119489));
#5701=CARTESIAN_POINT('',(-0.060266579670255,-0.148757862311125,0.0520006446034207));
#5702=CARTESIAN_POINT('',(-0.0596967930284768,-0.148757862311125,0.0534596608948924));
#5703=CARTESIAN_POINT('',(-0.0596967930284768,-0.148757862311125,0.0534596608948924));
#5704=CARTESIAN_POINT('',(-0.0615262272759355,-0.148757862311125,0.0505416283119489));
#5705=CARTESIAN_POINT('',(-0.0622160882398379,-0.148757862311125,0.0505416283119489));
#5706=CARTESIAN_POINT('',(-0.0622160882398379,-0.148757862311125,0.0505416283119489));
#5707=CARTESIAN_POINT('',(-0.0615262272759355,-0.148757862311125,0.0505416283119489));
#5708=CARTESIAN_POINT('',(-0.0602133391689357,-0.148757862311125,0.0555292437865995));
#5709=CARTESIAN_POINT('',(-0.0582105900980336,-0.148757862311125,0.0605168592612501));
#5710=CARTESIAN_POINT('',(-0.0582105900980336,-0.148757862311125,0.0605168592612501));
#5711=CARTESIAN_POINT('',(-0.0602133391689357,-0.148757862311125,0.0555292437865995));
#5712=CARTESIAN_POINT('',(-0.0574414347704643,-0.148757862311125,0.0605168592612501));
#5713=CARTESIAN_POINT('',(-0.0566722794428949,-0.148757862311125,0.0605168592612501));
#5714=CARTESIAN_POINT('',(-0.0566722794428949,-0.148757862311125,0.0605168592612501));
#5715=CARTESIAN_POINT('',(-0.0574414347704643,-0.148757862311125,0.0605168592612501));
#5716=CARTESIAN_POINT('',(-0.054637812626526,-0.148757862311125,0.0555292437865995));
#5717=CARTESIAN_POINT('',(-0.0526033458101571,-0.148757862311125,0.0505416283119489));
#5718=CARTESIAN_POINT('',(-0.0526033458101571,-0.148757862311125,0.0505416283119489));
#5719=CARTESIAN_POINT('',(-0.054637812626526,-0.148757862311125,0.0555292437865995));
#5720=CARTESIAN_POINT('',(-0.0533034017636738,-0.148757862311125,0.0505416283119489));
#5721=CARTESIAN_POINT('',(-0.0540034577171905,-0.148757862311125,0.0505416283119489));
#5722=CARTESIAN_POINT('',(-0.0540034577171905,-0.148757862311125,0.0505416283119489));
#5723=CARTESIAN_POINT('',(-0.0533034017636738,-0.148757862311125,0.0505416283119489));
#5724=CARTESIAN_POINT('',(-0.0545777754654639,-0.148757862311125,0.0520006446034207));
#5725=CARTESIAN_POINT('',(-0.0551520932137373,-0.148757862311125,0.0534596608948924));
#5726=CARTESIAN_POINT('',(-0.0551520932137373,-0.148757862311125,0.0534596608948924));
#5727=CARTESIAN_POINT('',(-0.0545777754654639,-0.148757862311125,0.0520006446034207));
#5728=CARTESIAN_POINT('',(-0.0574244431211071,-0.148757862311125,0.0534596608948924));
#5729=CARTESIAN_POINT('',(-0.0574244431211071,-0.148757862311125,0.0534596608948924));
#5730=CARTESIAN_POINT('',(-0.0573610076301735,-0.148757862311125,0.0593002571672744));
#5731=CARTESIAN_POINT('',(-0.0573610076301735,-0.147589462311125,0.0593002571672744));
#5732=CARTESIAN_POINT('',(-0.0572416884924652,-0.148757862311125,0.0589075612710191));
#5733=CARTESIAN_POINT('',(-0.0572416884924652,-0.147589462311125,0.0589075612710191));
#5734=CARTESIAN_POINT('',(-0.057066485707982,-0.148757862311125,0.058404608450046));
#5735=CARTESIAN_POINT('',(-0.057066485707982,-0.147589462311125,0.058404608450046));
#5736=CARTESIAN_POINT('',(-0.056835399276724,-0.148757862311125,0.0577913987043549));
#5737=CARTESIAN_POINT('',(-0.056835399276724,-0.147589462311125,0.0577913987043549));
#5738=CARTESIAN_POINT('',(-0.0573610076301735,-0.147589462311125,0.0593002571672744));
#5739=CARTESIAN_POINT('',(-0.057182028923611,-0.147589462311125,0.0587112133228915));
#5740=CARTESIAN_POINT('',(-0.056835399276724,-0.147589462311125,0.0577913987043549));
#5741=CARTESIAN_POINT('',(-0.0573610076301735,-0.148757862311125,0.0593002571672744));
#5742=CARTESIAN_POINT('',(-0.057182028923611,-0.148757862311125,0.0587112133228915));
#5743=CARTESIAN_POINT('',(-0.056835399276724,-0.148757862311125,0.0577913987043549));
#5744=CARTESIAN_POINT('',(-0.06858,-0.148757862311125,0.055626));
#5745=CARTESIAN_POINT('',(-0.06858,-0.147589462311125,0.064516));
#5746=CARTESIAN_POINT('',(-0.06858,-0.147589462311125,0.064516));
#5747=CARTESIAN_POINT('',(-0.031496,-0.148605462311125,0.064516));
#5748=CARTESIAN_POINT('',(-0.031496,-0.148605462311125,0.0635));
#5749=CARTESIAN_POINT('',(-0.031496,-0.150129462311125,0.0635));
#5750=CARTESIAN_POINT('',(-0.031496,-0.148605462311125,0.0635));
#5751=CARTESIAN_POINT('',(-0.031496,-0.148605462311125,0.0635));
#5752=CARTESIAN_POINT('',(-0.031496,-0.148605462311125,0.0635));
#5753=CARTESIAN_POINT('',(-0.06858,-0.148605462311125,0.0635));
#5754=CARTESIAN_POINT('',(-0.105664,-0.148605462311125,0.0635));
#5755=CARTESIAN_POINT('',(-0.105664,-0.150129462311125,0.0635));
#5756=CARTESIAN_POINT('',(-0.105664,-0.148605462311125,0.0635));
#5757=CARTESIAN_POINT('',(-0.105664,-0.148605462311125,0.0635));
#5758=CARTESIAN_POINT('',(-0.105664,-0.148605462311125,0.0635));
#5759=CARTESIAN_POINT('',(-0.105664,-0.148605462311125,0.064516));
#5760=MECHANICAL_DESIGN_GEOMETRIC_PRESENTATION_REPRESENTATION('',(#3185),
#5761);
#5761=(
GEOMETRIC_REPRESENTATION_CONTEXT(3)
GLOBAL_UNCERTAINTY_ASSIGNED_CONTEXT((#5762))
GLOBAL_UNIT_ASSIGNED_CONTEXT((#5765,#5764,#5763))
REPRESENTATION_CONTEXT('Phone Stand','TOP_LEVEL_ASSEMBLY_PART')
);
#5762=UNCERTAINTY_MEASURE_WITH_UNIT(LENGTH_MEASURE(2.E-5),#5765,
'DISTANCE_ACCURACY_VALUE','Maximum Tolerance applied to model');
#5763=(
NAMED_UNIT(*)
SI_UNIT($,.STERADIAN.)
SOLID_ANGLE_UNIT()
);
#5764=(
NAMED_UNIT(*)
PLANE_ANGLE_UNIT()
SI_UNIT($,.RADIAN.)
);
#5765=(
LENGTH_UNIT()
NAMED_UNIT(*)
SI_UNIT($,.METRE.)
);
#5766=PRODUCT_DEFINITION_SHAPE('','',#5767);
#5767=PRODUCT_DEFINITION('','',#5769,#5768);
#5768=PRODUCT_DEFINITION_CONTEXT('',#5775,'design');
#5769=PRODUCT_DEFINITION_FORMATION_WITH_SPECIFIED_SOURCE('','',#5771,
 .NOT_KNOWN.);
#5770=PRODUCT_RELATED_PRODUCT_CATEGORY('','',(#5771));
#5771=PRODUCT('Phone Stand','Phone Stand','Phone Stand',(#5773));
#5772=PRODUCT_CATEGORY('','');
#5773=PRODUCT_CONTEXT('',#5775,'mechanical');
#5774=APPLICATION_PROTOCOL_DEFINITION('international standard',
'ap242_managed_model_based_3d_engineering',2020,#5775);
#5775=APPLICATION_CONTEXT('managed model based 3d engineering');
ENDSEC;
END-ISO-10303-21;
