ISO-10303-21;
HEADER;
/* Generated by software containing ST-Developer
 * from STEP Tools, Inc. (www.steptools.com) 
 */
/* OPTION: using custom renumber hook */

FILE_DESCRIPTION(
/* description */ ('STEP AP242 Edition 2',
'CAx-IF Rec.Pracs.---Representation and Presentation of Product Manufa
cturing Information (PMI)---4.0---2014-10-13',
'CAx-IF Rec.Pracs.---3D Tessellated Geometry---0.4---2014-09-14','2;1',
'CAx-IF Rec.Pracs.---User Defined Attributes---1.5---2016-08-15'),
/* implementation_level */ '2;1');

FILE_NAME(
/* name */ 'Part Studio 1 - Stationery Holder',
/* time_stamp */ '2026-08-05T21:18:58Z',
/* author */ (''),
/* organization */ (''),
/* preprocessor_version */ 'ST-DEVELOPER v20',
/* originating_system */ 'ONSHAPE BY PTC INC, 1.218',
/* authorisation */ '  ');

FILE_SCHEMA (('AP242_MANAGED_MODEL_BASED_3D_ENGINEERING_MIM_LF { 1 0 10303 442 3 1 4 }'));
ENDSEC;

DATA;
#10=SHAPE_REPRESENTATION_RELATIONSHIP('','',#2836,#11);
#11=ADVANCED_BREP_SHAPE_REPRESENTATION('',(#2834),#5029);
#12=ELLIPSE('',#2993,0.00143684097937106,0.001016);
#13=ELLIPSE('',#2995,0.00143684097937106,0.001016);
#14=ELLIPSE('',#2997,0.00143684097937106,0.001016);
#15=SPHERICAL_SURFACE('',#2957,0.001016);
#16=SPHERICAL_SURFACE('',#2967,0.001016);
#17=SPHERICAL_SURFACE('',#2977,0.001016);
#18=SPHERICAL_SURFACE('',#2983,0.001016);
#19=TOROIDAL_SURFACE('',#2946,0.004064,0.001016);
#20=TOROIDAL_SURFACE('',#2955,0.006096,0.001016);
#21=TOROIDAL_SURFACE('',#2965,0.006096,0.001016);
#22=TOROIDAL_SURFACE('',#2975,0.004064,0.001016);
#23=TOROIDAL_SURFACE('',#2986,0.006096,0.001016);
#24=TOROIDAL_SURFACE('',#2990,0.004064,0.001016);
#25=TOROIDAL_SURFACE('',#2999,0.002984,0.001016);
#26=TOROIDAL_SURFACE('',#3000,0.005016,0.001016);
#27=B_SPLINE_SURFACE_WITH_KNOTS('',3,1,((#3996,#3997),(#3998,#3999),(#4000,
#4001),(#4002,#4003)),.SURF_OF_LINEAR_EXTRUSION.,.F.,.F.,.F.,(4,4),(2,2),
(0.,1.),(0.,1.),.PIECEWISE_BEZIER_KNOTS.);
#28=B_SPLINE_SURFACE_WITH_KNOTS('',3,1,((#4011,#4012),(#4013,#4014),(#4015,
#4016),(#4017,#4018)),.SURF_OF_LINEAR_EXTRUSION.,.F.,.F.,.F.,(4,4),(2,2),
(0.,1.),(0.,1.),.PIECEWISE_BEZIER_KNOTS.);
#29=B_SPLINE_SURFACE_WITH_KNOTS('',3,1,((#4028,#4029),(#4030,#4031),(#4032,
#4033),(#4034,#4035)),.SURF_OF_LINEAR_EXTRUSION.,.F.,.F.,.F.,(4,4),(2,2),
(0.,1.),(0.,1.),.PIECEWISE_BEZIER_KNOTS.);
#30=B_SPLINE_SURFACE_WITH_KNOTS('',3,1,((#4041,#4042),(#4043,#4044),(#4045,
#4046),(#4047,#4048)),.SURF_OF_LINEAR_EXTRUSION.,.F.,.F.,.F.,(4,4),(2,2),
(0.,1.),(0.,1.),.PIECEWISE_BEZIER_KNOTS.);
#31=B_SPLINE_SURFACE_WITH_KNOTS('',3,1,((#4054,#4055),(#4056,#4057),(#4058,
#4059),(#4060,#4061)),.SURF_OF_LINEAR_EXTRUSION.,.F.,.F.,.F.,(4,4),(2,2),
(0.,1.),(0.,1.),.PIECEWISE_BEZIER_KNOTS.);
#32=B_SPLINE_SURFACE_WITH_KNOTS('',3,1,((#4067,#4068),(#4069,#4070),(#4071,
#4072),(#4073,#4074)),.SURF_OF_LINEAR_EXTRUSION.,.F.,.F.,.F.,(4,4),(2,2),
(0.,1.),(0.,1.),.PIECEWISE_BEZIER_KNOTS.);
#33=B_SPLINE_SURFACE_WITH_KNOTS('',3,1,((#4080,#4081),(#4082,#4083),(#4084,
#4085),(#4086,#4087)),.SURF_OF_LINEAR_EXTRUSION.,.F.,.F.,.F.,(4,4),(2,2),
(0.,1.),(0.,1.),.PIECEWISE_BEZIER_KNOTS.);
#34=B_SPLINE_SURFACE_WITH_KNOTS('',3,1,((#4093,#4094),(#4095,#4096),(#4097,
#4098),(#4099,#4100)),.SURF_OF_LINEAR_EXTRUSION.,.F.,.F.,.F.,(4,4),(2,2),
(0.,1.),(0.,1.),.PIECEWISE_BEZIER_KNOTS.);
#35=B_SPLINE_SURFACE_WITH_KNOTS('',3,1,((#4106,#4107),(#4108,#4109),(#4110,
#4111),(#4112,#4113)),.SURF_OF_LINEAR_EXTRUSION.,.F.,.F.,.F.,(4,4),(2,2),
(0.,1.),(0.,1.),.PIECEWISE_BEZIER_KNOTS.);
#36=B_SPLINE_SURFACE_WITH_KNOTS('',3,1,((#4119,#4120),(#4121,#4122),(#4123,
#4124),(#4125,#4126)),.SURF_OF_LINEAR_EXTRUSION.,.F.,.F.,.F.,(4,4),(2,2),
(0.,1.),(0.,1.),.PIECEWISE_BEZIER_KNOTS.);
#37=B_SPLINE_SURFACE_WITH_KNOTS('',3,1,((#4132,#4133),(#4134,#4135),(#4136,
#4137),(#4138,#4139)),.SURF_OF_LINEAR_EXTRUSION.,.F.,.F.,.F.,(4,4),(2,2),
(0.,1.),(0.,1.),.PIECEWISE_BEZIER_KNOTS.);
#38=B_SPLINE_SURFACE_WITH_KNOTS('',3,1,((#4149,#4150),(#4151,#4152),(#4153,
#4154),(#4155,#4156)),.SURF_OF_LINEAR_EXTRUSION.,.F.,.F.,.F.,(4,4),(2,2),
(0.,1.),(0.,1.),.PIECEWISE_BEZIER_KNOTS.);
#39=B_SPLINE_SURFACE_WITH_KNOTS('',3,1,((#4162,#4163),(#4164,#4165),(#4166,
#4167),(#4168,#4169)),.SURF_OF_LINEAR_EXTRUSION.,.F.,.F.,.F.,(4,4),(2,2),
(0.,1.),(0.,1.),.PIECEWISE_BEZIER_KNOTS.);
#40=B_SPLINE_SURFACE_WITH_KNOTS('',3,1,((#4175,#4176),(#4177,#4178),(#4179,
#4180),(#4181,#4182)),.SURF_OF_LINEAR_EXTRUSION.,.F.,.F.,.F.,(4,4),(2,2),
(0.,1.),(0.,1.),.PIECEWISE_BEZIER_KNOTS.);
#41=B_SPLINE_SURFACE_WITH_KNOTS('',3,1,((#4188,#4189),(#4190,#4191),(#4192,
#4193),(#4194,#4195)),.SURF_OF_LINEAR_EXTRUSION.,.F.,.F.,.F.,(4,4),(2,2),
(0.,1.),(0.,1.),.PIECEWISE_BEZIER_KNOTS.);
#42=B_SPLINE_SURFACE_WITH_KNOTS('',3,1,((#4201,#4202),(#4203,#4204),(#4205,
#4206),(#4207,#4208)),.SURF_OF_LINEAR_EXTRUSION.,.F.,.F.,.F.,(4,4),(2,2),
(0.,1.),(0.,1.),.PIECEWISE_BEZIER_KNOTS.);
#43=B_SPLINE_SURFACE_WITH_KNOTS('',3,1,((#4214,#4215),(#4216,#4217),(#4218,
#4219),(#4220,#4221)),.SURF_OF_LINEAR_EXTRUSION.,.F.,.F.,.F.,(4,4),(2,2),
(0.,1.),(0.,1.),.PIECEWISE_BEZIER_KNOTS.);
#44=B_SPLINE_SURFACE_WITH_KNOTS('',3,1,((#4227,#4228),(#4229,#4230),(#4231,
#4232),(#4233,#4234)),.SURF_OF_LINEAR_EXTRUSION.,.F.,.F.,.F.,(4,4),(2,2),
(0.,1.),(0.,1.),.PIECEWISE_BEZIER_KNOTS.);
#45=B_SPLINE_SURFACE_WITH_KNOTS('',3,1,((#4244,#4245),(#4246,#4247),(#4248,
#4249),(#4250,#4251)),.SURF_OF_LINEAR_EXTRUSION.,.F.,.F.,.F.,(4,4),(2,2),
(0.,1.),(0.,1.),.PIECEWISE_BEZIER_KNOTS.);
#46=B_SPLINE_SURFACE_WITH_KNOTS('',3,1,((#4257,#4258),(#4259,#4260),(#4261,
#4262),(#4263,#4264)),.SURF_OF_LINEAR_EXTRUSION.,.F.,.F.,.F.,(4,4),(2,2),
(0.,1.),(0.,1.),.PIECEWISE_BEZIER_KNOTS.);
#47=B_SPLINE_SURFACE_WITH_KNOTS('',3,1,((#4270,#4271),(#4272,#4273),(#4274,
#4275),(#4276,#4277)),.SURF_OF_LINEAR_EXTRUSION.,.F.,.F.,.F.,(4,4),(2,2),
(0.,1.),(0.,1.),.PIECEWISE_BEZIER_KNOTS.);
#48=B_SPLINE_SURFACE_WITH_KNOTS('',3,1,((#4283,#4284),(#4285,#4286),(#4287,
#4288),(#4289,#4290)),.SURF_OF_LINEAR_EXTRUSION.,.F.,.F.,.F.,(4,4),(2,2),
(0.,1.),(0.,1.),.PIECEWISE_BEZIER_KNOTS.);
#49=B_SPLINE_SURFACE_WITH_KNOTS('',3,1,((#4296,#4297),(#4298,#4299),(#4300,
#4301),(#4302,#4303)),.SURF_OF_LINEAR_EXTRUSION.,.F.,.F.,.F.,(4,4),(2,2),
(0.,1.),(0.,1.),.PIECEWISE_BEZIER_KNOTS.);
#50=B_SPLINE_SURFACE_WITH_KNOTS('',3,1,((#4309,#4310),(#4311,#4312),(#4313,
#4314),(#4315,#4316)),.SURF_OF_LINEAR_EXTRUSION.,.F.,.F.,.F.,(4,4),(2,2),
(0.,1.),(0.,1.),.PIECEWISE_BEZIER_KNOTS.);
#51=B_SPLINE_SURFACE_WITH_KNOTS('',3,1,((#4326,#4327),(#4328,#4329),(#4330,
#4331),(#4332,#4333)),.SURF_OF_LINEAR_EXTRUSION.,.F.,.F.,.F.,(4,4),(2,2),
(0.,1.),(0.,1.),.PIECEWISE_BEZIER_KNOTS.);
#52=B_SPLINE_SURFACE_WITH_KNOTS('',3,1,((#4339,#4340),(#4341,#4342),(#4343,
#4344),(#4345,#4346)),.SURF_OF_LINEAR_EXTRUSION.,.F.,.F.,.F.,(4,4),(2,2),
(0.,1.),(0.,1.),.PIECEWISE_BEZIER_KNOTS.);
#53=B_SPLINE_SURFACE_WITH_KNOTS('',3,1,((#4352,#4353),(#4354,#4355),(#4356,
#4357),(#4358,#4359)),.SURF_OF_LINEAR_EXTRUSION.,.F.,.F.,.F.,(4,4),(2,2),
(0.,1.),(0.,1.),.PIECEWISE_BEZIER_KNOTS.);
#54=B_SPLINE_SURFACE_WITH_KNOTS('',3,1,((#4364,#4365),(#4366,#4367),(#4368,
#4369),(#4370,#4371)),.SURF_OF_LINEAR_EXTRUSION.,.F.,.F.,.F.,(4,4),(2,2),
(0.,1.),(0.,1.),.PIECEWISE_BEZIER_KNOTS.);
#55=B_SPLINE_SURFACE_WITH_KNOTS('',3,1,((#4384,#4385),(#4386,#4387),(#4388,
#4389),(#4390,#4391)),.SURF_OF_LINEAR_EXTRUSION.,.F.,.F.,.F.,(4,4),(2,2),
(0.,1.),(0.,1.),.PIECEWISE_BEZIER_KNOTS.);
#56=B_SPLINE_SURFACE_WITH_KNOTS('',3,1,((#4401,#4402),(#4403,#4404),(#4405,
#4406),(#4407,#4408)),.SURF_OF_LINEAR_EXTRUSION.,.F.,.F.,.F.,(4,4),(2,2),
(0.,1.),(0.,1.),.PIECEWISE_BEZIER_KNOTS.);
#57=B_SPLINE_SURFACE_WITH_KNOTS('',3,1,((#4418,#4419),(#4420,#4421),(#4422,
#4423),(#4424,#4425)),.SURF_OF_LINEAR_EXTRUSION.,.F.,.F.,.F.,(4,4),(2,2),
(0.,1.),(0.,1.),.PIECEWISE_BEZIER_KNOTS.);
#58=B_SPLINE_SURFACE_WITH_KNOTS('',3,1,((#4435,#4436),(#4437,#4438),(#4439,
#4440),(#4441,#4442)),.SURF_OF_LINEAR_EXTRUSION.,.F.,.F.,.F.,(4,4),(2,2),
(0.,1.),(0.,1.),.PIECEWISE_BEZIER_KNOTS.);
#59=B_SPLINE_SURFACE_WITH_KNOTS('',3,1,((#4452,#4453),(#4454,#4455),(#4456,
#4457),(#4458,#4459)),.SURF_OF_LINEAR_EXTRUSION.,.F.,.F.,.F.,(4,4),(2,2),
(0.,1.),(0.,1.),.PIECEWISE_BEZIER_KNOTS.);
#60=B_SPLINE_SURFACE_WITH_KNOTS('',3,1,((#4481,#4482),(#4483,#4484),(#4485,
#4486),(#4487,#4488)),.SURF_OF_LINEAR_EXTRUSION.,.F.,.F.,.F.,(4,4),(2,2),
(0.,1.),(0.,1.),.PIECEWISE_BEZIER_KNOTS.);
#61=B_SPLINE_SURFACE_WITH_KNOTS('',3,1,((#4498,#4499),(#4500,#4501),(#4502,
#4503),(#4504,#4505)),.SURF_OF_LINEAR_EXTRUSION.,.F.,.F.,.F.,(4,4),(2,2),
(0.,1.),(0.,1.),.PIECEWISE_BEZIER_KNOTS.);
#62=B_SPLINE_SURFACE_WITH_KNOTS('',3,1,((#4513,#4514),(#4515,#4516),(#4517,
#4518),(#4519,#4520)),.SURF_OF_LINEAR_EXTRUSION.,.F.,.F.,.F.,(4,4),(2,2),
(0.,1.),(0.,1.),.PIECEWISE_BEZIER_KNOTS.);
#63=B_SPLINE_SURFACE_WITH_KNOTS('',3,1,((#4526,#4527),(#4528,#4529),(#4530,
#4531),(#4532,#4533)),.SURF_OF_LINEAR_EXTRUSION.,.F.,.F.,.F.,(4,4),(2,2),
(0.,1.),(0.,1.),.PIECEWISE_BEZIER_KNOTS.);
#64=B_SPLINE_SURFACE_WITH_KNOTS('',3,1,((#4543,#4544),(#4545,#4546),(#4547,
#4548),(#4549,#4550)),.SURF_OF_LINEAR_EXTRUSION.,.F.,.F.,.F.,(4,4),(2,2),
(0.,1.),(0.,1.),.PIECEWISE_BEZIER_KNOTS.);
#65=B_SPLINE_SURFACE_WITH_KNOTS('',3,1,((#4556,#4557),(#4558,#4559),(#4560,
#4561),(#4562,#4563)),.SURF_OF_LINEAR_EXTRUSION.,.F.,.F.,.F.,(4,4),(2,2),
(0.,1.),(0.,1.),.PIECEWISE_BEZIER_KNOTS.);
#66=B_SPLINE_SURFACE_WITH_KNOTS('',3,1,((#4581,#4582),(#4583,#4584),(#4585,
#4586),(#4587,#4588)),.SURF_OF_LINEAR_EXTRUSION.,.F.,.F.,.F.,(4,4),(2,2),
(0.,1.),(0.,1.),.PIECEWISE_BEZIER_KNOTS.);
#67=B_SPLINE_SURFACE_WITH_KNOTS('',3,1,((#4594,#4595),(#4596,#4597),(#4598,
#4599),(#4600,#4601)),.SURF_OF_LINEAR_EXTRUSION.,.F.,.F.,.F.,(4,4),(2,2),
(0.,1.),(0.,1.),.PIECEWISE_BEZIER_KNOTS.);
#68=B_SPLINE_SURFACE_WITH_KNOTS('',3,1,((#4611,#4612),(#4613,#4614),(#4615,
#4616),(#4617,#4618)),.SURF_OF_LINEAR_EXTRUSION.,.F.,.F.,.F.,(4,4),(2,2),
(0.,1.),(0.,1.),.PIECEWISE_BEZIER_KNOTS.);
#69=B_SPLINE_SURFACE_WITH_KNOTS('',3,1,((#4624,#4625),(#4626,#4627),(#4628,
#4629),(#4630,#4631)),.SURF_OF_LINEAR_EXTRUSION.,.F.,.F.,.F.,(4,4),(2,2),
(0.,1.),(0.,1.),.PIECEWISE_BEZIER_KNOTS.);
#70=B_SPLINE_SURFACE_WITH_KNOTS('',3,1,((#4637,#4638),(#4639,#4640),(#4641,
#4642),(#4643,#4644)),.SURF_OF_LINEAR_EXTRUSION.,.F.,.F.,.F.,(4,4),(2,2),
(0.,1.),(0.,1.),.PIECEWISE_BEZIER_KNOTS.);
#71=B_SPLINE_SURFACE_WITH_KNOTS('',3,1,((#4654,#4655),(#4656,#4657),(#4658,
#4659),(#4660,#4661)),.SURF_OF_LINEAR_EXTRUSION.,.F.,.F.,.F.,(4,4),(2,2),
(0.,1.),(0.,1.),.PIECEWISE_BEZIER_KNOTS.);
#72=B_SPLINE_SURFACE_WITH_KNOTS('',3,1,((#4667,#4668),(#4669,#4670),(#4671,
#4672),(#4673,#4674)),.SURF_OF_LINEAR_EXTRUSION.,.F.,.F.,.F.,(4,4),(2,2),
(0.,1.),(0.,1.),.PIECEWISE_BEZIER_KNOTS.);
#73=B_SPLINE_SURFACE_WITH_KNOTS('',3,1,((#4680,#4681),(#4682,#4683),(#4684,
#4685),(#4686,#4687)),.SURF_OF_LINEAR_EXTRUSION.,.F.,.F.,.F.,(4,4),(2,2),
(0.,1.),(0.,1.),.PIECEWISE_BEZIER_KNOTS.);
#74=B_SPLINE_SURFACE_WITH_KNOTS('',3,1,((#4693,#4694),(#4695,#4696),(#4697,
#4698),(#4699,#4700)),.SURF_OF_LINEAR_EXTRUSION.,.F.,.F.,.F.,(4,4),(2,2),
(0.,1.),(0.,1.),.PIECEWISE_BEZIER_KNOTS.);
#75=B_SPLINE_SURFACE_WITH_KNOTS('',3,1,((#4714,#4715),(#4716,#4717),(#4718,
#4719),(#4720,#4721)),.SURF_OF_LINEAR_EXTRUSION.,.F.,.F.,.F.,(4,4),(2,2),
(0.,1.),(0.,1.),.PIECEWISE_BEZIER_KNOTS.);
#76=B_SPLINE_SURFACE_WITH_KNOTS('',3,1,((#4727,#4728),(#4729,#4730),(#4731,
#4732),(#4733,#4734)),.SURF_OF_LINEAR_EXTRUSION.,.F.,.F.,.F.,(4,4),(2,2),
(0.,1.),(0.,1.),.PIECEWISE_BEZIER_KNOTS.);
#77=B_SPLINE_SURFACE_WITH_KNOTS('',3,1,((#4740,#4741),(#4742,#4743),(#4744,
#4745),(#4746,#4747)),.SURF_OF_LINEAR_EXTRUSION.,.F.,.F.,.F.,(4,4),(2,2),
(0.,1.),(0.,1.),.PIECEWISE_BEZIER_KNOTS.);
#78=B_SPLINE_SURFACE_WITH_KNOTS('',3,1,((#4782,#4783),(#4784,#4785),(#4786,
#4787),(#4788,#4789)),.SURF_OF_LINEAR_EXTRUSION.,.F.,.F.,.F.,(4,4),(2,2),
(0.,1.),(0.,1.),.PIECEWISE_BEZIER_KNOTS.);
#79=B_SPLINE_SURFACE_WITH_KNOTS('',3,1,((#4795,#4796),(#4797,#4798),(#4799,
#4800),(#4801,#4802)),.SURF_OF_LINEAR_EXTRUSION.,.F.,.F.,.F.,(4,4),(2,2),
(0.,1.),(0.,1.),.PIECEWISE_BEZIER_KNOTS.);
#80=B_SPLINE_SURFACE_WITH_KNOTS('',3,1,((#4808,#4809),(#4810,#4811),(#4812,
#4813),(#4814,#4815)),.SURF_OF_LINEAR_EXTRUSION.,.F.,.F.,.F.,(4,4),(2,2),
(0.,1.),(0.,1.),.PIECEWISE_BEZIER_KNOTS.);
#81=B_SPLINE_SURFACE_WITH_KNOTS('',3,1,((#4865,#4866),(#4867,#4868),(#4869,
#4870),(#4871,#4872)),.SURF_OF_LINEAR_EXTRUSION.,.F.,.F.,.F.,(4,4),(2,2),
(0.,1.),(0.,1.),.PIECEWISE_BEZIER_KNOTS.);
#82=B_SPLINE_SURFACE_WITH_KNOTS('',3,1,((#4948,#4949),(#4950,#4951),(#4952,
#4953),(#4954,#4955)),.SURF_OF_LINEAR_EXTRUSION.,.F.,.F.,.F.,(4,4),(2,2),
(0.,1.),(0.,1.),.PIECEWISE_BEZIER_KNOTS.);
#83=CYLINDRICAL_SURFACE('',#2867,0.00508);
#84=CYLINDRICAL_SURFACE('',#2871,0.00508);
#85=CYLINDRICAL_SURFACE('',#2874,0.00508);
#86=CYLINDRICAL_SURFACE('',#2877,0.00508);
#87=CYLINDRICAL_SURFACE('',#2880,0.00286282064263419);
#88=CYLINDRICAL_SURFACE('',#2889,0.00650958196635242);
#89=CYLINDRICAL_SURFACE('',#2892,0.00310237745727447);
#90=CYLINDRICAL_SURFACE('',#2898,0.00353922051135853);
#91=CYLINDRICAL_SURFACE('',#2907,0.00750008676170555);
#92=CYLINDRICAL_SURFACE('',#2924,0.0259085699402199);
#93=CYLINDRICAL_SURFACE('',#2941,0.004);
#94=CYLINDRICAL_SURFACE('',#2949,0.001016);
#95=CYLINDRICAL_SURFACE('',#2951,0.001016);
#96=CYLINDRICAL_SURFACE('',#2953,0.001016);
#97=CYLINDRICAL_SURFACE('',#2959,0.001016);
#98=CYLINDRICAL_SURFACE('',#2961,0.001016);
#99=CYLINDRICAL_SURFACE('',#2963,0.001016);
#100=CYLINDRICAL_SURFACE('',#2969,0.001016);
#101=CYLINDRICAL_SURFACE('',#2971,0.001016);
#102=CYLINDRICAL_SURFACE('',#2973,0.001016);
#103=CYLINDRICAL_SURFACE('',#2979,0.001016);
#104=CYLINDRICAL_SURFACE('',#2981,0.001016);
#105=CYLINDRICAL_SURFACE('',#2985,0.001016);
#106=CYLINDRICAL_SURFACE('',#2988,0.001016);
#107=CYLINDRICAL_SURFACE('',#2992,0.001016);
#108=CYLINDRICAL_SURFACE('',#2994,0.001016);
#109=CYLINDRICAL_SURFACE('',#2996,0.001016);
#110=CYLINDRICAL_SURFACE('',#2998,0.001016);
#111=B_SPLINE_CURVE_WITH_KNOTS('',2,(#3601,#3602,#3603),.UNSPECIFIED.,.F.,
 .F.,(3,3),(0.,1.),.PIECEWISE_BEZIER_KNOTS.);
#112=B_SPLINE_CURVE_WITH_KNOTS('',2,(#3627,#3628,#3629),.UNSPECIFIED.,.F.,
 .F.,(3,3),(0.,1.),.PIECEWISE_BEZIER_KNOTS.);
#113=B_SPLINE_CURVE_WITH_KNOTS('',2,(#3631,#3632,#3633),.UNSPECIFIED.,.F.,
 .F.,(3,3),(0.,1.),.PIECEWISE_BEZIER_KNOTS.);
#114=B_SPLINE_CURVE_WITH_KNOTS('',2,(#3635,#3636,#3637),.UNSPECIFIED.,.F.,
 .F.,(3,3),(0.,1.),.PIECEWISE_BEZIER_KNOTS.);
#115=B_SPLINE_CURVE_WITH_KNOTS('',2,(#3646,#3647,#3648),.UNSPECIFIED.,.F.,
 .F.,(3,3),(0.,1.),.PIECEWISE_BEZIER_KNOTS.);
#116=B_SPLINE_CURVE_WITH_KNOTS('',2,(#3651,#3652,#3653),.UNSPECIFIED.,.F.,
 .F.,(3,3),(0.,1.),.PIECEWISE_BEZIER_KNOTS.);
#117=B_SPLINE_CURVE_WITH_KNOTS('',2,(#3655,#3656,#3657),.UNSPECIFIED.,.F.,
 .F.,(3,3),(0.,1.),.PIECEWISE_BEZIER_KNOTS.);
#118=B_SPLINE_CURVE_WITH_KNOTS('',2,(#3659,#3660,#3661),.UNSPECIFIED.,.F.,
 .F.,(3,3),(0.,1.),.PIECEWISE_BEZIER_KNOTS.);
#119=B_SPLINE_CURVE_WITH_KNOTS('',2,(#3663,#3664,#3665),.UNSPECIFIED.,.F.,
 .F.,(3,3),(0.,1.),.PIECEWISE_BEZIER_KNOTS.);
#120=B_SPLINE_CURVE_WITH_KNOTS('',2,(#3671,#3672,#3673),.UNSPECIFIED.,.F.,
 .F.,(3,3),(0.,1.),.PIECEWISE_BEZIER_KNOTS.);
#121=B_SPLINE_CURVE_WITH_KNOTS('',2,(#3675,#3676,#3677),.UNSPECIFIED.,.F.,
 .F.,(3,3),(0.,1.),.PIECEWISE_BEZIER_KNOTS.);
#122=B_SPLINE_CURVE_WITH_KNOTS('',2,(#3679,#3680,#3681),.UNSPECIFIED.,.F.,
 .F.,(3,3),(0.,1.),.PIECEWISE_BEZIER_KNOTS.);
#123=B_SPLINE_CURVE_WITH_KNOTS('',2,(#3683,#3684,#3685),.UNSPECIFIED.,.F.,
 .F.,(3,3),(0.,1.),.PIECEWISE_BEZIER_KNOTS.);
#124=B_SPLINE_CURVE_WITH_KNOTS('',2,(#3689,#3690,#3691),.UNSPECIFIED.,.F.,
 .F.,(3,3),(0.,1.),.PIECEWISE_BEZIER_KNOTS.);
#125=B_SPLINE_CURVE_WITH_KNOTS('',2,(#3693,#3694,#3695),.UNSPECIFIED.,.F.,
 .F.,(3,3),(0.,1.),.PIECEWISE_BEZIER_KNOTS.);
#126=B_SPLINE_CURVE_WITH_KNOTS('',2,(#3697,#3698,#3699),.UNSPECIFIED.,.F.,
 .F.,(3,3),(0.,1.),.PIECEWISE_BEZIER_KNOTS.);
#127=B_SPLINE_CURVE_WITH_KNOTS('',2,(#3703,#3704,#3705),.UNSPECIFIED.,.F.,
 .F.,(3,3),(0.,1.),.PIECEWISE_BEZIER_KNOTS.);
#128=B_SPLINE_CURVE_WITH_KNOTS('',2,(#3707,#3708,#3709),.UNSPECIFIED.,.F.,
 .F.,(3,3),(0.,1.),.PIECEWISE_BEZIER_KNOTS.);
#129=B_SPLINE_CURVE_WITH_KNOTS('',2,(#3717,#3718,#3719),.UNSPECIFIED.,.F.,
 .F.,(3,3),(0.,1.),.PIECEWISE_BEZIER_KNOTS.);
#130=B_SPLINE_CURVE_WITH_KNOTS('',2,(#3721,#3722,#3723),.UNSPECIFIED.,.F.,
 .F.,(3,3),(0.,1.),.PIECEWISE_BEZIER_KNOTS.);
#131=B_SPLINE_CURVE_WITH_KNOTS('',2,(#3727,#3728,#3729),.UNSPECIFIED.,.F.,
 .F.,(3,3),(0.,1.),.PIECEWISE_BEZIER_KNOTS.);
#132=B_SPLINE_CURVE_WITH_KNOTS('',2,(#3730,#3731,#3732),.UNSPECIFIED.,.F.,
 .F.,(3,3),(0.,1.),.PIECEWISE_BEZIER_KNOTS.);
#133=B_SPLINE_CURVE_WITH_KNOTS('',2,(#3735,#3736,#3737),.UNSPECIFIED.,.F.,
 .F.,(3,3),(0.,1.),.PIECEWISE_BEZIER_KNOTS.);
#134=B_SPLINE_CURVE_WITH_KNOTS('',2,(#3739,#3740,#3741),.UNSPECIFIED.,.F.,
 .F.,(3,3),(0.,1.),.PIECEWISE_BEZIER_KNOTS.);
#135=B_SPLINE_CURVE_WITH_KNOTS('',2,(#3743,#3744,#3745),.UNSPECIFIED.,.F.,
 .F.,(3,3),(0.,1.),.PIECEWISE_BEZIER_KNOTS.);
#136=B_SPLINE_CURVE_WITH_KNOTS('',2,(#3747,#3748,#3749),.UNSPECIFIED.,.F.,
 .F.,(3,3),(0.,1.),.PIECEWISE_BEZIER_KNOTS.);
#137=B_SPLINE_CURVE_WITH_KNOTS('',2,(#3753,#3754,#3755),.UNSPECIFIED.,.F.,
 .F.,(3,3),(0.,1.),.PIECEWISE_BEZIER_KNOTS.);
#138=B_SPLINE_CURVE_WITH_KNOTS('',2,(#3757,#3758,#3759),.UNSPECIFIED.,.F.,
 .F.,(3,3),(0.,1.),.PIECEWISE_BEZIER_KNOTS.);
#139=B_SPLINE_CURVE_WITH_KNOTS('',2,(#3761,#3762,#3763),.UNSPECIFIED.,.F.,
 .F.,(3,3),(0.,1.),.PIECEWISE_BEZIER_KNOTS.);
#140=B_SPLINE_CURVE_WITH_KNOTS('',2,(#3765,#3766,#3767),.UNSPECIFIED.,.F.,
 .F.,(3,3),(0.,1.),.PIECEWISE_BEZIER_KNOTS.);
#141=B_SPLINE_CURVE_WITH_KNOTS('',2,(#3769,#3770,#3771),.UNSPECIFIED.,.F.,
 .F.,(3,3),(0.,1.),.PIECEWISE_BEZIER_KNOTS.);
#142=B_SPLINE_CURVE_WITH_KNOTS('',2,(#3773,#3774,#3775),.UNSPECIFIED.,.F.,
 .F.,(3,3),(0.,1.),.PIECEWISE_BEZIER_KNOTS.);
#143=B_SPLINE_CURVE_WITH_KNOTS('',2,(#3779,#3780,#3781),.UNSPECIFIED.,.F.,
 .F.,(3,3),(0.,1.),.PIECEWISE_BEZIER_KNOTS.);
#144=B_SPLINE_CURVE_WITH_KNOTS('',2,(#3783,#3784,#3785),.UNSPECIFIED.,.F.,
 .F.,(3,3),(0.,1.),.PIECEWISE_BEZIER_KNOTS.);
#145=B_SPLINE_CURVE_WITH_KNOTS('',2,(#3787,#3788,#3789),.UNSPECIFIED.,.F.,
 .F.,(3,3),(0.,1.),.PIECEWISE_BEZIER_KNOTS.);
#146=B_SPLINE_CURVE_WITH_KNOTS('',2,(#3791,#3792,#3793),.UNSPECIFIED.,.F.,
 .F.,(3,3),(0.,1.),.PIECEWISE_BEZIER_KNOTS.);
#147=B_SPLINE_CURVE_WITH_KNOTS('',2,(#3795,#3796,#3797),.UNSPECIFIED.,.F.,
 .F.,(3,3),(0.,1.),.PIECEWISE_BEZIER_KNOTS.);
#148=B_SPLINE_CURVE_WITH_KNOTS('',2,(#3799,#3800,#3801),.UNSPECIFIED.,.F.,
 .F.,(3,3),(0.,1.),.PIECEWISE_BEZIER_KNOTS.);
#149=B_SPLINE_CURVE_WITH_KNOTS('',2,(#3803,#3804,#3805),.UNSPECIFIED.,.F.,
 .F.,(3,3),(0.,1.),.PIECEWISE_BEZIER_KNOTS.);
#150=B_SPLINE_CURVE_WITH_KNOTS('',2,(#3809,#3810,#3811),.UNSPECIFIED.,.F.,
 .F.,(3,3),(0.,1.),.PIECEWISE_BEZIER_KNOTS.);
#151=B_SPLINE_CURVE_WITH_KNOTS('',2,(#3813,#3814,#3815),.UNSPECIFIED.,.F.,
 .F.,(3,3),(0.,1.),.PIECEWISE_BEZIER_KNOTS.);
#152=B_SPLINE_CURVE_WITH_KNOTS('',2,(#3817,#3818,#3819),.UNSPECIFIED.,.F.,
 .F.,(3,3),(0.,1.),.PIECEWISE_BEZIER_KNOTS.);
#153=B_SPLINE_CURVE_WITH_KNOTS('',2,(#3821,#3822,#3823),.UNSPECIFIED.,.F.,
 .F.,(3,3),(0.,1.),.PIECEWISE_BEZIER_KNOTS.);
#154=B_SPLINE_CURVE_WITH_KNOTS('',2,(#3825,#3826,#3827),.UNSPECIFIED.,.F.,
 .F.,(3,3),(0.,1.),.PIECEWISE_BEZIER_KNOTS.);
#155=B_SPLINE_CURVE_WITH_KNOTS('',2,(#3829,#3830,#3831),.UNSPECIFIED.,.F.,
 .F.,(3,3),(0.,1.),.PIECEWISE_BEZIER_KNOTS.);
#156=B_SPLINE_CURVE_WITH_KNOTS('',2,(#3833,#3834,#3835),.UNSPECIFIED.,.F.,
 .F.,(3,3),(0.,1.),.PIECEWISE_BEZIER_KNOTS.);
#157=B_SPLINE_CURVE_WITH_KNOTS('',2,(#3837,#3838,#3839),.UNSPECIFIED.,.F.,
 .F.,(3,3),(0.,1.),.PIECEWISE_BEZIER_KNOTS.);
#158=B_SPLINE_CURVE_WITH_KNOTS('',2,(#3841,#3842,#3843),.UNSPECIFIED.,.F.,
 .F.,(3,3),(0.,1.),.PIECEWISE_BEZIER_KNOTS.);
#159=B_SPLINE_CURVE_WITH_KNOTS('',3,(#3960,#3961,#3962,#3963,#3964),
 .UNSPECIFIED.,.F.,.F.,(4,1,4),(0.,0.00176427845434586,0.00352855690869172),
 .UNSPECIFIED.);
#160=B_SPLINE_CURVE_WITH_KNOTS('',2,(#4006,#4007,#4008),.UNSPECIFIED.,.F.,
 .F.,(3,3),(0.,1.),.PIECEWISE_BEZIER_KNOTS.);
#161=B_SPLINE_CURVE_WITH_KNOTS('',2,(#4021,#4022,#4023),.UNSPECIFIED.,.F.,
 .F.,(3,3),(0.,1.),.PIECEWISE_BEZIER_KNOTS.);
#162=B_SPLINE_CURVE_WITH_KNOTS('',2,(#4038,#4039,#4040),.UNSPECIFIED.,.F.,
 .F.,(3,3),(0.,1.),.PIECEWISE_BEZIER_KNOTS.);
#163=B_SPLINE_CURVE_WITH_KNOTS('',2,(#4051,#4052,#4053),.UNSPECIFIED.,.F.,
 .F.,(3,3),(0.,1.),.PIECEWISE_BEZIER_KNOTS.);
#164=B_SPLINE_CURVE_WITH_KNOTS('',2,(#4064,#4065,#4066),.UNSPECIFIED.,.F.,
 .F.,(3,3),(0.,1.),.PIECEWISE_BEZIER_KNOTS.);
#165=B_SPLINE_CURVE_WITH_KNOTS('',2,(#4077,#4078,#4079),.UNSPECIFIED.,.F.,
 .F.,(3,3),(0.,1.),.PIECEWISE_BEZIER_KNOTS.);
#166=B_SPLINE_CURVE_WITH_KNOTS('',2,(#4090,#4091,#4092),.UNSPECIFIED.,.F.,
 .F.,(3,3),(0.,1.),.PIECEWISE_BEZIER_KNOTS.);
#167=B_SPLINE_CURVE_WITH_KNOTS('',2,(#4103,#4104,#4105),.UNSPECIFIED.,.F.,
 .F.,(3,3),(0.,1.),.PIECEWISE_BEZIER_KNOTS.);
#168=B_SPLINE_CURVE_WITH_KNOTS('',2,(#4116,#4117,#4118),.UNSPECIFIED.,.F.,
 .F.,(3,3),(0.,1.),.PIECEWISE_BEZIER_KNOTS.);
#169=B_SPLINE_CURVE_WITH_KNOTS('',2,(#4129,#4130,#4131),.UNSPECIFIED.,.F.,
 .F.,(3,3),(0.,1.),.PIECEWISE_BEZIER_KNOTS.);
#170=B_SPLINE_CURVE_WITH_KNOTS('',2,(#4142,#4143,#4144),.UNSPECIFIED.,.F.,
 .F.,(3,3),(0.,1.),.PIECEWISE_BEZIER_KNOTS.);
#171=B_SPLINE_CURVE_WITH_KNOTS('',2,(#4159,#4160,#4161),.UNSPECIFIED.,.F.,
 .F.,(3,3),(0.,1.),.PIECEWISE_BEZIER_KNOTS.);
#172=B_SPLINE_CURVE_WITH_KNOTS('',2,(#4172,#4173,#4174),.UNSPECIFIED.,.F.,
 .F.,(3,3),(0.,1.),.PIECEWISE_BEZIER_KNOTS.);
#173=B_SPLINE_CURVE_WITH_KNOTS('',2,(#4185,#4186,#4187),.UNSPECIFIED.,.F.,
 .F.,(3,3),(0.,1.),.PIECEWISE_BEZIER_KNOTS.);
#174=B_SPLINE_CURVE_WITH_KNOTS('',2,(#4198,#4199,#4200),.UNSPECIFIED.,.F.,
 .F.,(3,3),(0.,1.),.PIECEWISE_BEZIER_KNOTS.);
#175=B_SPLINE_CURVE_WITH_KNOTS('',2,(#4211,#4212,#4213),.UNSPECIFIED.,.F.,
 .F.,(3,3),(0.,1.),.PIECEWISE_BEZIER_KNOTS.);
#176=B_SPLINE_CURVE_WITH_KNOTS('',2,(#4224,#4225,#4226),.UNSPECIFIED.,.F.,
 .F.,(3,3),(0.,1.),.PIECEWISE_BEZIER_KNOTS.);
#177=B_SPLINE_CURVE_WITH_KNOTS('',2,(#4237,#4238,#4239),.UNSPECIFIED.,.F.,
 .F.,(3,3),(0.,1.),.PIECEWISE_BEZIER_KNOTS.);
#178=B_SPLINE_CURVE_WITH_KNOTS('',2,(#4254,#4255,#4256),.UNSPECIFIED.,.F.,
 .F.,(3,3),(0.,1.),.PIECEWISE_BEZIER_KNOTS.);
#179=B_SPLINE_CURVE_WITH_KNOTS('',2,(#4267,#4268,#4269),.UNSPECIFIED.,.F.,
 .F.,(3,3),(0.,1.),.PIECEWISE_BEZIER_KNOTS.);
#180=B_SPLINE_CURVE_WITH_KNOTS('',2,(#4280,#4281,#4282),.UNSPECIFIED.,.F.,
 .F.,(3,3),(0.,1.),.PIECEWISE_BEZIER_KNOTS.);
#181=B_SPLINE_CURVE_WITH_KNOTS('',2,(#4293,#4294,#4295),.UNSPECIFIED.,.F.,
 .F.,(3,3),(0.,1.),.PIECEWISE_BEZIER_KNOTS.);
#182=B_SPLINE_CURVE_WITH_KNOTS('',2,(#4306,#4307,#4308),.UNSPECIFIED.,.F.,
 .F.,(3,3),(0.,1.),.PIECEWISE_BEZIER_KNOTS.);
#183=B_SPLINE_CURVE_WITH_KNOTS('',2,(#4319,#4320,#4321),.UNSPECIFIED.,.F.,
 .F.,(3,3),(0.,1.),.PIECEWISE_BEZIER_KNOTS.);
#184=B_SPLINE_CURVE_WITH_KNOTS('',2,(#4336,#4337,#4338),.UNSPECIFIED.,.F.,
 .F.,(3,3),(0.,1.),.PIECEWISE_BEZIER_KNOTS.);
#185=B_SPLINE_CURVE_WITH_KNOTS('',2,(#4349,#4350,#4351),.UNSPECIFIED.,.F.,
 .F.,(3,3),(0.,1.),.PIECEWISE_BEZIER_KNOTS.);
#186=B_SPLINE_CURVE_WITH_KNOTS('',2,(#4360,#4361,#4362),.UNSPECIFIED.,.F.,
 .F.,(3,3),(0.,1.),.PIECEWISE_BEZIER_KNOTS.);
#187=B_SPLINE_CURVE_WITH_KNOTS('',2,(#4372,#4373,#4374),.UNSPECIFIED.,.F.,
 .F.,(3,3),(0.,1.),.PIECEWISE_BEZIER_KNOTS.);
#188=B_SPLINE_CURVE_WITH_KNOTS('',2,(#4379,#4380,#4381),.UNSPECIFIED.,.F.,
 .F.,(3,3),(0.,1.),.PIECEWISE_BEZIER_KNOTS.);
#189=B_SPLINE_CURVE_WITH_KNOTS('',2,(#4392,#4393,#4394),.UNSPECIFIED.,.F.,
 .F.,(3,3),(0.,1.),.PIECEWISE_BEZIER_KNOTS.);
#190=B_SPLINE_CURVE_WITH_KNOTS('',2,(#4398,#4399,#4400),.UNSPECIFIED.,.F.,
 .F.,(3,3),(0.,1.),.PIECEWISE_BEZIER_KNOTS.);
#191=B_SPLINE_CURVE_WITH_KNOTS('',2,(#4409,#4410,#4411),.UNSPECIFIED.,.F.,
 .F.,(3,3),(0.,1.),.PIECEWISE_BEZIER_KNOTS.);
#192=B_SPLINE_CURVE_WITH_KNOTS('',2,(#4415,#4416,#4417),.UNSPECIFIED.,.F.,
 .F.,(3,3),(0.,1.),.PIECEWISE_BEZIER_KNOTS.);
#193=B_SPLINE_CURVE_WITH_KNOTS('',2,(#4426,#4427,#4428),.UNSPECIFIED.,.F.,
 .F.,(3,3),(0.,1.),.PIECEWISE_BEZIER_KNOTS.);
#194=B_SPLINE_CURVE_WITH_KNOTS('',2,(#4432,#4433,#4434),.UNSPECIFIED.,.F.,
 .F.,(3,3),(0.,1.),.PIECEWISE_BEZIER_KNOTS.);
#195=B_SPLINE_CURVE_WITH_KNOTS('',2,(#4443,#4444,#4445),.UNSPECIFIED.,.F.,
 .F.,(3,3),(0.,1.),.PIECEWISE_BEZIER_KNOTS.);
#196=B_SPLINE_CURVE_WITH_KNOTS('',2,(#4449,#4450,#4451),.UNSPECIFIED.,.F.,
 .F.,(3,3),(0.,1.),.PIECEWISE_BEZIER_KNOTS.);
#197=B_SPLINE_CURVE_WITH_KNOTS('',2,(#4460,#4461,#4462),.UNSPECIFIED.,.F.,
 .F.,(3,3),(0.,1.),.PIECEWISE_BEZIER_KNOTS.);
#198=B_SPLINE_CURVE_WITH_KNOTS('',2,(#4466,#4467,#4468),.UNSPECIFIED.,.F.,
 .F.,(3,3),(0.,1.),.PIECEWISE_BEZIER_KNOTS.);
#199=B_SPLINE_CURVE_WITH_KNOTS('',2,(#4489,#4490,#4491),.UNSPECIFIED.,.F.,
 .F.,(3,3),(0.,1.),.PIECEWISE_BEZIER_KNOTS.);
#200=B_SPLINE_CURVE_WITH_KNOTS('',2,(#4495,#4496,#4497),.UNSPECIFIED.,.F.,
 .F.,(3,3),(0.,1.),.PIECEWISE_BEZIER_KNOTS.);
#201=B_SPLINE_CURVE_WITH_KNOTS('',2,(#4508,#4509,#4510),.UNSPECIFIED.,.F.,
 .F.,(3,3),(0.,1.),.PIECEWISE_BEZIER_KNOTS.);
#202=B_SPLINE_CURVE_WITH_KNOTS('',2,(#4523,#4524,#4525),.UNSPECIFIED.,.F.,
 .F.,(3,3),(0.,1.),.PIECEWISE_BEZIER_KNOTS.);
#203=B_SPLINE_CURVE_WITH_KNOTS('',2,(#4536,#4537,#4538),.UNSPECIFIED.,.F.,
 .F.,(3,3),(0.,1.),.PIECEWISE_BEZIER_KNOTS.);
#204=B_SPLINE_CURVE_WITH_KNOTS('',2,(#4553,#4554,#4555),.UNSPECIFIED.,.F.,
 .F.,(3,3),(0.,1.),.PIECEWISE_BEZIER_KNOTS.);
#205=B_SPLINE_CURVE_WITH_KNOTS('',2,(#4566,#4567,#4568),.UNSPECIFIED.,.F.,
 .F.,(3,3),(0.,1.),.PIECEWISE_BEZIER_KNOTS.);
#206=B_SPLINE_CURVE_WITH_KNOTS('',2,(#4591,#4592,#4593),.UNSPECIFIED.,.F.,
 .F.,(3,3),(0.,1.),.PIECEWISE_BEZIER_KNOTS.);
#207=B_SPLINE_CURVE_WITH_KNOTS('',2,(#4604,#4605,#4606),.UNSPECIFIED.,.F.,
 .F.,(3,3),(0.,1.),.PIECEWISE_BEZIER_KNOTS.);
#208=B_SPLINE_CURVE_WITH_KNOTS('',2,(#4621,#4622,#4623),.UNSPECIFIED.,.F.,
 .F.,(3,3),(0.,1.),.PIECEWISE_BEZIER_KNOTS.);
#209=B_SPLINE_CURVE_WITH_KNOTS('',2,(#4634,#4635,#4636),.UNSPECIFIED.,.F.,
 .F.,(3,3),(0.,1.),.PIECEWISE_BEZIER_KNOTS.);
#210=B_SPLINE_CURVE_WITH_KNOTS('',2,(#4647,#4648,#4649),.UNSPECIFIED.,.F.,
 .F.,(3,3),(0.,1.),.PIECEWISE_BEZIER_KNOTS.);
#211=B_SPLINE_CURVE_WITH_KNOTS('',2,(#4664,#4665,#4666),.UNSPECIFIED.,.F.,
 .F.,(3,3),(0.,1.),.PIECEWISE_BEZIER_KNOTS.);
#212=B_SPLINE_CURVE_WITH_KNOTS('',2,(#4677,#4678,#4679),.UNSPECIFIED.,.F.,
 .F.,(3,3),(0.,1.),.PIECEWISE_BEZIER_KNOTS.);
#213=B_SPLINE_CURVE_WITH_KNOTS('',2,(#4690,#4691,#4692),.UNSPECIFIED.,.F.,
 .F.,(3,3),(0.,1.),.PIECEWISE_BEZIER_KNOTS.);
#214=B_SPLINE_CURVE_WITH_KNOTS('',2,(#4703,#4704,#4705),.UNSPECIFIED.,.F.,
 .F.,(3,3),(0.,1.),.PIECEWISE_BEZIER_KNOTS.);
#215=B_SPLINE_CURVE_WITH_KNOTS('',2,(#4724,#4725,#4726),.UNSPECIFIED.,.F.,
 .F.,(3,3),(0.,1.),.PIECEWISE_BEZIER_KNOTS.);
#216=B_SPLINE_CURVE_WITH_KNOTS('',2,(#4737,#4738,#4739),.UNSPECIFIED.,.F.,
 .F.,(3,3),(0.,1.),.PIECEWISE_BEZIER_KNOTS.);
#217=B_SPLINE_CURVE_WITH_KNOTS('',2,(#4748,#4749,#4750),.UNSPECIFIED.,.F.,
 .F.,(3,3),(0.,1.),.PIECEWISE_BEZIER_KNOTS.);
#218=B_SPLINE_CURVE_WITH_KNOTS('',2,(#4792,#4793,#4794),.UNSPECIFIED.,.F.,
 .F.,(3,3),(0.,1.),.PIECEWISE_BEZIER_KNOTS.);
#219=B_SPLINE_CURVE_WITH_KNOTS('',2,(#4805,#4806,#4807),.UNSPECIFIED.,.F.,
 .F.,(3,3),(0.,1.),.PIECEWISE_BEZIER_KNOTS.);
#220=B_SPLINE_CURVE_WITH_KNOTS('',2,(#4818,#4819,#4820),.UNSPECIFIED.,.F.,
 .F.,(3,3),(0.,1.),.PIECEWISE_BEZIER_KNOTS.);
#221=B_SPLINE_CURVE_WITH_KNOTS('',2,(#4873,#4874,#4875),.UNSPECIFIED.,.F.,
 .F.,(3,3),(0.,1.),.PIECEWISE_BEZIER_KNOTS.);
#222=B_SPLINE_CURVE_WITH_KNOTS('',2,(#4956,#4957,#4958),.UNSPECIFIED.,.F.,
 .F.,(3,3),(0.,1.),.PIECEWISE_BEZIER_KNOTS.);
#223=B_SPLINE_CURVE_WITH_KNOTS('',2,(#4959,#4960,#4961),.UNSPECIFIED.,.F.,
 .F.,(3,3),(0.,1.),.PIECEWISE_BEZIER_KNOTS.);
#224=LINE('',#3572,#463);
#225=LINE('',#3575,#464);
#226=LINE('',#3577,#465);
#227=LINE('',#3579,#466);
#228=LINE('',#3581,#467);
#229=LINE('',#3583,#468);
#230=LINE('',#3585,#469);
#231=LINE('',#3587,#470);
#232=LINE('',#3589,#471);
#233=LINE('',#3591,#472);
#234=LINE('',#3593,#473);
#235=LINE('',#3595,#474);
#236=LINE('',#3596,#475);
#237=LINE('',#3605,#476);
#238=LINE('',#3607,#477);
#239=LINE('',#3609,#478);
#240=LINE('',#3611,#479);
#241=LINE('',#3613,#480);
#242=LINE('',#3615,#481);
#243=LINE('',#3617,#482);
#244=LINE('',#3619,#483);
#245=LINE('',#3621,#484);
#246=LINE('',#3623,#485);
#247=LINE('',#3625,#486);
#248=LINE('',#3638,#487);
#249=LINE('',#3641,#488);
#250=LINE('',#3643,#489);
#251=LINE('',#3645,#490);
#252=LINE('',#3667,#491);
#253=LINE('',#3669,#492);
#254=LINE('',#3687,#493);
#255=LINE('',#3701,#494);
#256=LINE('',#3713,#495);
#257=LINE('',#3725,#496);
#258=LINE('',#3751,#497);
#259=LINE('',#3777,#498);
#260=LINE('',#3807,#499);
#261=LINE('',#3846,#500);
#262=LINE('',#3849,#501);
#263=LINE('',#3851,#502);
#264=LINE('',#3853,#503);
#265=LINE('',#3855,#504);
#266=LINE('',#3857,#505);
#267=LINE('',#3859,#506);
#268=LINE('',#3861,#507);
#269=LINE('',#3863,#508);
#270=LINE('',#3866,#509);
#271=LINE('',#3868,#510);
#272=LINE('',#3872,#511);
#273=LINE('',#3876,#512);
#274=LINE('',#3880,#513);
#275=LINE('',#3884,#514);
#276=LINE('',#3886,#515);
#277=LINE('',#3888,#516);
#278=LINE('',#3893,#517);
#279=LINE('',#3895,#518);
#280=LINE('',#3897,#519);
#281=LINE('',#3901,#520);
#282=LINE('',#3904,#521);
#283=LINE('',#3906,#522);
#284=LINE('',#3908,#523);
#285=LINE('',#3910,#524);
#286=LINE('',#3913,#525);
#287=LINE('',#3915,#526);
#288=LINE('',#3917,#527);
#289=LINE('',#3923,#528);
#290=LINE('',#3927,#529);
#291=LINE('',#3930,#530);
#292=LINE('',#3931,#531);
#293=LINE('',#3933,#532);
#294=LINE('',#3936,#533);
#295=LINE('',#3937,#534);
#296=LINE('',#3939,#535);
#297=LINE('',#3942,#536);
#298=LINE('',#3943,#537);
#299=LINE('',#3948,#538);
#300=LINE('',#3952,#539);
#301=LINE('',#3954,#540);
#302=LINE('',#3957,#541);
#303=LINE('',#3959,#542);
#304=LINE('',#3966,#543);
#305=LINE('',#3972,#544);
#306=LINE('',#3975,#545);
#307=LINE('',#3976,#546);
#308=LINE('',#3983,#547);
#309=LINE('',#3985,#548);
#310=LINE('',#3987,#549);
#311=LINE('',#3991,#550);
#312=LINE('',#3994,#551);
#313=LINE('',#3995,#552);
#314=LINE('',#4004,#553);
#315=LINE('',#4010,#554);
#316=LINE('',#4019,#555);
#317=LINE('',#4025,#556);
#318=LINE('',#4036,#557);
#319=LINE('',#4049,#558);
#320=LINE('',#4062,#559);
#321=LINE('',#4075,#560);
#322=LINE('',#4088,#561);
#323=LINE('',#4101,#562);
#324=LINE('',#4114,#563);
#325=LINE('',#4127,#564);
#326=LINE('',#4140,#565);
#327=LINE('',#4146,#566);
#328=LINE('',#4148,#567);
#329=LINE('',#4157,#568);
#330=LINE('',#4170,#569);
#331=LINE('',#4183,#570);
#332=LINE('',#4196,#571);
#333=LINE('',#4209,#572);
#334=LINE('',#4222,#573);
#335=LINE('',#4235,#574);
#336=LINE('',#4241,#575);
#337=LINE('',#4243,#576);
#338=LINE('',#4252,#577);
#339=LINE('',#4265,#578);
#340=LINE('',#4278,#579);
#341=LINE('',#4291,#580);
#342=LINE('',#4304,#581);
#343=LINE('',#4317,#582);
#344=LINE('',#4323,#583);
#345=LINE('',#4325,#584);
#346=LINE('',#4334,#585);
#347=LINE('',#4347,#586);
#348=LINE('',#4377,#587);
#349=LINE('',#4383,#588);
#350=LINE('',#4396,#589);
#351=LINE('',#4413,#590);
#352=LINE('',#4430,#591);
#353=LINE('',#4447,#592);
#354=LINE('',#4464,#593);
#355=LINE('',#4470,#594);
#356=LINE('',#4472,#595);
#357=LINE('',#4474,#596);
#358=LINE('',#4476,#597);
#359=LINE('',#4478,#598);
#360=LINE('',#4480,#599);
#361=LINE('',#4493,#600);
#362=LINE('',#4506,#601);
#363=LINE('',#4512,#602);
#364=LINE('',#4521,#603);
#365=LINE('',#4534,#604);
#366=LINE('',#4540,#605);
#367=LINE('',#4542,#606);
#368=LINE('',#4551,#607);
#369=LINE('',#4564,#608);
#370=LINE('',#4570,#609);
#371=LINE('',#4574,#610);
#372=LINE('',#4576,#611);
#373=LINE('',#4578,#612);
#374=LINE('',#4589,#613);
#375=LINE('',#4602,#614);
#376=LINE('',#4608,#615);
#377=LINE('',#4610,#616);
#378=LINE('',#4619,#617);
#379=LINE('',#4632,#618);
#380=LINE('',#4645,#619);
#381=LINE('',#4651,#620);
#382=LINE('',#4653,#621);
#383=LINE('',#4662,#622);
#384=LINE('',#4675,#623);
#385=LINE('',#4688,#624);
#386=LINE('',#4701,#625);
#387=LINE('',#4707,#626);
#388=LINE('',#4709,#627);
#389=LINE('',#4711,#628);
#390=LINE('',#4713,#629);
#391=LINE('',#4722,#630);
#392=LINE('',#4735,#631);
#393=LINE('',#4756,#632);
#394=LINE('',#4758,#633);
#395=LINE('',#4760,#634);
#396=LINE('',#4762,#635);
#397=LINE('',#4764,#636);
#398=LINE('',#4766,#637);
#399=LINE('',#4768,#638);
#400=LINE('',#4770,#639);
#401=LINE('',#4773,#640);
#402=LINE('',#4777,#641);
#403=LINE('',#4779,#642);
#404=LINE('',#4781,#643);
#405=LINE('',#4790,#644);
#406=LINE('',#4803,#645);
#407=LINE('',#4816,#646);
#408=LINE('',#4822,#647);
#409=LINE('',#4824,#648);
#410=LINE('',#4826,#649);
#411=LINE('',#4828,#650);
#412=LINE('',#4830,#651);
#413=LINE('',#4832,#652);
#414=LINE('',#4834,#653);
#415=LINE('',#4836,#654);
#416=LINE('',#4838,#655);
#417=LINE('',#4840,#656);
#418=LINE('',#4842,#657);
#419=LINE('',#4844,#658);
#420=LINE('',#4846,#659);
#421=LINE('',#4848,#660);
#422=LINE('',#4850,#661);
#423=LINE('',#4852,#662);
#424=LINE('',#4854,#663);
#425=LINE('',#4856,#664);
#426=LINE('',#4858,#665);
#427=LINE('',#4860,#666);
#428=LINE('',#4862,#667);
#429=LINE('',#4864,#668);
#430=LINE('',#4878,#669);
#431=LINE('',#4881,#670);
#432=LINE('',#4883,#671);
#433=LINE('',#4885,#672);
#434=LINE('',#4887,#673);
#435=LINE('',#4889,#674);
#436=LINE('',#4891,#675);
#437=LINE('',#4895,#676);
#438=LINE('',#4899,#677);
#439=LINE('',#4901,#678);
#440=LINE('',#4903,#679);
#441=LINE('',#4905,#680);
#442=LINE('',#4907,#681);
#443=LINE('',#4909,#682);
#444=LINE('',#4911,#683);
#445=LINE('',#4913,#684);
#446=LINE('',#4915,#685);
#447=LINE('',#4917,#686);
#448=LINE('',#4919,#687);
#449=LINE('',#4921,#688);
#450=LINE('',#4923,#689);
#451=LINE('',#4925,#690);
#452=LINE('',#4927,#691);
#453=LINE('',#4929,#692);
#454=LINE('',#4931,#693);
#455=LINE('',#4933,#694);
#456=LINE('',#4935,#695);
#457=LINE('',#4937,#696);
#458=LINE('',#4939,#697);
#459=LINE('',#4941,#698);
#460=LINE('',#4943,#699);
#461=LINE('',#4945,#700);
#462=LINE('',#4947,#701);
#463=VECTOR('',#3007,1.);
#464=VECTOR('',#3008,1.);
#465=VECTOR('',#3009,1.);
#466=VECTOR('',#3010,1.);
#467=VECTOR('',#3011,1.);
#468=VECTOR('',#3012,1.);
#469=VECTOR('',#3013,1.);
#470=VECTOR('',#3014,1.);
#471=VECTOR('',#3015,1.);
#472=VECTOR('',#3016,1.);
#473=VECTOR('',#3017,1.);
#474=VECTOR('',#3018,1.);
#475=VECTOR('',#3019,1.);
#476=VECTOR('',#3022,1.);
#477=VECTOR('',#3023,1.);
#478=VECTOR('',#3024,1.);
#479=VECTOR('',#3025,1.);
#480=VECTOR('',#3026,1.);
#481=VECTOR('',#3027,1.);
#482=VECTOR('',#3028,1.);
#483=VECTOR('',#3029,1.);
#484=VECTOR('',#3030,1.);
#485=VECTOR('',#3031,1.);
#486=VECTOR('',#3032,1.);
#487=VECTOR('',#3033,1.);
#488=VECTOR('',#3034,1.);
#489=VECTOR('',#3035,1.);
#490=VECTOR('',#3036,1.);
#491=VECTOR('',#3037,1.);
#492=VECTOR('',#3038,1.);
#493=VECTOR('',#3039,1.);
#494=VECTOR('',#3040,1.);
#495=VECTOR('',#3043,1.);
#496=VECTOR('',#3046,1.);
#497=VECTOR('',#3047,1.);
#498=VECTOR('',#3048,1.);
#499=VECTOR('',#3049,1.);
#500=VECTOR('',#3052,1.);
#501=VECTOR('',#3053,1.);
#502=VECTOR('',#3054,1.);
#503=VECTOR('',#3055,1.);
#504=VECTOR('',#3056,1.);
#505=VECTOR('',#3057,1.);
#506=VECTOR('',#3058,1.);
#507=VECTOR('',#3059,1.);
#508=VECTOR('',#3062,1.);
#509=VECTOR('',#3063,1.);
#510=VECTOR('',#3064,1.);
#511=VECTOR('',#3067,1.);
#512=VECTOR('',#3070,1.);
#513=VECTOR('',#3073,1.);
#514=VECTOR('',#3076,1.);
#515=VECTOR('',#3077,1.);
#516=VECTOR('',#3080,1.);
#517=VECTOR('',#3083,1.);
#518=VECTOR('',#3084,1.);
#519=VECTOR('',#3085,1.);
#520=VECTOR('',#3090,1.);
#521=VECTOR('',#3091,1.);
#522=VECTOR('',#3092,1.);
#523=VECTOR('',#3093,1.);
#524=VECTOR('',#3096,1.);
#525=VECTOR('',#3097,1.);
#526=VECTOR('',#3098,1.);
#527=VECTOR('',#3099,1.);
#528=VECTOR('',#3108,1.);
#529=VECTOR('',#3113,1.);
#530=VECTOR('',#3114,1.);
#531=VECTOR('',#3115,1.);
#532=VECTOR('',#3118,1.);
#533=VECTOR('',#3119,1.);
#534=VECTOR('',#3120,1.);
#535=VECTOR('',#3123,1.);
#536=VECTOR('',#3124,1.);
#537=VECTOR('',#3125,1.);
#538=VECTOR('',#3130,1.);
#539=VECTOR('',#3135,1.);
#540=VECTOR('',#3138,1.);
#541=VECTOR('',#3139,1.);
#542=VECTOR('',#3140,1.);
#543=VECTOR('',#3143,1.);
#544=VECTOR('',#3150,1.);
#545=VECTOR('',#3151,1.);
#546=VECTOR('',#3152,1.);
#547=VECTOR('',#3163,1.);
#548=VECTOR('',#3166,1.);
#549=VECTOR('',#3167,1.);
#550=VECTOR('',#3174,1.);
#551=VECTOR('',#3175,1.);
#552=VECTOR('',#3176,1.);
#553=VECTOR('',#3177,1.);
#554=VECTOR('',#3178,1.);
#555=VECTOR('',#3179,1.);
#556=VECTOR('',#3182,1.);
#557=VECTOR('',#3185,1.);
#558=VECTOR('',#3186,1.);
#559=VECTOR('',#3187,1.);
#560=VECTOR('',#3188,1.);
#561=VECTOR('',#3189,1.);
#562=VECTOR('',#3190,1.);
#563=VECTOR('',#3191,1.);
#564=VECTOR('',#3192,1.);
#565=VECTOR('',#3193,1.);
#566=VECTOR('',#3196,1.);
#567=VECTOR('',#3197,1.);
#568=VECTOR('',#3198,1.);
#569=VECTOR('',#3199,1.);
#570=VECTOR('',#3200,1.);
#571=VECTOR('',#3201,1.);
#572=VECTOR('',#3202,1.);
#573=VECTOR('',#3203,1.);
#574=VECTOR('',#3204,1.);
#575=VECTOR('',#3207,1.);
#576=VECTOR('',#3208,1.);
#577=VECTOR('',#3209,1.);
#578=VECTOR('',#3210,1.);
#579=VECTOR('',#3211,1.);
#580=VECTOR('',#3212,1.);
#581=VECTOR('',#3213,1.);
#582=VECTOR('',#3214,1.);
#583=VECTOR('',#3217,1.);
#584=VECTOR('',#3218,1.);
#585=VECTOR('',#3219,1.);
#586=VECTOR('',#3220,1.);
#587=VECTOR('',#3223,1.);
#588=VECTOR('',#3224,1.);
#589=VECTOR('',#3225,1.);
#590=VECTOR('',#3226,1.);
#591=VECTOR('',#3227,1.);
#592=VECTOR('',#3228,1.);
#593=VECTOR('',#3229,1.);
#594=VECTOR('',#3232,1.);
#595=VECTOR('',#3233,1.);
#596=VECTOR('',#3234,1.);
#597=VECTOR('',#3237,1.);
#598=VECTOR('',#3238,1.);
#599=VECTOR('',#3239,1.);
#600=VECTOR('',#3240,1.);
#601=VECTOR('',#3241,1.);
#602=VECTOR('',#3242,1.);
#603=VECTOR('',#3243,1.);
#604=VECTOR('',#3244,1.);
#605=VECTOR('',#3247,1.);
#606=VECTOR('',#3248,1.);
#607=VECTOR('',#3249,1.);
#608=VECTOR('',#3250,1.);
#609=VECTOR('',#3253,1.);
#610=VECTOR('',#3258,1.);
#611=VECTOR('',#3259,1.);
#612=VECTOR('',#3262,1.);
#613=VECTOR('',#3265,1.);
#614=VECTOR('',#3266,1.);
#615=VECTOR('',#3269,1.);
#616=VECTOR('',#3270,1.);
#617=VECTOR('',#3271,1.);
#618=VECTOR('',#3272,1.);
#619=VECTOR('',#3273,1.);
#620=VECTOR('',#3276,1.);
#621=VECTOR('',#3277,1.);
#622=VECTOR('',#3278,1.);
#623=VECTOR('',#3279,1.);
#624=VECTOR('',#3280,1.);
#625=VECTOR('',#3281,1.);
#626=VECTOR('',#3284,1.);
#627=VECTOR('',#3285,1.);
#628=VECTOR('',#3288,1.);
#629=VECTOR('',#3289,1.);
#630=VECTOR('',#3290,1.);
#631=VECTOR('',#3291,1.);
#632=VECTOR('',#3302,1.);
#633=VECTOR('',#3303,1.);
#634=VECTOR('',#3304,1.);
#635=VECTOR('',#3307,1.);
#636=VECTOR('',#3308,1.);
#637=VECTOR('',#3311,1.);
#638=VECTOR('',#3312,1.);
#639=VECTOR('',#3315,1.);
#640=VECTOR('',#3320,1.);
#641=VECTOR('',#3323,1.);
#642=VECTOR('',#3326,1.);
#643=VECTOR('',#3327,1.);
#644=VECTOR('',#3328,1.);
#645=VECTOR('',#3329,1.);
#646=VECTOR('',#3330,1.);
#647=VECTOR('',#3333,1.);
#648=VECTOR('',#3334,1.);
#649=VECTOR('',#3337,1.);
#650=VECTOR('',#3338,1.);
#651=VECTOR('',#3341,1.);
#652=VECTOR('',#3342,1.);
#653=VECTOR('',#3345,1.);
#654=VECTOR('',#3346,1.);
#655=VECTOR('',#3349,1.);
#656=VECTOR('',#3350,1.);
#657=VECTOR('',#3353,1.);
#658=VECTOR('',#3354,1.);
#659=VECTOR('',#3357,1.);
#660=VECTOR('',#3358,1.);
#661=VECTOR('',#3361,1.);
#662=VECTOR('',#3362,1.);
#663=VECTOR('',#3365,1.);
#664=VECTOR('',#3366,1.);
#665=VECTOR('',#3369,1.);
#666=VECTOR('',#3370,1.);
#667=VECTOR('',#3373,1.);
#668=VECTOR('',#3374,1.);
#669=VECTOR('',#3379,1.);
#670=VECTOR('',#3380,1.);
#671=VECTOR('',#3381,1.);
#672=VECTOR('',#3382,1.);
#673=VECTOR('',#3385,1.);
#674=VECTOR('',#3386,1.);
#675=VECTOR('',#3387,1.);
#676=VECTOR('',#3392,1.);
#677=VECTOR('',#3397,1.);
#678=VECTOR('',#3398,1.);
#679=VECTOR('',#3399,1.);
#680=VECTOR('',#3402,1.);
#681=VECTOR('',#3403,1.);
#682=VECTOR('',#3404,1.);
#683=VECTOR('',#3407,1.);
#684=VECTOR('',#3408,1.);
#685=VECTOR('',#3409,1.);
#686=VECTOR('',#3412,1.);
#687=VECTOR('',#3413,1.);
#688=VECTOR('',#3414,1.);
#689=VECTOR('',#3417,1.);
#690=VECTOR('',#3418,1.);
#691=VECTOR('',#3421,1.);
#692=VECTOR('',#3422,1.);
#693=VECTOR('',#3425,1.);
#694=VECTOR('',#3426,1.);
#695=VECTOR('',#3429,1.);
#696=VECTOR('',#3430,1.);
#697=VECTOR('',#3433,1.);
#698=VECTOR('',#3434,1.);
#699=VECTOR('',#3437,1.);
#700=VECTOR('',#3438,1.);
#701=VECTOR('',#3441,1.);
#702=ORIENTED_EDGE('',*,*,#1528,.T.);
#703=ORIENTED_EDGE('',*,*,#1529,.T.);
#704=ORIENTED_EDGE('',*,*,#1530,.F.);
#705=ORIENTED_EDGE('',*,*,#1531,.T.);
#706=ORIENTED_EDGE('',*,*,#1532,.T.);
#707=ORIENTED_EDGE('',*,*,#1533,.T.);
#708=ORIENTED_EDGE('',*,*,#1534,.T.);
#709=ORIENTED_EDGE('',*,*,#1535,.T.);
#710=ORIENTED_EDGE('',*,*,#1536,.T.);
#711=ORIENTED_EDGE('',*,*,#1537,.F.);
#712=ORIENTED_EDGE('',*,*,#1538,.T.);
#713=ORIENTED_EDGE('',*,*,#1539,.T.);
#714=ORIENTED_EDGE('',*,*,#1540,.T.);
#715=ORIENTED_EDGE('',*,*,#1541,.T.);
#716=ORIENTED_EDGE('',*,*,#1542,.T.);
#717=ORIENTED_EDGE('',*,*,#1543,.T.);
#718=ORIENTED_EDGE('',*,*,#1544,.T.);
#719=ORIENTED_EDGE('',*,*,#1545,.T.);
#720=ORIENTED_EDGE('',*,*,#1546,.T.);
#721=ORIENTED_EDGE('',*,*,#1547,.T.);
#722=ORIENTED_EDGE('',*,*,#1548,.T.);
#723=ORIENTED_EDGE('',*,*,#1549,.T.);
#724=ORIENTED_EDGE('',*,*,#1550,.T.);
#725=ORIENTED_EDGE('',*,*,#1551,.T.);
#726=ORIENTED_EDGE('',*,*,#1552,.T.);
#727=ORIENTED_EDGE('',*,*,#1553,.T.);
#728=ORIENTED_EDGE('',*,*,#1554,.T.);
#729=ORIENTED_EDGE('',*,*,#1555,.T.);
#730=ORIENTED_EDGE('',*,*,#1556,.T.);
#731=ORIENTED_EDGE('',*,*,#1557,.T.);
#732=ORIENTED_EDGE('',*,*,#1558,.T.);
#733=ORIENTED_EDGE('',*,*,#1559,.T.);
#734=ORIENTED_EDGE('',*,*,#1560,.T.);
#735=ORIENTED_EDGE('',*,*,#1561,.T.);
#736=ORIENTED_EDGE('',*,*,#1562,.T.);
#737=ORIENTED_EDGE('',*,*,#1563,.T.);
#738=ORIENTED_EDGE('',*,*,#1564,.T.);
#739=ORIENTED_EDGE('',*,*,#1565,.T.);
#740=ORIENTED_EDGE('',*,*,#1566,.T.);
#741=ORIENTED_EDGE('',*,*,#1567,.T.);
#742=ORIENTED_EDGE('',*,*,#1568,.T.);
#743=ORIENTED_EDGE('',*,*,#1569,.T.);
#744=ORIENTED_EDGE('',*,*,#1570,.T.);
#745=ORIENTED_EDGE('',*,*,#1571,.T.);
#746=ORIENTED_EDGE('',*,*,#1572,.T.);
#747=ORIENTED_EDGE('',*,*,#1573,.T.);
#748=ORIENTED_EDGE('',*,*,#1574,.T.);
#749=ORIENTED_EDGE('',*,*,#1575,.T.);
#750=ORIENTED_EDGE('',*,*,#1576,.T.);
#751=ORIENTED_EDGE('',*,*,#1577,.T.);
#752=ORIENTED_EDGE('',*,*,#1578,.T.);
#753=ORIENTED_EDGE('',*,*,#1579,.T.);
#754=ORIENTED_EDGE('',*,*,#1580,.T.);
#755=ORIENTED_EDGE('',*,*,#1581,.T.);
#756=ORIENTED_EDGE('',*,*,#1582,.T.);
#757=ORIENTED_EDGE('',*,*,#1583,.T.);
#758=ORIENTED_EDGE('',*,*,#1584,.T.);
#759=ORIENTED_EDGE('',*,*,#1585,.T.);
#760=ORIENTED_EDGE('',*,*,#1586,.T.);
#761=ORIENTED_EDGE('',*,*,#1587,.T.);
#762=ORIENTED_EDGE('',*,*,#1588,.T.);
#763=ORIENTED_EDGE('',*,*,#1589,.T.);
#764=ORIENTED_EDGE('',*,*,#1590,.T.);
#765=ORIENTED_EDGE('',*,*,#1591,.T.);
#766=ORIENTED_EDGE('',*,*,#1592,.T.);
#767=ORIENTED_EDGE('',*,*,#1593,.T.);
#768=ORIENTED_EDGE('',*,*,#1594,.T.);
#769=ORIENTED_EDGE('',*,*,#1595,.T.);
#770=ORIENTED_EDGE('',*,*,#1596,.T.);
#771=ORIENTED_EDGE('',*,*,#1597,.T.);
#772=ORIENTED_EDGE('',*,*,#1598,.T.);
#773=ORIENTED_EDGE('',*,*,#1599,.T.);
#774=ORIENTED_EDGE('',*,*,#1600,.T.);
#775=ORIENTED_EDGE('',*,*,#1601,.T.);
#776=ORIENTED_EDGE('',*,*,#1602,.T.);
#777=ORIENTED_EDGE('',*,*,#1603,.T.);
#778=ORIENTED_EDGE('',*,*,#1604,.T.);
#779=ORIENTED_EDGE('',*,*,#1605,.T.);
#780=ORIENTED_EDGE('',*,*,#1606,.T.);
#781=ORIENTED_EDGE('',*,*,#1607,.T.);
#782=ORIENTED_EDGE('',*,*,#1608,.T.);
#783=ORIENTED_EDGE('',*,*,#1609,.T.);
#784=ORIENTED_EDGE('',*,*,#1610,.T.);
#785=ORIENTED_EDGE('',*,*,#1611,.T.);
#786=ORIENTED_EDGE('',*,*,#1612,.T.);
#787=ORIENTED_EDGE('',*,*,#1613,.T.);
#788=ORIENTED_EDGE('',*,*,#1614,.T.);
#789=ORIENTED_EDGE('',*,*,#1615,.T.);
#790=ORIENTED_EDGE('',*,*,#1616,.T.);
#791=ORIENTED_EDGE('',*,*,#1617,.T.);
#792=ORIENTED_EDGE('',*,*,#1618,.T.);
#793=ORIENTED_EDGE('',*,*,#1619,.T.);
#794=ORIENTED_EDGE('',*,*,#1620,.T.);
#795=ORIENTED_EDGE('',*,*,#1621,.T.);
#796=ORIENTED_EDGE('',*,*,#1622,.T.);
#797=ORIENTED_EDGE('',*,*,#1623,.T.);
#798=ORIENTED_EDGE('',*,*,#1624,.T.);
#799=ORIENTED_EDGE('',*,*,#1625,.T.);
#800=ORIENTED_EDGE('',*,*,#1626,.T.);
#801=ORIENTED_EDGE('',*,*,#1627,.T.);
#802=ORIENTED_EDGE('',*,*,#1628,.T.);
#803=ORIENTED_EDGE('',*,*,#1629,.T.);
#804=ORIENTED_EDGE('',*,*,#1630,.T.);
#805=ORIENTED_EDGE('',*,*,#1631,.T.);
#806=ORIENTED_EDGE('',*,*,#1632,.T.);
#807=ORIENTED_EDGE('',*,*,#1633,.T.);
#808=ORIENTED_EDGE('',*,*,#1634,.T.);
#809=ORIENTED_EDGE('',*,*,#1635,.T.);
#810=ORIENTED_EDGE('',*,*,#1636,.T.);
#811=ORIENTED_EDGE('',*,*,#1637,.T.);
#812=ORIENTED_EDGE('',*,*,#1638,.T.);
#813=ORIENTED_EDGE('',*,*,#1639,.T.);
#814=ORIENTED_EDGE('',*,*,#1640,.F.);
#815=ORIENTED_EDGE('',*,*,#1641,.F.);
#816=ORIENTED_EDGE('',*,*,#1642,.T.);
#817=ORIENTED_EDGE('',*,*,#1643,.T.);
#818=ORIENTED_EDGE('',*,*,#1644,.T.);
#819=ORIENTED_EDGE('',*,*,#1645,.T.);
#820=ORIENTED_EDGE('',*,*,#1646,.F.);
#821=ORIENTED_EDGE('',*,*,#1647,.T.);
#822=ORIENTED_EDGE('',*,*,#1648,.T.);
#823=ORIENTED_EDGE('',*,*,#1649,.T.);
#824=ORIENTED_EDGE('',*,*,#1650,.F.);
#825=ORIENTED_EDGE('',*,*,#1651,.T.);
#826=ORIENTED_EDGE('',*,*,#1650,.T.);
#827=ORIENTED_EDGE('',*,*,#1652,.T.);
#828=ORIENTED_EDGE('',*,*,#1626,.F.);
#829=ORIENTED_EDGE('',*,*,#1653,.T.);
#830=ORIENTED_EDGE('',*,*,#1646,.T.);
#831=ORIENTED_EDGE('',*,*,#1654,.T.);
#832=ORIENTED_EDGE('',*,*,#1655,.T.);
#833=ORIENTED_EDGE('',*,*,#1656,.T.);
#834=ORIENTED_EDGE('',*,*,#1657,.F.);
#835=ORIENTED_EDGE('',*,*,#1658,.T.);
#836=ORIENTED_EDGE('',*,*,#1641,.T.);
#837=ORIENTED_EDGE('',*,*,#1659,.F.);
#838=ORIENTED_EDGE('',*,*,#1660,.F.);
#839=ORIENTED_EDGE('',*,*,#1661,.T.);
#840=ORIENTED_EDGE('',*,*,#1657,.T.);
#841=ORIENTED_EDGE('',*,*,#1662,.T.);
#842=ORIENTED_EDGE('',*,*,#1663,.F.);
#843=ORIENTED_EDGE('',*,*,#1664,.T.);
#844=ORIENTED_EDGE('',*,*,#1660,.T.);
#845=ORIENTED_EDGE('',*,*,#1665,.T.);
#846=ORIENTED_EDGE('',*,*,#1666,.F.);
#847=ORIENTED_EDGE('',*,*,#1667,.T.);
#848=ORIENTED_EDGE('',*,*,#1668,.T.);
#849=ORIENTED_EDGE('',*,*,#1530,.T.);
#850=ORIENTED_EDGE('',*,*,#1669,.T.);
#851=ORIENTED_EDGE('',*,*,#1663,.T.);
#852=ORIENTED_EDGE('',*,*,#1670,.F.);
#853=ORIENTED_EDGE('',*,*,#1671,.T.);
#854=ORIENTED_EDGE('',*,*,#1672,.T.);
#855=ORIENTED_EDGE('',*,*,#1673,.F.);
#856=ORIENTED_EDGE('',*,*,#1670,.T.);
#857=ORIENTED_EDGE('',*,*,#1665,.F.);
#858=ORIENTED_EDGE('',*,*,#1662,.F.);
#859=ORIENTED_EDGE('',*,*,#1659,.T.);
#860=ORIENTED_EDGE('',*,*,#1640,.T.);
#861=ORIENTED_EDGE('',*,*,#1674,.T.);
#862=ORIENTED_EDGE('',*,*,#1675,.F.);
#863=ORIENTED_EDGE('',*,*,#1676,.T.);
#864=ORIENTED_EDGE('',*,*,#1537,.T.);
#865=ORIENTED_EDGE('',*,*,#1677,.T.);
#866=ORIENTED_EDGE('',*,*,#1678,.F.);
#867=ORIENTED_EDGE('',*,*,#1679,.T.);
#868=ORIENTED_EDGE('',*,*,#1675,.T.);
#869=ORIENTED_EDGE('',*,*,#1680,.T.);
#870=ORIENTED_EDGE('',*,*,#1671,.F.);
#871=ORIENTED_EDGE('',*,*,#1681,.T.);
#872=ORIENTED_EDGE('',*,*,#1678,.T.);
#873=ORIENTED_EDGE('',*,*,#1682,.T.);
#874=ORIENTED_EDGE('',*,*,#1673,.T.);
#875=ORIENTED_EDGE('',*,*,#1683,.T.);
#876=ORIENTED_EDGE('',*,*,#1684,.F.);
#877=ORIENTED_EDGE('',*,*,#1666,.T.);
#878=ORIENTED_EDGE('',*,*,#1684,.T.);
#879=ORIENTED_EDGE('',*,*,#1685,.T.);
#880=ORIENTED_EDGE('',*,*,#1686,.F.);
#881=ORIENTED_EDGE('',*,*,#1667,.F.);
#882=ORIENTED_EDGE('',*,*,#1686,.T.);
#883=ORIENTED_EDGE('',*,*,#1687,.T.);
#884=ORIENTED_EDGE('',*,*,#1531,.F.);
#885=ORIENTED_EDGE('',*,*,#1668,.F.);
#886=ORIENTED_EDGE('',*,*,#1688,.T.);
#887=ORIENTED_EDGE('',*,*,#1689,.T.);
#888=ORIENTED_EDGE('',*,*,#1655,.F.);
#889=ORIENTED_EDGE('',*,*,#1690,.T.);
#890=ORIENTED_EDGE('',*,*,#1588,.F.);
#891=ORIENTED_EDGE('',*,*,#1691,.F.);
#892=ORIENTED_EDGE('',*,*,#1692,.T.);
#893=ORIENTED_EDGE('',*,*,#1693,.T.);
#894=ORIENTED_EDGE('',*,*,#1587,.F.);
#895=ORIENTED_EDGE('',*,*,#1694,.F.);
#896=ORIENTED_EDGE('',*,*,#1695,.T.);
#897=ORIENTED_EDGE('',*,*,#1691,.T.);
#898=ORIENTED_EDGE('',*,*,#1617,.F.);
#899=ORIENTED_EDGE('',*,*,#1696,.F.);
#900=ORIENTED_EDGE('',*,*,#1697,.T.);
#901=ORIENTED_EDGE('',*,*,#1694,.T.);
#902=ORIENTED_EDGE('',*,*,#1616,.F.);
#903=ORIENTED_EDGE('',*,*,#1698,.F.);
#904=ORIENTED_EDGE('',*,*,#1699,.T.);
#905=ORIENTED_EDGE('',*,*,#1696,.T.);
#906=ORIENTED_EDGE('',*,*,#1615,.F.);
#907=ORIENTED_EDGE('',*,*,#1700,.F.);
#908=ORIENTED_EDGE('',*,*,#1701,.T.);
#909=ORIENTED_EDGE('',*,*,#1698,.T.);
#910=ORIENTED_EDGE('',*,*,#1614,.F.);
#911=ORIENTED_EDGE('',*,*,#1702,.F.);
#912=ORIENTED_EDGE('',*,*,#1703,.T.);
#913=ORIENTED_EDGE('',*,*,#1700,.T.);
#914=ORIENTED_EDGE('',*,*,#1613,.F.);
#915=ORIENTED_EDGE('',*,*,#1704,.F.);
#916=ORIENTED_EDGE('',*,*,#1705,.T.);
#917=ORIENTED_EDGE('',*,*,#1702,.T.);
#918=ORIENTED_EDGE('',*,*,#1612,.F.);
#919=ORIENTED_EDGE('',*,*,#1706,.F.);
#920=ORIENTED_EDGE('',*,*,#1707,.T.);
#921=ORIENTED_EDGE('',*,*,#1704,.T.);
#922=ORIENTED_EDGE('',*,*,#1611,.F.);
#923=ORIENTED_EDGE('',*,*,#1708,.F.);
#924=ORIENTED_EDGE('',*,*,#1709,.T.);
#925=ORIENTED_EDGE('',*,*,#1706,.T.);
#926=ORIENTED_EDGE('',*,*,#1610,.F.);
#927=ORIENTED_EDGE('',*,*,#1710,.F.);
#928=ORIENTED_EDGE('',*,*,#1711,.T.);
#929=ORIENTED_EDGE('',*,*,#1708,.T.);
#930=ORIENTED_EDGE('',*,*,#1609,.F.);
#931=ORIENTED_EDGE('',*,*,#1712,.F.);
#932=ORIENTED_EDGE('',*,*,#1713,.T.);
#933=ORIENTED_EDGE('',*,*,#1710,.T.);
#934=ORIENTED_EDGE('',*,*,#1608,.F.);
#935=ORIENTED_EDGE('',*,*,#1714,.F.);
#936=ORIENTED_EDGE('',*,*,#1715,.T.);
#937=ORIENTED_EDGE('',*,*,#1712,.T.);
#938=ORIENTED_EDGE('',*,*,#1607,.F.);
#939=ORIENTED_EDGE('',*,*,#1716,.F.);
#940=ORIENTED_EDGE('',*,*,#1717,.T.);
#941=ORIENTED_EDGE('',*,*,#1714,.T.);
#942=ORIENTED_EDGE('',*,*,#1606,.F.);
#943=ORIENTED_EDGE('',*,*,#1718,.F.);
#944=ORIENTED_EDGE('',*,*,#1719,.T.);
#945=ORIENTED_EDGE('',*,*,#1716,.T.);
#946=ORIENTED_EDGE('',*,*,#1605,.F.);
#947=ORIENTED_EDGE('',*,*,#1720,.F.);
#948=ORIENTED_EDGE('',*,*,#1721,.T.);
#949=ORIENTED_EDGE('',*,*,#1718,.T.);
#950=ORIENTED_EDGE('',*,*,#1604,.F.);
#951=ORIENTED_EDGE('',*,*,#1722,.F.);
#952=ORIENTED_EDGE('',*,*,#1723,.T.);
#953=ORIENTED_EDGE('',*,*,#1720,.T.);
#954=ORIENTED_EDGE('',*,*,#1603,.F.);
#955=ORIENTED_EDGE('',*,*,#1724,.F.);
#956=ORIENTED_EDGE('',*,*,#1725,.T.);
#957=ORIENTED_EDGE('',*,*,#1722,.T.);
#958=ORIENTED_EDGE('',*,*,#1602,.F.);
#959=ORIENTED_EDGE('',*,*,#1726,.F.);
#960=ORIENTED_EDGE('',*,*,#1727,.T.);
#961=ORIENTED_EDGE('',*,*,#1724,.T.);
#962=ORIENTED_EDGE('',*,*,#1601,.F.);
#963=ORIENTED_EDGE('',*,*,#1728,.F.);
#964=ORIENTED_EDGE('',*,*,#1729,.T.);
#965=ORIENTED_EDGE('',*,*,#1726,.T.);
#966=ORIENTED_EDGE('',*,*,#1600,.F.);
#967=ORIENTED_EDGE('',*,*,#1730,.F.);
#968=ORIENTED_EDGE('',*,*,#1731,.T.);
#969=ORIENTED_EDGE('',*,*,#1728,.T.);
#970=ORIENTED_EDGE('',*,*,#1599,.F.);
#971=ORIENTED_EDGE('',*,*,#1732,.F.);
#972=ORIENTED_EDGE('',*,*,#1733,.T.);
#973=ORIENTED_EDGE('',*,*,#1730,.T.);
#974=ORIENTED_EDGE('',*,*,#1598,.F.);
#975=ORIENTED_EDGE('',*,*,#1734,.F.);
#976=ORIENTED_EDGE('',*,*,#1735,.T.);
#977=ORIENTED_EDGE('',*,*,#1732,.T.);
#978=ORIENTED_EDGE('',*,*,#1597,.F.);
#979=ORIENTED_EDGE('',*,*,#1736,.F.);
#980=ORIENTED_EDGE('',*,*,#1737,.T.);
#981=ORIENTED_EDGE('',*,*,#1734,.T.);
#982=ORIENTED_EDGE('',*,*,#1596,.F.);
#983=ORIENTED_EDGE('',*,*,#1738,.F.);
#984=ORIENTED_EDGE('',*,*,#1739,.T.);
#985=ORIENTED_EDGE('',*,*,#1736,.T.);
#986=ORIENTED_EDGE('',*,*,#1595,.F.);
#987=ORIENTED_EDGE('',*,*,#1740,.F.);
#988=ORIENTED_EDGE('',*,*,#1741,.T.);
#989=ORIENTED_EDGE('',*,*,#1738,.T.);
#990=ORIENTED_EDGE('',*,*,#1594,.F.);
#991=ORIENTED_EDGE('',*,*,#1742,.F.);
#992=ORIENTED_EDGE('',*,*,#1743,.T.);
#993=ORIENTED_EDGE('',*,*,#1740,.T.);
#994=ORIENTED_EDGE('',*,*,#1593,.F.);
#995=ORIENTED_EDGE('',*,*,#1744,.F.);
#996=ORIENTED_EDGE('',*,*,#1745,.T.);
#997=ORIENTED_EDGE('',*,*,#1742,.T.);
#998=ORIENTED_EDGE('',*,*,#1592,.F.);
#999=ORIENTED_EDGE('',*,*,#1746,.F.);
#1000=ORIENTED_EDGE('',*,*,#1747,.T.);
#1001=ORIENTED_EDGE('',*,*,#1744,.T.);
#1002=ORIENTED_EDGE('',*,*,#1591,.F.);
#1003=ORIENTED_EDGE('',*,*,#1748,.F.);
#1004=ORIENTED_EDGE('',*,*,#1749,.T.);
#1005=ORIENTED_EDGE('',*,*,#1746,.T.);
#1006=ORIENTED_EDGE('',*,*,#1590,.F.);
#1007=ORIENTED_EDGE('',*,*,#1750,.F.);
#1008=ORIENTED_EDGE('',*,*,#1751,.T.);
#1009=ORIENTED_EDGE('',*,*,#1748,.T.);
#1010=ORIENTED_EDGE('',*,*,#1589,.F.);
#1011=ORIENTED_EDGE('',*,*,#1693,.F.);
#1012=ORIENTED_EDGE('',*,*,#1752,.T.);
#1013=ORIENTED_EDGE('',*,*,#1750,.T.);
#1014=ORIENTED_EDGE('',*,*,#1692,.F.);
#1015=ORIENTED_EDGE('',*,*,#1695,.F.);
#1016=ORIENTED_EDGE('',*,*,#1697,.F.);
#1017=ORIENTED_EDGE('',*,*,#1699,.F.);
#1018=ORIENTED_EDGE('',*,*,#1701,.F.);
#1019=ORIENTED_EDGE('',*,*,#1703,.F.);
#1020=ORIENTED_EDGE('',*,*,#1705,.F.);
#1021=ORIENTED_EDGE('',*,*,#1707,.F.);
#1022=ORIENTED_EDGE('',*,*,#1709,.F.);
#1023=ORIENTED_EDGE('',*,*,#1711,.F.);
#1024=ORIENTED_EDGE('',*,*,#1713,.F.);
#1025=ORIENTED_EDGE('',*,*,#1715,.F.);
#1026=ORIENTED_EDGE('',*,*,#1717,.F.);
#1027=ORIENTED_EDGE('',*,*,#1719,.F.);
#1028=ORIENTED_EDGE('',*,*,#1721,.F.);
#1029=ORIENTED_EDGE('',*,*,#1723,.F.);
#1030=ORIENTED_EDGE('',*,*,#1725,.F.);
#1031=ORIENTED_EDGE('',*,*,#1727,.F.);
#1032=ORIENTED_EDGE('',*,*,#1729,.F.);
#1033=ORIENTED_EDGE('',*,*,#1731,.F.);
#1034=ORIENTED_EDGE('',*,*,#1733,.F.);
#1035=ORIENTED_EDGE('',*,*,#1735,.F.);
#1036=ORIENTED_EDGE('',*,*,#1737,.F.);
#1037=ORIENTED_EDGE('',*,*,#1739,.F.);
#1038=ORIENTED_EDGE('',*,*,#1741,.F.);
#1039=ORIENTED_EDGE('',*,*,#1743,.F.);
#1040=ORIENTED_EDGE('',*,*,#1745,.F.);
#1041=ORIENTED_EDGE('',*,*,#1747,.F.);
#1042=ORIENTED_EDGE('',*,*,#1749,.F.);
#1043=ORIENTED_EDGE('',*,*,#1751,.F.);
#1044=ORIENTED_EDGE('',*,*,#1752,.F.);
#1045=ORIENTED_EDGE('',*,*,#1753,.F.);
#1046=ORIENTED_EDGE('',*,*,#1754,.F.);
#1047=ORIENTED_EDGE('',*,*,#1755,.T.);
#1048=ORIENTED_EDGE('',*,*,#1756,.T.);
#1049=ORIENTED_EDGE('',*,*,#1757,.F.);
#1050=ORIENTED_EDGE('',*,*,#1758,.F.);
#1051=ORIENTED_EDGE('',*,*,#1759,.T.);
#1052=ORIENTED_EDGE('',*,*,#1754,.T.);
#1053=ORIENTED_EDGE('',*,*,#1760,.F.);
#1054=ORIENTED_EDGE('',*,*,#1761,.F.);
#1055=ORIENTED_EDGE('',*,*,#1762,.T.);
#1056=ORIENTED_EDGE('',*,*,#1758,.T.);
#1057=ORIENTED_EDGE('',*,*,#1763,.F.);
#1058=ORIENTED_EDGE('',*,*,#1764,.F.);
#1059=ORIENTED_EDGE('',*,*,#1765,.T.);
#1060=ORIENTED_EDGE('',*,*,#1761,.T.);
#1061=ORIENTED_EDGE('',*,*,#1766,.F.);
#1062=ORIENTED_EDGE('',*,*,#1767,.F.);
#1063=ORIENTED_EDGE('',*,*,#1768,.T.);
#1064=ORIENTED_EDGE('',*,*,#1764,.T.);
#1065=ORIENTED_EDGE('',*,*,#1769,.F.);
#1066=ORIENTED_EDGE('',*,*,#1770,.F.);
#1067=ORIENTED_EDGE('',*,*,#1771,.T.);
#1068=ORIENTED_EDGE('',*,*,#1767,.T.);
#1069=ORIENTED_EDGE('',*,*,#1772,.F.);
#1070=ORIENTED_EDGE('',*,*,#1773,.F.);
#1071=ORIENTED_EDGE('',*,*,#1774,.T.);
#1072=ORIENTED_EDGE('',*,*,#1770,.T.);
#1073=ORIENTED_EDGE('',*,*,#1775,.F.);
#1074=ORIENTED_EDGE('',*,*,#1776,.F.);
#1075=ORIENTED_EDGE('',*,*,#1777,.T.);
#1076=ORIENTED_EDGE('',*,*,#1773,.T.);
#1077=ORIENTED_EDGE('',*,*,#1778,.F.);
#1078=ORIENTED_EDGE('',*,*,#1779,.F.);
#1079=ORIENTED_EDGE('',*,*,#1780,.T.);
#1080=ORIENTED_EDGE('',*,*,#1776,.T.);
#1081=ORIENTED_EDGE('',*,*,#1563,.F.);
#1082=ORIENTED_EDGE('',*,*,#1781,.F.);
#1083=ORIENTED_EDGE('',*,*,#1782,.T.);
#1084=ORIENTED_EDGE('',*,*,#1783,.T.);
#1085=ORIENTED_EDGE('',*,*,#1562,.F.);
#1086=ORIENTED_EDGE('',*,*,#1784,.F.);
#1087=ORIENTED_EDGE('',*,*,#1785,.T.);
#1088=ORIENTED_EDGE('',*,*,#1781,.T.);
#1089=ORIENTED_EDGE('',*,*,#1586,.F.);
#1090=ORIENTED_EDGE('',*,*,#1786,.F.);
#1091=ORIENTED_EDGE('',*,*,#1787,.T.);
#1092=ORIENTED_EDGE('',*,*,#1784,.T.);
#1093=ORIENTED_EDGE('',*,*,#1585,.F.);
#1094=ORIENTED_EDGE('',*,*,#1788,.F.);
#1095=ORIENTED_EDGE('',*,*,#1789,.T.);
#1096=ORIENTED_EDGE('',*,*,#1786,.T.);
#1097=ORIENTED_EDGE('',*,*,#1584,.F.);
#1098=ORIENTED_EDGE('',*,*,#1790,.F.);
#1099=ORIENTED_EDGE('',*,*,#1791,.T.);
#1100=ORIENTED_EDGE('',*,*,#1788,.T.);
#1101=ORIENTED_EDGE('',*,*,#1583,.F.);
#1102=ORIENTED_EDGE('',*,*,#1792,.F.);
#1103=ORIENTED_EDGE('',*,*,#1793,.T.);
#1104=ORIENTED_EDGE('',*,*,#1790,.T.);
#1105=ORIENTED_EDGE('',*,*,#1582,.F.);
#1106=ORIENTED_EDGE('',*,*,#1794,.F.);
#1107=ORIENTED_EDGE('',*,*,#1795,.T.);
#1108=ORIENTED_EDGE('',*,*,#1792,.T.);
#1109=ORIENTED_EDGE('',*,*,#1581,.F.);
#1110=ORIENTED_EDGE('',*,*,#1796,.F.);
#1111=ORIENTED_EDGE('',*,*,#1797,.T.);
#1112=ORIENTED_EDGE('',*,*,#1794,.T.);
#1113=ORIENTED_EDGE('',*,*,#1580,.F.);
#1114=ORIENTED_EDGE('',*,*,#1798,.F.);
#1115=ORIENTED_EDGE('',*,*,#1799,.T.);
#1116=ORIENTED_EDGE('',*,*,#1796,.T.);
#1117=ORIENTED_EDGE('',*,*,#1579,.F.);
#1118=ORIENTED_EDGE('',*,*,#1800,.F.);
#1119=ORIENTED_EDGE('',*,*,#1801,.T.);
#1120=ORIENTED_EDGE('',*,*,#1798,.T.);
#1121=ORIENTED_EDGE('',*,*,#1578,.F.);
#1122=ORIENTED_EDGE('',*,*,#1802,.F.);
#1123=ORIENTED_EDGE('',*,*,#1803,.T.);
#1124=ORIENTED_EDGE('',*,*,#1800,.T.);
#1125=ORIENTED_EDGE('',*,*,#1577,.F.);
#1126=ORIENTED_EDGE('',*,*,#1804,.F.);
#1127=ORIENTED_EDGE('',*,*,#1805,.T.);
#1128=ORIENTED_EDGE('',*,*,#1802,.T.);
#1129=ORIENTED_EDGE('',*,*,#1576,.F.);
#1130=ORIENTED_EDGE('',*,*,#1806,.F.);
#1131=ORIENTED_EDGE('',*,*,#1807,.T.);
#1132=ORIENTED_EDGE('',*,*,#1804,.T.);
#1133=ORIENTED_EDGE('',*,*,#1575,.F.);
#1134=ORIENTED_EDGE('',*,*,#1808,.F.);
#1135=ORIENTED_EDGE('',*,*,#1809,.T.);
#1136=ORIENTED_EDGE('',*,*,#1806,.T.);
#1137=ORIENTED_EDGE('',*,*,#1574,.F.);
#1138=ORIENTED_EDGE('',*,*,#1810,.F.);
#1139=ORIENTED_EDGE('',*,*,#1811,.T.);
#1140=ORIENTED_EDGE('',*,*,#1808,.T.);
#1141=ORIENTED_EDGE('',*,*,#1573,.F.);
#1142=ORIENTED_EDGE('',*,*,#1812,.F.);
#1143=ORIENTED_EDGE('',*,*,#1813,.T.);
#1144=ORIENTED_EDGE('',*,*,#1810,.T.);
#1145=ORIENTED_EDGE('',*,*,#1572,.F.);
#1146=ORIENTED_EDGE('',*,*,#1814,.F.);
#1147=ORIENTED_EDGE('',*,*,#1815,.T.);
#1148=ORIENTED_EDGE('',*,*,#1812,.T.);
#1149=ORIENTED_EDGE('',*,*,#1571,.F.);
#1150=ORIENTED_EDGE('',*,*,#1816,.F.);
#1151=ORIENTED_EDGE('',*,*,#1817,.T.);
#1152=ORIENTED_EDGE('',*,*,#1814,.T.);
#1153=ORIENTED_EDGE('',*,*,#1570,.F.);
#1154=ORIENTED_EDGE('',*,*,#1818,.F.);
#1155=ORIENTED_EDGE('',*,*,#1819,.T.);
#1156=ORIENTED_EDGE('',*,*,#1816,.T.);
#1157=ORIENTED_EDGE('',*,*,#1569,.F.);
#1158=ORIENTED_EDGE('',*,*,#1820,.F.);
#1159=ORIENTED_EDGE('',*,*,#1821,.T.);
#1160=ORIENTED_EDGE('',*,*,#1818,.T.);
#1161=ORIENTED_EDGE('',*,*,#1568,.F.);
#1162=ORIENTED_EDGE('',*,*,#1822,.F.);
#1163=ORIENTED_EDGE('',*,*,#1823,.T.);
#1164=ORIENTED_EDGE('',*,*,#1820,.T.);
#1165=ORIENTED_EDGE('',*,*,#1567,.F.);
#1166=ORIENTED_EDGE('',*,*,#1824,.F.);
#1167=ORIENTED_EDGE('',*,*,#1825,.T.);
#1168=ORIENTED_EDGE('',*,*,#1822,.T.);
#1169=ORIENTED_EDGE('',*,*,#1566,.F.);
#1170=ORIENTED_EDGE('',*,*,#1826,.F.);
#1171=ORIENTED_EDGE('',*,*,#1827,.T.);
#1172=ORIENTED_EDGE('',*,*,#1824,.T.);
#1173=ORIENTED_EDGE('',*,*,#1565,.F.);
#1174=ORIENTED_EDGE('',*,*,#1828,.F.);
#1175=ORIENTED_EDGE('',*,*,#1829,.T.);
#1176=ORIENTED_EDGE('',*,*,#1826,.T.);
#1177=ORIENTED_EDGE('',*,*,#1564,.F.);
#1178=ORIENTED_EDGE('',*,*,#1783,.F.);
#1179=ORIENTED_EDGE('',*,*,#1830,.T.);
#1180=ORIENTED_EDGE('',*,*,#1828,.T.);
#1181=ORIENTED_EDGE('',*,*,#1831,.F.);
#1182=ORIENTED_EDGE('',*,*,#1756,.F.);
#1183=ORIENTED_EDGE('',*,*,#1832,.T.);
#1184=ORIENTED_EDGE('',*,*,#1779,.T.);
#1185=ORIENTED_EDGE('',*,*,#1782,.F.);
#1186=ORIENTED_EDGE('',*,*,#1785,.F.);
#1187=ORIENTED_EDGE('',*,*,#1787,.F.);
#1188=ORIENTED_EDGE('',*,*,#1789,.F.);
#1189=ORIENTED_EDGE('',*,*,#1791,.F.);
#1190=ORIENTED_EDGE('',*,*,#1793,.F.);
#1191=ORIENTED_EDGE('',*,*,#1795,.F.);
#1192=ORIENTED_EDGE('',*,*,#1797,.F.);
#1193=ORIENTED_EDGE('',*,*,#1799,.F.);
#1194=ORIENTED_EDGE('',*,*,#1801,.F.);
#1195=ORIENTED_EDGE('',*,*,#1803,.F.);
#1196=ORIENTED_EDGE('',*,*,#1805,.F.);
#1197=ORIENTED_EDGE('',*,*,#1807,.F.);
#1198=ORIENTED_EDGE('',*,*,#1809,.F.);
#1199=ORIENTED_EDGE('',*,*,#1811,.F.);
#1200=ORIENTED_EDGE('',*,*,#1813,.F.);
#1201=ORIENTED_EDGE('',*,*,#1815,.F.);
#1202=ORIENTED_EDGE('',*,*,#1817,.F.);
#1203=ORIENTED_EDGE('',*,*,#1819,.F.);
#1204=ORIENTED_EDGE('',*,*,#1821,.F.);
#1205=ORIENTED_EDGE('',*,*,#1823,.F.);
#1206=ORIENTED_EDGE('',*,*,#1825,.F.);
#1207=ORIENTED_EDGE('',*,*,#1827,.F.);
#1208=ORIENTED_EDGE('',*,*,#1829,.F.);
#1209=ORIENTED_EDGE('',*,*,#1830,.F.);
#1210=ORIENTED_EDGE('',*,*,#1755,.F.);
#1211=ORIENTED_EDGE('',*,*,#1759,.F.);
#1212=ORIENTED_EDGE('',*,*,#1762,.F.);
#1213=ORIENTED_EDGE('',*,*,#1765,.F.);
#1214=ORIENTED_EDGE('',*,*,#1768,.F.);
#1215=ORIENTED_EDGE('',*,*,#1771,.F.);
#1216=ORIENTED_EDGE('',*,*,#1774,.F.);
#1217=ORIENTED_EDGE('',*,*,#1777,.F.);
#1218=ORIENTED_EDGE('',*,*,#1780,.F.);
#1219=ORIENTED_EDGE('',*,*,#1832,.F.);
#1220=ORIENTED_EDGE('',*,*,#1559,.F.);
#1221=ORIENTED_EDGE('',*,*,#1833,.F.);
#1222=ORIENTED_EDGE('',*,*,#1834,.T.);
#1223=ORIENTED_EDGE('',*,*,#1835,.T.);
#1224=ORIENTED_EDGE('',*,*,#1558,.F.);
#1225=ORIENTED_EDGE('',*,*,#1836,.F.);
#1226=ORIENTED_EDGE('',*,*,#1837,.T.);
#1227=ORIENTED_EDGE('',*,*,#1833,.T.);
#1228=ORIENTED_EDGE('',*,*,#1561,.F.);
#1229=ORIENTED_EDGE('',*,*,#1838,.F.);
#1230=ORIENTED_EDGE('',*,*,#1839,.T.);
#1231=ORIENTED_EDGE('',*,*,#1836,.T.);
#1232=ORIENTED_EDGE('',*,*,#1560,.F.);
#1233=ORIENTED_EDGE('',*,*,#1835,.F.);
#1234=ORIENTED_EDGE('',*,*,#1840,.T.);
#1235=ORIENTED_EDGE('',*,*,#1838,.T.);
#1236=ORIENTED_EDGE('',*,*,#1834,.F.);
#1237=ORIENTED_EDGE('',*,*,#1837,.F.);
#1238=ORIENTED_EDGE('',*,*,#1839,.F.);
#1239=ORIENTED_EDGE('',*,*,#1840,.F.);
#1240=ORIENTED_EDGE('',*,*,#1542,.F.);
#1241=ORIENTED_EDGE('',*,*,#1841,.F.);
#1242=ORIENTED_EDGE('',*,*,#1842,.T.);
#1243=ORIENTED_EDGE('',*,*,#1843,.T.);
#1244=ORIENTED_EDGE('',*,*,#1541,.F.);
#1245=ORIENTED_EDGE('',*,*,#1844,.F.);
#1246=ORIENTED_EDGE('',*,*,#1845,.T.);
#1247=ORIENTED_EDGE('',*,*,#1841,.T.);
#1248=ORIENTED_EDGE('',*,*,#1557,.F.);
#1249=ORIENTED_EDGE('',*,*,#1846,.F.);
#1250=ORIENTED_EDGE('',*,*,#1847,.T.);
#1251=ORIENTED_EDGE('',*,*,#1844,.T.);
#1252=ORIENTED_EDGE('',*,*,#1556,.F.);
#1253=ORIENTED_EDGE('',*,*,#1848,.F.);
#1254=ORIENTED_EDGE('',*,*,#1849,.T.);
#1255=ORIENTED_EDGE('',*,*,#1846,.T.);
#1256=ORIENTED_EDGE('',*,*,#1555,.F.);
#1257=ORIENTED_EDGE('',*,*,#1850,.F.);
#1258=ORIENTED_EDGE('',*,*,#1851,.T.);
#1259=ORIENTED_EDGE('',*,*,#1848,.T.);
#1260=ORIENTED_EDGE('',*,*,#1554,.F.);
#1261=ORIENTED_EDGE('',*,*,#1852,.F.);
#1262=ORIENTED_EDGE('',*,*,#1853,.T.);
#1263=ORIENTED_EDGE('',*,*,#1850,.T.);
#1264=ORIENTED_EDGE('',*,*,#1553,.F.);
#1265=ORIENTED_EDGE('',*,*,#1854,.F.);
#1266=ORIENTED_EDGE('',*,*,#1855,.T.);
#1267=ORIENTED_EDGE('',*,*,#1852,.T.);
#1268=ORIENTED_EDGE('',*,*,#1552,.F.);
#1269=ORIENTED_EDGE('',*,*,#1856,.F.);
#1270=ORIENTED_EDGE('',*,*,#1857,.T.);
#1271=ORIENTED_EDGE('',*,*,#1854,.T.);
#1272=ORIENTED_EDGE('',*,*,#1551,.F.);
#1273=ORIENTED_EDGE('',*,*,#1858,.F.);
#1274=ORIENTED_EDGE('',*,*,#1859,.T.);
#1275=ORIENTED_EDGE('',*,*,#1856,.T.);
#1276=ORIENTED_EDGE('',*,*,#1550,.F.);
#1277=ORIENTED_EDGE('',*,*,#1860,.F.);
#1278=ORIENTED_EDGE('',*,*,#1861,.T.);
#1279=ORIENTED_EDGE('',*,*,#1858,.T.);
#1280=ORIENTED_EDGE('',*,*,#1549,.F.);
#1281=ORIENTED_EDGE('',*,*,#1862,.F.);
#1282=ORIENTED_EDGE('',*,*,#1863,.T.);
#1283=ORIENTED_EDGE('',*,*,#1860,.T.);
#1284=ORIENTED_EDGE('',*,*,#1548,.F.);
#1285=ORIENTED_EDGE('',*,*,#1864,.F.);
#1286=ORIENTED_EDGE('',*,*,#1865,.T.);
#1287=ORIENTED_EDGE('',*,*,#1862,.T.);
#1288=ORIENTED_EDGE('',*,*,#1547,.F.);
#1289=ORIENTED_EDGE('',*,*,#1866,.F.);
#1290=ORIENTED_EDGE('',*,*,#1867,.T.);
#1291=ORIENTED_EDGE('',*,*,#1864,.T.);
#1292=ORIENTED_EDGE('',*,*,#1546,.F.);
#1293=ORIENTED_EDGE('',*,*,#1868,.F.);
#1294=ORIENTED_EDGE('',*,*,#1869,.T.);
#1295=ORIENTED_EDGE('',*,*,#1866,.T.);
#1296=ORIENTED_EDGE('',*,*,#1545,.F.);
#1297=ORIENTED_EDGE('',*,*,#1870,.F.);
#1298=ORIENTED_EDGE('',*,*,#1871,.T.);
#1299=ORIENTED_EDGE('',*,*,#1868,.T.);
#1300=ORIENTED_EDGE('',*,*,#1544,.F.);
#1301=ORIENTED_EDGE('',*,*,#1872,.F.);
#1302=ORIENTED_EDGE('',*,*,#1873,.T.);
#1303=ORIENTED_EDGE('',*,*,#1870,.T.);
#1304=ORIENTED_EDGE('',*,*,#1543,.F.);
#1305=ORIENTED_EDGE('',*,*,#1843,.F.);
#1306=ORIENTED_EDGE('',*,*,#1874,.T.);
#1307=ORIENTED_EDGE('',*,*,#1872,.T.);
#1308=ORIENTED_EDGE('',*,*,#1842,.F.);
#1309=ORIENTED_EDGE('',*,*,#1845,.F.);
#1310=ORIENTED_EDGE('',*,*,#1847,.F.);
#1311=ORIENTED_EDGE('',*,*,#1849,.F.);
#1312=ORIENTED_EDGE('',*,*,#1851,.F.);
#1313=ORIENTED_EDGE('',*,*,#1853,.F.);
#1314=ORIENTED_EDGE('',*,*,#1855,.F.);
#1315=ORIENTED_EDGE('',*,*,#1857,.F.);
#1316=ORIENTED_EDGE('',*,*,#1859,.F.);
#1317=ORIENTED_EDGE('',*,*,#1861,.F.);
#1318=ORIENTED_EDGE('',*,*,#1863,.F.);
#1319=ORIENTED_EDGE('',*,*,#1865,.F.);
#1320=ORIENTED_EDGE('',*,*,#1867,.F.);
#1321=ORIENTED_EDGE('',*,*,#1869,.F.);
#1322=ORIENTED_EDGE('',*,*,#1871,.F.);
#1323=ORIENTED_EDGE('',*,*,#1873,.F.);
#1324=ORIENTED_EDGE('',*,*,#1874,.F.);
#1325=ORIENTED_EDGE('',*,*,#1875,.F.);
#1326=ORIENTED_EDGE('',*,*,#1876,.F.);
#1327=ORIENTED_EDGE('',*,*,#1877,.T.);
#1328=ORIENTED_EDGE('',*,*,#1878,.T.);
#1329=ORIENTED_EDGE('',*,*,#1879,.F.);
#1330=ORIENTED_EDGE('',*,*,#1880,.F.);
#1331=ORIENTED_EDGE('',*,*,#1881,.T.);
#1332=ORIENTED_EDGE('',*,*,#1876,.T.);
#1333=ORIENTED_EDGE('',*,*,#1882,.F.);
#1334=ORIENTED_EDGE('',*,*,#1883,.F.);
#1335=ORIENTED_EDGE('',*,*,#1884,.T.);
#1336=ORIENTED_EDGE('',*,*,#1880,.T.);
#1337=ORIENTED_EDGE('',*,*,#1885,.F.);
#1338=ORIENTED_EDGE('',*,*,#1886,.F.);
#1339=ORIENTED_EDGE('',*,*,#1887,.T.);
#1340=ORIENTED_EDGE('',*,*,#1883,.T.);
#1341=ORIENTED_EDGE('',*,*,#1888,.F.);
#1342=ORIENTED_EDGE('',*,*,#1889,.F.);
#1343=ORIENTED_EDGE('',*,*,#1890,.T.);
#1344=ORIENTED_EDGE('',*,*,#1886,.T.);
#1345=ORIENTED_EDGE('',*,*,#1891,.F.);
#1346=ORIENTED_EDGE('',*,*,#1892,.F.);
#1347=ORIENTED_EDGE('',*,*,#1893,.T.);
#1348=ORIENTED_EDGE('',*,*,#1889,.T.);
#1349=ORIENTED_EDGE('',*,*,#1619,.F.);
#1350=ORIENTED_EDGE('',*,*,#1894,.F.);
#1351=ORIENTED_EDGE('',*,*,#1895,.T.);
#1352=ORIENTED_EDGE('',*,*,#1896,.T.);
#1353=ORIENTED_EDGE('',*,*,#1618,.F.);
#1354=ORIENTED_EDGE('',*,*,#1897,.F.);
#1355=ORIENTED_EDGE('',*,*,#1898,.T.);
#1356=ORIENTED_EDGE('',*,*,#1894,.T.);
#1357=ORIENTED_EDGE('',*,*,#1625,.F.);
#1358=ORIENTED_EDGE('',*,*,#1899,.F.);
#1359=ORIENTED_EDGE('',*,*,#1900,.T.);
#1360=ORIENTED_EDGE('',*,*,#1897,.T.);
#1361=ORIENTED_EDGE('',*,*,#1624,.F.);
#1362=ORIENTED_EDGE('',*,*,#1901,.F.);
#1363=ORIENTED_EDGE('',*,*,#1902,.T.);
#1364=ORIENTED_EDGE('',*,*,#1899,.T.);
#1365=ORIENTED_EDGE('',*,*,#1623,.F.);
#1366=ORIENTED_EDGE('',*,*,#1903,.F.);
#1367=ORIENTED_EDGE('',*,*,#1904,.T.);
#1368=ORIENTED_EDGE('',*,*,#1901,.T.);
#1369=ORIENTED_EDGE('',*,*,#1622,.F.);
#1370=ORIENTED_EDGE('',*,*,#1905,.F.);
#1371=ORIENTED_EDGE('',*,*,#1906,.T.);
#1372=ORIENTED_EDGE('',*,*,#1903,.T.);
#1373=ORIENTED_EDGE('',*,*,#1621,.F.);
#1374=ORIENTED_EDGE('',*,*,#1907,.F.);
#1375=ORIENTED_EDGE('',*,*,#1908,.T.);
#1376=ORIENTED_EDGE('',*,*,#1905,.T.);
#1377=ORIENTED_EDGE('',*,*,#1620,.F.);
#1378=ORIENTED_EDGE('',*,*,#1896,.F.);
#1379=ORIENTED_EDGE('',*,*,#1909,.T.);
#1380=ORIENTED_EDGE('',*,*,#1907,.T.);
#1381=ORIENTED_EDGE('',*,*,#1910,.F.);
#1382=ORIENTED_EDGE('',*,*,#1878,.F.);
#1383=ORIENTED_EDGE('',*,*,#1911,.T.);
#1384=ORIENTED_EDGE('',*,*,#1892,.T.);
#1385=ORIENTED_EDGE('',*,*,#1895,.F.);
#1386=ORIENTED_EDGE('',*,*,#1898,.F.);
#1387=ORIENTED_EDGE('',*,*,#1900,.F.);
#1388=ORIENTED_EDGE('',*,*,#1902,.F.);
#1389=ORIENTED_EDGE('',*,*,#1904,.F.);
#1390=ORIENTED_EDGE('',*,*,#1906,.F.);
#1391=ORIENTED_EDGE('',*,*,#1908,.F.);
#1392=ORIENTED_EDGE('',*,*,#1909,.F.);
#1393=ORIENTED_EDGE('',*,*,#1877,.F.);
#1394=ORIENTED_EDGE('',*,*,#1881,.F.);
#1395=ORIENTED_EDGE('',*,*,#1884,.F.);
#1396=ORIENTED_EDGE('',*,*,#1887,.F.);
#1397=ORIENTED_EDGE('',*,*,#1890,.F.);
#1398=ORIENTED_EDGE('',*,*,#1893,.F.);
#1399=ORIENTED_EDGE('',*,*,#1911,.F.);
#1400=ORIENTED_EDGE('',*,*,#1757,.T.);
#1401=ORIENTED_EDGE('',*,*,#1753,.T.);
#1402=ORIENTED_EDGE('',*,*,#1831,.T.);
#1403=ORIENTED_EDGE('',*,*,#1778,.T.);
#1404=ORIENTED_EDGE('',*,*,#1775,.T.);
#1405=ORIENTED_EDGE('',*,*,#1772,.T.);
#1406=ORIENTED_EDGE('',*,*,#1769,.T.);
#1407=ORIENTED_EDGE('',*,*,#1766,.T.);
#1408=ORIENTED_EDGE('',*,*,#1763,.T.);
#1409=ORIENTED_EDGE('',*,*,#1760,.T.);
#1410=ORIENTED_EDGE('',*,*,#1879,.T.);
#1411=ORIENTED_EDGE('',*,*,#1875,.T.);
#1412=ORIENTED_EDGE('',*,*,#1910,.T.);
#1413=ORIENTED_EDGE('',*,*,#1891,.T.);
#1414=ORIENTED_EDGE('',*,*,#1888,.T.);
#1415=ORIENTED_EDGE('',*,*,#1885,.T.);
#1416=ORIENTED_EDGE('',*,*,#1882,.T.);
#1417=ORIENTED_EDGE('',*,*,#1912,.T.);
#1418=ORIENTED_EDGE('',*,*,#1913,.T.);
#1419=ORIENTED_EDGE('',*,*,#1914,.T.);
#1420=ORIENTED_EDGE('',*,*,#1915,.F.);
#1421=ORIENTED_EDGE('',*,*,#1635,.F.);
#1422=ORIENTED_EDGE('',*,*,#1916,.F.);
#1423=ORIENTED_EDGE('',*,*,#1677,.F.);
#1424=ORIENTED_EDGE('',*,*,#1916,.T.);
#1425=ORIENTED_EDGE('',*,*,#1634,.F.);
#1426=ORIENTED_EDGE('',*,*,#1917,.F.);
#1427=ORIENTED_EDGE('',*,*,#1680,.F.);
#1428=ORIENTED_EDGE('',*,*,#1915,.T.);
#1429=ORIENTED_EDGE('',*,*,#1536,.F.);
#1430=ORIENTED_EDGE('',*,*,#1918,.F.);
#1431=ORIENTED_EDGE('',*,*,#1636,.F.);
#1432=ORIENTED_EDGE('',*,*,#1653,.F.);
#1433=ORIENTED_EDGE('',*,*,#1637,.F.);
#1434=ORIENTED_EDGE('',*,*,#1919,.F.);
#1435=ORIENTED_EDGE('',*,*,#1647,.F.);
#1436=ORIENTED_EDGE('',*,*,#1917,.T.);
#1437=ORIENTED_EDGE('',*,*,#1633,.F.);
#1438=ORIENTED_EDGE('',*,*,#1920,.F.);
#1439=ORIENTED_EDGE('',*,*,#1682,.F.);
#1440=ORIENTED_EDGE('',*,*,#1919,.T.);
#1441=ORIENTED_EDGE('',*,*,#1918,.T.);
#1442=ORIENTED_EDGE('',*,*,#1921,.F.);
#1443=ORIENTED_EDGE('',*,*,#1920,.T.);
#1444=ORIENTED_EDGE('',*,*,#1632,.F.);
#1445=ORIENTED_EDGE('',*,*,#1922,.F.);
#1446=ORIENTED_EDGE('',*,*,#1672,.F.);
#1447=ORIENTED_EDGE('',*,*,#1921,.T.);
#1448=ORIENTED_EDGE('',*,*,#1535,.F.);
#1449=ORIENTED_EDGE('',*,*,#1923,.F.);
#1450=ORIENTED_EDGE('',*,*,#1644,.F.);
#1451=ORIENTED_EDGE('',*,*,#1654,.F.);
#1452=ORIENTED_EDGE('',*,*,#1645,.F.);
#1453=ORIENTED_EDGE('',*,*,#1924,.F.);
#1454=ORIENTED_EDGE('',*,*,#1690,.F.);
#1455=ORIENTED_EDGE('',*,*,#1922,.T.);
#1456=ORIENTED_EDGE('',*,*,#1631,.F.);
#1457=ORIENTED_EDGE('',*,*,#1925,.F.);
#1458=ORIENTED_EDGE('',*,*,#1683,.F.);
#1459=ORIENTED_EDGE('',*,*,#1924,.T.);
#1460=ORIENTED_EDGE('',*,*,#1923,.T.);
#1461=ORIENTED_EDGE('',*,*,#1926,.F.);
#1462=ORIENTED_EDGE('',*,*,#1925,.T.);
#1463=ORIENTED_EDGE('',*,*,#1630,.F.);
#1464=ORIENTED_EDGE('',*,*,#1927,.F.);
#1465=ORIENTED_EDGE('',*,*,#1685,.F.);
#1466=ORIENTED_EDGE('',*,*,#1926,.T.);
#1467=ORIENTED_EDGE('',*,*,#1534,.F.);
#1468=ORIENTED_EDGE('',*,*,#1928,.F.);
#1469=ORIENTED_EDGE('',*,*,#1688,.F.);
#1470=ORIENTED_EDGE('',*,*,#1656,.F.);
#1471=ORIENTED_EDGE('',*,*,#1689,.F.);
#1472=ORIENTED_EDGE('',*,*,#1929,.F.);
#1473=ORIENTED_EDGE('',*,*,#1651,.F.);
#1474=ORIENTED_EDGE('',*,*,#1927,.T.);
#1475=ORIENTED_EDGE('',*,*,#1629,.F.);
#1476=ORIENTED_EDGE('',*,*,#1930,.F.);
#1477=ORIENTED_EDGE('',*,*,#1687,.F.);
#1478=ORIENTED_EDGE('',*,*,#1929,.T.);
#1479=ORIENTED_EDGE('',*,*,#1928,.T.);
#1480=ORIENTED_EDGE('',*,*,#1931,.F.);
#1481=ORIENTED_EDGE('',*,*,#1930,.T.);
#1482=ORIENTED_EDGE('',*,*,#1628,.F.);
#1483=ORIENTED_EDGE('',*,*,#1932,.F.);
#1484=ORIENTED_EDGE('',*,*,#1532,.F.);
#1485=ORIENTED_EDGE('',*,*,#1931,.T.);
#1486=ORIENTED_EDGE('',*,*,#1533,.F.);
#1487=ORIENTED_EDGE('',*,*,#1933,.F.);
#1488=ORIENTED_EDGE('',*,*,#1648,.F.);
#1489=ORIENTED_EDGE('',*,*,#1933,.T.);
#1490=ORIENTED_EDGE('',*,*,#1932,.T.);
#1491=ORIENTED_EDGE('',*,*,#1934,.F.);
#1492=ORIENTED_EDGE('',*,*,#1652,.F.);
#1493=ORIENTED_EDGE('',*,*,#1649,.F.);
#1494=ORIENTED_EDGE('',*,*,#1934,.T.);
#1495=ORIENTED_EDGE('',*,*,#1627,.F.);
#1496=ORIENTED_EDGE('',*,*,#1674,.F.);
#1497=ORIENTED_EDGE('',*,*,#1639,.F.);
#1498=ORIENTED_EDGE('',*,*,#1935,.F.);
#1499=ORIENTED_EDGE('',*,*,#1681,.F.);
#1500=ORIENTED_EDGE('',*,*,#1935,.T.);
#1501=ORIENTED_EDGE('',*,*,#1638,.F.);
#1502=ORIENTED_EDGE('',*,*,#1936,.F.);
#1503=ORIENTED_EDGE('',*,*,#1679,.F.);
#1504=ORIENTED_EDGE('',*,*,#1936,.T.);
#1505=ORIENTED_EDGE('',*,*,#1643,.F.);
#1506=ORIENTED_EDGE('',*,*,#1937,.F.);
#1507=ORIENTED_EDGE('',*,*,#1676,.F.);
#1508=ORIENTED_EDGE('',*,*,#1937,.T.);
#1509=ORIENTED_EDGE('',*,*,#1642,.F.);
#1510=ORIENTED_EDGE('',*,*,#1938,.F.);
#1511=ORIENTED_EDGE('',*,*,#1538,.F.);
#1512=ORIENTED_EDGE('',*,*,#1938,.T.);
#1513=ORIENTED_EDGE('',*,*,#1658,.F.);
#1514=ORIENTED_EDGE('',*,*,#1939,.F.);
#1515=ORIENTED_EDGE('',*,*,#1539,.F.);
#1516=ORIENTED_EDGE('',*,*,#1669,.F.);
#1517=ORIENTED_EDGE('',*,*,#1529,.F.);
#1518=ORIENTED_EDGE('',*,*,#1940,.F.);
#1519=ORIENTED_EDGE('',*,*,#1664,.F.);
#1520=ORIENTED_EDGE('',*,*,#1939,.T.);
#1521=ORIENTED_EDGE('',*,*,#1661,.F.);
#1522=ORIENTED_EDGE('',*,*,#1940,.T.);
#1523=ORIENTED_EDGE('',*,*,#1540,.F.);
#1524=ORIENTED_EDGE('',*,*,#1912,.F.);
#1525=ORIENTED_EDGE('',*,*,#1914,.F.);
#1526=ORIENTED_EDGE('',*,*,#1528,.F.);
#1527=ORIENTED_EDGE('',*,*,#1913,.F.);
#1528=EDGE_CURVE('',#1941,#1941,#2209,.F.);
#1529=EDGE_CURVE('',#1942,#1943,#224,.T.);
#1530=EDGE_CURVE('',#1944,#1943,#225,.T.);
#1531=EDGE_CURVE('',#1944,#1945,#226,.T.);
#1532=EDGE_CURVE('',#1945,#1946,#227,.T.);
#1533=EDGE_CURVE('',#1946,#1947,#228,.F.);
#1534=EDGE_CURVE('',#1947,#1948,#229,.F.);
#1535=EDGE_CURVE('',#1948,#1949,#230,.F.);
#1536=EDGE_CURVE('',#1949,#1950,#231,.T.);
#1537=EDGE_CURVE('',#1951,#1950,#232,.T.);
#1538=EDGE_CURVE('',#1951,#1952,#233,.F.);
#1539=EDGE_CURVE('',#1952,#1953,#234,.F.);
#1540=EDGE_CURVE('',#1953,#1942,#235,.T.);
#1541=EDGE_CURVE('',#1954,#1955,#236,.T.);
#1542=EDGE_CURVE('',#1955,#1956,#2210,.F.);
#1543=EDGE_CURVE('',#1956,#1957,#111,.T.);
#1544=EDGE_CURVE('',#1957,#1958,#237,.T.);
#1545=EDGE_CURVE('',#1958,#1959,#238,.T.);
#1546=EDGE_CURVE('',#1959,#1960,#239,.T.);
#1547=EDGE_CURVE('',#1960,#1961,#240,.T.);
#1548=EDGE_CURVE('',#1961,#1962,#241,.T.);
#1549=EDGE_CURVE('',#1962,#1963,#242,.T.);
#1550=EDGE_CURVE('',#1963,#1964,#243,.T.);
#1551=EDGE_CURVE('',#1964,#1965,#244,.T.);
#1552=EDGE_CURVE('',#1965,#1966,#245,.T.);
#1553=EDGE_CURVE('',#1966,#1967,#246,.T.);
#1554=EDGE_CURVE('',#1967,#1968,#247,.T.);
#1555=EDGE_CURVE('',#1968,#1969,#112,.T.);
#1556=EDGE_CURVE('',#1969,#1970,#113,.T.);
#1557=EDGE_CURVE('',#1970,#1954,#114,.T.);
#1558=EDGE_CURVE('',#1971,#1972,#248,.T.);
#1559=EDGE_CURVE('',#1972,#1973,#249,.T.);
#1560=EDGE_CURVE('',#1973,#1974,#250,.T.);
#1561=EDGE_CURVE('',#1974,#1971,#251,.T.);
#1562=EDGE_CURVE('',#1975,#1976,#115,.T.);
#1563=EDGE_CURVE('',#1976,#1977,#116,.T.);
#1564=EDGE_CURVE('',#1977,#1978,#117,.T.);
#1565=EDGE_CURVE('',#1978,#1979,#118,.T.);
#1566=EDGE_CURVE('',#1979,#1980,#119,.T.);
#1567=EDGE_CURVE('',#1980,#1981,#252,.T.);
#1568=EDGE_CURVE('',#1981,#1982,#253,.T.);
#1569=EDGE_CURVE('',#1982,#1983,#120,.T.);
#1570=EDGE_CURVE('',#1983,#1984,#121,.T.);
#1571=EDGE_CURVE('',#1984,#1985,#122,.T.);
#1572=EDGE_CURVE('',#1985,#1986,#123,.T.);
#1573=EDGE_CURVE('',#1986,#1987,#254,.T.);
#1574=EDGE_CURVE('',#1987,#1988,#124,.T.);
#1575=EDGE_CURVE('',#1988,#1989,#125,.T.);
#1576=EDGE_CURVE('',#1989,#1990,#126,.T.);
#1577=EDGE_CURVE('',#1990,#1991,#255,.T.);
#1578=EDGE_CURVE('',#1991,#1992,#127,.T.);
#1579=EDGE_CURVE('',#1992,#1993,#128,.T.);
#1580=EDGE_CURVE('',#1993,#1994,#2211,.T.);
#1581=EDGE_CURVE('',#1994,#1995,#256,.T.);
#1582=EDGE_CURVE('',#1995,#1996,#2212,.F.);
#1583=EDGE_CURVE('',#1996,#1997,#129,.T.);
#1584=EDGE_CURVE('',#1997,#1998,#130,.T.);
#1585=EDGE_CURVE('',#1998,#1999,#257,.T.);
#1586=EDGE_CURVE('',#1999,#1975,#131,.T.);
#1587=EDGE_CURVE('',#2000,#2001,#132,.T.);
#1588=EDGE_CURVE('',#2001,#2002,#133,.T.);
#1589=EDGE_CURVE('',#2002,#2003,#134,.T.);
#1590=EDGE_CURVE('',#2003,#2004,#135,.T.);
#1591=EDGE_CURVE('',#2004,#2005,#136,.T.);
#1592=EDGE_CURVE('',#2005,#2006,#258,.T.);
#1593=EDGE_CURVE('',#2006,#2007,#137,.T.);
#1594=EDGE_CURVE('',#2007,#2008,#138,.T.);
#1595=EDGE_CURVE('',#2008,#2009,#139,.T.);
#1596=EDGE_CURVE('',#2009,#2010,#140,.T.);
#1597=EDGE_CURVE('',#2010,#2011,#141,.T.);
#1598=EDGE_CURVE('',#2011,#2012,#142,.T.);
#1599=EDGE_CURVE('',#2012,#2013,#259,.T.);
#1600=EDGE_CURVE('',#2013,#2014,#143,.T.);
#1601=EDGE_CURVE('',#2014,#2015,#144,.T.);
#1602=EDGE_CURVE('',#2015,#2016,#145,.T.);
#1603=EDGE_CURVE('',#2016,#2017,#146,.T.);
#1604=EDGE_CURVE('',#2017,#2018,#147,.T.);
#1605=EDGE_CURVE('',#2018,#2019,#148,.T.);
#1606=EDGE_CURVE('',#2019,#2020,#149,.T.);
#1607=EDGE_CURVE('',#2020,#2021,#260,.T.);
#1608=EDGE_CURVE('',#2021,#2022,#150,.T.);
#1609=EDGE_CURVE('',#2022,#2023,#151,.T.);
#1610=EDGE_CURVE('',#2023,#2024,#152,.T.);
#1611=EDGE_CURVE('',#2024,#2025,#153,.T.);
#1612=EDGE_CURVE('',#2025,#2026,#154,.T.);
#1613=EDGE_CURVE('',#2026,#2027,#155,.T.);
#1614=EDGE_CURVE('',#2027,#2028,#156,.T.);
#1615=EDGE_CURVE('',#2028,#2029,#157,.T.);
#1616=EDGE_CURVE('',#2029,#2030,#158,.T.);
#1617=EDGE_CURVE('',#2030,#2000,#2213,.F.);
#1618=EDGE_CURVE('',#2031,#2032,#261,.T.);
#1619=EDGE_CURVE('',#2032,#2033,#262,.T.);
#1620=EDGE_CURVE('',#2033,#2034,#263,.T.);
#1621=EDGE_CURVE('',#2034,#2035,#264,.T.);
#1622=EDGE_CURVE('',#2035,#2036,#265,.T.);
#1623=EDGE_CURVE('',#2036,#2037,#266,.T.);
#1624=EDGE_CURVE('',#2037,#2038,#267,.T.);
#1625=EDGE_CURVE('',#2038,#2031,#268,.T.);
#1626=EDGE_CURVE('',#2039,#2040,#269,.T.);
#1627=EDGE_CURVE('',#2040,#2041,#270,.T.);
#1628=EDGE_CURVE('',#2041,#2042,#271,.F.);
#1629=EDGE_CURVE('',#2042,#2043,#2214,.T.);
#1630=EDGE_CURVE('',#2043,#2044,#272,.T.);
#1631=EDGE_CURVE('',#2044,#2045,#2215,.F.);
#1632=EDGE_CURVE('',#2045,#2046,#273,.T.);
#1633=EDGE_CURVE('',#2046,#2047,#2216,.F.);
#1634=EDGE_CURVE('',#2047,#2048,#274,.F.);
#1635=EDGE_CURVE('',#2048,#2049,#2217,.T.);
#1636=EDGE_CURVE('',#2049,#2050,#275,.F.);
#1637=EDGE_CURVE('',#2050,#2039,#276,.F.);
#1638=EDGE_CURVE('',#2051,#2052,#277,.F.);
#1639=EDGE_CURVE('',#2052,#2053,#2218,.F.);
#1640=EDGE_CURVE('',#2054,#2053,#278,.T.);
#1641=EDGE_CURVE('',#2055,#2054,#279,.T.);
#1642=EDGE_CURVE('',#2055,#2056,#280,.T.);
#1643=EDGE_CURVE('',#2056,#2051,#2219,.T.);
#1644=EDGE_CURVE('',#2057,#2058,#281,.T.);
#1645=EDGE_CURVE('',#2058,#2059,#282,.F.);
#1646=EDGE_CURVE('',#2060,#2059,#283,.T.);
#1647=EDGE_CURVE('',#2060,#2057,#284,.T.);
#1648=EDGE_CURVE('',#2061,#2062,#285,.T.);
#1649=EDGE_CURVE('',#2062,#2063,#286,.F.);
#1650=EDGE_CURVE('',#2064,#2063,#287,.T.);
#1651=EDGE_CURVE('',#2064,#2061,#288,.T.);
#1652=EDGE_CURVE('',#2063,#2040,#2220,.F.);
#1653=EDGE_CURVE('',#2039,#2060,#2221,.F.);
#1654=EDGE_CURVE('',#2059,#2065,#2222,.F.);
#1655=EDGE_CURVE('',#2065,#2066,#289,.T.);
#1656=EDGE_CURVE('',#2066,#2064,#2223,.F.);
#1657=EDGE_CURVE('',#2067,#2068,#290,.T.);
#1658=EDGE_CURVE('',#2067,#2055,#291,.T.);
#1659=EDGE_CURVE('',#2068,#2054,#292,.T.);
#1660=EDGE_CURVE('',#2069,#2070,#293,.T.);
#1661=EDGE_CURVE('',#2069,#2067,#294,.F.);
#1662=EDGE_CURVE('',#2068,#2070,#295,.T.);
#1663=EDGE_CURVE('',#2071,#2072,#296,.T.);
#1664=EDGE_CURVE('',#2071,#2069,#297,.F.);
#1665=EDGE_CURVE('',#2070,#2072,#298,.T.);
#1666=EDGE_CURVE('',#2073,#2074,#2224,.T.);
#1667=EDGE_CURVE('',#2073,#2075,#299,.T.);
#1668=EDGE_CURVE('',#2075,#1944,#2225,.T.);
#1669=EDGE_CURVE('',#1943,#2071,#2226,.F.);
#1670=EDGE_CURVE('',#2074,#2072,#300,.T.);
#1671=EDGE_CURVE('',#2076,#2077,#301,.T.);
#1672=EDGE_CURVE('',#2077,#2078,#302,.F.);
#1673=EDGE_CURVE('',#2074,#2078,#303,.T.);
#1674=EDGE_CURVE('',#2053,#2076,#159,.T.);
#1675=EDGE_CURVE('',#2079,#2080,#304,.T.);
#1676=EDGE_CURVE('',#2079,#1951,#2227,.F.);
#1677=EDGE_CURVE('',#1950,#2080,#2228,.F.);
#1678=EDGE_CURVE('',#2081,#2082,#305,.T.);
#1679=EDGE_CURVE('',#2081,#2079,#306,.T.);
#1680=EDGE_CURVE('',#2080,#2082,#307,.T.);
#1681=EDGE_CURVE('',#2076,#2081,#2229,.T.);
#1682=EDGE_CURVE('',#2082,#2077,#2230,.T.);
#1683=EDGE_CURVE('',#2078,#2083,#2231,.T.);
#1684=EDGE_CURVE('',#2073,#2083,#308,.T.);
#1685=EDGE_CURVE('',#2083,#2084,#309,.F.);
#1686=EDGE_CURVE('',#2075,#2084,#310,.T.);
#1687=EDGE_CURVE('',#2084,#1945,#2232,.F.);
#1688=EDGE_CURVE('',#2085,#2086,#311,.T.);
#1689=EDGE_CURVE('',#2086,#2066,#312,.F.);
#1690=EDGE_CURVE('',#2065,#2085,#313,.T.);
#1691=EDGE_CURVE('',#2087,#2001,#314,.T.);
#1692=EDGE_CURVE('',#2087,#2088,#160,.T.);
#1693=EDGE_CURVE('',#2088,#2002,#315,.T.);
#1694=EDGE_CURVE('',#2089,#2000,#316,.T.);
#1695=EDGE_CURVE('',#2089,#2087,#161,.T.);
#1696=EDGE_CURVE('',#2090,#2030,#317,.T.);
#1697=EDGE_CURVE('',#2090,#2089,#2233,.F.);
#1698=EDGE_CURVE('',#2091,#2029,#318,.T.);
#1699=EDGE_CURVE('',#2091,#2090,#162,.T.);
#1700=EDGE_CURVE('',#2092,#2028,#319,.T.);
#1701=EDGE_CURVE('',#2092,#2091,#163,.T.);
#1702=EDGE_CURVE('',#2093,#2027,#320,.T.);
#1703=EDGE_CURVE('',#2093,#2092,#164,.T.);
#1704=EDGE_CURVE('',#2094,#2026,#321,.T.);
#1705=EDGE_CURVE('',#2094,#2093,#165,.T.);
#1706=EDGE_CURVE('',#2095,#2025,#322,.T.);
#1707=EDGE_CURVE('',#2095,#2094,#166,.T.);
#1708=EDGE_CURVE('',#2096,#2024,#323,.T.);
#1709=EDGE_CURVE('',#2096,#2095,#167,.T.);
#1710=EDGE_CURVE('',#2097,#2023,#324,.T.);
#1711=EDGE_CURVE('',#2097,#2096,#168,.T.);
#1712=EDGE_CURVE('',#2098,#2022,#325,.T.);
#1713=EDGE_CURVE('',#2098,#2097,#169,.T.);
#1714=EDGE_CURVE('',#2099,#2021,#326,.T.);
#1715=EDGE_CURVE('',#2099,#2098,#170,.T.);
#1716=EDGE_CURVE('',#2100,#2020,#327,.T.);
#1717=EDGE_CURVE('',#2100,#2099,#328,.T.);
#1718=EDGE_CURVE('',#2101,#2019,#329,.T.);
#1719=EDGE_CURVE('',#2101,#2100,#171,.T.);
#1720=EDGE_CURVE('',#2102,#2018,#330,.T.);
#1721=EDGE_CURVE('',#2102,#2101,#172,.T.);
#1722=EDGE_CURVE('',#2103,#2017,#331,.T.);
#1723=EDGE_CURVE('',#2103,#2102,#173,.T.);
#1724=EDGE_CURVE('',#2104,#2016,#332,.T.);
#1725=EDGE_CURVE('',#2104,#2103,#174,.T.);
#1726=EDGE_CURVE('',#2105,#2015,#333,.T.);
#1727=EDGE_CURVE('',#2105,#2104,#175,.T.);
#1728=EDGE_CURVE('',#2106,#2014,#334,.T.);
#1729=EDGE_CURVE('',#2106,#2105,#176,.T.);
#1730=EDGE_CURVE('',#2107,#2013,#335,.T.);
#1731=EDGE_CURVE('',#2107,#2106,#177,.T.);
#1732=EDGE_CURVE('',#2108,#2012,#336,.T.);
#1733=EDGE_CURVE('',#2108,#2107,#337,.T.);
#1734=EDGE_CURVE('',#2109,#2011,#338,.T.);
#1735=EDGE_CURVE('',#2109,#2108,#178,.T.);
#1736=EDGE_CURVE('',#2110,#2010,#339,.T.);
#1737=EDGE_CURVE('',#2110,#2109,#179,.T.);
#1738=EDGE_CURVE('',#2111,#2009,#340,.T.);
#1739=EDGE_CURVE('',#2111,#2110,#180,.T.);
#1740=EDGE_CURVE('',#2112,#2008,#341,.T.);
#1741=EDGE_CURVE('',#2112,#2111,#181,.T.);
#1742=EDGE_CURVE('',#2113,#2007,#342,.T.);
#1743=EDGE_CURVE('',#2113,#2112,#182,.T.);
#1744=EDGE_CURVE('',#2114,#2006,#343,.T.);
#1745=EDGE_CURVE('',#2114,#2113,#183,.T.);
#1746=EDGE_CURVE('',#2115,#2005,#344,.T.);
#1747=EDGE_CURVE('',#2115,#2114,#345,.T.);
#1748=EDGE_CURVE('',#2116,#2004,#346,.T.);
#1749=EDGE_CURVE('',#2116,#2115,#184,.T.);
#1750=EDGE_CURVE('',#2117,#2003,#347,.T.);
#1751=EDGE_CURVE('',#2117,#2116,#185,.T.);
#1752=EDGE_CURVE('',#2088,#2117,#186,.T.);
#1753=EDGE_CURVE('',#2118,#2119,#187,.T.);
#1754=EDGE_CURVE('',#2120,#2118,#348,.T.);
#1755=EDGE_CURVE('',#2120,#2121,#188,.T.);
#1756=EDGE_CURVE('',#2121,#2119,#349,.T.);
#1757=EDGE_CURVE('',#2122,#2118,#189,.T.);
#1758=EDGE_CURVE('',#2123,#2122,#350,.T.);
#1759=EDGE_CURVE('',#2123,#2120,#190,.T.);
#1760=EDGE_CURVE('',#2124,#2122,#191,.T.);
#1761=EDGE_CURVE('',#2125,#2124,#351,.T.);
#1762=EDGE_CURVE('',#2125,#2123,#192,.T.);
#1763=EDGE_CURVE('',#2126,#2124,#193,.T.);
#1764=EDGE_CURVE('',#2127,#2126,#352,.T.);
#1765=EDGE_CURVE('',#2127,#2125,#194,.T.);
#1766=EDGE_CURVE('',#2128,#2126,#195,.T.);
#1767=EDGE_CURVE('',#2129,#2128,#353,.T.);
#1768=EDGE_CURVE('',#2129,#2127,#196,.T.);
#1769=EDGE_CURVE('',#2130,#2128,#197,.T.);
#1770=EDGE_CURVE('',#2131,#2130,#354,.T.);
#1771=EDGE_CURVE('',#2131,#2129,#198,.T.);
#1772=EDGE_CURVE('',#2132,#2130,#355,.T.);
#1773=EDGE_CURVE('',#2133,#2132,#356,.T.);
#1774=EDGE_CURVE('',#2133,#2131,#357,.T.);
#1775=EDGE_CURVE('',#2134,#2132,#358,.T.);
#1776=EDGE_CURVE('',#2135,#2134,#359,.T.);
#1777=EDGE_CURVE('',#2135,#2133,#360,.T.);
#1778=EDGE_CURVE('',#2136,#2134,#199,.T.);
#1779=EDGE_CURVE('',#2137,#2136,#361,.T.);
#1780=EDGE_CURVE('',#2137,#2135,#200,.T.);
#1781=EDGE_CURVE('',#2138,#1976,#362,.T.);
#1782=EDGE_CURVE('',#2138,#2139,#201,.T.);
#1783=EDGE_CURVE('',#2139,#1977,#363,.T.);
#1784=EDGE_CURVE('',#2140,#1975,#364,.T.);
#1785=EDGE_CURVE('',#2140,#2138,#202,.T.);
#1786=EDGE_CURVE('',#2141,#1999,#365,.T.);
#1787=EDGE_CURVE('',#2141,#2140,#203,.T.);
#1788=EDGE_CURVE('',#2142,#1998,#366,.T.);
#1789=EDGE_CURVE('',#2142,#2141,#367,.T.);
#1790=EDGE_CURVE('',#2143,#1997,#368,.T.);
#1791=EDGE_CURVE('',#2143,#2142,#204,.T.);
#1792=EDGE_CURVE('',#2144,#1996,#369,.T.);
#1793=EDGE_CURVE('',#2144,#2143,#205,.T.);
#1794=EDGE_CURVE('',#2145,#1995,#370,.T.);
#1795=EDGE_CURVE('',#2145,#2144,#2234,.F.);
#1796=EDGE_CURVE('',#2146,#1994,#371,.T.);
#1797=EDGE_CURVE('',#2146,#2145,#372,.T.);
#1798=EDGE_CURVE('',#2147,#1993,#373,.T.);
#1799=EDGE_CURVE('',#2147,#2146,#2235,.T.);
#1800=EDGE_CURVE('',#2148,#1992,#374,.T.);
#1801=EDGE_CURVE('',#2148,#2147,#206,.T.);
#1802=EDGE_CURVE('',#2149,#1991,#375,.T.);
#1803=EDGE_CURVE('',#2149,#2148,#207,.T.);
#1804=EDGE_CURVE('',#2150,#1990,#376,.T.);
#1805=EDGE_CURVE('',#2150,#2149,#377,.T.);
#1806=EDGE_CURVE('',#2151,#1989,#378,.T.);
#1807=EDGE_CURVE('',#2151,#2150,#208,.T.);
#1808=EDGE_CURVE('',#2152,#1988,#379,.T.);
#1809=EDGE_CURVE('',#2152,#2151,#209,.T.);
#1810=EDGE_CURVE('',#2153,#1987,#380,.T.);
#1811=EDGE_CURVE('',#2153,#2152,#210,.T.);
#1812=EDGE_CURVE('',#2154,#1986,#381,.T.);
#1813=EDGE_CURVE('',#2154,#2153,#382,.T.);
#1814=EDGE_CURVE('',#2155,#1985,#383,.T.);
#1815=EDGE_CURVE('',#2155,#2154,#211,.T.);
#1816=EDGE_CURVE('',#2156,#1984,#384,.T.);
#1817=EDGE_CURVE('',#2156,#2155,#212,.T.);
#1818=EDGE_CURVE('',#2157,#1983,#385,.T.);
#1819=EDGE_CURVE('',#2157,#2156,#213,.T.);
#1820=EDGE_CURVE('',#2158,#1982,#386,.T.);
#1821=EDGE_CURVE('',#2158,#2157,#214,.T.);
#1822=EDGE_CURVE('',#2159,#1981,#387,.T.);
#1823=EDGE_CURVE('',#2159,#2158,#388,.T.);
#1824=EDGE_CURVE('',#2160,#1980,#389,.T.);
#1825=EDGE_CURVE('',#2160,#2159,#390,.T.);
#1826=EDGE_CURVE('',#2161,#1979,#391,.T.);
#1827=EDGE_CURVE('',#2161,#2160,#215,.T.);
#1828=EDGE_CURVE('',#2162,#1978,#392,.T.);
#1829=EDGE_CURVE('',#2162,#2161,#216,.T.);
#1830=EDGE_CURVE('',#2139,#2162,#217,.T.);
#1831=EDGE_CURVE('',#2119,#2136,#2236,.T.);
#1832=EDGE_CURVE('',#2121,#2137,#2237,.T.);
#1833=EDGE_CURVE('',#2163,#1972,#393,.T.);
#1834=EDGE_CURVE('',#2163,#2164,#394,.T.);
#1835=EDGE_CURVE('',#2164,#1973,#395,.T.);
#1836=EDGE_CURVE('',#2165,#1971,#396,.T.);
#1837=EDGE_CURVE('',#2165,#2163,#397,.T.);
#1838=EDGE_CURVE('',#2166,#1974,#398,.T.);
#1839=EDGE_CURVE('',#2166,#2165,#399,.T.);
#1840=EDGE_CURVE('',#2164,#2166,#400,.T.);
#1841=EDGE_CURVE('',#2167,#1955,#401,.T.);
#1842=EDGE_CURVE('',#2167,#2168,#2238,.F.);
#1843=EDGE_CURVE('',#2168,#1956,#402,.T.);
#1844=EDGE_CURVE('',#2169,#1954,#403,.T.);
#1845=EDGE_CURVE('',#2169,#2167,#404,.T.);
#1846=EDGE_CURVE('',#2170,#1970,#405,.T.);
#1847=EDGE_CURVE('',#2170,#2169,#218,.T.);
#1848=EDGE_CURVE('',#2171,#1969,#406,.T.);
#1849=EDGE_CURVE('',#2171,#2170,#219,.T.);
#1850=EDGE_CURVE('',#2172,#1968,#407,.T.);
#1851=EDGE_CURVE('',#2172,#2171,#220,.T.);
#1852=EDGE_CURVE('',#2173,#1967,#408,.T.);
#1853=EDGE_CURVE('',#2173,#2172,#409,.T.);
#1854=EDGE_CURVE('',#2174,#1966,#410,.T.);
#1855=EDGE_CURVE('',#2174,#2173,#411,.T.);
#1856=EDGE_CURVE('',#2175,#1965,#412,.T.);
#1857=EDGE_CURVE('',#2175,#2174,#413,.T.);
#1858=EDGE_CURVE('',#2176,#1964,#414,.T.);
#1859=EDGE_CURVE('',#2176,#2175,#415,.T.);
#1860=EDGE_CURVE('',#2177,#1963,#416,.T.);
#1861=EDGE_CURVE('',#2177,#2176,#417,.T.);
#1862=EDGE_CURVE('',#2178,#1962,#418,.T.);
#1863=EDGE_CURVE('',#2178,#2177,#419,.T.);
#1864=EDGE_CURVE('',#2179,#1961,#420,.T.);
#1865=EDGE_CURVE('',#2179,#2178,#421,.T.);
#1866=EDGE_CURVE('',#2180,#1960,#422,.T.);
#1867=EDGE_CURVE('',#2180,#2179,#423,.T.);
#1868=EDGE_CURVE('',#2181,#1959,#424,.T.);
#1869=EDGE_CURVE('',#2181,#2180,#425,.T.);
#1870=EDGE_CURVE('',#2182,#1958,#426,.T.);
#1871=EDGE_CURVE('',#2182,#2181,#427,.T.);
#1872=EDGE_CURVE('',#2183,#1957,#428,.T.);
#1873=EDGE_CURVE('',#2183,#2182,#429,.T.);
#1874=EDGE_CURVE('',#2168,#2183,#221,.T.);
#1875=EDGE_CURVE('',#2184,#2185,#430,.T.);
#1876=EDGE_CURVE('',#2186,#2184,#431,.T.);
#1877=EDGE_CURVE('',#2186,#2187,#432,.T.);
#1878=EDGE_CURVE('',#2187,#2185,#433,.T.);
#1879=EDGE_CURVE('',#2188,#2184,#434,.T.);
#1880=EDGE_CURVE('',#2189,#2188,#435,.T.);
#1881=EDGE_CURVE('',#2189,#2186,#436,.T.);
#1882=EDGE_CURVE('',#2190,#2188,#2239,.F.);
#1883=EDGE_CURVE('',#2191,#2190,#437,.T.);
#1884=EDGE_CURVE('',#2191,#2189,#2240,.F.);
#1885=EDGE_CURVE('',#2192,#2190,#438,.T.);
#1886=EDGE_CURVE('',#2193,#2192,#439,.T.);
#1887=EDGE_CURVE('',#2193,#2191,#440,.T.);
#1888=EDGE_CURVE('',#2194,#2192,#441,.T.);
#1889=EDGE_CURVE('',#2195,#2194,#442,.T.);
#1890=EDGE_CURVE('',#2195,#2193,#443,.T.);
#1891=EDGE_CURVE('',#2196,#2194,#444,.T.);
#1892=EDGE_CURVE('',#2197,#2196,#445,.T.);
#1893=EDGE_CURVE('',#2197,#2195,#446,.T.);
#1894=EDGE_CURVE('',#2198,#2032,#447,.T.);
#1895=EDGE_CURVE('',#2198,#2199,#448,.T.);
#1896=EDGE_CURVE('',#2199,#2033,#449,.T.);
#1897=EDGE_CURVE('',#2200,#2031,#450,.T.);
#1898=EDGE_CURVE('',#2200,#2198,#451,.T.);
#1899=EDGE_CURVE('',#2201,#2038,#452,.T.);
#1900=EDGE_CURVE('',#2201,#2200,#453,.T.);
#1901=EDGE_CURVE('',#2202,#2037,#454,.T.);
#1902=EDGE_CURVE('',#2202,#2201,#455,.T.);
#1903=EDGE_CURVE('',#2203,#2036,#456,.T.);
#1904=EDGE_CURVE('',#2203,#2202,#457,.T.);
#1905=EDGE_CURVE('',#2204,#2035,#458,.T.);
#1906=EDGE_CURVE('',#2204,#2203,#459,.T.);
#1907=EDGE_CURVE('',#2205,#2034,#460,.T.);
#1908=EDGE_CURVE('',#2205,#2204,#461,.T.);
#1909=EDGE_CURVE('',#2199,#2205,#462,.T.);
#1910=EDGE_CURVE('',#2185,#2196,#222,.T.);
#1911=EDGE_CURVE('',#2187,#2197,#223,.T.);
#1912=EDGE_CURVE('',#2206,#2206,#2241,.F.);
#1913=EDGE_CURVE('',#2207,#2207,#2242,.T.);
#1914=EDGE_CURVE('',#2208,#2208,#2243,.T.);
#1915=EDGE_CURVE('',#2049,#1950,#2244,.T.);
#1916=EDGE_CURVE('',#2080,#2048,#2245,.T.);
#1917=EDGE_CURVE('',#2082,#2047,#2246,.T.);
#1918=EDGE_CURVE('',#2050,#1949,#2247,.T.);
#1919=EDGE_CURVE('',#2057,#2050,#2248,.T.);
#1920=EDGE_CURVE('',#2077,#2046,#2249,.T.);
#1921=EDGE_CURVE('',#2057,#1949,#2250,.F.);
#1922=EDGE_CURVE('',#2078,#2045,#2251,.T.);
#1923=EDGE_CURVE('',#2058,#1948,#2252,.T.);
#1924=EDGE_CURVE('',#2085,#2058,#2253,.T.);
#1925=EDGE_CURVE('',#2083,#2044,#2254,.T.);
#1926=EDGE_CURVE('',#2085,#1948,#2255,.F.);
#1927=EDGE_CURVE('',#2084,#2043,#2256,.T.);
#1928=EDGE_CURVE('',#2086,#1947,#2257,.T.);
#1929=EDGE_CURVE('',#2061,#2086,#2258,.T.);
#1930=EDGE_CURVE('',#1945,#2042,#2259,.T.);
#1931=EDGE_CURVE('',#2061,#1947,#2260,.F.);
#1932=EDGE_CURVE('',#1946,#2041,#2261,.T.);
#1933=EDGE_CURVE('',#2062,#1946,#2262,.T.);
#1934=EDGE_CURVE('',#2062,#2041,#2263,.F.);
#1935=EDGE_CURVE('',#2081,#2052,#2264,.T.);
#1936=EDGE_CURVE('',#2079,#2051,#2265,.T.);
#1937=EDGE_CURVE('',#1951,#2056,#2266,.T.);
#1938=EDGE_CURVE('',#1952,#2055,#12,.F.);
#1939=EDGE_CURVE('',#1953,#2067,#13,.F.);
#1940=EDGE_CURVE('',#2069,#1942,#14,.T.);
#1941=VERTEX_POINT('',#3571);
#1942=VERTEX_POINT('',#3573);
#1943=VERTEX_POINT('',#3574);
#1944=VERTEX_POINT('',#3576);
#1945=VERTEX_POINT('',#3578);
#1946=VERTEX_POINT('',#3580);
#1947=VERTEX_POINT('',#3582);
#1948=VERTEX_POINT('',#3584);
#1949=VERTEX_POINT('',#3586);
#1950=VERTEX_POINT('',#3588);
#1951=VERTEX_POINT('',#3590);
#1952=VERTEX_POINT('',#3592);
#1953=VERTEX_POINT('',#3594);
#1954=VERTEX_POINT('',#3597);
#1955=VERTEX_POINT('',#3598);
#1956=VERTEX_POINT('',#3600);
#1957=VERTEX_POINT('',#3604);
#1958=VERTEX_POINT('',#3606);
#1959=VERTEX_POINT('',#3608);
#1960=VERTEX_POINT('',#3610);
#1961=VERTEX_POINT('',#3612);
#1962=VERTEX_POINT('',#3614);
#1963=VERTEX_POINT('',#3616);
#1964=VERTEX_POINT('',#3618);
#1965=VERTEX_POINT('',#3620);
#1966=VERTEX_POINT('',#3622);
#1967=VERTEX_POINT('',#3624);
#1968=VERTEX_POINT('',#3626);
#1969=VERTEX_POINT('',#3630);
#1970=VERTEX_POINT('',#3634);
#1971=VERTEX_POINT('',#3639);
#1972=VERTEX_POINT('',#3640);
#1973=VERTEX_POINT('',#3642);
#1974=VERTEX_POINT('',#3644);
#1975=VERTEX_POINT('',#3649);
#1976=VERTEX_POINT('',#3650);
#1977=VERTEX_POINT('',#3654);
#1978=VERTEX_POINT('',#3658);
#1979=VERTEX_POINT('',#3662);
#1980=VERTEX_POINT('',#3666);
#1981=VERTEX_POINT('',#3668);
#1982=VERTEX_POINT('',#3670);
#1983=VERTEX_POINT('',#3674);
#1984=VERTEX_POINT('',#3678);
#1985=VERTEX_POINT('',#3682);
#1986=VERTEX_POINT('',#3686);
#1987=VERTEX_POINT('',#3688);
#1988=VERTEX_POINT('',#3692);
#1989=VERTEX_POINT('',#3696);
#1990=VERTEX_POINT('',#3700);
#1991=VERTEX_POINT('',#3702);
#1992=VERTEX_POINT('',#3706);
#1993=VERTEX_POINT('',#3710);
#1994=VERTEX_POINT('',#3712);
#1995=VERTEX_POINT('',#3714);
#1996=VERTEX_POINT('',#3716);
#1997=VERTEX_POINT('',#3720);
#1998=VERTEX_POINT('',#3724);
#1999=VERTEX_POINT('',#3726);
#2000=VERTEX_POINT('',#3733);
#2001=VERTEX_POINT('',#3734);
#2002=VERTEX_POINT('',#3738);
#2003=VERTEX_POINT('',#3742);
#2004=VERTEX_POINT('',#3746);
#2005=VERTEX_POINT('',#3750);
#2006=VERTEX_POINT('',#3752);
#2007=VERTEX_POINT('',#3756);
#2008=VERTEX_POINT('',#3760);
#2009=VERTEX_POINT('',#3764);
#2010=VERTEX_POINT('',#3768);
#2011=VERTEX_POINT('',#3772);
#2012=VERTEX_POINT('',#3776);
#2013=VERTEX_POINT('',#3778);
#2014=VERTEX_POINT('',#3782);
#2015=VERTEX_POINT('',#3786);
#2016=VERTEX_POINT('',#3790);
#2017=VERTEX_POINT('',#3794);
#2018=VERTEX_POINT('',#3798);
#2019=VERTEX_POINT('',#3802);
#2020=VERTEX_POINT('',#3806);
#2021=VERTEX_POINT('',#3808);
#2022=VERTEX_POINT('',#3812);
#2023=VERTEX_POINT('',#3816);
#2024=VERTEX_POINT('',#3820);
#2025=VERTEX_POINT('',#3824);
#2026=VERTEX_POINT('',#3828);
#2027=VERTEX_POINT('',#3832);
#2028=VERTEX_POINT('',#3836);
#2029=VERTEX_POINT('',#3840);
#2030=VERTEX_POINT('',#3844);
#2031=VERTEX_POINT('',#3847);
#2032=VERTEX_POINT('',#3848);
#2033=VERTEX_POINT('',#3850);
#2034=VERTEX_POINT('',#3852);
#2035=VERTEX_POINT('',#3854);
#2036=VERTEX_POINT('',#3856);
#2037=VERTEX_POINT('',#3858);
#2038=VERTEX_POINT('',#3860);
#2039=VERTEX_POINT('',#3864);
#2040=VERTEX_POINT('',#3865);
#2041=VERTEX_POINT('',#3867);
#2042=VERTEX_POINT('',#3869);
#2043=VERTEX_POINT('',#3871);
#2044=VERTEX_POINT('',#3873);
#2045=VERTEX_POINT('',#3875);
#2046=VERTEX_POINT('',#3877);
#2047=VERTEX_POINT('',#3879);
#2048=VERTEX_POINT('',#3881);
#2049=VERTEX_POINT('',#3883);
#2050=VERTEX_POINT('',#3885);
#2051=VERTEX_POINT('',#3889);
#2052=VERTEX_POINT('',#3890);
#2053=VERTEX_POINT('',#3892);
#2054=VERTEX_POINT('',#3894);
#2055=VERTEX_POINT('',#3896);
#2056=VERTEX_POINT('',#3898);
#2057=VERTEX_POINT('',#3902);
#2058=VERTEX_POINT('',#3903);
#2059=VERTEX_POINT('',#3905);
#2060=VERTEX_POINT('',#3907);
#2061=VERTEX_POINT('',#3911);
#2062=VERTEX_POINT('',#3912);
#2063=VERTEX_POINT('',#3914);
#2064=VERTEX_POINT('',#3916);
#2065=VERTEX_POINT('',#3922);
#2066=VERTEX_POINT('',#3924);
#2067=VERTEX_POINT('',#3928);
#2068=VERTEX_POINT('',#3929);
#2069=VERTEX_POINT('',#3934);
#2070=VERTEX_POINT('',#3935);
#2071=VERTEX_POINT('',#3940);
#2072=VERTEX_POINT('',#3941);
#2073=VERTEX_POINT('',#3946);
#2074=VERTEX_POINT('',#3947);
#2075=VERTEX_POINT('',#3949);
#2076=VERTEX_POINT('',#3955);
#2077=VERTEX_POINT('',#3956);
#2078=VERTEX_POINT('',#3958);
#2079=VERTEX_POINT('',#3967);
#2080=VERTEX_POINT('',#3968);
#2081=VERTEX_POINT('',#3973);
#2082=VERTEX_POINT('',#3974);
#2083=VERTEX_POINT('',#3982);
#2084=VERTEX_POINT('',#3986);
#2085=VERTEX_POINT('',#3992);
#2086=VERTEX_POINT('',#3993);
#2087=VERTEX_POINT('',#4005);
#2088=VERTEX_POINT('',#4009);
#2089=VERTEX_POINT('',#4020);
#2090=VERTEX_POINT('',#4026);
#2091=VERTEX_POINT('',#4037);
#2092=VERTEX_POINT('',#4050);
#2093=VERTEX_POINT('',#4063);
#2094=VERTEX_POINT('',#4076);
#2095=VERTEX_POINT('',#4089);
#2096=VERTEX_POINT('',#4102);
#2097=VERTEX_POINT('',#4115);
#2098=VERTEX_POINT('',#4128);
#2099=VERTEX_POINT('',#4141);
#2100=VERTEX_POINT('',#4147);
#2101=VERTEX_POINT('',#4158);
#2102=VERTEX_POINT('',#4171);
#2103=VERTEX_POINT('',#4184);
#2104=VERTEX_POINT('',#4197);
#2105=VERTEX_POINT('',#4210);
#2106=VERTEX_POINT('',#4223);
#2107=VERTEX_POINT('',#4236);
#2108=VERTEX_POINT('',#4242);
#2109=VERTEX_POINT('',#4253);
#2110=VERTEX_POINT('',#4266);
#2111=VERTEX_POINT('',#4279);
#2112=VERTEX_POINT('',#4292);
#2113=VERTEX_POINT('',#4305);
#2114=VERTEX_POINT('',#4318);
#2115=VERTEX_POINT('',#4324);
#2116=VERTEX_POINT('',#4335);
#2117=VERTEX_POINT('',#4348);
#2118=VERTEX_POINT('',#4375);
#2119=VERTEX_POINT('',#4376);
#2120=VERTEX_POINT('',#4378);
#2121=VERTEX_POINT('',#4382);
#2122=VERTEX_POINT('',#4395);
#2123=VERTEX_POINT('',#4397);
#2124=VERTEX_POINT('',#4412);
#2125=VERTEX_POINT('',#4414);
#2126=VERTEX_POINT('',#4429);
#2127=VERTEX_POINT('',#4431);
#2128=VERTEX_POINT('',#4446);
#2129=VERTEX_POINT('',#4448);
#2130=VERTEX_POINT('',#4463);
#2131=VERTEX_POINT('',#4465);
#2132=VERTEX_POINT('',#4471);
#2133=VERTEX_POINT('',#4473);
#2134=VERTEX_POINT('',#4477);
#2135=VERTEX_POINT('',#4479);
#2136=VERTEX_POINT('',#4492);
#2137=VERTEX_POINT('',#4494);
#2138=VERTEX_POINT('',#4507);
#2139=VERTEX_POINT('',#4511);
#2140=VERTEX_POINT('',#4522);
#2141=VERTEX_POINT('',#4535);
#2142=VERTEX_POINT('',#4541);
#2143=VERTEX_POINT('',#4552);
#2144=VERTEX_POINT('',#4565);
#2145=VERTEX_POINT('',#4571);
#2146=VERTEX_POINT('',#4575);
#2147=VERTEX_POINT('',#4579);
#2148=VERTEX_POINT('',#4590);
#2149=VERTEX_POINT('',#4603);
#2150=VERTEX_POINT('',#4609);
#2151=VERTEX_POINT('',#4620);
#2152=VERTEX_POINT('',#4633);
#2153=VERTEX_POINT('',#4646);
#2154=VERTEX_POINT('',#4652);
#2155=VERTEX_POINT('',#4663);
#2156=VERTEX_POINT('',#4676);
#2157=VERTEX_POINT('',#4689);
#2158=VERTEX_POINT('',#4702);
#2159=VERTEX_POINT('',#4708);
#2160=VERTEX_POINT('',#4712);
#2161=VERTEX_POINT('',#4723);
#2162=VERTEX_POINT('',#4736);
#2163=VERTEX_POINT('',#4757);
#2164=VERTEX_POINT('',#4759);
#2165=VERTEX_POINT('',#4763);
#2166=VERTEX_POINT('',#4767);
#2167=VERTEX_POINT('',#4774);
#2168=VERTEX_POINT('',#4776);
#2169=VERTEX_POINT('',#4780);
#2170=VERTEX_POINT('',#4791);
#2171=VERTEX_POINT('',#4804);
#2172=VERTEX_POINT('',#4817);
#2173=VERTEX_POINT('',#4823);
#2174=VERTEX_POINT('',#4827);
#2175=VERTEX_POINT('',#4831);
#2176=VERTEX_POINT('',#4835);
#2177=VERTEX_POINT('',#4839);
#2178=VERTEX_POINT('',#4843);
#2179=VERTEX_POINT('',#4847);
#2180=VERTEX_POINT('',#4851);
#2181=VERTEX_POINT('',#4855);
#2182=VERTEX_POINT('',#4859);
#2183=VERTEX_POINT('',#4863);
#2184=VERTEX_POINT('',#4879);
#2185=VERTEX_POINT('',#4880);
#2186=VERTEX_POINT('',#4882);
#2187=VERTEX_POINT('',#4884);
#2188=VERTEX_POINT('',#4888);
#2189=VERTEX_POINT('',#4890);
#2190=VERTEX_POINT('',#4894);
#2191=VERTEX_POINT('',#4896);
#2192=VERTEX_POINT('',#4900);
#2193=VERTEX_POINT('',#4902);
#2194=VERTEX_POINT('',#4906);
#2195=VERTEX_POINT('',#4908);
#2196=VERTEX_POINT('',#4912);
#2197=VERTEX_POINT('',#4914);
#2198=VERTEX_POINT('',#4918);
#2199=VERTEX_POINT('',#4920);
#2200=VERTEX_POINT('',#4924);
#2201=VERTEX_POINT('',#4928);
#2202=VERTEX_POINT('',#4932);
#2203=VERTEX_POINT('',#4936);
#2204=VERTEX_POINT('',#4940);
#2205=VERTEX_POINT('',#4944);
#2206=VERTEX_POINT('',#4967);
#2207=VERTEX_POINT('',#4969);
#2208=VERTEX_POINT('',#4972);
#2209=CIRCLE('',#2839,0.005016);
#2210=CIRCLE('',#2840,0.00750008676170555);
#2211=CIRCLE('',#2841,0.00310237745727447);
#2212=CIRCLE('',#2842,0.00650958196635242);
#2213=CIRCLE('',#2843,0.00286282064263419);
#2214=CIRCLE('',#2845,0.004064);
#2215=CIRCLE('',#2846,0.006096);
#2216=CIRCLE('',#2847,0.006096);
#2217=CIRCLE('',#2848,0.004064);
#2218=CIRCLE('',#2850,0.006096);
#2219=CIRCLE('',#2851,0.004064);
#2220=CIRCLE('',#2855,0.001016);
#2221=CIRCLE('',#2856,0.001016);
#2222=CIRCLE('',#2857,0.001016);
#2223=CIRCLE('',#2858,0.001016);
#2224=CIRCLE('',#2863,0.00508);
#2225=CIRCLE('',#2864,0.00508);
#2226=CIRCLE('',#2865,0.001016);
#2227=CIRCLE('',#2868,0.00508);
#2228=CIRCLE('',#2869,0.00508);
#2229=CIRCLE('',#2872,0.00508);
#2230=CIRCLE('',#2873,0.00508);
#2231=CIRCLE('',#2875,0.00508);
#2232=CIRCLE('',#2878,0.00508);
#2233=CIRCLE('',#2881,0.00286282064263419);
#2234=CIRCLE('',#2890,0.00650958196635242);
#2235=CIRCLE('',#2893,0.00310237745727447);
#2236=CIRCLE('',#2899,0.00353922051135853);
#2237=CIRCLE('',#2900,0.00353922051135853);
#2238=CIRCLE('',#2908,0.00750008676170555);
#2239=CIRCLE('',#2925,0.0259085699402199);
#2240=CIRCLE('',#2926,0.0259085699402199);
#2241=CIRCLE('',#2942,0.004);
#2242=CIRCLE('',#2943,0.004);
#2243=CIRCLE('',#2945,0.002984);
#2244=CIRCLE('',#2947,0.001016);
#2245=CIRCLE('',#2948,0.001016);
#2246=CIRCLE('',#2950,0.001016);
#2247=CIRCLE('',#2952,0.001016);
#2248=CIRCLE('',#2954,0.001016);
#2249=CIRCLE('',#2956,0.001016);
#2250=CIRCLE('',#2958,0.001016);
#2251=CIRCLE('',#2960,0.001016);
#2252=CIRCLE('',#2962,0.001016);
#2253=CIRCLE('',#2964,0.001016);
#2254=CIRCLE('',#2966,0.001016);
#2255=CIRCLE('',#2968,0.001016);
#2256=CIRCLE('',#2970,0.001016);
#2257=CIRCLE('',#2972,0.001016);
#2258=CIRCLE('',#2974,0.001016);
#2259=CIRCLE('',#2976,0.001016);
#2260=CIRCLE('',#2978,0.001016);
#2261=CIRCLE('',#2980,0.001016);
#2262=CIRCLE('',#2982,0.001016);
#2263=CIRCLE('',#2984,0.001016);
#2264=CIRCLE('',#2987,0.001016);
#2265=CIRCLE('',#2989,0.001016);
#2266=CIRCLE('',#2991,0.001016);
#2267=EDGE_LOOP('',(#702));
#2268=EDGE_LOOP('',(#703,#704,#705,#706,#707,#708,#709,#710,#711,#712,#713,
#714));
#2269=EDGE_LOOP('',(#715,#716,#717,#718,#719,#720,#721,#722,#723,#724,#725,
#726,#727,#728,#729,#730,#731));
#2270=EDGE_LOOP('',(#732,#733,#734,#735));
#2271=EDGE_LOOP('',(#736,#737,#738,#739,#740,#741,#742,#743,#744,#745,#746,
#747,#748,#749,#750,#751,#752,#753,#754,#755,#756,#757,#758,#759,#760));
#2272=EDGE_LOOP('',(#761,#762,#763,#764,#765,#766,#767,#768,#769,#770,#771,
#772,#773,#774,#775,#776,#777,#778,#779,#780,#781,#782,#783,#784,#785,#786,
#787,#788,#789,#790,#791));
#2273=EDGE_LOOP('',(#792,#793,#794,#795,#796,#797,#798,#799));
#2274=EDGE_LOOP('',(#800,#801,#802,#803,#804,#805,#806,#807,#808,#809,#810,
#811));
#2275=EDGE_LOOP('',(#812,#813,#814,#815,#816,#817));
#2276=EDGE_LOOP('',(#818,#819,#820,#821));
#2277=EDGE_LOOP('',(#822,#823,#824,#825));
#2278=EDGE_LOOP('',(#826,#827,#828,#829,#830,#831,#832,#833));
#2279=EDGE_LOOP('',(#834,#835,#836,#837));
#2280=EDGE_LOOP('',(#838,#839,#840,#841));
#2281=EDGE_LOOP('',(#842,#843,#844,#845));
#2282=EDGE_LOOP('',(#846,#847,#848,#849,#850,#851,#852));
#2283=EDGE_LOOP('',(#853,#854,#855,#856,#857,#858,#859,#860,#861));
#2284=EDGE_LOOP('',(#862,#863,#864,#865));
#2285=EDGE_LOOP('',(#866,#867,#868,#869));
#2286=EDGE_LOOP('',(#870,#871,#872,#873));
#2287=EDGE_LOOP('',(#874,#875,#876,#877));
#2288=EDGE_LOOP('',(#878,#879,#880,#881));
#2289=EDGE_LOOP('',(#882,#883,#884,#885));
#2290=EDGE_LOOP('',(#886,#887,#888,#889));
#2291=EDGE_LOOP('',(#890,#891,#892,#893));
#2292=EDGE_LOOP('',(#894,#895,#896,#897));
#2293=EDGE_LOOP('',(#898,#899,#900,#901));
#2294=EDGE_LOOP('',(#902,#903,#904,#905));
#2295=EDGE_LOOP('',(#906,#907,#908,#909));
#2296=EDGE_LOOP('',(#910,#911,#912,#913));
#2297=EDGE_LOOP('',(#914,#915,#916,#917));
#2298=EDGE_LOOP('',(#918,#919,#920,#921));
#2299=EDGE_LOOP('',(#922,#923,#924,#925));
#2300=EDGE_LOOP('',(#926,#927,#928,#929));
#2301=EDGE_LOOP('',(#930,#931,#932,#933));
#2302=EDGE_LOOP('',(#934,#935,#936,#937));
#2303=EDGE_LOOP('',(#938,#939,#940,#941));
#2304=EDGE_LOOP('',(#942,#943,#944,#945));
#2305=EDGE_LOOP('',(#946,#947,#948,#949));
#2306=EDGE_LOOP('',(#950,#951,#952,#953));
#2307=EDGE_LOOP('',(#954,#955,#956,#957));
#2308=EDGE_LOOP('',(#958,#959,#960,#961));
#2309=EDGE_LOOP('',(#962,#963,#964,#965));
#2310=EDGE_LOOP('',(#966,#967,#968,#969));
#2311=EDGE_LOOP('',(#970,#971,#972,#973));
#2312=EDGE_LOOP('',(#974,#975,#976,#977));
#2313=EDGE_LOOP('',(#978,#979,#980,#981));
#2314=EDGE_LOOP('',(#982,#983,#984,#985));
#2315=EDGE_LOOP('',(#986,#987,#988,#989));
#2316=EDGE_LOOP('',(#990,#991,#992,#993));
#2317=EDGE_LOOP('',(#994,#995,#996,#997));
#2318=EDGE_LOOP('',(#998,#999,#1000,#1001));
#2319=EDGE_LOOP('',(#1002,#1003,#1004,#1005));
#2320=EDGE_LOOP('',(#1006,#1007,#1008,#1009));
#2321=EDGE_LOOP('',(#1010,#1011,#1012,#1013));
#2322=EDGE_LOOP('',(#1014,#1015,#1016,#1017,#1018,#1019,#1020,#1021,#1022,
#1023,#1024,#1025,#1026,#1027,#1028,#1029,#1030,#1031,#1032,#1033,#1034,
#1035,#1036,#1037,#1038,#1039,#1040,#1041,#1042,#1043,#1044));
#2323=EDGE_LOOP('',(#1045,#1046,#1047,#1048));
#2324=EDGE_LOOP('',(#1049,#1050,#1051,#1052));
#2325=EDGE_LOOP('',(#1053,#1054,#1055,#1056));
#2326=EDGE_LOOP('',(#1057,#1058,#1059,#1060));
#2327=EDGE_LOOP('',(#1061,#1062,#1063,#1064));
#2328=EDGE_LOOP('',(#1065,#1066,#1067,#1068));
#2329=EDGE_LOOP('',(#1069,#1070,#1071,#1072));
#2330=EDGE_LOOP('',(#1073,#1074,#1075,#1076));
#2331=EDGE_LOOP('',(#1077,#1078,#1079,#1080));
#2332=EDGE_LOOP('',(#1081,#1082,#1083,#1084));
#2333=EDGE_LOOP('',(#1085,#1086,#1087,#1088));
#2334=EDGE_LOOP('',(#1089,#1090,#1091,#1092));
#2335=EDGE_LOOP('',(#1093,#1094,#1095,#1096));
#2336=EDGE_LOOP('',(#1097,#1098,#1099,#1100));
#2337=EDGE_LOOP('',(#1101,#1102,#1103,#1104));
#2338=EDGE_LOOP('',(#1105,#1106,#1107,#1108));
#2339=EDGE_LOOP('',(#1109,#1110,#1111,#1112));
#2340=EDGE_LOOP('',(#1113,#1114,#1115,#1116));
#2341=EDGE_LOOP('',(#1117,#1118,#1119,#1120));
#2342=EDGE_LOOP('',(#1121,#1122,#1123,#1124));
#2343=EDGE_LOOP('',(#1125,#1126,#1127,#1128));
#2344=EDGE_LOOP('',(#1129,#1130,#1131,#1132));
#2345=EDGE_LOOP('',(#1133,#1134,#1135,#1136));
#2346=EDGE_LOOP('',(#1137,#1138,#1139,#1140));
#2347=EDGE_LOOP('',(#1141,#1142,#1143,#1144));
#2348=EDGE_LOOP('',(#1145,#1146,#1147,#1148));
#2349=EDGE_LOOP('',(#1149,#1150,#1151,#1152));
#2350=EDGE_LOOP('',(#1153,#1154,#1155,#1156));
#2351=EDGE_LOOP('',(#1157,#1158,#1159,#1160));
#2352=EDGE_LOOP('',(#1161,#1162,#1163,#1164));
#2353=EDGE_LOOP('',(#1165,#1166,#1167,#1168));
#2354=EDGE_LOOP('',(#1169,#1170,#1171,#1172));
#2355=EDGE_LOOP('',(#1173,#1174,#1175,#1176));
#2356=EDGE_LOOP('',(#1177,#1178,#1179,#1180));
#2357=EDGE_LOOP('',(#1181,#1182,#1183,#1184));
#2358=EDGE_LOOP('',(#1185,#1186,#1187,#1188,#1189,#1190,#1191,#1192,#1193,
#1194,#1195,#1196,#1197,#1198,#1199,#1200,#1201,#1202,#1203,#1204,#1205,
#1206,#1207,#1208,#1209));
#2359=EDGE_LOOP('',(#1210,#1211,#1212,#1213,#1214,#1215,#1216,#1217,#1218,
#1219));
#2360=EDGE_LOOP('',(#1220,#1221,#1222,#1223));
#2361=EDGE_LOOP('',(#1224,#1225,#1226,#1227));
#2362=EDGE_LOOP('',(#1228,#1229,#1230,#1231));
#2363=EDGE_LOOP('',(#1232,#1233,#1234,#1235));
#2364=EDGE_LOOP('',(#1236,#1237,#1238,#1239));
#2365=EDGE_LOOP('',(#1240,#1241,#1242,#1243));
#2366=EDGE_LOOP('',(#1244,#1245,#1246,#1247));
#2367=EDGE_LOOP('',(#1248,#1249,#1250,#1251));
#2368=EDGE_LOOP('',(#1252,#1253,#1254,#1255));
#2369=EDGE_LOOP('',(#1256,#1257,#1258,#1259));
#2370=EDGE_LOOP('',(#1260,#1261,#1262,#1263));
#2371=EDGE_LOOP('',(#1264,#1265,#1266,#1267));
#2372=EDGE_LOOP('',(#1268,#1269,#1270,#1271));
#2373=EDGE_LOOP('',(#1272,#1273,#1274,#1275));
#2374=EDGE_LOOP('',(#1276,#1277,#1278,#1279));
#2375=EDGE_LOOP('',(#1280,#1281,#1282,#1283));
#2376=EDGE_LOOP('',(#1284,#1285,#1286,#1287));
#2377=EDGE_LOOP('',(#1288,#1289,#1290,#1291));
#2378=EDGE_LOOP('',(#1292,#1293,#1294,#1295));
#2379=EDGE_LOOP('',(#1296,#1297,#1298,#1299));
#2380=EDGE_LOOP('',(#1300,#1301,#1302,#1303));
#2381=EDGE_LOOP('',(#1304,#1305,#1306,#1307));
#2382=EDGE_LOOP('',(#1308,#1309,#1310,#1311,#1312,#1313,#1314,#1315,#1316,
#1317,#1318,#1319,#1320,#1321,#1322,#1323,#1324));
#2383=EDGE_LOOP('',(#1325,#1326,#1327,#1328));
#2384=EDGE_LOOP('',(#1329,#1330,#1331,#1332));
#2385=EDGE_LOOP('',(#1333,#1334,#1335,#1336));
#2386=EDGE_LOOP('',(#1337,#1338,#1339,#1340));
#2387=EDGE_LOOP('',(#1341,#1342,#1343,#1344));
#2388=EDGE_LOOP('',(#1345,#1346,#1347,#1348));
#2389=EDGE_LOOP('',(#1349,#1350,#1351,#1352));
#2390=EDGE_LOOP('',(#1353,#1354,#1355,#1356));
#2391=EDGE_LOOP('',(#1357,#1358,#1359,#1360));
#2392=EDGE_LOOP('',(#1361,#1362,#1363,#1364));
#2393=EDGE_LOOP('',(#1365,#1366,#1367,#1368));
#2394=EDGE_LOOP('',(#1369,#1370,#1371,#1372));
#2395=EDGE_LOOP('',(#1373,#1374,#1375,#1376));
#2396=EDGE_LOOP('',(#1377,#1378,#1379,#1380));
#2397=EDGE_LOOP('',(#1381,#1382,#1383,#1384));
#2398=EDGE_LOOP('',(#1385,#1386,#1387,#1388,#1389,#1390,#1391,#1392));
#2399=EDGE_LOOP('',(#1393,#1394,#1395,#1396,#1397,#1398,#1399));
#2400=EDGE_LOOP('',(#1400,#1401,#1402,#1403,#1404,#1405,#1406,#1407,#1408,
#1409));
#2401=EDGE_LOOP('',(#1410,#1411,#1412,#1413,#1414,#1415,#1416));
#2402=EDGE_LOOP('',(#1417));
#2403=EDGE_LOOP('',(#1418));
#2404=EDGE_LOOP('',(#1419));
#2405=EDGE_LOOP('',(#1420,#1421,#1422,#1423));
#2406=EDGE_LOOP('',(#1424,#1425,#1426,#1427));
#2407=EDGE_LOOP('',(#1428,#1429,#1430,#1431));
#2408=EDGE_LOOP('',(#1432,#1433,#1434,#1435));
#2409=EDGE_LOOP('',(#1436,#1437,#1438,#1439));
#2410=EDGE_LOOP('',(#1440,#1441,#1442));
#2411=EDGE_LOOP('',(#1443,#1444,#1445,#1446));
#2412=EDGE_LOOP('',(#1447,#1448,#1449,#1450));
#2413=EDGE_LOOP('',(#1451,#1452,#1453,#1454));
#2414=EDGE_LOOP('',(#1455,#1456,#1457,#1458));
#2415=EDGE_LOOP('',(#1459,#1460,#1461));
#2416=EDGE_LOOP('',(#1462,#1463,#1464,#1465));
#2417=EDGE_LOOP('',(#1466,#1467,#1468,#1469));
#2418=EDGE_LOOP('',(#1470,#1471,#1472,#1473));
#2419=EDGE_LOOP('',(#1474,#1475,#1476,#1477));
#2420=EDGE_LOOP('',(#1478,#1479,#1480));
#2421=EDGE_LOOP('',(#1481,#1482,#1483,#1484));
#2422=EDGE_LOOP('',(#1485,#1486,#1487,#1488));
#2423=EDGE_LOOP('',(#1489,#1490,#1491));
#2424=EDGE_LOOP('',(#1492,#1493,#1494,#1495));
#2425=EDGE_LOOP('',(#1496,#1497,#1498,#1499));
#2426=EDGE_LOOP('',(#1500,#1501,#1502,#1503));
#2427=EDGE_LOOP('',(#1504,#1505,#1506,#1507));
#2428=EDGE_LOOP('',(#1508,#1509,#1510,#1511));
#2429=EDGE_LOOP('',(#1512,#1513,#1514,#1515));
#2430=EDGE_LOOP('',(#1516,#1517,#1518,#1519));
#2431=EDGE_LOOP('',(#1520,#1521,#1522,#1523));
#2432=EDGE_LOOP('',(#1524));
#2433=EDGE_LOOP('',(#1525));
#2434=EDGE_LOOP('',(#1526));
#2435=EDGE_LOOP('',(#1527));
#2436=FACE_BOUND('',#2267,.T.);
#2437=FACE_BOUND('',#2268,.T.);
#2438=FACE_BOUND('',#2269,.T.);
#2439=FACE_BOUND('',#2270,.T.);
#2440=FACE_BOUND('',#2271,.T.);
#2441=FACE_BOUND('',#2272,.T.);
#2442=FACE_BOUND('',#2273,.T.);
#2443=FACE_BOUND('',#2274,.T.);
#2444=FACE_BOUND('',#2275,.T.);
#2445=FACE_BOUND('',#2276,.T.);
#2446=FACE_BOUND('',#2277,.T.);
#2447=FACE_BOUND('',#2278,.T.);
#2448=FACE_BOUND('',#2279,.T.);
#2449=FACE_BOUND('',#2280,.T.);
#2450=FACE_BOUND('',#2281,.T.);
#2451=FACE_BOUND('',#2282,.T.);
#2452=FACE_BOUND('',#2283,.T.);
#2453=FACE_BOUND('',#2284,.T.);
#2454=FACE_BOUND('',#2285,.T.);
#2455=FACE_BOUND('',#2286,.T.);
#2456=FACE_BOUND('',#2287,.T.);
#2457=FACE_BOUND('',#2288,.T.);
#2458=FACE_BOUND('',#2289,.T.);
#2459=FACE_BOUND('',#2290,.T.);
#2460=FACE_BOUND('',#2291,.T.);
#2461=FACE_BOUND('',#2292,.T.);
#2462=FACE_BOUND('',#2293,.T.);
#2463=FACE_BOUND('',#2294,.T.);
#2464=FACE_BOUND('',#2295,.T.);
#2465=FACE_BOUND('',#2296,.T.);
#2466=FACE_BOUND('',#2297,.T.);
#2467=FACE_BOUND('',#2298,.T.);
#2468=FACE_BOUND('',#2299,.T.);
#2469=FACE_BOUND('',#2300,.T.);
#2470=FACE_BOUND('',#2301,.T.);
#2471=FACE_BOUND('',#2302,.T.);
#2472=FACE_BOUND('',#2303,.T.);
#2473=FACE_BOUND('',#2304,.T.);
#2474=FACE_BOUND('',#2305,.T.);
#2475=FACE_BOUND('',#2306,.T.);
#2476=FACE_BOUND('',#2307,.T.);
#2477=FACE_BOUND('',#2308,.T.);
#2478=FACE_BOUND('',#2309,.T.);
#2479=FACE_BOUND('',#2310,.T.);
#2480=FACE_BOUND('',#2311,.T.);
#2481=FACE_BOUND('',#2312,.T.);
#2482=FACE_BOUND('',#2313,.T.);
#2483=FACE_BOUND('',#2314,.T.);
#2484=FACE_BOUND('',#2315,.T.);
#2485=FACE_BOUND('',#2316,.T.);
#2486=FACE_BOUND('',#2317,.T.);
#2487=FACE_BOUND('',#2318,.T.);
#2488=FACE_BOUND('',#2319,.T.);
#2489=FACE_BOUND('',#2320,.T.);
#2490=FACE_BOUND('',#2321,.T.);
#2491=FACE_BOUND('',#2322,.T.);
#2492=FACE_BOUND('',#2323,.T.);
#2493=FACE_BOUND('',#2324,.T.);
#2494=FACE_BOUND('',#2325,.T.);
#2495=FACE_BOUND('',#2326,.T.);
#2496=FACE_BOUND('',#2327,.T.);
#2497=FACE_BOUND('',#2328,.T.);
#2498=FACE_BOUND('',#2329,.T.);
#2499=FACE_BOUND('',#2330,.T.);
#2500=FACE_BOUND('',#2331,.T.);
#2501=FACE_BOUND('',#2332,.T.);
#2502=FACE_BOUND('',#2333,.T.);
#2503=FACE_BOUND('',#2334,.T.);
#2504=FACE_BOUND('',#2335,.T.);
#2505=FACE_BOUND('',#2336,.T.);
#2506=FACE_BOUND('',#2337,.T.);
#2507=FACE_BOUND('',#2338,.T.);
#2508=FACE_BOUND('',#2339,.T.);
#2509=FACE_BOUND('',#2340,.T.);
#2510=FACE_BOUND('',#2341,.T.);
#2511=FACE_BOUND('',#2342,.T.);
#2512=FACE_BOUND('',#2343,.T.);
#2513=FACE_BOUND('',#2344,.T.);
#2514=FACE_BOUND('',#2345,.T.);
#2515=FACE_BOUND('',#2346,.T.);
#2516=FACE_BOUND('',#2347,.T.);
#2517=FACE_BOUND('',#2348,.T.);
#2518=FACE_BOUND('',#2349,.T.);
#2519=FACE_BOUND('',#2350,.T.);
#2520=FACE_BOUND('',#2351,.T.);
#2521=FACE_BOUND('',#2352,.T.);
#2522=FACE_BOUND('',#2353,.T.);
#2523=FACE_BOUND('',#2354,.T.);
#2524=FACE_BOUND('',#2355,.T.);
#2525=FACE_BOUND('',#2356,.T.);
#2526=FACE_BOUND('',#2357,.T.);
#2527=FACE_BOUND('',#2358,.T.);
#2528=FACE_BOUND('',#2359,.T.);
#2529=FACE_BOUND('',#2360,.T.);
#2530=FACE_BOUND('',#2361,.T.);
#2531=FACE_BOUND('',#2362,.T.);
#2532=FACE_BOUND('',#2363,.T.);
#2533=FACE_BOUND('',#2364,.T.);
#2534=FACE_BOUND('',#2365,.T.);
#2535=FACE_BOUND('',#2366,.T.);
#2536=FACE_BOUND('',#2367,.T.);
#2537=FACE_BOUND('',#2368,.T.);
#2538=FACE_BOUND('',#2369,.T.);
#2539=FACE_BOUND('',#2370,.T.);
#2540=FACE_BOUND('',#2371,.T.);
#2541=FACE_BOUND('',#2372,.T.);
#2542=FACE_BOUND('',#2373,.T.);
#2543=FACE_BOUND('',#2374,.T.);
#2544=FACE_BOUND('',#2375,.T.);
#2545=FACE_BOUND('',#2376,.T.);
#2546=FACE_BOUND('',#2377,.T.);
#2547=FACE_BOUND('',#2378,.T.);
#2548=FACE_BOUND('',#2379,.T.);
#2549=FACE_BOUND('',#2380,.T.);
#2550=FACE_BOUND('',#2381,.T.);
#2551=FACE_BOUND('',#2382,.T.);
#2552=FACE_BOUND('',#2383,.T.);
#2553=FACE_BOUND('',#2384,.T.);
#2554=FACE_BOUND('',#2385,.T.);
#2555=FACE_BOUND('',#2386,.T.);
#2556=FACE_BOUND('',#2387,.T.);
#2557=FACE_BOUND('',#2388,.T.);
#2558=FACE_BOUND('',#2389,.T.);
#2559=FACE_BOUND('',#2390,.T.);
#2560=FACE_BOUND('',#2391,.T.);
#2561=FACE_BOUND('',#2392,.T.);
#2562=FACE_BOUND('',#2393,.T.);
#2563=FACE_BOUND('',#2394,.T.);
#2564=FACE_BOUND('',#2395,.T.);
#2565=FACE_BOUND('',#2396,.T.);
#2566=FACE_BOUND('',#2397,.T.);
#2567=FACE_BOUND('',#2398,.T.);
#2568=FACE_BOUND('',#2399,.T.);
#2569=FACE_BOUND('',#2400,.T.);
#2570=FACE_BOUND('',#2401,.T.);
#2571=FACE_BOUND('',#2402,.T.);
#2572=FACE_BOUND('',#2403,.T.);
#2573=FACE_BOUND('',#2404,.T.);
#2574=FACE_BOUND('',#2405,.T.);
#2575=FACE_BOUND('',#2406,.T.);
#2576=FACE_BOUND('',#2407,.T.);
#2577=FACE_BOUND('',#2408,.T.);
#2578=FACE_BOUND('',#2409,.T.);
#2579=FACE_BOUND('',#2410,.T.);
#2580=FACE_BOUND('',#2411,.T.);
#2581=FACE_BOUND('',#2412,.T.);
#2582=FACE_BOUND('',#2413,.T.);
#2583=FACE_BOUND('',#2414,.T.);
#2584=FACE_BOUND('',#2415,.T.);
#2585=FACE_BOUND('',#2416,.T.);
#2586=FACE_BOUND('',#2417,.T.);
#2587=FACE_BOUND('',#2418,.T.);
#2588=FACE_BOUND('',#2419,.T.);
#2589=FACE_BOUND('',#2420,.T.);
#2590=FACE_BOUND('',#2421,.T.);
#2591=FACE_BOUND('',#2422,.T.);
#2592=FACE_BOUND('',#2423,.T.);
#2593=FACE_BOUND('',#2424,.T.);
#2594=FACE_BOUND('',#2425,.T.);
#2595=FACE_BOUND('',#2426,.T.);
#2596=FACE_BOUND('',#2427,.T.);
#2597=FACE_BOUND('',#2428,.T.);
#2598=FACE_BOUND('',#2429,.T.);
#2599=FACE_BOUND('',#2430,.T.);
#2600=FACE_BOUND('',#2431,.T.);
#2601=FACE_BOUND('',#2432,.T.);
#2602=FACE_BOUND('',#2433,.T.);
#2603=FACE_BOUND('',#2434,.T.);
#2604=FACE_BOUND('',#2435,.T.);
#2605=PLANE('',#2838);
#2606=PLANE('',#2844);
#2607=PLANE('',#2849);
#2608=PLANE('',#2852);
#2609=PLANE('',#2853);
#2610=PLANE('',#2854);
#2611=PLANE('',#2859);
#2612=PLANE('',#2860);
#2613=PLANE('',#2861);
#2614=PLANE('',#2862);
#2615=PLANE('',#2866);
#2616=PLANE('',#2870);
#2617=PLANE('',#2876);
#2618=PLANE('',#2879);
#2619=PLANE('',#2882);
#2620=PLANE('',#2883);
#2621=PLANE('',#2884);
#2622=PLANE('',#2885);
#2623=PLANE('',#2886);
#2624=PLANE('',#2887);
#2625=PLANE('',#2888);
#2626=PLANE('',#2891);
#2627=PLANE('',#2894);
#2628=PLANE('',#2895);
#2629=PLANE('',#2896);
#2630=PLANE('',#2897);
#2631=PLANE('',#2901);
#2632=PLANE('',#2902);
#2633=PLANE('',#2903);
#2634=PLANE('',#2904);
#2635=PLANE('',#2905);
#2636=PLANE('',#2906);
#2637=PLANE('',#2909);
#2638=PLANE('',#2910);
#2639=PLANE('',#2911);
#2640=PLANE('',#2912);
#2641=PLANE('',#2913);
#2642=PLANE('',#2914);
#2643=PLANE('',#2915);
#2644=PLANE('',#2916);
#2645=PLANE('',#2917);
#2646=PLANE('',#2918);
#2647=PLANE('',#2919);
#2648=PLANE('',#2920);
#2649=PLANE('',#2921);
#2650=PLANE('',#2922);
#2651=PLANE('',#2923);
#2652=PLANE('',#2927);
#2653=PLANE('',#2928);
#2654=PLANE('',#2929);
#2655=PLANE('',#2930);
#2656=PLANE('',#2931);
#2657=PLANE('',#2932);
#2658=PLANE('',#2933);
#2659=PLANE('',#2934);
#2660=PLANE('',#2935);
#2661=PLANE('',#2936);
#2662=PLANE('',#2937);
#2663=PLANE('',#2938);
#2664=PLANE('',#2939);
#2665=PLANE('',#2940);
#2666=PLANE('',#2944);
#2667=ADVANCED_FACE('',(#2436,#2437,#2438,#2439,#2440,#2441,#2442),#2605,
 .T.);
#2668=ADVANCED_FACE('',(#2443),#2606,.T.);
#2669=ADVANCED_FACE('',(#2444),#2607,.T.);
#2670=ADVANCED_FACE('',(#2445),#2608,.F.);
#2671=ADVANCED_FACE('',(#2446),#2609,.F.);
#2672=ADVANCED_FACE('',(#2447),#2610,.F.);
#2673=ADVANCED_FACE('',(#2448),#2611,.T.);
#2674=ADVANCED_FACE('',(#2449),#2612,.F.);
#2675=ADVANCED_FACE('',(#2450),#2613,.F.);
#2676=ADVANCED_FACE('',(#2451),#2614,.T.);
#2677=ADVANCED_FACE('',(#2452),#2615,.T.);
#2678=ADVANCED_FACE('',(#2453),#83,.T.);
#2679=ADVANCED_FACE('',(#2454),#2616,.F.);
#2680=ADVANCED_FACE('',(#2455),#84,.F.);
#2681=ADVANCED_FACE('',(#2456),#85,.F.);
#2682=ADVANCED_FACE('',(#2457),#2617,.T.);
#2683=ADVANCED_FACE('',(#2458),#86,.T.);
#2684=ADVANCED_FACE('',(#2459),#2618,.T.);
#2685=ADVANCED_FACE('',(#2460),#27,.T.);
#2686=ADVANCED_FACE('',(#2461),#28,.T.);
#2687=ADVANCED_FACE('',(#2462),#87,.F.);
#2688=ADVANCED_FACE('',(#2463),#29,.T.);
#2689=ADVANCED_FACE('',(#2464),#30,.T.);
#2690=ADVANCED_FACE('',(#2465),#31,.T.);
#2691=ADVANCED_FACE('',(#2466),#32,.T.);
#2692=ADVANCED_FACE('',(#2467),#33,.T.);
#2693=ADVANCED_FACE('',(#2468),#34,.T.);
#2694=ADVANCED_FACE('',(#2469),#35,.T.);
#2695=ADVANCED_FACE('',(#2470),#36,.T.);
#2696=ADVANCED_FACE('',(#2471),#37,.T.);
#2697=ADVANCED_FACE('',(#2472),#2619,.T.);
#2698=ADVANCED_FACE('',(#2473),#38,.T.);
#2699=ADVANCED_FACE('',(#2474),#39,.T.);
#2700=ADVANCED_FACE('',(#2475),#40,.T.);
#2701=ADVANCED_FACE('',(#2476),#41,.T.);
#2702=ADVANCED_FACE('',(#2477),#42,.T.);
#2703=ADVANCED_FACE('',(#2478),#43,.T.);
#2704=ADVANCED_FACE('',(#2479),#44,.T.);
#2705=ADVANCED_FACE('',(#2480),#2620,.T.);
#2706=ADVANCED_FACE('',(#2481),#45,.T.);
#2707=ADVANCED_FACE('',(#2482),#46,.T.);
#2708=ADVANCED_FACE('',(#2483),#47,.T.);
#2709=ADVANCED_FACE('',(#2484),#48,.T.);
#2710=ADVANCED_FACE('',(#2485),#49,.T.);
#2711=ADVANCED_FACE('',(#2486),#50,.T.);
#2712=ADVANCED_FACE('',(#2487),#2621,.T.);
#2713=ADVANCED_FACE('',(#2488),#51,.T.);
#2714=ADVANCED_FACE('',(#2489),#52,.T.);
#2715=ADVANCED_FACE('',(#2490),#53,.T.);
#2716=ADVANCED_FACE('',(#2491),#2622,.T.);
#2717=ADVANCED_FACE('',(#2492),#54,.T.);
#2718=ADVANCED_FACE('',(#2493),#55,.T.);
#2719=ADVANCED_FACE('',(#2494),#56,.T.);
#2720=ADVANCED_FACE('',(#2495),#57,.T.);
#2721=ADVANCED_FACE('',(#2496),#58,.T.);
#2722=ADVANCED_FACE('',(#2497),#59,.T.);
#2723=ADVANCED_FACE('',(#2498),#2623,.T.);
#2724=ADVANCED_FACE('',(#2499),#2624,.T.);
#2725=ADVANCED_FACE('',(#2500),#60,.T.);
#2726=ADVANCED_FACE('',(#2501),#61,.T.);
#2727=ADVANCED_FACE('',(#2502),#62,.T.);
#2728=ADVANCED_FACE('',(#2503),#63,.T.);
#2729=ADVANCED_FACE('',(#2504),#2625,.T.);
#2730=ADVANCED_FACE('',(#2505),#64,.T.);
#2731=ADVANCED_FACE('',(#2506),#65,.T.);
#2732=ADVANCED_FACE('',(#2507),#88,.F.);
#2733=ADVANCED_FACE('',(#2508),#2626,.T.);
#2734=ADVANCED_FACE('',(#2509),#89,.T.);
#2735=ADVANCED_FACE('',(#2510),#66,.T.);
#2736=ADVANCED_FACE('',(#2511),#67,.T.);
#2737=ADVANCED_FACE('',(#2512),#2627,.T.);
#2738=ADVANCED_FACE('',(#2513),#68,.T.);
#2739=ADVANCED_FACE('',(#2514),#69,.T.);
#2740=ADVANCED_FACE('',(#2515),#70,.T.);
#2741=ADVANCED_FACE('',(#2516),#2628,.T.);
#2742=ADVANCED_FACE('',(#2517),#71,.T.);
#2743=ADVANCED_FACE('',(#2518),#72,.T.);
#2744=ADVANCED_FACE('',(#2519),#73,.T.);
#2745=ADVANCED_FACE('',(#2520),#74,.T.);
#2746=ADVANCED_FACE('',(#2521),#2629,.T.);
#2747=ADVANCED_FACE('',(#2522),#2630,.T.);
#2748=ADVANCED_FACE('',(#2523),#75,.T.);
#2749=ADVANCED_FACE('',(#2524),#76,.T.);
#2750=ADVANCED_FACE('',(#2525),#77,.T.);
#2751=ADVANCED_FACE('',(#2526),#90,.T.);
#2752=ADVANCED_FACE('',(#2527,#2528),#2631,.T.);
#2753=ADVANCED_FACE('',(#2529),#2632,.T.);
#2754=ADVANCED_FACE('',(#2530),#2633,.T.);
#2755=ADVANCED_FACE('',(#2531),#2634,.T.);
#2756=ADVANCED_FACE('',(#2532),#2635,.T.);
#2757=ADVANCED_FACE('',(#2533),#2636,.T.);
#2758=ADVANCED_FACE('',(#2534),#91,.F.);
#2759=ADVANCED_FACE('',(#2535),#2637,.T.);
#2760=ADVANCED_FACE('',(#2536),#78,.T.);
#2761=ADVANCED_FACE('',(#2537),#79,.T.);
#2762=ADVANCED_FACE('',(#2538),#80,.T.);
#2763=ADVANCED_FACE('',(#2539),#2638,.T.);
#2764=ADVANCED_FACE('',(#2540),#2639,.T.);
#2765=ADVANCED_FACE('',(#2541),#2640,.T.);
#2766=ADVANCED_FACE('',(#2542),#2641,.T.);
#2767=ADVANCED_FACE('',(#2543),#2642,.T.);
#2768=ADVANCED_FACE('',(#2544),#2643,.T.);
#2769=ADVANCED_FACE('',(#2545),#2644,.T.);
#2770=ADVANCED_FACE('',(#2546),#2645,.T.);
#2771=ADVANCED_FACE('',(#2547),#2646,.T.);
#2772=ADVANCED_FACE('',(#2548),#2647,.T.);
#2773=ADVANCED_FACE('',(#2549),#2648,.T.);
#2774=ADVANCED_FACE('',(#2550),#81,.T.);
#2775=ADVANCED_FACE('',(#2551),#2649,.T.);
#2776=ADVANCED_FACE('',(#2552),#2650,.T.);
#2777=ADVANCED_FACE('',(#2553),#2651,.T.);
#2778=ADVANCED_FACE('',(#2554),#92,.F.);
#2779=ADVANCED_FACE('',(#2555),#2652,.T.);
#2780=ADVANCED_FACE('',(#2556),#2653,.T.);
#2781=ADVANCED_FACE('',(#2557),#2654,.T.);
#2782=ADVANCED_FACE('',(#2558),#2655,.T.);
#2783=ADVANCED_FACE('',(#2559),#2656,.T.);
#2784=ADVANCED_FACE('',(#2560),#2657,.T.);
#2785=ADVANCED_FACE('',(#2561),#2658,.T.);
#2786=ADVANCED_FACE('',(#2562),#2659,.T.);
#2787=ADVANCED_FACE('',(#2563),#2660,.T.);
#2788=ADVANCED_FACE('',(#2564),#2661,.T.);
#2789=ADVANCED_FACE('',(#2565),#2662,.T.);
#2790=ADVANCED_FACE('',(#2566),#82,.T.);
#2791=ADVANCED_FACE('',(#2567,#2568),#2663,.T.);
#2792=ADVANCED_FACE('',(#2569),#2664,.T.);
#2793=ADVANCED_FACE('',(#2570),#2665,.T.);
#2794=ADVANCED_FACE('',(#2571,#2572),#93,.F.);
#2795=ADVANCED_FACE('',(#2573),#2666,.T.);
#2796=ADVANCED_FACE('',(#2574),#19,.T.);
#2797=ADVANCED_FACE('',(#2575),#94,.T.);
#2798=ADVANCED_FACE('',(#2576),#95,.T.);
#2799=ADVANCED_FACE('',(#2577),#96,.T.);
#2800=ADVANCED_FACE('',(#2578),#20,.T.);
#2801=ADVANCED_FACE('',(#2579),#15,.T.);
#2802=ADVANCED_FACE('',(#2580),#97,.T.);
#2803=ADVANCED_FACE('',(#2581),#98,.T.);
#2804=ADVANCED_FACE('',(#2582),#99,.T.);
#2805=ADVANCED_FACE('',(#2583),#21,.T.);
#2806=ADVANCED_FACE('',(#2584),#16,.T.);
#2807=ADVANCED_FACE('',(#2585),#100,.T.);
#2808=ADVANCED_FACE('',(#2586),#101,.T.);
#2809=ADVANCED_FACE('',(#2587),#102,.T.);
#2810=ADVANCED_FACE('',(#2588),#22,.T.);
#2811=ADVANCED_FACE('',(#2589),#17,.T.);
#2812=ADVANCED_FACE('',(#2590),#103,.T.);
#2813=ADVANCED_FACE('',(#2591),#104,.T.);
#2814=ADVANCED_FACE('',(#2592),#18,.T.);
#2815=ADVANCED_FACE('',(#2593),#105,.T.);
#2816=ADVANCED_FACE('',(#2594),#23,.T.);
#2817=ADVANCED_FACE('',(#2595),#106,.T.);
#2818=ADVANCED_FACE('',(#2596),#24,.T.);
#2819=ADVANCED_FACE('',(#2597),#107,.T.);
#2820=ADVANCED_FACE('',(#2598),#108,.T.);
#2821=ADVANCED_FACE('',(#2599),#109,.T.);
#2822=ADVANCED_FACE('',(#2600),#110,.T.);
#2823=ADVANCED_FACE('',(#2601,#2602),#25,.F.);
#2824=ADVANCED_FACE('',(#2603,#2604),#26,.T.);
#2825=CLOSED_SHELL('',(#2667,#2668,#2669,#2670,#2671,#2672,#2673,#2674,
#2675,#2676,#2677,#2678,#2679,#2680,#2681,#2682,#2683,#2684,#2685,#2686,
#2687,#2688,#2689,#2690,#2691,#2692,#2693,#2694,#2695,#2696,#2697,#2698,
#2699,#2700,#2701,#2702,#2703,#2704,#2705,#2706,#2707,#2708,#2709,#2710,
#2711,#2712,#2713,#2714,#2715,#2716,#2717,#2718,#2719,#2720,#2721,#2722,
#2723,#2724,#2725,#2726,#2727,#2728,#2729,#2730,#2731,#2732,#2733,#2734,
#2735,#2736,#2737,#2738,#2739,#2740,#2741,#2742,#2743,#2744,#2745,#2746,
#2747,#2748,#2749,#2750,#2751,#2752,#2753,#2754,#2755,#2756,#2757,#2758,
#2759,#2760,#2761,#2762,#2763,#2764,#2765,#2766,#2767,#2768,#2769,#2770,
#2771,#2772,#2773,#2774,#2775,#2776,#2777,#2778,#2779,#2780,#2781,#2782,
#2783,#2784,#2785,#2786,#2787,#2788,#2789,#2790,#2791,#2792,#2793,#2794,
#2795,#2796,#2797,#2798,#2799,#2800,#2801,#2802,#2803,#2804,#2805,#2806,
#2807,#2808,#2809,#2810,#2811,#2812,#2813,#2814,#2815,#2816,#2817,#2818,
#2819,#2820,#2821,#2822,#2823,#2824));
#2826=STYLED_ITEM('',(#2827),#2834);
#2827=PRESENTATION_STYLE_ASSIGNMENT((#2828));
#2828=SURFACE_STYLE_USAGE(.BOTH.,#2829);
#2829=SURFACE_SIDE_STYLE('',(#2830));
#2830=SURFACE_STYLE_FILL_AREA(#2831);
#2831=FILL_AREA_STYLE('',(#2832));
#2832=FILL_AREA_STYLE_COLOUR('',#2833);
#2833=COLOUR_RGB('',0.231372549019608,0.380392156862745,0.705882352941177);
#2834=MANIFOLD_SOLID_BREP('Stationery Holder',#2825);
#2835=SHAPE_DEFINITION_REPRESENTATION(#5034,#2836);
#2836=SHAPE_REPRESENTATION('Stationery Holder',(#2837),#5029);
#2837=AXIS2_PLACEMENT_3D('',#3568,#3001,#3002);
#2838=AXIS2_PLACEMENT_3D('',#3569,#3003,#3004);
#2839=AXIS2_PLACEMENT_3D('',#3570,#3005,#3006);
#2840=AXIS2_PLACEMENT_3D('',#3599,#3020,#3021);
#2841=AXIS2_PLACEMENT_3D('',#3711,#3041,#3042);
#2842=AXIS2_PLACEMENT_3D('',#3715,#3044,#3045);
#2843=AXIS2_PLACEMENT_3D('',#3845,#3050,#3051);
#2844=AXIS2_PLACEMENT_3D('',#3862,#3060,#3061);
#2845=AXIS2_PLACEMENT_3D('',#3870,#3065,#3066);
#2846=AXIS2_PLACEMENT_3D('',#3874,#3068,#3069);
#2847=AXIS2_PLACEMENT_3D('',#3878,#3071,#3072);
#2848=AXIS2_PLACEMENT_3D('',#3882,#3074,#3075);
#2849=AXIS2_PLACEMENT_3D('',#3887,#3078,#3079);
#2850=AXIS2_PLACEMENT_3D('',#3891,#3081,#3082);
#2851=AXIS2_PLACEMENT_3D('',#3899,#3086,#3087);
#2852=AXIS2_PLACEMENT_3D('',#3900,#3088,#3089);
#2853=AXIS2_PLACEMENT_3D('',#3909,#3094,#3095);
#2854=AXIS2_PLACEMENT_3D('',#3918,#3100,#3101);
#2855=AXIS2_PLACEMENT_3D('',#3919,#3102,#3103);
#2856=AXIS2_PLACEMENT_3D('',#3920,#3104,#3105);
#2857=AXIS2_PLACEMENT_3D('',#3921,#3106,#3107);
#2858=AXIS2_PLACEMENT_3D('',#3925,#3109,#3110);
#2859=AXIS2_PLACEMENT_3D('',#3926,#3111,#3112);
#2860=AXIS2_PLACEMENT_3D('',#3932,#3116,#3117);
#2861=AXIS2_PLACEMENT_3D('',#3938,#3121,#3122);
#2862=AXIS2_PLACEMENT_3D('',#3944,#3126,#3127);
#2863=AXIS2_PLACEMENT_3D('',#3945,#3128,#3129);
#2864=AXIS2_PLACEMENT_3D('',#3950,#3131,#3132);
#2865=AXIS2_PLACEMENT_3D('',#3951,#3133,#3134);
#2866=AXIS2_PLACEMENT_3D('',#3953,#3136,#3137);
#2867=AXIS2_PLACEMENT_3D('',#3965,#3141,#3142);
#2868=AXIS2_PLACEMENT_3D('',#3969,#3144,#3145);
#2869=AXIS2_PLACEMENT_3D('',#3970,#3146,#3147);
#2870=AXIS2_PLACEMENT_3D('',#3971,#3148,#3149);
#2871=AXIS2_PLACEMENT_3D('',#3977,#3153,#3154);
#2872=AXIS2_PLACEMENT_3D('',#3978,#3155,#3156);
#2873=AXIS2_PLACEMENT_3D('',#3979,#3157,#3158);
#2874=AXIS2_PLACEMENT_3D('',#3980,#3159,#3160);
#2875=AXIS2_PLACEMENT_3D('',#3981,#3161,#3162);
#2876=AXIS2_PLACEMENT_3D('',#3984,#3164,#3165);
#2877=AXIS2_PLACEMENT_3D('',#3988,#3168,#3169);
#2878=AXIS2_PLACEMENT_3D('',#3989,#3170,#3171);
#2879=AXIS2_PLACEMENT_3D('',#3990,#3172,#3173);
#2880=AXIS2_PLACEMENT_3D('',#4024,#3180,#3181);
#2881=AXIS2_PLACEMENT_3D('',#4027,#3183,#3184);
#2882=AXIS2_PLACEMENT_3D('',#4145,#3194,#3195);
#2883=AXIS2_PLACEMENT_3D('',#4240,#3205,#3206);
#2884=AXIS2_PLACEMENT_3D('',#4322,#3215,#3216);
#2885=AXIS2_PLACEMENT_3D('',#4363,#3221,#3222);
#2886=AXIS2_PLACEMENT_3D('',#4469,#3230,#3231);
#2887=AXIS2_PLACEMENT_3D('',#4475,#3235,#3236);
#2888=AXIS2_PLACEMENT_3D('',#4539,#3245,#3246);
#2889=AXIS2_PLACEMENT_3D('',#4569,#3251,#3252);
#2890=AXIS2_PLACEMENT_3D('',#4572,#3254,#3255);
#2891=AXIS2_PLACEMENT_3D('',#4573,#3256,#3257);
#2892=AXIS2_PLACEMENT_3D('',#4577,#3260,#3261);
#2893=AXIS2_PLACEMENT_3D('',#4580,#3263,#3264);
#2894=AXIS2_PLACEMENT_3D('',#4607,#3267,#3268);
#2895=AXIS2_PLACEMENT_3D('',#4650,#3274,#3275);
#2896=AXIS2_PLACEMENT_3D('',#4706,#3282,#3283);
#2897=AXIS2_PLACEMENT_3D('',#4710,#3286,#3287);
#2898=AXIS2_PLACEMENT_3D('',#4751,#3292,#3293);
#2899=AXIS2_PLACEMENT_3D('',#4752,#3294,#3295);
#2900=AXIS2_PLACEMENT_3D('',#4753,#3296,#3297);
#2901=AXIS2_PLACEMENT_3D('',#4754,#3298,#3299);
#2902=AXIS2_PLACEMENT_3D('',#4755,#3300,#3301);
#2903=AXIS2_PLACEMENT_3D('',#4761,#3305,#3306);
#2904=AXIS2_PLACEMENT_3D('',#4765,#3309,#3310);
#2905=AXIS2_PLACEMENT_3D('',#4769,#3313,#3314);
#2906=AXIS2_PLACEMENT_3D('',#4771,#3316,#3317);
#2907=AXIS2_PLACEMENT_3D('',#4772,#3318,#3319);
#2908=AXIS2_PLACEMENT_3D('',#4775,#3321,#3322);
#2909=AXIS2_PLACEMENT_3D('',#4778,#3324,#3325);
#2910=AXIS2_PLACEMENT_3D('',#4821,#3331,#3332);
#2911=AXIS2_PLACEMENT_3D('',#4825,#3335,#3336);
#2912=AXIS2_PLACEMENT_3D('',#4829,#3339,#3340);
#2913=AXIS2_PLACEMENT_3D('',#4833,#3343,#3344);
#2914=AXIS2_PLACEMENT_3D('',#4837,#3347,#3348);
#2915=AXIS2_PLACEMENT_3D('',#4841,#3351,#3352);
#2916=AXIS2_PLACEMENT_3D('',#4845,#3355,#3356);
#2917=AXIS2_PLACEMENT_3D('',#4849,#3359,#3360);
#2918=AXIS2_PLACEMENT_3D('',#4853,#3363,#3364);
#2919=AXIS2_PLACEMENT_3D('',#4857,#3367,#3368);
#2920=AXIS2_PLACEMENT_3D('',#4861,#3371,#3372);
#2921=AXIS2_PLACEMENT_3D('',#4876,#3375,#3376);
#2922=AXIS2_PLACEMENT_3D('',#4877,#3377,#3378);
#2923=AXIS2_PLACEMENT_3D('',#4886,#3383,#3384);
#2924=AXIS2_PLACEMENT_3D('',#4892,#3388,#3389);
#2925=AXIS2_PLACEMENT_3D('',#4893,#3390,#3391);
#2926=AXIS2_PLACEMENT_3D('',#4897,#3393,#3394);
#2927=AXIS2_PLACEMENT_3D('',#4898,#3395,#3396);
#2928=AXIS2_PLACEMENT_3D('',#4904,#3400,#3401);
#2929=AXIS2_PLACEMENT_3D('',#4910,#3405,#3406);
#2930=AXIS2_PLACEMENT_3D('',#4916,#3410,#3411);
#2931=AXIS2_PLACEMENT_3D('',#4922,#3415,#3416);
#2932=AXIS2_PLACEMENT_3D('',#4926,#3419,#3420);
#2933=AXIS2_PLACEMENT_3D('',#4930,#3423,#3424);
#2934=AXIS2_PLACEMENT_3D('',#4934,#3427,#3428);
#2935=AXIS2_PLACEMENT_3D('',#4938,#3431,#3432);
#2936=AXIS2_PLACEMENT_3D('',#4942,#3435,#3436);
#2937=AXIS2_PLACEMENT_3D('',#4946,#3439,#3440);
#2938=AXIS2_PLACEMENT_3D('',#4962,#3442,#3443);
#2939=AXIS2_PLACEMENT_3D('',#4963,#3444,#3445);
#2940=AXIS2_PLACEMENT_3D('',#4964,#3446,#3447);
#2941=AXIS2_PLACEMENT_3D('',#4965,#3448,#3449);
#2942=AXIS2_PLACEMENT_3D('',#4966,#3450,#3451);
#2943=AXIS2_PLACEMENT_3D('',#4968,#3452,#3453);
#2944=AXIS2_PLACEMENT_3D('',#4970,#3454,#3455);
#2945=AXIS2_PLACEMENT_3D('',#4971,#3456,#3457);
#2946=AXIS2_PLACEMENT_3D('',#4973,#3458,#3459);
#2947=AXIS2_PLACEMENT_3D('',#4974,#3460,#3461);
#2948=AXIS2_PLACEMENT_3D('',#4975,#3462,#3463);
#2949=AXIS2_PLACEMENT_3D('',#4976,#3464,#3465);
#2950=AXIS2_PLACEMENT_3D('',#4977,#3466,#3467);
#2951=AXIS2_PLACEMENT_3D('',#4978,#3468,#3469);
#2952=AXIS2_PLACEMENT_3D('',#4979,#3470,#3471);
#2953=AXIS2_PLACEMENT_3D('',#4980,#3472,#3473);
#2954=AXIS2_PLACEMENT_3D('',#4981,#3474,#3475);
#2955=AXIS2_PLACEMENT_3D('',#4982,#3476,#3477);
#2956=AXIS2_PLACEMENT_3D('',#4983,#3478,#3479);
#2957=AXIS2_PLACEMENT_3D('',#4984,#3480,#3481);
#2958=AXIS2_PLACEMENT_3D('',#4985,#3482,#3483);
#2959=AXIS2_PLACEMENT_3D('',#4986,#3484,#3485);
#2960=AXIS2_PLACEMENT_3D('',#4987,#3486,#3487);
#2961=AXIS2_PLACEMENT_3D('',#4988,#3488,#3489);
#2962=AXIS2_PLACEMENT_3D('',#4989,#3490,#3491);
#2963=AXIS2_PLACEMENT_3D('',#4990,#3492,#3493);
#2964=AXIS2_PLACEMENT_3D('',#4991,#3494,#3495);
#2965=AXIS2_PLACEMENT_3D('',#4992,#3496,#3497);
#2966=AXIS2_PLACEMENT_3D('',#4993,#3498,#3499);
#2967=AXIS2_PLACEMENT_3D('',#4994,#3500,#3501);
#2968=AXIS2_PLACEMENT_3D('',#4995,#3502,#3503);
#2969=AXIS2_PLACEMENT_3D('',#4996,#3504,#3505);
#2970=AXIS2_PLACEMENT_3D('',#4997,#3506,#3507);
#2971=AXIS2_PLACEMENT_3D('',#4998,#3508,#3509);
#2972=AXIS2_PLACEMENT_3D('',#4999,#3510,#3511);
#2973=AXIS2_PLACEMENT_3D('',#5000,#3512,#3513);
#2974=AXIS2_PLACEMENT_3D('',#5001,#3514,#3515);
#2975=AXIS2_PLACEMENT_3D('',#5002,#3516,#3517);
#2976=AXIS2_PLACEMENT_3D('',#5003,#3518,#3519);
#2977=AXIS2_PLACEMENT_3D('',#5004,#3520,#3521);
#2978=AXIS2_PLACEMENT_3D('',#5005,#3522,#3523);
#2979=AXIS2_PLACEMENT_3D('',#5006,#3524,#3525);
#2980=AXIS2_PLACEMENT_3D('',#5007,#3526,#3527);
#2981=AXIS2_PLACEMENT_3D('',#5008,#3528,#3529);
#2982=AXIS2_PLACEMENT_3D('',#5009,#3530,#3531);
#2983=AXIS2_PLACEMENT_3D('',#5010,#3532,#3533);
#2984=AXIS2_PLACEMENT_3D('',#5011,#3534,#3535);
#2985=AXIS2_PLACEMENT_3D('',#5012,#3536,#3537);
#2986=AXIS2_PLACEMENT_3D('',#5013,#3538,#3539);
#2987=AXIS2_PLACEMENT_3D('',#5014,#3540,#3541);
#2988=AXIS2_PLACEMENT_3D('',#5015,#3542,#3543);
#2989=AXIS2_PLACEMENT_3D('',#5016,#3544,#3545);
#2990=AXIS2_PLACEMENT_3D('',#5017,#3546,#3547);
#2991=AXIS2_PLACEMENT_3D('',#5018,#3548,#3549);
#2992=AXIS2_PLACEMENT_3D('',#5019,#3550,#3551);
#2993=AXIS2_PLACEMENT_3D('',#5020,#3552,#3553);
#2994=AXIS2_PLACEMENT_3D('',#5021,#3554,#3555);
#2995=AXIS2_PLACEMENT_3D('',#5022,#3556,#3557);
#2996=AXIS2_PLACEMENT_3D('',#5023,#3558,#3559);
#2997=AXIS2_PLACEMENT_3D('',#5024,#3560,#3561);
#2998=AXIS2_PLACEMENT_3D('',#5025,#3562,#3563);
#2999=AXIS2_PLACEMENT_3D('',#5026,#3564,#3565);
#3000=AXIS2_PLACEMENT_3D('',#5027,#3566,#3567);
#3001=DIRECTION('',(0.,0.,1.));
#3002=DIRECTION('',(1.,0.,0.));
#3003=DIRECTION('',(0.,0.,1.));
#3004=DIRECTION('',(1.,0.,0.));
#3005=DIRECTION('',(0.,0.,1.));
#3006=DIRECTION('',(1.,0.,0.));
#3007=DIRECTION('',(-1.82123199577617E-16,-1.,0.));
#3008=DIRECTION('',(1.,0.,0.));
#3009=DIRECTION('',(0.,-1.,0.));
#3010=DIRECTION('',(1.,0.,0.));
#3011=DIRECTION('',(0.,-1.,0.));
#3012=DIRECTION('',(1.,0.,0.));
#3013=DIRECTION('',(0.,1.,0.));
#3014=DIRECTION('',(1.,0.,0.));
#3015=DIRECTION('',(0.,-1.,0.));
#3016=DIRECTION('',(1.,0.,0.));
#3017=DIRECTION('',(-1.82123199577617E-16,-1.,0.));
#3018=DIRECTION('',(1.,0.,0.));
#3019=DIRECTION('',(0.,-1.,0.));
#3020=DIRECTION('',(0.,0.,1.));
#3021=DIRECTION('',(1.,0.,0.));
#3022=DIRECTION('',(0.,1.,0.));
#3023=DIRECTION('',(-1.,0.,0.));
#3024=DIRECTION('',(0.,1.,0.));
#3025=DIRECTION('',(1.,0.,0.));
#3026=DIRECTION('',(0.214197114653866,0.976790456584194,0.));
#3027=DIRECTION('',(1.,0.,0.));
#3028=DIRECTION('',(0.,-1.,0.));
#3029=DIRECTION('',(1.,0.,0.));
#3030=DIRECTION('',(0.,-1.,0.));
#3031=DIRECTION('',(-1.,0.,0.));
#3032=DIRECTION('',(0.,-1.,0.));
#3033=DIRECTION('',(-1.,0.,0.));
#3034=DIRECTION('',(0.,1.,0.));
#3035=DIRECTION('',(1.,0.,0.));
#3036=DIRECTION('',(0.,-1.,0.));
#3037=DIRECTION('',(0.999853737081671,0.0171027612921879,0.));
#3038=DIRECTION('',(0.,1.,0.));
#3039=DIRECTION('',(-0.995948647187252,0.0899238131191216,0.));
#3040=DIRECTION('',(0.,-1.,0.));
#3041=DIRECTION('',(0.,0.,1.));
#3042=DIRECTION('',(1.,0.,0.));
#3043=DIRECTION('',(0.,-1.,0.));
#3044=DIRECTION('',(0.,0.,1.));
#3045=DIRECTION('',(1.,0.,0.));
#3046=DIRECTION('',(-1.,0.,0.));
#3047=DIRECTION('',(0.981481537349814,0.191556758798655,0.));
#3048=DIRECTION('',(-0.967105615097725,0.254375174194439,0.));
#3049=DIRECTION('',(-0.992576726402501,-0.121620073195563,0.));
#3050=DIRECTION('',(0.,0.,1.));
#3051=DIRECTION('',(1.,0.,0.));
#3052=DIRECTION('',(-1.,0.,0.));
#3053=DIRECTION('',(-0.363772093116451,0.931487983964193,0.));
#3054=DIRECTION('',(-1.,0.,0.));
#3055=DIRECTION('',(-0.366278140145862,-0.930505413230513,0.));
#3056=DIRECTION('',(-1.,0.,0.));
#3057=DIRECTION('',(0.377690971919757,0.92593170899927,0.));
#3058=DIRECTION('',(1.,0.,0.));
#3059=DIRECTION('',(0.372625844377534,-0.927981670132514,0.));
#3060=DIRECTION('',(0.,-1.,0.));
#3061=DIRECTION('',(0.,0.,-1.));
#3062=DIRECTION('',(1.,0.,0.));
#3063=DIRECTION('',(0.,0.,1.));
#3064=DIRECTION('',(1.,0.,0.));
#3065=DIRECTION('',(0.,-1.,0.));
#3066=DIRECTION('',(0.,0.,-1.));
#3067=DIRECTION('',(-0.706069124244477,0.,-0.70814291762937));
#3068=DIRECTION('',(0.,-1.,0.));
#3069=DIRECTION('',(0.,0.,-1.));
#3070=DIRECTION('',(-1.,0.,0.));
#3071=DIRECTION('',(0.,-1.,0.));
#3072=DIRECTION('',(0.,0.,-1.));
#3073=DIRECTION('',(0.706069124244478,0.,-0.70814291762937));
#3074=DIRECTION('',(0.,-1.,0.));
#3075=DIRECTION('',(0.,0.,-1.));
#3076=DIRECTION('',(1.,0.,0.));
#3077=DIRECTION('',(0.,0.,1.));
#3078=DIRECTION('',(0.,1.,0.));
#3079=DIRECTION('',(0.,0.,1.));
#3080=DIRECTION('',(-0.706069124244478,0.,0.70814291762937));
#3081=DIRECTION('',(0.,1.,0.));
#3082=DIRECTION('',(0.,0.,1.));
#3083=DIRECTION('',(1.,0.,0.));
#3084=DIRECTION('',(0.,0.,-1.));
#3085=DIRECTION('',(1.,0.,0.));
#3086=DIRECTION('',(0.,1.,0.));
#3087=DIRECTION('',(0.,0.,1.));
#3088=DIRECTION('',(1.,0.,0.));
#3089=DIRECTION('',(0.,0.,-1.));
#3090=DIRECTION('',(0.,1.,0.));
#3091=DIRECTION('',(0.,0.,1.));
#3092=DIRECTION('',(0.,1.,0.));
#3093=DIRECTION('',(0.,0.,1.));
#3094=DIRECTION('',(-1.,0.,0.));
#3095=DIRECTION('',(0.,0.,1.));
#3096=DIRECTION('',(0.,-1.,0.));
#3097=DIRECTION('',(0.,0.,1.));
#3098=DIRECTION('',(0.,-1.,0.));
#3099=DIRECTION('',(0.,0.,1.));
#3100=DIRECTION('',(0.,0.,1.));
#3101=DIRECTION('',(1.,0.,0.));
#3102=DIRECTION('',(0.,0.,1.));
#3103=DIRECTION('',(1.,0.,0.));
#3104=DIRECTION('',(0.,0.,1.));
#3105=DIRECTION('',(1.,0.,0.));
#3106=DIRECTION('',(0.,0.,1.));
#3107=DIRECTION('',(1.,0.,0.));
#3108=DIRECTION('',(1.,0.,0.));
#3109=DIRECTION('',(0.,0.,1.));
#3110=DIRECTION('',(1.,0.,0.));
#3111=DIRECTION('',(1.,-1.82123199577617E-16,0.));
#3112=DIRECTION('',(1.82123199577617E-16,1.,0.));
#3113=DIRECTION('',(0.,0.,-1.));
#3114=DIRECTION('',(-1.82123199577617E-16,-1.,0.));
#3115=DIRECTION('',(-1.82123199577617E-16,-1.,0.));
#3116=DIRECTION('',(0.,1.,0.));
#3117=DIRECTION('',(0.,0.,1.));
#3118=DIRECTION('',(0.,0.,-1.));
#3119=DIRECTION('',(1.,0.,0.));
#3120=DIRECTION('',(1.,0.,0.));
#3121=DIRECTION('',(1.,-1.82123199577617E-16,0.));
#3122=DIRECTION('',(1.82123199577617E-16,1.,0.));
#3123=DIRECTION('',(0.,0.,-1.));
#3124=DIRECTION('',(-1.82123199577617E-16,-1.,0.));
#3125=DIRECTION('',(-1.82123199577617E-16,-1.,0.));
#3126=DIRECTION('',(0.,1.,0.));
#3127=DIRECTION('',(0.,0.,1.));
#3128=DIRECTION('',(0.,1.,0.));
#3129=DIRECTION('',(0.,0.,1.));
#3130=DIRECTION('',(0.706069124244477,0.,0.70814291762937));
#3131=DIRECTION('',(0.,1.,0.));
#3132=DIRECTION('',(0.,0.,1.));
#3133=DIRECTION('',(0.,1.,0.));
#3134=DIRECTION('',(0.,0.,1.));
#3135=DIRECTION('',(1.,0.,0.));
#3136=DIRECTION('',(0.,0.,1.));
#3137=DIRECTION('',(1.,0.,0.));
#3138=DIRECTION('',(0.,-1.,0.));
#3139=DIRECTION('',(-1.,0.,0.));
#3140=DIRECTION('',(0.,-1.,0.));
#3141=DIRECTION('',(0.,-1.,0.));
#3142=DIRECTION('',(0.,0.,-1.));
#3143=DIRECTION('',(0.,-1.,0.));
#3144=DIRECTION('',(0.,1.,0.));
#3145=DIRECTION('',(0.,0.,1.));
#3146=DIRECTION('',(0.,-1.,0.));
#3147=DIRECTION('',(0.,0.,-1.));
#3148=DIRECTION('',(-0.70814291762937,0.,-0.706069124244478));
#3149=DIRECTION('',(-0.706069124244478,0.,0.70814291762937));
#3150=DIRECTION('',(0.,-1.,0.));
#3151=DIRECTION('',(-0.706069124244478,0.,0.70814291762937));
#3152=DIRECTION('',(0.706069124244478,0.,-0.70814291762937));
#3153=DIRECTION('',(0.,-1.,0.));
#3154=DIRECTION('',(0.,0.,-1.));
#3155=DIRECTION('',(0.,1.,0.));
#3156=DIRECTION('',(0.,0.,1.));
#3157=DIRECTION('',(0.,-1.,0.));
#3158=DIRECTION('',(0.,0.,-1.));
#3159=DIRECTION('',(0.,-1.,0.));
#3160=DIRECTION('',(0.,0.,-1.));
#3161=DIRECTION('',(0.,-1.,0.));
#3162=DIRECTION('',(0.,0.,-1.));
#3163=DIRECTION('',(0.,-1.,0.));
#3164=DIRECTION('',(-0.70814291762937,0.,0.706069124244477));
#3165=DIRECTION('',(0.706069124244477,0.,0.70814291762937));
#3166=DIRECTION('',(-0.706069124244477,0.,-0.70814291762937));
#3167=DIRECTION('',(0.,-1.,0.));
#3168=DIRECTION('',(0.,-1.,0.));
#3169=DIRECTION('',(0.,0.,-1.));
#3170=DIRECTION('',(0.,-1.,0.));
#3171=DIRECTION('',(0.,0.,-1.));
#3172=DIRECTION('',(0.,1.,0.));
#3173=DIRECTION('',(-1.,0.,0.));
#3174=DIRECTION('',(1.,0.,0.));
#3175=DIRECTION('',(0.,0.,1.));
#3176=DIRECTION('',(0.,0.,1.));
#3177=DIRECTION('',(0.,0.,1.));
#3178=DIRECTION('',(0.,0.,1.));
#3179=DIRECTION('',(0.,0.,1.));
#3180=DIRECTION('',(0.,0.,1.));
#3181=DIRECTION('',(0.834541788311001,0.55094464655052,0.));
#3182=DIRECTION('',(0.,0.,1.));
#3183=DIRECTION('',(0.,0.,1.));
#3184=DIRECTION('',(1.,0.,0.));
#3185=DIRECTION('',(0.,0.,1.));
#3186=DIRECTION('',(0.,0.,1.));
#3187=DIRECTION('',(0.,0.,1.));
#3188=DIRECTION('',(0.,0.,1.));
#3189=DIRECTION('',(0.,0.,1.));
#3190=DIRECTION('',(0.,0.,1.));
#3191=DIRECTION('',(0.,0.,1.));
#3192=DIRECTION('',(0.,0.,1.));
#3193=DIRECTION('',(0.,0.,1.));
#3194=DIRECTION('',(-0.121620073195563,0.992576726402501,0.));
#3195=DIRECTION('',(-0.992576726402501,-0.121620073195563,0.));
#3196=DIRECTION('',(0.,0.,1.));
#3197=DIRECTION('',(-0.992576726402501,-0.121620073195563,0.));
#3198=DIRECTION('',(0.,0.,1.));
#3199=DIRECTION('',(0.,0.,1.));
#3200=DIRECTION('',(0.,0.,1.));
#3201=DIRECTION('',(0.,0.,1.));
#3202=DIRECTION('',(0.,0.,1.));
#3203=DIRECTION('',(0.,0.,1.));
#3204=DIRECTION('',(0.,0.,1.));
#3205=DIRECTION('',(0.254375174194439,0.967105615097725,0.));
#3206=DIRECTION('',(-0.967105615097725,0.254375174194439,0.));
#3207=DIRECTION('',(0.,0.,1.));
#3208=DIRECTION('',(-0.967105615097725,0.254375174194439,0.));
#3209=DIRECTION('',(0.,0.,1.));
#3210=DIRECTION('',(0.,0.,1.));
#3211=DIRECTION('',(0.,0.,1.));
#3212=DIRECTION('',(0.,0.,1.));
#3213=DIRECTION('',(0.,0.,1.));
#3214=DIRECTION('',(0.,0.,1.));
#3215=DIRECTION('',(0.191556758798655,-0.981481537349814,0.));
#3216=DIRECTION('',(0.981481537349814,0.191556758798655,0.));
#3217=DIRECTION('',(0.,0.,1.));
#3218=DIRECTION('',(0.981481537349814,0.191556758798655,0.));
#3219=DIRECTION('',(0.,0.,1.));
#3220=DIRECTION('',(0.,0.,1.));
#3221=DIRECTION('',(0.,0.,1.));
#3222=DIRECTION('',(1.,0.,0.));
#3223=DIRECTION('',(0.,0.,1.));
#3224=DIRECTION('',(0.,0.,1.));
#3225=DIRECTION('',(0.,0.,1.));
#3226=DIRECTION('',(0.,0.,1.));
#3227=DIRECTION('',(0.,0.,1.));
#3228=DIRECTION('',(0.,0.,1.));
#3229=DIRECTION('',(0.,0.,1.));
#3230=DIRECTION('',(-0.0210991981052588,0.999777387141415,0.));
#3231=DIRECTION('',(-0.999777387141415,-0.0210991981052588,0.));
#3232=DIRECTION('',(-0.999777387141415,-0.0210991981052588,0.));
#3233=DIRECTION('',(0.,0.,1.));
#3234=DIRECTION('',(-0.999777387141415,-0.0210991981052588,0.));
#3235=DIRECTION('',(1.,0.,0.));
#3236=DIRECTION('',(0.,0.,-1.));
#3237=DIRECTION('',(0.,1.,0.));
#3238=DIRECTION('',(0.,0.,1.));
#3239=DIRECTION('',(0.,1.,0.));
#3240=DIRECTION('',(0.,0.,1.));
#3241=DIRECTION('',(0.,0.,1.));
#3242=DIRECTION('',(0.,0.,1.));
#3243=DIRECTION('',(0.,0.,1.));
#3244=DIRECTION('',(0.,0.,1.));
#3245=DIRECTION('',(0.,1.,0.));
#3246=DIRECTION('',(0.,0.,1.));
#3247=DIRECTION('',(0.,0.,1.));
#3248=DIRECTION('',(-1.,0.,0.));
#3249=DIRECTION('',(0.,0.,1.));
#3250=DIRECTION('',(0.,0.,1.));
#3251=DIRECTION('',(0.,0.,1.));
#3252=DIRECTION('',(0.114817312494249,-0.993386624004772,0.));
#3253=DIRECTION('',(0.,0.,1.));
#3254=DIRECTION('',(0.,0.,1.));
#3255=DIRECTION('',(1.,0.,0.));
#3256=DIRECTION('',(-1.,0.,0.));
#3257=DIRECTION('',(0.,0.,1.));
#3258=DIRECTION('',(0.,0.,1.));
#3259=DIRECTION('',(0.,-1.,0.));
#3260=DIRECTION('',(0.,0.,1.));
#3261=DIRECTION('',(0.114254258912606,-0.993451541002545,0.));
#3262=DIRECTION('',(0.,0.,1.));
#3263=DIRECTION('',(0.,0.,1.));
#3264=DIRECTION('',(1.,0.,0.));
#3265=DIRECTION('',(0.,0.,1.));
#3266=DIRECTION('',(0.,0.,1.));
#3267=DIRECTION('',(-1.,0.,0.));
#3268=DIRECTION('',(0.,0.,1.));
#3269=DIRECTION('',(0.,0.,1.));
#3270=DIRECTION('',(0.,-1.,0.));
#3271=DIRECTION('',(0.,0.,1.));
#3272=DIRECTION('',(0.,0.,1.));
#3273=DIRECTION('',(0.,0.,1.));
#3274=DIRECTION('',(0.0899238131191215,0.995948647187252,0.));
#3275=DIRECTION('',(-0.995948647187252,0.0899238131191216,0.));
#3276=DIRECTION('',(0.,0.,1.));
#3277=DIRECTION('',(-0.995948647187252,0.0899238131191216,0.));
#3278=DIRECTION('',(0.,0.,1.));
#3279=DIRECTION('',(0.,0.,1.));
#3280=DIRECTION('',(0.,0.,1.));
#3281=DIRECTION('',(0.,0.,1.));
#3282=DIRECTION('',(1.,0.,0.));
#3283=DIRECTION('',(0.,0.,-1.));
#3284=DIRECTION('',(0.,0.,1.));
#3285=DIRECTION('',(0.,1.,0.));
#3286=DIRECTION('',(0.0171027612921879,-0.999853737081671,0.));
#3287=DIRECTION('',(0.999853737081671,0.0171027612921879,0.));
#3288=DIRECTION('',(0.,0.,1.));
#3289=DIRECTION('',(0.999853737081671,0.0171027612921879,0.));
#3290=DIRECTION('',(0.,0.,1.));
#3291=DIRECTION('',(0.,0.,1.));
#3292=DIRECTION('',(0.,0.,1.));
#3293=DIRECTION('',(0.712334423563932,-0.701840201902,0.));
#3294=DIRECTION('',(0.,0.,1.));
#3295=DIRECTION('',(1.,0.,0.));
#3296=DIRECTION('',(0.,0.,1.));
#3297=DIRECTION('',(1.,0.,0.));
#3298=DIRECTION('',(0.,0.,1.));
#3299=DIRECTION('',(1.,0.,0.));
#3300=DIRECTION('',(1.,0.,0.));
#3301=DIRECTION('',(0.,0.,-1.));
#3302=DIRECTION('',(0.,0.,1.));
#3303=DIRECTION('',(0.,1.,0.));
#3304=DIRECTION('',(0.,0.,1.));
#3305=DIRECTION('',(0.,1.,0.));
#3306=DIRECTION('',(0.,0.,1.));
#3307=DIRECTION('',(0.,0.,1.));
#3308=DIRECTION('',(-1.,0.,0.));
#3309=DIRECTION('',(-1.,0.,0.));
#3310=DIRECTION('',(0.,0.,1.));
#3311=DIRECTION('',(0.,0.,1.));
#3312=DIRECTION('',(0.,-1.,0.));
#3313=DIRECTION('',(0.,-1.,0.));
#3314=DIRECTION('',(0.,0.,-1.));
#3315=DIRECTION('',(1.,0.,0.));
#3316=DIRECTION('',(0.,0.,1.));
#3317=DIRECTION('',(1.,0.,0.));
#3318=DIRECTION('',(0.,0.,1.));
#3319=DIRECTION('',(0.131062885279672,-0.991374056601325,0.));
#3320=DIRECTION('',(0.,0.,1.));
#3321=DIRECTION('',(0.,0.,1.));
#3322=DIRECTION('',(1.,0.,0.));
#3323=DIRECTION('',(0.,0.,1.));
#3324=DIRECTION('',(-1.,0.,0.));
#3325=DIRECTION('',(0.,0.,1.));
#3326=DIRECTION('',(0.,0.,1.));
#3327=DIRECTION('',(0.,-1.,0.));
#3328=DIRECTION('',(0.,0.,1.));
#3329=DIRECTION('',(0.,0.,1.));
#3330=DIRECTION('',(0.,0.,1.));
#3331=DIRECTION('',(-1.,0.,0.));
#3332=DIRECTION('',(0.,0.,1.));
#3333=DIRECTION('',(0.,0.,1.));
#3334=DIRECTION('',(0.,-1.,0.));
#3335=DIRECTION('',(0.,1.,0.));
#3336=DIRECTION('',(0.,0.,1.));
#3337=DIRECTION('',(0.,0.,1.));
#3338=DIRECTION('',(-1.,0.,0.));
#3339=DIRECTION('',(-1.,0.,0.));
#3340=DIRECTION('',(0.,0.,1.));
#3341=DIRECTION('',(0.,0.,1.));
#3342=DIRECTION('',(0.,-1.,0.));
#3343=DIRECTION('',(0.,-1.,0.));
#3344=DIRECTION('',(0.,0.,-1.));
#3345=DIRECTION('',(0.,0.,1.));
#3346=DIRECTION('',(1.,0.,0.));
#3347=DIRECTION('',(-1.,0.,0.));
#3348=DIRECTION('',(0.,0.,1.));
#3349=DIRECTION('',(0.,0.,1.));
#3350=DIRECTION('',(0.,-1.,0.));
#3351=DIRECTION('',(0.,-1.,0.));
#3352=DIRECTION('',(0.,0.,-1.));
#3353=DIRECTION('',(0.,0.,1.));
#3354=DIRECTION('',(1.,0.,0.));
#3355=DIRECTION('',(0.976790456584194,-0.214197114653866,0.));
#3356=DIRECTION('',(0.214197114653866,0.976790456584194,0.));
#3357=DIRECTION('',(0.,0.,1.));
#3358=DIRECTION('',(0.214197114653866,0.976790456584194,0.));
#3359=DIRECTION('',(0.,-1.,0.));
#3360=DIRECTION('',(0.,0.,-1.));
#3361=DIRECTION('',(0.,0.,1.));
#3362=DIRECTION('',(1.,0.,0.));
#3363=DIRECTION('',(1.,0.,0.));
#3364=DIRECTION('',(0.,0.,-1.));
#3365=DIRECTION('',(0.,0.,1.));
#3366=DIRECTION('',(0.,1.,0.));
#3367=DIRECTION('',(0.,1.,0.));
#3368=DIRECTION('',(0.,0.,1.));
#3369=DIRECTION('',(0.,0.,1.));
#3370=DIRECTION('',(-1.,0.,0.));
#3371=DIRECTION('',(1.,0.,0.));
#3372=DIRECTION('',(0.,0.,-1.));
#3373=DIRECTION('',(0.,0.,1.));
#3374=DIRECTION('',(0.,1.,0.));
#3375=DIRECTION('',(0.,0.,1.));
#3376=DIRECTION('',(1.,0.,0.));
#3377=DIRECTION('',(-0.951914652710908,0.306363336504666,0.));
#3378=DIRECTION('',(-0.306363336504666,-0.951914652710908,0.));
#3379=DIRECTION('',(-0.306363336504666,-0.951914652710908,0.));
#3380=DIRECTION('',(0.,0.,1.));
#3381=DIRECTION('',(-0.306363336504666,-0.951914652710908,0.));
#3382=DIRECTION('',(0.,0.,1.));
#3383=DIRECTION('',(0.951222818948762,0.308504698037437,0.));
#3384=DIRECTION('',(-0.308504698037437,0.951222818948762,0.));
#3385=DIRECTION('',(-0.308504698037437,0.951222818948762,0.));
#3386=DIRECTION('',(0.,0.,1.));
#3387=DIRECTION('',(-0.308504698037437,0.951222818948762,0.));
#3388=DIRECTION('',(0.,0.,1.));
#3389=DIRECTION('',(-0.940909696604643,-0.338657559837898,0.));
#3390=DIRECTION('',(0.,0.,1.));
#3391=DIRECTION('',(1.,0.,0.));
#3392=DIRECTION('',(0.,0.,1.));
#3393=DIRECTION('',(0.,0.,1.));
#3394=DIRECTION('',(1.,0.,0.));
#3395=DIRECTION('',(0.931799927972378,0.362972305046364,0.));
#3396=DIRECTION('',(-0.362972305046364,0.931799927972378,0.));
#3397=DIRECTION('',(-0.362972305046364,0.931799927972378,0.));
#3398=DIRECTION('',(0.,0.,1.));
#3399=DIRECTION('',(-0.362972305046364,0.931799927972378,0.));
#3400=DIRECTION('',(0.,-1.,0.));
#3401=DIRECTION('',(0.,0.,-1.));
#3402=DIRECTION('',(1.,0.,0.));
#3403=DIRECTION('',(0.,0.,1.));
#3404=DIRECTION('',(1.,0.,0.));
#3405=DIRECTION('',(-0.932161748727908,0.362042089001441,0.));
#3406=DIRECTION('',(-0.362042089001441,-0.932161748727909,0.));
#3407=DIRECTION('',(-0.362042089001441,-0.932161748727909,0.));
#3408=DIRECTION('',(0.,0.,1.));
#3409=DIRECTION('',(-0.362042089001441,-0.932161748727909,0.));
#3410=DIRECTION('',(0.931487983964193,0.363772093116451,0.));
#3411=DIRECTION('',(-0.363772093116451,0.931487983964193,0.));
#3412=DIRECTION('',(0.,0.,1.));
#3413=DIRECTION('',(-0.363772093116451,0.931487983964193,0.));
#3414=DIRECTION('',(0.,0.,1.));
#3415=DIRECTION('',(0.,1.,0.));
#3416=DIRECTION('',(0.,0.,1.));
#3417=DIRECTION('',(0.,0.,1.));
#3418=DIRECTION('',(-1.,0.,0.));
#3419=DIRECTION('',(-0.927981670132514,-0.372625844377534,0.));
#3420=DIRECTION('',(0.372625844377534,-0.927981670132514,0.));
#3421=DIRECTION('',(0.,0.,1.));
#3422=DIRECTION('',(0.372625844377534,-0.927981670132514,0.));
#3423=DIRECTION('',(0.,-1.,0.));
#3424=DIRECTION('',(0.,0.,-1.));
#3425=DIRECTION('',(0.,0.,1.));
#3426=DIRECTION('',(1.,0.,0.));
#3427=DIRECTION('',(0.92593170899927,-0.377690971919757,0.));
#3428=DIRECTION('',(0.377690971919757,0.92593170899927,0.));
#3429=DIRECTION('',(0.,0.,1.));
#3430=DIRECTION('',(0.377690971919757,0.92593170899927,0.));
#3431=DIRECTION('',(0.,1.,0.));
#3432=DIRECTION('',(0.,0.,1.));
#3433=DIRECTION('',(0.,0.,1.));
#3434=DIRECTION('',(-1.,0.,0.));
#3435=DIRECTION('',(-0.930505413230513,0.366278140145862,0.));
#3436=DIRECTION('',(-0.366278140145862,-0.930505413230513,0.));
#3437=DIRECTION('',(0.,0.,1.));
#3438=DIRECTION('',(-0.366278140145862,-0.930505413230513,0.));
#3439=DIRECTION('',(0.,1.,0.));
#3440=DIRECTION('',(0.,0.,1.));
#3441=DIRECTION('',(-1.,0.,0.));
#3442=DIRECTION('',(0.,0.,1.));
#3443=DIRECTION('',(1.,0.,0.));
#3444=DIRECTION('',(0.,0.,1.));
#3445=DIRECTION('',(1.,0.,0.));
#3446=DIRECTION('',(0.,0.,1.));
#3447=DIRECTION('',(1.,0.,0.));
#3448=DIRECTION('',(0.,0.,1.));
#3449=DIRECTION('',(1.,0.,0.));
#3450=DIRECTION('',(0.,0.,1.));
#3451=DIRECTION('',(1.,0.,0.));
#3452=DIRECTION('',(0.,0.,1.));
#3453=DIRECTION('',(1.,0.,0.));
#3454=DIRECTION('',(0.,0.,1.));
#3455=DIRECTION('',(1.,0.,0.));
#3456=DIRECTION('',(0.,0.,1.));
#3457=DIRECTION('',(1.,0.,0.));
#3458=DIRECTION('',(0.,-1.,0.));
#3459=DIRECTION('',(0.,0.,-1.));
#3460=DIRECTION('',(-1.,0.,0.));
#3461=DIRECTION('',(0.,0.,1.));
#3462=DIRECTION('',(0.706069124244484,4.83634702188332E-15,-0.708142917629364));
#3463=DIRECTION('',(-0.708142917629364,0.,-0.706069124244484));
#3464=DIRECTION('',(-0.706069124244478,0.,0.70814291762937));
#3465=DIRECTION('',(0.70814291762937,0.,0.706069124244478));
#3466=DIRECTION('',(0.706069124244484,-3.71227648477504E-14,-0.708142917629364));
#3467=DIRECTION('',(-0.708142917629364,0.,-0.706069124244484));
#3468=DIRECTION('',(1.,0.,0.));
#3469=DIRECTION('',(0.,0.,-1.));
#3470=DIRECTION('',(-1.,0.,0.));
#3471=DIRECTION('',(0.,0.,1.));
#3472=DIRECTION('',(0.,0.,-1.));
#3473=DIRECTION('',(-1.,0.,0.));
#3474=DIRECTION('',(0.,0.,1.));
#3475=DIRECTION('',(1.,0.,0.));
#3476=DIRECTION('',(0.,-1.,0.));
#3477=DIRECTION('',(0.,0.,-1.));
#3478=DIRECTION('',(1.,0.,0.));
#3479=DIRECTION('',(0.,0.,-1.));
#3480=DIRECTION('',(0.,-1.,0.));
#3481=DIRECTION('',(0.,0.,-1.));
#3482=DIRECTION('',(0.,-1.,0.));
#3483=DIRECTION('',(0.,0.,-1.));
#3484=DIRECTION('',(-1.,0.,0.));
#3485=DIRECTION('',(0.,0.,1.));
#3486=DIRECTION('',(1.,0.,0.));
#3487=DIRECTION('',(0.,0.,-1.));
#3488=DIRECTION('',(0.,-1.,0.));
#3489=DIRECTION('',(0.,0.,-1.));
#3490=DIRECTION('',(0.,1.,0.));
#3491=DIRECTION('',(0.,0.,1.));
#3492=DIRECTION('',(0.,0.,-1.));
#3493=DIRECTION('',(-1.,0.,0.));
#3494=DIRECTION('',(0.,0.,1.));
#3495=DIRECTION('',(1.,0.,0.));
#3496=DIRECTION('',(0.,-1.,0.));
#3497=DIRECTION('',(0.,0.,-1.));
#3498=DIRECTION('',(0.706069124244484,-1.43579052212161E-15,0.708142917629363));
#3499=DIRECTION('',(0.708142917629363,0.,-0.706069124244484));
#3500=DIRECTION('',(-1.,0.,0.));
#3501=DIRECTION('',(0.,0.,1.));
#3502=DIRECTION('',(-1.,0.,0.));
#3503=DIRECTION('',(0.,0.,1.));
#3504=DIRECTION('',(-0.706069124244477,0.,-0.70814291762937));
#3505=DIRECTION('',(-0.70814291762937,0.,0.706069124244477));
#3506=DIRECTION('',(0.706069124244484,0.,0.708142917629364));
#3507=DIRECTION('',(0.708142917629364,0.,-0.706069124244484));
#3508=DIRECTION('',(1.,0.,0.));
#3509=DIRECTION('',(0.,0.,-1.));
#3510=DIRECTION('',(1.,0.,0.));
#3511=DIRECTION('',(0.,0.,-1.));
#3512=DIRECTION('',(0.,0.,-1.));
#3513=DIRECTION('',(-1.,0.,0.));
#3514=DIRECTION('',(0.,0.,1.));
#3515=DIRECTION('',(1.,0.,0.));
#3516=DIRECTION('',(0.,-1.,0.));
#3517=DIRECTION('',(0.,0.,-1.));
#3518=DIRECTION('',(1.,0.,0.));
#3519=DIRECTION('',(0.,0.,-1.));
#3520=DIRECTION('',(0.,1.,0.));
#3521=DIRECTION('',(0.,0.,1.));
#3522=DIRECTION('',(0.,1.,0.));
#3523=DIRECTION('',(0.,0.,1.));
#3524=DIRECTION('',(1.,0.,0.));
#3525=DIRECTION('',(0.,0.,-1.));
#3526=DIRECTION('',(1.,0.,0.));
#3527=DIRECTION('',(0.,0.,-1.));
#3528=DIRECTION('',(0.,1.,0.));
#3529=DIRECTION('',(0.,0.,1.));
#3530=DIRECTION('',(0.,-1.,0.));
#3531=DIRECTION('',(0.,0.,-1.));
#3532=DIRECTION('',(0.,0.,1.));
#3533=DIRECTION('',(1.,0.,0.));
#3534=DIRECTION('',(0.,0.,1.));
#3535=DIRECTION('',(1.,0.,0.));
#3536=DIRECTION('',(0.,0.,-1.));
#3537=DIRECTION('',(-1.,0.,0.));
#3538=DIRECTION('',(0.,1.,0.));
#3539=DIRECTION('',(0.,0.,1.));
#3540=DIRECTION('',(-0.706069124244469,-7.25452053282514E-15,0.708142917629379));
#3541=DIRECTION('',(0.708142917629379,0.,0.706069124244469));
#3542=DIRECTION('',(0.706069124244478,0.,-0.70814291762937));
#3543=DIRECTION('',(-0.70814291762937,0.,-0.706069124244478));
#3544=DIRECTION('',(-0.706069124244484,-2.41817351094166E-15,0.708142917629364));
#3545=DIRECTION('',(0.708142917629364,0.,0.706069124244484));
#3546=DIRECTION('',(0.,1.,0.));
#3547=DIRECTION('',(0.,0.,1.));
#3548=DIRECTION('',(-1.,0.,0.));
#3549=DIRECTION('',(0.,0.,1.));
#3550=DIRECTION('',(1.,0.,0.));
#3551=DIRECTION('',(0.,0.,-1.));
#3552=DIRECTION('',(0.707106781186548,-0.707106781186548,0.));
#3553=DIRECTION('',(0.707106781186548,0.707106781186548,0.));
#3554=DIRECTION('',(-1.82123199577617E-16,-1.,0.));
#3555=DIRECTION('',(1.,-1.82123199577617E-16,0.));
#3556=DIRECTION('',(-0.707106781186548,-0.707106781186548,0.));
#3557=DIRECTION('',(-0.707106781186548,0.707106781186548,0.));
#3558=DIRECTION('',(1.82123199577617E-16,1.,0.));
#3559=DIRECTION('',(-1.,1.82123199577617E-16,0.));
#3560=DIRECTION('',(-0.707106781186548,0.707106781186548,0.));
#3561=DIRECTION('',(-0.707106781186548,-0.707106781186548,0.));
#3562=DIRECTION('',(-1.,0.,0.));
#3563=DIRECTION('',(0.,0.,1.));
#3564=DIRECTION('',(0.,0.,1.));
#3565=DIRECTION('',(1.,0.,0.));
#3566=DIRECTION('',(0.,0.,1.));
#3567=DIRECTION('',(1.,0.,0.));
#3568=CARTESIAN_POINT('',(0.,0.,0.));
#3569=CARTESIAN_POINT('',(0.05842,-0.158242,0.00857));
#3570=CARTESIAN_POINT('',(0.0846394045854139,-0.108481997244031,0.00857));
#3571=CARTESIAN_POINT('',(0.0896554045854139,-0.108481997244031,0.00857));
#3572=CARTESIAN_POINT('',(0.097536,-0.196342,0.00857));
#3573=CARTESIAN_POINT('',(0.097536,-0.119126,0.00857));
#3574=CARTESIAN_POINT('',(0.097536,-0.196342,0.00857));
#3575=CARTESIAN_POINT('',(0.05842,-0.196342,0.00857));
#3576=CARTESIAN_POINT('',(0.08809,-0.196342,0.00857));
#3577=CARTESIAN_POINT('',(0.08809,-0.173942,0.00857));
#3578=CARTESIAN_POINT('',(0.08809,-0.198326,0.00857));
#3579=CARTESIAN_POINT('',(0.05842,-0.198326,0.00857));
#3580=CARTESIAN_POINT('',(0.098504,-0.198326,0.00857));
#3581=CARTESIAN_POINT('',(0.098504,-0.096822,0.00857));
#3582=CARTESIAN_POINT('',(0.098504,-0.097838,0.00857));
#3583=CARTESIAN_POINT('',(0.05842,-0.097838,0.00857));
#3584=CARTESIAN_POINT('',(0.018336,-0.097838,0.00857));
#3585=CARTESIAN_POINT('',(0.018336,-0.199342,0.00857));
#3586=CARTESIAN_POINT('',(0.018336,-0.198326,0.00857));
#3587=CARTESIAN_POINT('',(0.05842,-0.198326,0.00857));
#3588=CARTESIAN_POINT('',(0.02875,-0.198326,0.00857));
#3589=CARTESIAN_POINT('',(0.02875,-0.173942,0.00857));
#3590=CARTESIAN_POINT('',(0.02875,-0.197358,0.00857));
#3591=CARTESIAN_POINT('',(0.05842,-0.197358,0.00857));
#3592=CARTESIAN_POINT('',(0.019304,-0.197358,0.00857));
#3593=CARTESIAN_POINT('',(0.019304,-0.158242,0.00857));
#3594=CARTESIAN_POINT('',(0.019304,-0.119126,0.00857));
#3595=CARTESIAN_POINT('',(0.09652,-0.119126,0.00857));
#3596=CARTESIAN_POINT('',(0.040592138551254,-0.114479184360289,0.00857));
#3597=CARTESIAN_POINT('',(0.040592138551254,-0.113760470223846,0.00857));
#3598=CARTESIAN_POINT('',(0.040592138551254,-0.115197933444418,0.00857));
#3599=CARTESIAN_POINT('',(0.038638196509368,-0.107956841542635,0.00857));
#3600=CARTESIAN_POINT('',(0.0386294961017353,-0.115457050228624,0.00857));
#3601=CARTESIAN_POINT('',(0.0386294961017353,-0.115457050228624,0.00857));
#3602=CARTESIAN_POINT('',(0.0362971305147192,-0.115457050228624,0.00857));
#3603=CARTESIAN_POINT('',(0.0362971305147192,-0.112810247206913,0.00857));
#3604=CARTESIAN_POINT('',(0.0362971305147192,-0.112810247206913,0.00857));
#3605=CARTESIAN_POINT('',(0.0362971305147192,-0.108912605159278,0.00857));
#3606=CARTESIAN_POINT('',(0.0362971305147192,-0.105014963111642,0.00857));
#3607=CARTESIAN_POINT('',(0.0356216083335909,-0.105014963111642,0.00857));
#3608=CARTESIAN_POINT('',(0.0349460861524626,-0.105014963111642,0.00857));
#3609=CARTESIAN_POINT('',(0.0349460861524626,-0.104308342722687,0.00857));
#3610=CARTESIAN_POINT('',(0.0349460861524626,-0.103601722333731,0.00857));
#3611=CARTESIAN_POINT('',(0.0356578895760556,-0.103601722333731,0.00857));
#3612=CARTESIAN_POINT('',(0.0363696929996487,-0.103601722333731,0.00857));
#3613=CARTESIAN_POINT('',(0.036656487582941,-0.10229386992679,0.00857));
#3614=CARTESIAN_POINT('',(0.0369432821662334,-0.100986017519848,0.00857));
#3615=CARTESIAN_POINT('',(0.0375911614959601,-0.100986017519848,0.00857));
#3616=CARTESIAN_POINT('',(0.0382390408256867,-0.100986017519848,0.00857));
#3617=CARTESIAN_POINT('',(0.0382390408256867,-0.10229386992679,0.00857));
#3618=CARTESIAN_POINT('',(0.0382390408256867,-0.103601722333731,0.00857));
#3619=CARTESIAN_POINT('',(0.0393188397085645,-0.103601722333731,0.00857));
#3620=CARTESIAN_POINT('',(0.0403986385914423,-0.103601722333731,0.00857));
#3621=CARTESIAN_POINT('',(0.0403986385914423,-0.104308342722687,0.00857));
#3622=CARTESIAN_POINT('',(0.0403986385914423,-0.105014963111642,0.00857));
#3623=CARTESIAN_POINT('',(0.0393188397085645,-0.105014963111642,0.00857));
#3624=CARTESIAN_POINT('',(0.0382390408256867,-0.105014963111642,0.00857));
#3625=CARTESIAN_POINT('',(0.0382390408256867,-0.10870182841734,0.00857));
#3626=CARTESIAN_POINT('',(0.0382390408256867,-0.112388693723038,0.00857));
#3627=CARTESIAN_POINT('',(0.0382390408256867,-0.112388693723038,0.00857));
#3628=CARTESIAN_POINT('',(0.0382390408256867,-0.113231800690789,0.00857));
#3629=CARTESIAN_POINT('',(0.0385137416614908,-0.113572153298672,0.00857));
#3630=CARTESIAN_POINT('',(0.0385137416614908,-0.113572153298672,0.00857));
#3631=CARTESIAN_POINT('',(0.0385137416614908,-0.113572153298672,0.00857));
#3632=CARTESIAN_POINT('',(0.0387884424972949,-0.113912505906555,0.00857));
#3633=CARTESIAN_POINT('',(0.0394691477130611,-0.113912505906555,0.00857));
#3634=CARTESIAN_POINT('',(0.0394691477130611,-0.113912505906555,0.00857));
#3635=CARTESIAN_POINT('',(0.0394691477130611,-0.113912505906555,0.00857));
#3636=CARTESIAN_POINT('',(0.0398596029891097,-0.113912505906555,0.00857));
#3637=CARTESIAN_POINT('',(0.040592138551254,-0.113760470223846,0.00857));
#3638=CARTESIAN_POINT('',(0.0432164817562003,-0.115284282407363,0.00857));
#3639=CARTESIAN_POINT('',(0.0441891645898967,-0.115284282407363,0.00857));
#3640=CARTESIAN_POINT('',(0.0422437989225039,-0.115284282407363,0.00857));
#3641=CARTESIAN_POINT('',(0.0422437989225039,-0.107271310857303,0.00857));
#3642=CARTESIAN_POINT('',(0.0422437989225039,-0.0992583393072437,0.00857));
#3643=CARTESIAN_POINT('',(0.0432164817562003,-0.0992583393072437,0.00857));
#3644=CARTESIAN_POINT('',(0.0441891645898967,-0.0992583393072437,0.00857));
#3645=CARTESIAN_POINT('',(0.0441891645898967,-0.107271310857303,0.00857));
#3646=CARTESIAN_POINT('',(0.0525407610696268,-0.114945657477693,0.00857));
#3647=CARTESIAN_POINT('',(0.0515525291320171,-0.115501969862151,0.00857));
#3648=CARTESIAN_POINT('',(0.0501392883541066,-0.115501969862151,0.00857));
#3649=CARTESIAN_POINT('',(0.0525407610696268,-0.114945657477693,0.00857));
#3650=CARTESIAN_POINT('',(0.0501392883541066,-0.115501969862151,0.00857));
#3651=CARTESIAN_POINT('',(0.0501392883541066,-0.115501969862151,0.00857));
#3652=CARTESIAN_POINT('',(0.0483770565772499,-0.115501969862151,0.00857));
#3653=CARTESIAN_POINT('',(0.0474924853323964,-0.11457247898377,0.00857));
#3654=CARTESIAN_POINT('',(0.0474924853323964,-0.11457247898377,0.00857));
#3655=CARTESIAN_POINT('',(0.0474924853323964,-0.11457247898377,0.00857));
#3656=CARTESIAN_POINT('',(0.046607914087543,-0.113642988105389,0.00857));
#3657=CARTESIAN_POINT('',(0.046607914087543,-0.112022425941966,0.00857));
#3658=CARTESIAN_POINT('',(0.046607914087543,-0.112022425941966,0.00857));
#3659=CARTESIAN_POINT('',(0.046607914087543,-0.112022425941966,0.00857));
#3660=CARTESIAN_POINT('',(0.046607914087543,-0.110208363818731,0.00857));
#3661=CARTESIAN_POINT('',(0.0478017397324527,-0.109237408663247,0.00857));
#3662=CARTESIAN_POINT('',(0.0478017397324527,-0.109237408663247,0.00857));
#3663=CARTESIAN_POINT('',(0.0478017397324527,-0.109237408663247,0.00857));
#3664=CARTESIAN_POINT('',(0.0489955653773624,-0.108266453507764,0.00857));
#3665=CARTESIAN_POINT('',(0.0516492791119229,-0.108200801735685,0.00857));
#3666=CARTESIAN_POINT('',(0.0516492791119229,-0.108200801735685,0.00857));
#3667=CARTESIAN_POINT('',(0.0529623145535023,-0.108178341918921,0.00857));
#3668=CARTESIAN_POINT('',(0.0542753499950817,-0.108155882102157,0.00857));
#3669=CARTESIAN_POINT('',(0.0542753499950817,-0.107837989311038,0.00857));
#3670=CARTESIAN_POINT('',(0.0542753499950817,-0.107520096519918,0.00857));
#3671=CARTESIAN_POINT('',(0.0542753499950817,-0.107520096519918,0.00857));
#3672=CARTESIAN_POINT('',(0.0542753499950817,-0.106096489672732,0.00857));
#3673=CARTESIAN_POINT('',(0.0536706626206701,-0.105479708550832,0.00857));
#3674=CARTESIAN_POINT('',(0.0536706626206701,-0.105479708550832,0.00857));
#3675=CARTESIAN_POINT('',(0.0536706626206701,-0.105479708550832,0.00857));
#3676=CARTESIAN_POINT('',(0.0530659752462586,-0.104862927428933,0.00857));
#3677=CARTESIAN_POINT('',(0.0517702165868052,-0.104862927428933,0.00857));
#3678=CARTESIAN_POINT('',(0.0517702165868052,-0.104862927428933,0.00857));
#3679=CARTESIAN_POINT('',(0.0517702165868052,-0.104862927428933,0.00857));
#3680=CARTESIAN_POINT('',(0.0504640918580762,-0.104862927428933,0.00857));
#3681=CARTESIAN_POINT('',(0.0498697705529403,-0.105306940729572,0.00857));
#3682=CARTESIAN_POINT('',(0.0498697705529403,-0.105306940729572,0.00857));
#3683=CARTESIAN_POINT('',(0.0498697705529403,-0.105306940729572,0.00857));
#3684=CARTESIAN_POINT('',(0.0492754492478043,-0.105750954030211,0.00857));
#3685=CARTESIAN_POINT('',(0.049154511772922,-0.106721909185695,0.00857));
#3686=CARTESIAN_POINT('',(0.049154511772922,-0.106721909185695,0.00857));
#3687=CARTESIAN_POINT('',(0.0481403646621231,-0.106630342240427,0.00857));
#3688=CARTESIAN_POINT('',(0.0471262175513243,-0.106538775295159,0.00857));
#3689=CARTESIAN_POINT('',(0.0471262175513243,-0.106538775295159,0.00857));
#3690=CARTESIAN_POINT('',(0.0476237888765544,-0.103384034878943,0.00857));
#3691=CARTESIAN_POINT('',(0.0518116808639077,-0.103384034878943,0.00857));
#3692=CARTESIAN_POINT('',(0.0518116808639077,-0.103384034878943,0.00857));
#3693=CARTESIAN_POINT('',(0.0518116808639077,-0.103384034878943,0.00857));
#3694=CARTESIAN_POINT('',(0.0540161982631911,-0.103384034878943,0.00857));
#3695=CARTESIAN_POINT('',(0.0551270953538957,-0.104394726633317,0.00857));
#3696=CARTESIAN_POINT('',(0.0551270953538957,-0.104394726633317,0.00857));
#3697=CARTESIAN_POINT('',(0.0551270953538957,-0.104394726633317,0.00857));
#3698=CARTESIAN_POINT('',(0.0562379924446005,-0.105405418387691,0.00857));
#3699=CARTESIAN_POINT('',(0.0562379924446005,-0.107316230490831,0.00857));
#3700=CARTESIAN_POINT('',(0.0562379924446005,-0.107316230490831,0.00857));
#3701=CARTESIAN_POINT('',(0.0562379924446005,-0.109831729968383,0.00857));
#3702=CARTESIAN_POINT('',(0.0562379924446005,-0.112347229445935,0.00857));
#3703=CARTESIAN_POINT('',(0.0562379924446005,-0.112347229445935,0.00857));
#3704=CARTESIAN_POINT('',(0.0562379924446005,-0.113211068552238,0.00857));
#3705=CARTESIAN_POINT('',(0.0564660459686643,-0.113648171140027,0.00857));
#3706=CARTESIAN_POINT('',(0.0564660459686643,-0.113648171140027,0.00857));
#3707=CARTESIAN_POINT('',(0.0564660459686643,-0.113648171140027,0.00857));
#3708=CARTESIAN_POINT('',(0.0566940994927281,-0.114085273727816,0.00857));
#3709=CARTESIAN_POINT('',(0.0573298850749665,-0.114085273727816,0.00857));
#3710=CARTESIAN_POINT('',(0.0573298850749665,-0.114085273727816,0.00857));
#3711=CARTESIAN_POINT('',(0.0572743088397062,-0.110984166484477,0.00857));
#3712=CARTESIAN_POINT('',(0.057965670657205,-0.114009255886461,0.00857));
#3713=CARTESIAN_POINT('',(0.057965670657205,-0.114613943260873,0.00857));
#3714=CARTESIAN_POINT('',(0.057965670657205,-0.115218753342058,0.00857));
#3715=CARTESIAN_POINT('',(0.0564770821922469,-0.108881659232085,0.00857));
#3716=CARTESIAN_POINT('',(0.0564660459686643,-0.115391398456545,0.00857));
#3717=CARTESIAN_POINT('',(0.0564660459686643,-0.115391398456545,0.00857));
#3718=CARTESIAN_POINT('',(0.055387974763999,-0.115391398456545,0.00857));
#3719=CARTESIAN_POINT('',(0.0548955864734067,-0.11482472000281,0.00857));
#3720=CARTESIAN_POINT('',(0.0548955864734067,-0.11482472000281,0.00857));
#3721=CARTESIAN_POINT('',(0.0548955864734067,-0.11482472000281,0.00857));
#3722=CARTESIAN_POINT('',(0.0544031981828144,-0.114258041549076,0.00857));
#3723=CARTESIAN_POINT('',(0.0543375464107355,-0.113048666800253,0.00857));
#3724=CARTESIAN_POINT('',(0.0543375464107355,-0.113048666800253,0.00857));
#3725=CARTESIAN_POINT('',(0.0543064482029086,-0.113048666800253,0.00857));
#3726=CARTESIAN_POINT('',(0.0542753499950817,-0.113048666800253,0.00857));
#3727=CARTESIAN_POINT('',(0.0542753499950817,-0.113048666800253,0.00857));
#3728=CARTESIAN_POINT('',(0.0535289930072366,-0.114389345093234,0.00857));
#3729=CARTESIAN_POINT('',(0.0525407610696268,-0.114945657477693,0.00857));
#3730=CARTESIAN_POINT('',(0.0680086641070749,-0.110863153861308,0.00857));
#3731=CARTESIAN_POINT('',(0.0682246238836505,-0.111386640359727,0.00857));
#3732=CARTESIAN_POINT('',(0.0682246238836505,-0.112056979506218,0.00857));
#3733=CARTESIAN_POINT('',(0.0680086641070749,-0.110863153861308,0.00857));
#3734=CARTESIAN_POINT('',(0.0682246238836505,-0.112056979506218,0.00857));
#3735=CARTESIAN_POINT('',(0.0682246238836505,-0.112056979506218,0.00857));
#3736=CARTESIAN_POINT('',(0.0682246238836505,-0.113708639877468,0.00857));
#3737=CARTESIAN_POINT('',(0.0669772402141501,-0.114605304869809,0.00857));
#3738=CARTESIAN_POINT('',(0.0669772402141501,-0.114605304869809,0.00857));
#3739=CARTESIAN_POINT('',(0.0669772402141501,-0.114605304869809,0.00857));
#3740=CARTESIAN_POINT('',(0.0657298565446496,-0.115501969862151,0.00857));
#3741=CARTESIAN_POINT('',(0.0634838748682638,-0.115501969862151,0.00857));
#3742=CARTESIAN_POINT('',(0.0634838748682638,-0.115501969862151,0.00857));
#3743=CARTESIAN_POINT('',(0.0634838748682638,-0.115501969862151,0.00857));
#3744=CARTESIAN_POINT('',(0.0613035449639569,-0.115501969862151,0.00857));
#3745=CARTESIAN_POINT('',(0.0601200853883228,-0.114783255725708,0.00857));
#3746=CARTESIAN_POINT('',(0.0601200853883228,-0.114783255725708,0.00857));
#3747=CARTESIAN_POINT('',(0.0601200853883228,-0.114783255725708,0.00857));
#3748=CARTESIAN_POINT('',(0.0589366258126887,-0.114064541589264,0.00857));
#3749=CARTESIAN_POINT('',(0.0585807241008922,-0.112540729405747,0.00857));
#3750=CARTESIAN_POINT('',(0.0585807241008921,-0.112540729405747,0.00857));
#3751=CARTESIAN_POINT('',(0.0594393801725566,-0.112373144619124,0.00857));
#3752=CARTESIAN_POINT('',(0.0602980362442211,-0.112205559832502,0.00857));
#3753=CARTESIAN_POINT('',(0.0602980362442211,-0.112205559832502,0.00857));
#3754=CARTESIAN_POINT('',(0.0605468219068361,-0.113145416780159,0.00857));
#3755=CARTESIAN_POINT('',(0.0613242771025081,-0.113582519367948,0.00857));
#3756=CARTESIAN_POINT('',(0.0613242771025081,-0.113582519367948,0.00857));
#3757=CARTESIAN_POINT('',(0.0613242771025081,-0.113582519367948,0.00857));
#3758=CARTESIAN_POINT('',(0.0621017322981801,-0.114019621955737,0.00857));
#3759=CARTESIAN_POINT('',(0.0634838748682638,-0.114019621955737,0.00857));
#3760=CARTESIAN_POINT('',(0.0634838748682638,-0.114019621955737,0.00857));
#3761=CARTESIAN_POINT('',(0.0634838748682638,-0.114019621955737,0.00857));
#3762=CARTESIAN_POINT('',(0.0649627674182532,-0.114019621955737,0.00857));
#3763=CARTESIAN_POINT('',(0.0656486556686572,-0.113566970264034,0.00857));
#3764=CARTESIAN_POINT('',(0.0656486556686572,-0.113566970264034,0.00857));
#3765=CARTESIAN_POINT('',(0.0656486556686572,-0.113566970264034,0.00857));
#3766=CARTESIAN_POINT('',(0.0663345439190612,-0.113114318572332,0.00857));
#3767=CARTESIAN_POINT('',(0.0663345439190612,-0.112205559832502,0.00857));
#3768=CARTESIAN_POINT('',(0.0663345439190612,-0.112205559832502,0.00857));
#3769=CARTESIAN_POINT('',(0.0663345439190612,-0.112205559832502,0.00857));
#3770=CARTESIAN_POINT('',(0.0663345439190612,-0.11151448854746,0.00857));
#3771=CARTESIAN_POINT('',(0.0658594324105949,-0.111082568994309,0.00857));
#3772=CARTESIAN_POINT('',(0.0658594324105949,-0.111082568994309,0.00857));
#3773=CARTESIAN_POINT('',(0.0658594324105949,-0.111082568994309,0.00857));
#3774=CARTESIAN_POINT('',(0.0653843209021287,-0.110650649441158,0.00857));
#3775=CARTESIAN_POINT('',(0.0643269818360147,-0.110370765570716,0.00857));
#3776=CARTESIAN_POINT('',(0.0643269818360147,-0.110370765570716,0.00857));
#3777=CARTESIAN_POINT('',(0.0636307275163351,-0.11018763168018,0.00857));
#3778=CARTESIAN_POINT('',(0.0629344731966555,-0.110004497789644,0.00857));
#3779=CARTESIAN_POINT('',(0.0629344731966555,-0.110004497789644,0.00857));
#3780=CARTESIAN_POINT('',(0.0612586253304291,-0.109572578236493,0.00857));
#3781=CARTESIAN_POINT('',(0.0605520049414739,-0.109156207787255,0.00857));
#3782=CARTESIAN_POINT('',(0.0605520049414739,-0.109156207787255,0.00857));
#3783=CARTESIAN_POINT('',(0.0605520049414739,-0.109156207787255,0.00857));
#3784=CARTESIAN_POINT('',(0.0598453845525187,-0.108739837338017,0.00857));
#3785=CARTESIAN_POINT('',(0.059446290885407,-0.108145516032881,0.00857));
#3786=CARTESIAN_POINT('',(0.059446290885407,-0.108145516032881,0.00857));
#3787=CARTESIAN_POINT('',(0.059446290885407,-0.108145516032881,0.00857));
#3788=CARTESIAN_POINT('',(0.0590471972182954,-0.107551194727745,0.00857));
#3789=CARTESIAN_POINT('',(0.0590471972182954,-0.106687355621443,0.00857));
#3790=CARTESIAN_POINT('',(0.0590471972182954,-0.106687355621443,0.00857));
#3791=CARTESIAN_POINT('',(0.0590471972182954,-0.106687355621443,0.00857));
#3792=CARTESIAN_POINT('',(0.0590471972182954,-0.105090980952996,0.00857));
#3793=CARTESIAN_POINT('',(0.0601857371604017,-0.104254784698096,0.00857));
#3794=CARTESIAN_POINT('',(0.0601857371604017,-0.104254784698096,0.00857));
#3795=CARTESIAN_POINT('',(0.0601857371604017,-0.104254784698096,0.00857));
#3796=CARTESIAN_POINT('',(0.0613242771025081,-0.103418588443195,0.00857));
#3797=CARTESIAN_POINT('',(0.063504607006815,-0.103418588443195,0.00857));
#3798=CARTESIAN_POINT('',(0.063504607006815,-0.103418588443195,0.00857));
#3799=CARTESIAN_POINT('',(0.063504607006815,-0.103418588443195,0.00857));
#3800=CARTESIAN_POINT('',(0.0654396066049321,-0.103418588443195,0.00857));
#3801=CARTESIAN_POINT('',(0.0665781465470384,-0.104097565980749,0.00857));
#3802=CARTESIAN_POINT('',(0.0665781465470384,-0.104097565980749,0.00857));
#3803=CARTESIAN_POINT('',(0.0665781465470384,-0.104097565980749,0.00857));
#3804=CARTESIAN_POINT('',(0.0677166864891448,-0.104776543518302,0.00857));
#3805=CARTESIAN_POINT('',(0.068017302498138,-0.106279623563268,0.00857));
#3806=CARTESIAN_POINT('',(0.068017302498138,-0.106279623563268,0.00857));
#3807=CARTESIAN_POINT('',(0.0671430973225601,-0.10638673961245,0.00857));
#3808=CARTESIAN_POINT('',(0.0662688921469822,-0.106493855661631,0.00857));
#3809=CARTESIAN_POINT('',(0.0662688921469822,-0.106493855661631,0.00857));
#3810=CARTESIAN_POINT('',(0.0661064903949974,-0.105716400465959,0.00857));
#3811=CARTESIAN_POINT('',(0.0653998700060422,-0.105301757694934,0.00857));
#3812=CARTESIAN_POINT('',(0.0653998700060422,-0.105301757694934,0.00857));
#3813=CARTESIAN_POINT('',(0.0653998700060422,-0.105301757694934,0.00857));
#3814=CARTESIAN_POINT('',(0.0646932496170869,-0.104887114923909,0.00857));
#3815=CARTESIAN_POINT('',(0.063504607006815,-0.104887114923909,0.00857));
#3816=CARTESIAN_POINT('',(0.063504607006815,-0.104887114923909,0.00857));
#3817=CARTESIAN_POINT('',(0.063504607006815,-0.104887114923909,0.00857));
#3818=CARTESIAN_POINT('',(0.0621881162088104,-0.104887114923909,0.00857));
#3819=CARTESIAN_POINT('',(0.0615609690176349,-0.105286208591021,0.00857));
#3820=CARTESIAN_POINT('',(0.0615609690176349,-0.105286208591021,0.00857));
#3821=CARTESIAN_POINT('',(0.0615609690176349,-0.105286208591021,0.00857));
#3822=CARTESIAN_POINT('',(0.0609338218264595,-0.105685302258132,0.00857));
#3823=CARTESIAN_POINT('',(0.0609338218264595,-0.106493855661631,0.00857));
#3824=CARTESIAN_POINT('',(0.0609338218264595,-0.106493855661631,0.00857));
#3825=CARTESIAN_POINT('',(0.0609338218264595,-0.106493855661631,0.00857));
#3826=CARTESIAN_POINT('',(0.0609338218264595,-0.106991426986861,0.00857));
#3827=CARTESIAN_POINT('',(0.0611929735583502,-0.107314502812618,0.00857));
#3828=CARTESIAN_POINT('',(0.0611929735583502,-0.107314502812618,0.00857));
#3829=CARTESIAN_POINT('',(0.0611929735583502,-0.107314502812618,0.00857));
#3830=CARTESIAN_POINT('',(0.0614521252902408,-0.107637578638376,0.00857));
#3831=CARTESIAN_POINT('',(0.0619600626847466,-0.107865632162439,0.00857));
#3832=CARTESIAN_POINT('',(0.0619600626847466,-0.107865632162439,0.00857));
#3833=CARTESIAN_POINT('',(0.0619600626847466,-0.107865632162439,0.00857));
#3834=CARTESIAN_POINT('',(0.0624680000792523,-0.108093685686503,0.00857));
#3835=CARTESIAN_POINT('',(0.0640989283119509,-0.108491051675402,0.00857));
#3836=CARTESIAN_POINT('',(0.0640989283119509,-0.108491051675402,0.00857));
#3837=CARTESIAN_POINT('',(0.0640989283119509,-0.108491051675402,0.00857));
#3838=CARTESIAN_POINT('',(0.0656434726340194,-0.108881506951451,0.00857));
#3839=CARTESIAN_POINT('',(0.0663241778497855,-0.109209765811846,0.00857));
#3840=CARTESIAN_POINT('',(0.0663241778497855,-0.109209765811846,0.00857));
#3841=CARTESIAN_POINT('',(0.0663241778497855,-0.109209765811846,0.00857));
#3842=CARTESIAN_POINT('',(0.0670048830655517,-0.10953802467224,0.00857));
#3843=CARTESIAN_POINT('',(0.0673987936980256,-0.109938846017565,0.00857));
#3844=CARTESIAN_POINT('',(0.0673987936980256,-0.109938846017565,0.00857));
#3845=CARTESIAN_POINT('',(0.0653590293124172,-0.11194761830394,0.00857));
#3846=CARTESIAN_POINT('',(0.0335138409142134,-0.115284282407363,0.00857));
#3847=CARTESIAN_POINT('',(0.0345659969456895,-0.115284282407363,0.00857));
#3848=CARTESIAN_POINT('',(0.0324616848827372,-0.115284282407363,0.00857));
#3849=CARTESIAN_POINT('',(0.0315926627417972,-0.113059032869528,0.00857));
#3850=CARTESIAN_POINT('',(0.0307236406008571,-0.110833783331694,0.00857));
#3851=CARTESIAN_POINT('',(0.0272579181063725,-0.110833783331694,0.00857));
#3852=CARTESIAN_POINT('',(0.0237921956118878,-0.110833783331694,0.00857));
#3853=CARTESIAN_POINT('',(0.0229162627580973,-0.113059032869528,0.00857));
#3854=CARTESIAN_POINT('',(0.0220403299043069,-0.115284282407363,0.00857));
#3855=CARTESIAN_POINT('',(0.0209726247689173,-0.115284282407363,0.00857));
#3856=CARTESIAN_POINT('',(0.0199049196335277,-0.115284282407363,0.00857));
#3857=CARTESIAN_POINT('',(0.0230078297033654,-0.107677315237265,0.00857));
#3858=CARTESIAN_POINT('',(0.0261107397732031,-0.100070348067168,0.00857));
#3859=CARTESIAN_POINT('',(0.0272838332795615,-0.100070348067168,0.00857));
#3860=CARTESIAN_POINT('',(0.02845692678592,-0.100070348067168,0.00857));
#3861=CARTESIAN_POINT('',(0.0315114618658048,-0.107677315237265,0.00857));
#3862=CARTESIAN_POINT('',(0.09802,-0.199342,-0.01343));
#3863=CARTESIAN_POINT('',(0.09802,-0.199342,-0.01343));
#3864=CARTESIAN_POINT('',(0.018336,-0.199342,-0.01343));
#3865=CARTESIAN_POINT('',(0.098504,-0.199342,-0.01343));
#3866=CARTESIAN_POINT('',(0.098504,-0.199342,0.00857));
#3867=CARTESIAN_POINT('',(0.098504,-0.199342,0.007554));
#3868=CARTESIAN_POINT('',(0.09802,-0.199342,0.007554));
#3869=CARTESIAN_POINT('',(0.08809,-0.199342,0.007554));
#3870=CARTESIAN_POINT('',(0.08809,-0.199342,0.00349));
#3871=CARTESIAN_POINT('',(0.0852121071827542,-0.199342,0.00635946492092956));
#3872=CARTESIAN_POINT('',(0.0817025822955298,-0.199342,0.00283963221929248));
#3873=CARTESIAN_POINT('',(0.0682482693148163,-0.199342,-0.0106541973813943));
#3874=CARTESIAN_POINT('',(0.0639314300889477,-0.199342,-0.00635));
#3875=CARTESIAN_POINT('',(0.0639314300889477,-0.199342,-0.012446));
#3876=CARTESIAN_POINT('',(0.09802,-0.199342,-0.012446));
#3877=CARTESIAN_POINT('',(0.0529085699110523,-0.199342,-0.012446));
#3878=CARTESIAN_POINT('',(0.0529085699110523,-0.199342,-0.00635));
#3879=CARTESIAN_POINT('',(0.0485917306851836,-0.199342,-0.0106541973813943));
#3880=CARTESIAN_POINT('',(0.0316278928172458,-0.199342,0.00635946492092956));
#3881=CARTESIAN_POINT('',(0.0316278928172458,-0.199342,0.00635946492092955));
#3882=CARTESIAN_POINT('',(0.02875,-0.199342,0.00349));
#3883=CARTESIAN_POINT('',(0.02875,-0.199342,0.007554));
#3884=CARTESIAN_POINT('',(0.09802,-0.199342,0.007554));
#3885=CARTESIAN_POINT('',(0.018336,-0.199342,0.007554));
#3886=CARTESIAN_POINT('',(0.018336,-0.199342,-0.01343));
#3887=CARTESIAN_POINT('',(0.05842,-0.196342,0.00857));
#3888=CARTESIAN_POINT('',(0.0485917306851836,-0.196342,-0.0106541973813943));
#3889=CARTESIAN_POINT('',(0.0316278928172458,-0.196342,0.00635946492092956));
#3890=CARTESIAN_POINT('',(0.0485917306851836,-0.196342,-0.0106541973813943));
#3891=CARTESIAN_POINT('',(0.0529085699110523,-0.196342,-0.00635));
#3892=CARTESIAN_POINT('',(0.0495388791240512,-0.196342,-0.01143));
#3893=CARTESIAN_POINT('',(0.05842,-0.196342,-0.01143));
#3894=CARTESIAN_POINT('',(0.02032,-0.196342,-0.01143));
#3895=CARTESIAN_POINT('',(0.02032,-0.196342,0.00857));
#3896=CARTESIAN_POINT('',(0.02032,-0.196342,0.007554));
#3897=CARTESIAN_POINT('',(0.05842,-0.196342,0.007554));
#3898=CARTESIAN_POINT('',(0.02875,-0.196342,0.007554));
#3899=CARTESIAN_POINT('',(0.02875,-0.196342,0.00349));
#3900=CARTESIAN_POINT('',(0.01732,-0.118642,-0.01343));
#3901=CARTESIAN_POINT('',(0.01732,-0.096822,0.007554));
#3902=CARTESIAN_POINT('',(0.01732,-0.198326,0.007554));
#3903=CARTESIAN_POINT('',(0.01732,-0.097838,0.007554));
#3904=CARTESIAN_POINT('',(0.01732,-0.097838,-0.01343));
#3905=CARTESIAN_POINT('',(0.01732,-0.097838,-0.01343));
#3906=CARTESIAN_POINT('',(0.01732,-0.118642,-0.01343));
#3907=CARTESIAN_POINT('',(0.01732,-0.198326,-0.01343));
#3908=CARTESIAN_POINT('',(0.01732,-0.198326,0.00857));
#3909=CARTESIAN_POINT('',(0.09952,-0.158242,-0.01343));
#3910=CARTESIAN_POINT('',(0.09952,-0.199342,0.007554));
#3911=CARTESIAN_POINT('',(0.09952,-0.097838,0.007554));
#3912=CARTESIAN_POINT('',(0.09952,-0.198326,0.007554));
#3913=CARTESIAN_POINT('',(0.09952,-0.198326,-0.01343));
#3914=CARTESIAN_POINT('',(0.09952,-0.198326,-0.01343));
#3915=CARTESIAN_POINT('',(0.09952,-0.158242,-0.01343));
#3916=CARTESIAN_POINT('',(0.09952,-0.097838,-0.01343));
#3917=CARTESIAN_POINT('',(0.09952,-0.097838,0.00857));
#3918=CARTESIAN_POINT('',(0.05842,-0.158242,-0.01343));
#3919=CARTESIAN_POINT('',(0.098504,-0.198326,-0.01343));
#3920=CARTESIAN_POINT('',(0.018336,-0.198326,-0.01343));
#3921=CARTESIAN_POINT('',(0.018336,-0.097838,-0.01343));
#3922=CARTESIAN_POINT('',(0.018336,-0.096822,-0.01343));
#3923=CARTESIAN_POINT('',(0.05842,-0.096822,-0.01343));
#3924=CARTESIAN_POINT('',(0.098504,-0.096822,-0.01343));
#3925=CARTESIAN_POINT('',(0.098504,-0.097838,-0.01343));
#3926=CARTESIAN_POINT('',(0.02032,-0.158242,0.00857));
#3927=CARTESIAN_POINT('',(0.02032,-0.120142,0.00857));
#3928=CARTESIAN_POINT('',(0.02032,-0.120142,0.007554));
#3929=CARTESIAN_POINT('',(0.02032,-0.120142,-0.01143));
#3930=CARTESIAN_POINT('',(0.02032,-0.158242,0.007554));
#3931=CARTESIAN_POINT('',(0.02032,-0.158242,-0.01143));
#3932=CARTESIAN_POINT('',(0.05842,-0.120142,0.00857));
#3933=CARTESIAN_POINT('',(0.09652,-0.120142,0.00857));
#3934=CARTESIAN_POINT('',(0.09652,-0.120142,0.007554));
#3935=CARTESIAN_POINT('',(0.09652,-0.120142,-0.01143));
#3936=CARTESIAN_POINT('',(0.02032,-0.120142,0.007554));
#3937=CARTESIAN_POINT('',(0.05842,-0.120142,-0.01143));
#3938=CARTESIAN_POINT('',(0.09652,-0.158242,0.00857));
#3939=CARTESIAN_POINT('',(0.09652,-0.196342,0.00857));
#3940=CARTESIAN_POINT('',(0.09652,-0.196342,0.007554));
#3941=CARTESIAN_POINT('',(0.09652,-0.196342,-0.01143));
#3942=CARTESIAN_POINT('',(0.09652,-0.120142,0.007554));
#3943=CARTESIAN_POINT('',(0.09652,-0.158242,-0.01143));
#3944=CARTESIAN_POINT('',(0.05842,-0.196342,0.00857));
#3945=CARTESIAN_POINT('',(0.0639314300889477,-0.196342,-0.00635));
#3946=CARTESIAN_POINT('',(0.0675287961105049,-0.196342,-0.00993683115116194));
#3947=CARTESIAN_POINT('',(0.0639314300889477,-0.196342,-0.01143));
#3948=CARTESIAN_POINT('',(0.0722411308992394,-0.196342,-0.00521065577886887));
#3949=CARTESIAN_POINT('',(0.0844926339784428,-0.196342,0.00707683115116194));
#3950=CARTESIAN_POINT('',(0.08809,-0.196342,0.00349));
#3951=CARTESIAN_POINT('',(0.097536,-0.196342,0.007554));
#3952=CARTESIAN_POINT('',(0.05842,-0.196342,-0.01143));
#3953=CARTESIAN_POINT('',(0.05842,-0.158242,-0.01143));
#3954=CARTESIAN_POINT('',(0.0529085699110523,-0.173942,-0.01143));
#3955=CARTESIAN_POINT('',(0.0529085699110523,-0.197358,-0.01143));
#3956=CARTESIAN_POINT('',(0.0529085699110523,-0.198326,-0.01143));
#3957=CARTESIAN_POINT('',(0.05842,-0.198326,-0.01143));
#3958=CARTESIAN_POINT('',(0.0639314300889477,-0.198326,-0.01143));
#3959=CARTESIAN_POINT('',(0.0639314300889477,-0.173942,-0.01143));
#3960=CARTESIAN_POINT('',(0.0495388791240512,-0.196342,-0.01143));
#3961=CARTESIAN_POINT('',(0.0501356603398036,-0.196342,-0.01143));
#3962=CARTESIAN_POINT('',(0.0512855817216578,-0.196633349314425,-0.01143));
#3963=CARTESIAN_POINT('',(0.0523717166335703,-0.197117913096618,-0.01143));
#3964=CARTESIAN_POINT('',(0.0529085699110523,-0.197358,-0.01143));
#3965=CARTESIAN_POINT('',(0.02875,-0.173942,0.00349));
#3966=CARTESIAN_POINT('',(0.0323473660215572,-0.173942,0.00707683115116195));
#3967=CARTESIAN_POINT('',(0.0323473660215572,-0.197358,0.00707683115116195));
#3968=CARTESIAN_POINT('',(0.0323473660215572,-0.198326,0.00707683115116195));
#3969=CARTESIAN_POINT('',(0.02875,-0.197358,0.00349));
#3970=CARTESIAN_POINT('',(0.02875,-0.198326,0.00349));
#3971=CARTESIAN_POINT('',(0.0408292849555262,-0.173942,-0.00143));
#3972=CARTESIAN_POINT('',(0.0493112038894951,-0.173942,-0.00993683115116194));
#3973=CARTESIAN_POINT('',(0.0493112038894951,-0.197358,-0.00993683115116194));
#3974=CARTESIAN_POINT('',(0.0493112038894951,-0.198326,-0.00993683115116194));
#3975=CARTESIAN_POINT('',(0.0323473660215572,-0.197358,0.00707683115116194));
#3976=CARTESIAN_POINT('',(0.0493112038894951,-0.198326,-0.00993683115116195));
#3977=CARTESIAN_POINT('',(0.0529085699110523,-0.173942,-0.00635));
#3978=CARTESIAN_POINT('',(0.0529085699110523,-0.197358,-0.00635));
#3979=CARTESIAN_POINT('',(0.0529085699110523,-0.198326,-0.00635));
#3980=CARTESIAN_POINT('',(0.0639314300889477,-0.173942,-0.00635));
#3981=CARTESIAN_POINT('',(0.0639314300889477,-0.198326,-0.00635));
#3982=CARTESIAN_POINT('',(0.0675287961105049,-0.198326,-0.00993683115116194));
#3983=CARTESIAN_POINT('',(0.0675287961105049,-0.173942,-0.00993683115116194));
#3984=CARTESIAN_POINT('',(0.0760107150444739,-0.173942,-0.00143));
#3985=CARTESIAN_POINT('',(0.0760107150444739,-0.198326,-0.00143));
#3986=CARTESIAN_POINT('',(0.0844926339784428,-0.198326,0.00707683115116194));
#3987=CARTESIAN_POINT('',(0.0844926339784428,-0.173942,0.00707683115116194));
#3988=CARTESIAN_POINT('',(0.08809,-0.173942,0.00349));
#3989=CARTESIAN_POINT('',(0.08809,-0.198326,0.00349));
#3990=CARTESIAN_POINT('',(0.05842,-0.096822,-0.00243));
#3991=CARTESIAN_POINT('',(0.05842,-0.096822,0.007554));
#3992=CARTESIAN_POINT('',(0.018336,-0.096822,0.007554));
#3993=CARTESIAN_POINT('',(0.098504,-0.096822,0.007554));
#3994=CARTESIAN_POINT('',(0.098504,-0.096822,-0.01343));
#3995=CARTESIAN_POINT('',(0.018336,-0.096822,0.00857));
#3996=CARTESIAN_POINT('',(0.0682246238836505,-0.112056979506218,0.006284));
#3997=CARTESIAN_POINT('',(0.0682246238836505,-0.112056979506218,0.00857));
#3998=CARTESIAN_POINT('',(0.0682246238836505,-0.113158086420385,0.006284));
#3999=CARTESIAN_POINT('',(0.0682246238836505,-0.113158086420385,0.00857));
#4000=CARTESIAN_POINT('',(0.0678088293271504,-0.114007528208248,0.006284));
#4001=CARTESIAN_POINT('',(0.0678088293271504,-0.114007528208248,0.00857));
#4002=CARTESIAN_POINT('',(0.0669772402141501,-0.114605304869809,0.006284));
#4003=CARTESIAN_POINT('',(0.0669772402141501,-0.114605304869809,0.00857));
#4004=CARTESIAN_POINT('',(0.0682246238836505,-0.112056979506218,0.006284));
#4005=CARTESIAN_POINT('',(0.0682246238836505,-0.112056979506218,0.006284));
#4006=CARTESIAN_POINT('',(0.0682246238836505,-0.112056979506218,0.006284));
#4007=CARTESIAN_POINT('',(0.0682246238836505,-0.113708639877468,0.006284));
#4008=CARTESIAN_POINT('',(0.0669772402141501,-0.114605304869809,0.006284));
#4009=CARTESIAN_POINT('',(0.0669772402141501,-0.114605304869809,0.006284));
#4010=CARTESIAN_POINT('',(0.0669772402141501,-0.114605304869809,0.006284));
#4011=CARTESIAN_POINT('',(0.0680086641070749,-0.110863153861308,0.006284));
#4012=CARTESIAN_POINT('',(0.0680086641070749,-0.110863153861308,0.00857));
#4013=CARTESIAN_POINT('',(0.0681526372914586,-0.111212144860254,0.006284));
#4014=CARTESIAN_POINT('',(0.0681526372914586,-0.111212144860254,0.00857));
#4015=CARTESIAN_POINT('',(0.0682246238836505,-0.111610086741891,0.006284));
#4016=CARTESIAN_POINT('',(0.0682246238836505,-0.111610086741891,0.00857));
#4017=CARTESIAN_POINT('',(0.0682246238836505,-0.112056979506218,0.006284));
#4018=CARTESIAN_POINT('',(0.0682246238836505,-0.112056979506218,0.00857));
#4019=CARTESIAN_POINT('',(0.0680086641070749,-0.110863153861308,0.006284));
#4020=CARTESIAN_POINT('',(0.0680086641070749,-0.110863153861308,0.006284));
#4021=CARTESIAN_POINT('',(0.0680086641070749,-0.110863153861308,0.006284));
#4022=CARTESIAN_POINT('',(0.0682246238836505,-0.111386640359727,0.006284));
#4023=CARTESIAN_POINT('',(0.0682246238836505,-0.112056979506218,0.006284));
#4024=CARTESIAN_POINT('',(0.0653590293124172,-0.11194761830394,0.00628399999999999));
#4025=CARTESIAN_POINT('',(0.0673987936980256,-0.109938846017565,0.006284));
#4026=CARTESIAN_POINT('',(0.0673987936980256,-0.109938846017565,0.006284));
#4027=CARTESIAN_POINT('',(0.0653590293124172,-0.11194761830394,0.006284));
#4028=CARTESIAN_POINT('',(0.0663241778497855,-0.109209765811846,0.006284));
#4029=CARTESIAN_POINT('',(0.0663241778497855,-0.109209765811846,0.00857));
#4030=CARTESIAN_POINT('',(0.066777981326963,-0.109428605052109,0.006284));
#4031=CARTESIAN_POINT('',(0.066777981326963,-0.109428605052109,0.00857));
#4032=CARTESIAN_POINT('',(0.0671361866097097,-0.109671631787349,0.006284));
#4033=CARTESIAN_POINT('',(0.0671361866097097,-0.109671631787349,0.00857));
#4034=CARTESIAN_POINT('',(0.0673987936980256,-0.109938846017565,0.006284));
#4035=CARTESIAN_POINT('',(0.0673987936980256,-0.109938846017565,0.00857));
#4036=CARTESIAN_POINT('',(0.0663241778497855,-0.109209765811846,0.006284));
#4037=CARTESIAN_POINT('',(0.0663241778497855,-0.109209765811846,0.006284));
#4038=CARTESIAN_POINT('',(0.0663241778497855,-0.109209765811846,0.006284));
#4039=CARTESIAN_POINT('',(0.0670048830655517,-0.10953802467224,0.006284));
#4040=CARTESIAN_POINT('',(0.0673987936980256,-0.109938846017565,0.006284));
#4041=CARTESIAN_POINT('',(0.0640989283119509,-0.108491051675402,0.006284));
#4042=CARTESIAN_POINT('',(0.0640989283119509,-0.108491051675402,0.00857));
#4043=CARTESIAN_POINT('',(0.0651286245266632,-0.108751355192768,0.006284));
#4044=CARTESIAN_POINT('',(0.0651286245266632,-0.108751355192768,0.00857));
#4045=CARTESIAN_POINT('',(0.0658703743726081,-0.108990926571582,0.006284));
#4046=CARTESIAN_POINT('',(0.0658703743726081,-0.108990926571582,0.00857));
#4047=CARTESIAN_POINT('',(0.0663241778497855,-0.109209765811846,0.006284));
#4048=CARTESIAN_POINT('',(0.0663241778497855,-0.109209765811846,0.00857));
#4049=CARTESIAN_POINT('',(0.0640989283119509,-0.108491051675402,0.006284));
#4050=CARTESIAN_POINT('',(0.0640989283119509,-0.108491051675402,0.006284));
#4051=CARTESIAN_POINT('',(0.0640989283119509,-0.108491051675402,0.006284));
#4052=CARTESIAN_POINT('',(0.0656434726340194,-0.108881506951451,0.006284));
#4053=CARTESIAN_POINT('',(0.0663241778497855,-0.109209765811846,0.006284));
#4054=CARTESIAN_POINT('',(0.0619600626847466,-0.107865632162439,0.006284));
#4055=CARTESIAN_POINT('',(0.0619600626847466,-0.107865632162439,0.00857));
#4056=CARTESIAN_POINT('',(0.0622986876144171,-0.108017667845149,0.006284));
#4057=CARTESIAN_POINT('',(0.0622986876144171,-0.108017667845149,0.00857));
#4058=CARTESIAN_POINT('',(0.0630116428234852,-0.108226141016136,0.006284));
#4059=CARTESIAN_POINT('',(0.0630116428234852,-0.108226141016136,0.00857));
#4060=CARTESIAN_POINT('',(0.0640989283119509,-0.108491051675402,0.006284));
#4061=CARTESIAN_POINT('',(0.0640989283119509,-0.108491051675402,0.00857));
#4062=CARTESIAN_POINT('',(0.0619600626847466,-0.107865632162439,0.006284));
#4063=CARTESIAN_POINT('',(0.0619600626847466,-0.107865632162439,0.006284));
#4064=CARTESIAN_POINT('',(0.0619600626847466,-0.107865632162439,0.006284));
#4065=CARTESIAN_POINT('',(0.0624680000792523,-0.108093685686503,0.006284));
#4066=CARTESIAN_POINT('',(0.0640989283119509,-0.108491051675402,0.006284));
#4067=CARTESIAN_POINT('',(0.0611929735583502,-0.107314502812618,0.006284));
#4068=CARTESIAN_POINT('',(0.0611929735583502,-0.107314502812618,0.00857));
#4069=CARTESIAN_POINT('',(0.0613657413796106,-0.107529886696457,0.006284));
#4070=CARTESIAN_POINT('',(0.0613657413796106,-0.107529886696457,0.00857));
#4071=CARTESIAN_POINT('',(0.0616214377550761,-0.10771359647973,0.006284));
#4072=CARTESIAN_POINT('',(0.0616214377550761,-0.10771359647973,0.00857));
#4073=CARTESIAN_POINT('',(0.0619600626847466,-0.107865632162439,0.006284));
#4074=CARTESIAN_POINT('',(0.0619600626847466,-0.107865632162439,0.00857));
#4075=CARTESIAN_POINT('',(0.0611929735583502,-0.107314502812618,0.006284));
#4076=CARTESIAN_POINT('',(0.0611929735583502,-0.107314502812618,0.006284));
#4077=CARTESIAN_POINT('',(0.0611929735583502,-0.107314502812618,0.006284));
#4078=CARTESIAN_POINT('',(0.0614521252902408,-0.107637578638376,0.006284));
#4079=CARTESIAN_POINT('',(0.0619600626847466,-0.107865632162439,0.006284));
#4080=CARTESIAN_POINT('',(0.0609338218264595,-0.106493855661631,0.006284));
#4081=CARTESIAN_POINT('',(0.0609338218264595,-0.106493855661631,0.00857));
#4082=CARTESIAN_POINT('',(0.0609338218264595,-0.106825569878451,0.006284));
#4083=CARTESIAN_POINT('',(0.0609338218264595,-0.106825569878451,0.00857));
#4084=CARTESIAN_POINT('',(0.0610202057370897,-0.10709911892878,0.006284));
#4085=CARTESIAN_POINT('',(0.0610202057370897,-0.10709911892878,0.00857));
#4086=CARTESIAN_POINT('',(0.0611929735583502,-0.107314502812618,0.006284));
#4087=CARTESIAN_POINT('',(0.0611929735583502,-0.107314502812618,0.00857));
#4088=CARTESIAN_POINT('',(0.0609338218264595,-0.106493855661631,0.006284));
#4089=CARTESIAN_POINT('',(0.0609338218264595,-0.106493855661631,0.006284));
#4090=CARTESIAN_POINT('',(0.0609338218264595,-0.106493855661631,0.006284));
#4091=CARTESIAN_POINT('',(0.0609338218264595,-0.106991426986861,0.006284));
#4092=CARTESIAN_POINT('',(0.0611929735583502,-0.107314502812618,0.006284));
#4093=CARTESIAN_POINT('',(0.0615609690176349,-0.105286208591021,0.006284));
#4094=CARTESIAN_POINT('',(0.0615609690176349,-0.105286208591021,0.00857));
#4095=CARTESIAN_POINT('',(0.0611428708901846,-0.105552271035762,0.006284));
#4096=CARTESIAN_POINT('',(0.0611428708901846,-0.105552271035762,0.00857));
#4097=CARTESIAN_POINT('',(0.0609338218264595,-0.105954820059299,0.006284));
#4098=CARTESIAN_POINT('',(0.0609338218264595,-0.105954820059299,0.00857));
#4099=CARTESIAN_POINT('',(0.0609338218264595,-0.106493855661631,0.006284));
#4100=CARTESIAN_POINT('',(0.0609338218264595,-0.106493855661631,0.00857));
#4101=CARTESIAN_POINT('',(0.0615609690176349,-0.105286208591021,0.006284));
#4102=CARTESIAN_POINT('',(0.0615609690176349,-0.105286208591021,0.006284));
#4103=CARTESIAN_POINT('',(0.0615609690176349,-0.105286208591021,0.006284));
#4104=CARTESIAN_POINT('',(0.0609338218264595,-0.105685302258132,0.006284));
#4105=CARTESIAN_POINT('',(0.0609338218264595,-0.106493855661631,0.006284));
#4106=CARTESIAN_POINT('',(0.063504607006815,-0.104887114923909,0.006284));
#4107=CARTESIAN_POINT('',(0.063504607006815,-0.104887114923909,0.00857));
#4108=CARTESIAN_POINT('',(0.0626269464748119,-0.104887114923909,0.006284));
#4109=CARTESIAN_POINT('',(0.0626269464748119,-0.104887114923909,0.00857));
#4110=CARTESIAN_POINT('',(0.0619790671450852,-0.10502014614628,0.006284));
#4111=CARTESIAN_POINT('',(0.0619790671450852,-0.10502014614628,0.00857));
#4112=CARTESIAN_POINT('',(0.0615609690176349,-0.105286208591021,0.006284));
#4113=CARTESIAN_POINT('',(0.0615609690176349,-0.105286208591021,0.00857));
#4114=CARTESIAN_POINT('',(0.063504607006815,-0.104887114923909,0.006284));
#4115=CARTESIAN_POINT('',(0.063504607006815,-0.104887114923909,0.006284));
#4116=CARTESIAN_POINT('',(0.063504607006815,-0.104887114923909,0.006284));
#4117=CARTESIAN_POINT('',(0.0621881162088104,-0.104887114923909,0.006284));
#4118=CARTESIAN_POINT('',(0.0615609690176349,-0.105286208591021,0.006284));
#4119=CARTESIAN_POINT('',(0.0653998700060422,-0.105301757694934,0.006284));
#4120=CARTESIAN_POINT('',(0.0653998700060422,-0.105301757694934,0.00857));
#4121=CARTESIAN_POINT('',(0.0649287897467387,-0.105025329180918,0.006284));
#4122=CARTESIAN_POINT('',(0.0649287897467387,-0.105025329180918,0.00857));
#4123=CARTESIAN_POINT('',(0.0642970354136629,-0.104887114923909,0.006284));
#4124=CARTESIAN_POINT('',(0.0642970354136629,-0.104887114923909,0.00857));
#4125=CARTESIAN_POINT('',(0.063504607006815,-0.104887114923909,0.006284));
#4126=CARTESIAN_POINT('',(0.063504607006815,-0.104887114923909,0.00857));
#4127=CARTESIAN_POINT('',(0.0653998700060422,-0.105301757694934,0.006284));
#4128=CARTESIAN_POINT('',(0.0653998700060422,-0.105301757694934,0.006284));
#4129=CARTESIAN_POINT('',(0.0653998700060422,-0.105301757694934,0.006284));
#4130=CARTESIAN_POINT('',(0.0646932496170869,-0.104887114923909,0.006284));
#4131=CARTESIAN_POINT('',(0.063504607006815,-0.104887114923909,0.006284));
#4132=CARTESIAN_POINT('',(0.0662688921469822,-0.106493855661631,0.006284));
#4133=CARTESIAN_POINT('',(0.0662688921469822,-0.106493855661631,0.00857));
#4134=CARTESIAN_POINT('',(0.0661606243123257,-0.10597555219785,0.006284));
#4135=CARTESIAN_POINT('',(0.0661606243123257,-0.10597555219785,0.00857));
#4136=CARTESIAN_POINT('',(0.0658709502653457,-0.105578186208951,0.006284));
#4137=CARTESIAN_POINT('',(0.0658709502653457,-0.105578186208951,0.00857));
#4138=CARTESIAN_POINT('',(0.0653998700060422,-0.105301757694934,0.006284));
#4139=CARTESIAN_POINT('',(0.0653998700060422,-0.105301757694934,0.00857));
#4140=CARTESIAN_POINT('',(0.0662688921469822,-0.106493855661631,0.006284));
#4141=CARTESIAN_POINT('',(0.0662688921469822,-0.106493855661631,0.006284));
#4142=CARTESIAN_POINT('',(0.0662688921469822,-0.106493855661631,0.006284));
#4143=CARTESIAN_POINT('',(0.0661064903949974,-0.105716400465959,0.006284));
#4144=CARTESIAN_POINT('',(0.0653998700060422,-0.105301757694934,0.006284));
#4145=CARTESIAN_POINT('',(0.0671430973225601,-0.10638673961245,0.006284));
#4146=CARTESIAN_POINT('',(0.068017302498138,-0.106279623563268,0.006284));
#4147=CARTESIAN_POINT('',(0.068017302498138,-0.106279623563268,0.006284));
#4148=CARTESIAN_POINT('',(0.0671430973225601,-0.10638673961245,0.006284));
#4149=CARTESIAN_POINT('',(0.0665781465470384,-0.104097565980749,0.006284));
#4150=CARTESIAN_POINT('',(0.0665781465470384,-0.104097565980749,0.00857));
#4151=CARTESIAN_POINT('',(0.0673371731751093,-0.104550217672451,0.006284));
#4152=CARTESIAN_POINT('',(0.0673371731751093,-0.104550217672451,0.00857));
#4153=CARTESIAN_POINT('',(0.0678168918254759,-0.105277570199958,0.006284));
#4154=CARTESIAN_POINT('',(0.0678168918254759,-0.105277570199958,0.00857));
#4155=CARTESIAN_POINT('',(0.068017302498138,-0.106279623563268,0.006284));
#4156=CARTESIAN_POINT('',(0.068017302498138,-0.106279623563268,0.00857));
#4157=CARTESIAN_POINT('',(0.0665781465470384,-0.104097565980749,0.006284));
#4158=CARTESIAN_POINT('',(0.0665781465470384,-0.104097565980749,0.006284));
#4159=CARTESIAN_POINT('',(0.0665781465470384,-0.104097565980749,0.006284));
#4160=CARTESIAN_POINT('',(0.0677166864891448,-0.104776543518302,0.006284));
#4161=CARTESIAN_POINT('',(0.068017302498138,-0.106279623563268,0.006284));
#4162=CARTESIAN_POINT('',(0.063504607006815,-0.103418588443195,0.006284));
#4163=CARTESIAN_POINT('',(0.063504607006815,-0.103418588443195,0.00857));
#4164=CARTESIAN_POINT('',(0.0647946067388931,-0.103418588443195,0.006284));
#4165=CARTESIAN_POINT('',(0.0647946067388931,-0.103418588443195,0.00857));
#4166=CARTESIAN_POINT('',(0.0658191199189675,-0.103644914289047,0.006284));
#4167=CARTESIAN_POINT('',(0.0658191199189675,-0.103644914289047,0.00857));
#4168=CARTESIAN_POINT('',(0.0665781465470384,-0.104097565980749,0.006284));
#4169=CARTESIAN_POINT('',(0.0665781465470384,-0.104097565980749,0.00857));
#4170=CARTESIAN_POINT('',(0.063504607006815,-0.103418588443195,0.006284));
#4171=CARTESIAN_POINT('',(0.063504607006815,-0.103418588443195,0.006284));
#4172=CARTESIAN_POINT('',(0.063504607006815,-0.103418588443195,0.006284));
#4173=CARTESIAN_POINT('',(0.0654396066049321,-0.103418588443195,0.006284));
#4174=CARTESIAN_POINT('',(0.0665781465470384,-0.104097565980749,0.006284));
#4175=CARTESIAN_POINT('',(0.0601857371604017,-0.104254784698096,0.006284));
#4176=CARTESIAN_POINT('',(0.0601857371604017,-0.104254784698096,0.00857));
#4177=CARTESIAN_POINT('',(0.0609447637884726,-0.103697320528162,0.006284));
#4178=CARTESIAN_POINT('',(0.0609447637884726,-0.103697320528162,0.00857));
#4179=CARTESIAN_POINT('',(0.0620510537372771,-0.103418588443195,0.006284));
#4180=CARTESIAN_POINT('',(0.0620510537372771,-0.103418588443195,0.00857));
#4181=CARTESIAN_POINT('',(0.063504607006815,-0.103418588443195,0.006284));
#4182=CARTESIAN_POINT('',(0.063504607006815,-0.103418588443195,0.00857));
#4183=CARTESIAN_POINT('',(0.0601857371604017,-0.104254784698096,0.006284));
#4184=CARTESIAN_POINT('',(0.0601857371604017,-0.104254784698096,0.006284));
#4185=CARTESIAN_POINT('',(0.0601857371604017,-0.104254784698096,0.006284));
#4186=CARTESIAN_POINT('',(0.0613242771025081,-0.103418588443195,0.006284));
#4187=CARTESIAN_POINT('',(0.063504607006815,-0.103418588443195,0.006284));
#4188=CARTESIAN_POINT('',(0.0590471972182954,-0.106687355621443,0.006284));
#4189=CARTESIAN_POINT('',(0.0590471972182954,-0.106687355621443,0.00857));
#4190=CARTESIAN_POINT('',(0.0590471972182954,-0.105623105842479,0.006284));
#4191=CARTESIAN_POINT('',(0.0590471972182954,-0.105623105842479,0.00857));
#4192=CARTESIAN_POINT('',(0.0594267105323308,-0.10481224886803,0.006284));
#4193=CARTESIAN_POINT('',(0.0594267105323308,-0.10481224886803,0.00857));
#4194=CARTESIAN_POINT('',(0.0601857371604017,-0.104254784698096,0.006284));
#4195=CARTESIAN_POINT('',(0.0601857371604017,-0.104254784698096,0.00857));
#4196=CARTESIAN_POINT('',(0.0590471972182954,-0.106687355621443,0.006284));
#4197=CARTESIAN_POINT('',(0.0590471972182954,-0.106687355621443,0.006284));
#4198=CARTESIAN_POINT('',(0.0590471972182954,-0.106687355621443,0.006284));
#4199=CARTESIAN_POINT('',(0.0590471972182954,-0.105090980952996,0.006284));
#4200=CARTESIAN_POINT('',(0.0601857371604017,-0.104254784698096,0.006284));
#4201=CARTESIAN_POINT('',(0.059446290885407,-0.108145516032881,0.006284));
#4202=CARTESIAN_POINT('',(0.059446290885407,-0.108145516032881,0.00857));
#4203=CARTESIAN_POINT('',(0.0591802284406659,-0.107749301829457,0.006284));
#4204=CARTESIAN_POINT('',(0.0591802284406659,-0.107749301829457,0.00857));
#4205=CARTESIAN_POINT('',(0.0590471972182954,-0.107263248358978,0.006284));
#4206=CARTESIAN_POINT('',(0.0590471972182954,-0.107263248358978,0.00857));
#4207=CARTESIAN_POINT('',(0.0590471972182954,-0.106687355621443,0.006284));
#4208=CARTESIAN_POINT('',(0.0590471972182954,-0.106687355621443,0.00857));
#4209=CARTESIAN_POINT('',(0.059446290885407,-0.108145516032881,0.006284));
#4210=CARTESIAN_POINT('',(0.059446290885407,-0.108145516032881,0.006284));
#4211=CARTESIAN_POINT('',(0.059446290885407,-0.108145516032881,0.006284));
#4212=CARTESIAN_POINT('',(0.0590471972182954,-0.107551194727745,0.006284));
#4213=CARTESIAN_POINT('',(0.0590471972182954,-0.106687355621443,0.006284));
#4214=CARTESIAN_POINT('',(0.0605520049414739,-0.109156207787255,0.006284));
#4215=CARTESIAN_POINT('',(0.0605520049414739,-0.109156207787255,0.00857));
#4216=CARTESIAN_POINT('',(0.0600809246821704,-0.108878627487763,0.006284));
#4217=CARTESIAN_POINT('',(0.0600809246821704,-0.108878627487763,0.00857));
#4218=CARTESIAN_POINT('',(0.0597123533301481,-0.108541730236305,0.006284));
#4219=CARTESIAN_POINT('',(0.0597123533301481,-0.108541730236305,0.00857));
#4220=CARTESIAN_POINT('',(0.059446290885407,-0.108145516032881,0.006284));
#4221=CARTESIAN_POINT('',(0.059446290885407,-0.108145516032881,0.00857));
#4222=CARTESIAN_POINT('',(0.0605520049414739,-0.109156207787255,0.006284));
#4223=CARTESIAN_POINT('',(0.0605520049414739,-0.109156207787255,0.006284));
#4224=CARTESIAN_POINT('',(0.0605520049414739,-0.109156207787255,0.006284));
#4225=CARTESIAN_POINT('',(0.0598453845525187,-0.108739837338017,0.006284));
#4226=CARTESIAN_POINT('',(0.059446290885407,-0.108145516032881,0.006284));
#4227=CARTESIAN_POINT('',(0.0629344731966555,-0.110004497789644,0.006284));
#4228=CARTESIAN_POINT('',(0.0629344731966555,-0.110004497789644,0.00857));
#4229=CARTESIAN_POINT('',(0.0618172412858379,-0.109716551420876,0.006284));
#4230=CARTESIAN_POINT('',(0.0618172412858379,-0.109716551420876,0.00857));
#4231=CARTESIAN_POINT('',(0.0610230852007774,-0.109433788086747,0.006284));
#4232=CARTESIAN_POINT('',(0.0610230852007774,-0.109433788086747,0.00857));
#4233=CARTESIAN_POINT('',(0.0605520049414739,-0.109156207787255,0.006284));
#4234=CARTESIAN_POINT('',(0.0605520049414739,-0.109156207787255,0.00857));
#4235=CARTESIAN_POINT('',(0.0629344731966555,-0.110004497789644,0.006284));
#4236=CARTESIAN_POINT('',(0.0629344731966555,-0.110004497789644,0.006284));
#4237=CARTESIAN_POINT('',(0.0629344731966555,-0.110004497789644,0.006284));
#4238=CARTESIAN_POINT('',(0.0612586253304291,-0.109572578236493,0.006284));
#4239=CARTESIAN_POINT('',(0.0605520049414739,-0.109156207787255,0.006284));
#4240=CARTESIAN_POINT('',(0.0636307275163351,-0.11018763168018,0.006284));
#4241=CARTESIAN_POINT('',(0.0643269818360147,-0.110370765570716,0.006284));
#4242=CARTESIAN_POINT('',(0.0643269818360147,-0.110370765570716,0.006284));
#4243=CARTESIAN_POINT('',(0.0636307275163351,-0.11018763168018,0.006284));
#4244=CARTESIAN_POINT('',(0.0658594324105949,-0.111082568994309,0.006284));
#4245=CARTESIAN_POINT('',(0.0658594324105949,-0.111082568994309,0.00857));
#4246=CARTESIAN_POINT('',(0.0655426914049508,-0.110794622625542,0.006284));
#4247=CARTESIAN_POINT('',(0.0655426914049508,-0.110794622625542,0.00857));
#4248=CARTESIAN_POINT('',(0.0650318745467574,-0.110557354817677,0.006284));
#4249=CARTESIAN_POINT('',(0.0650318745467574,-0.110557354817677,0.00857));
#4250=CARTESIAN_POINT('',(0.0643269818360147,-0.110370765570716,0.006284));
#4251=CARTESIAN_POINT('',(0.0643269818360147,-0.110370765570716,0.00857));
#4252=CARTESIAN_POINT('',(0.0658594324105949,-0.111082568994309,0.006284));
#4253=CARTESIAN_POINT('',(0.0658594324105949,-0.111082568994309,0.006284));
#4254=CARTESIAN_POINT('',(0.0658594324105949,-0.111082568994309,0.006284));
#4255=CARTESIAN_POINT('',(0.0653843209021287,-0.110650649441158,0.006284));
#4256=CARTESIAN_POINT('',(0.0643269818360147,-0.110370765570716,0.006284));
#4257=CARTESIAN_POINT('',(0.0663345439190612,-0.112205559832502,0.006284));
#4258=CARTESIAN_POINT('',(0.0663345439190612,-0.112205559832502,0.00857));
#4259=CARTESIAN_POINT('',(0.0663345439190612,-0.111744845642474,0.006284));
#4260=CARTESIAN_POINT('',(0.0663345439190612,-0.111744845642474,0.00857));
#4261=CARTESIAN_POINT('',(0.0661761734162391,-0.111370515363076,0.006284));
#4262=CARTESIAN_POINT('',(0.0661761734162391,-0.111370515363076,0.00857));
#4263=CARTESIAN_POINT('',(0.0658594324105949,-0.111082568994309,0.006284));
#4264=CARTESIAN_POINT('',(0.0658594324105949,-0.111082568994309,0.00857));
#4265=CARTESIAN_POINT('',(0.0663345439190612,-0.112205559832502,0.006284));
#4266=CARTESIAN_POINT('',(0.0663345439190612,-0.112205559832502,0.006284));
#4267=CARTESIAN_POINT('',(0.0663345439190612,-0.112205559832502,0.006284));
#4268=CARTESIAN_POINT('',(0.0663345439190612,-0.11151448854746,0.006284));
#4269=CARTESIAN_POINT('',(0.0658594324105949,-0.111082568994309,0.006284));
#4270=CARTESIAN_POINT('',(0.0656486556686572,-0.113566970264034,0.006284));
#4271=CARTESIAN_POINT('',(0.0656486556686572,-0.113566970264034,0.00857));
#4272=CARTESIAN_POINT('',(0.0661059145022599,-0.113265202469566,0.006284));
#4273=CARTESIAN_POINT('',(0.0661059145022599,-0.113265202469566,0.00857));
#4274=CARTESIAN_POINT('',(0.0663345439190612,-0.112811398992389,0.006284));
#4275=CARTESIAN_POINT('',(0.0663345439190612,-0.112811398992389,0.00857));
#4276=CARTESIAN_POINT('',(0.0663345439190612,-0.112205559832502,0.006284));
#4277=CARTESIAN_POINT('',(0.0663345439190612,-0.112205559832502,0.00857));
#4278=CARTESIAN_POINT('',(0.0656486556686572,-0.113566970264034,0.006284));
#4279=CARTESIAN_POINT('',(0.0656486556686572,-0.113566970264034,0.006284));
#4280=CARTESIAN_POINT('',(0.0656486556686572,-0.113566970264034,0.006284));
#4281=CARTESIAN_POINT('',(0.0663345439190612,-0.113114318572332,0.006284));
#4282=CARTESIAN_POINT('',(0.0663345439190612,-0.112205559832502,0.006284));
#4283=CARTESIAN_POINT('',(0.0634838748682638,-0.114019621955737,0.006284));
#4284=CARTESIAN_POINT('',(0.0634838748682638,-0.114019621955737,0.00857));
#4285=CARTESIAN_POINT('',(0.0644698032349234,-0.114019621955737,0.006284));
#4286=CARTESIAN_POINT('',(0.0644698032349234,-0.114019621955737,0.00857));
#4287=CARTESIAN_POINT('',(0.0651913968350545,-0.113868738058502,0.006284));
#4288=CARTESIAN_POINT('',(0.0651913968350545,-0.113868738058502,0.00857));
#4289=CARTESIAN_POINT('',(0.0656486556686572,-0.113566970264034,0.006284));
#4290=CARTESIAN_POINT('',(0.0656486556686572,-0.113566970264034,0.00857));
#4291=CARTESIAN_POINT('',(0.0634838748682638,-0.114019621955737,0.006284));
#4292=CARTESIAN_POINT('',(0.0634838748682638,-0.114019621955737,0.006284));
#4293=CARTESIAN_POINT('',(0.0634838748682638,-0.114019621955737,0.006284));
#4294=CARTESIAN_POINT('',(0.0649627674182532,-0.114019621955737,0.006284));
#4295=CARTESIAN_POINT('',(0.0656486556686572,-0.113566970264034,0.006284));
#4296=CARTESIAN_POINT('',(0.0613242771025081,-0.113582519367948,0.006284));
#4297=CARTESIAN_POINT('',(0.0613242771025081,-0.113582519367948,0.00857));
#4298=CARTESIAN_POINT('',(0.0618425805662894,-0.11387392109314,0.006284));
#4299=CARTESIAN_POINT('',(0.0618425805662894,-0.11387392109314,0.00857));
#4300=CARTESIAN_POINT('',(0.062562446488208,-0.114019621955737,0.006284));
#4301=CARTESIAN_POINT('',(0.062562446488208,-0.114019621955737,0.00857));
#4302=CARTESIAN_POINT('',(0.0634838748682638,-0.114019621955737,0.006284));
#4303=CARTESIAN_POINT('',(0.0634838748682638,-0.114019621955737,0.00857));
#4304=CARTESIAN_POINT('',(0.0613242771025081,-0.113582519367948,0.006284));
#4305=CARTESIAN_POINT('',(0.0613242771025081,-0.113582519367948,0.006284));
#4306=CARTESIAN_POINT('',(0.0613242771025081,-0.113582519367948,0.006284));
#4307=CARTESIAN_POINT('',(0.0621017322981801,-0.114019621955737,0.006284));
#4308=CARTESIAN_POINT('',(0.0634838748682638,-0.114019621955737,0.006284));
#4309=CARTESIAN_POINT('',(0.0602980362442211,-0.112205559832502,0.006284));
#4310=CARTESIAN_POINT('',(0.0602980362442211,-0.112205559832502,0.00857));
#4311=CARTESIAN_POINT('',(0.0604638933526311,-0.11283213113094,0.006284));
#4312=CARTESIAN_POINT('',(0.0604638933526311,-0.11283213113094,0.00857));
#4313=CARTESIAN_POINT('',(0.0608059736387268,-0.113291117642755,0.006284));
#4314=CARTESIAN_POINT('',(0.0608059736387268,-0.113291117642755,0.00857));
#4315=CARTESIAN_POINT('',(0.0613242771025081,-0.113582519367948,0.006284));
#4316=CARTESIAN_POINT('',(0.0613242771025081,-0.113582519367948,0.00857));
#4317=CARTESIAN_POINT('',(0.0602980362442211,-0.112205559832502,0.006284));
#4318=CARTESIAN_POINT('',(0.0602980362442211,-0.112205559832502,0.006284));
#4319=CARTESIAN_POINT('',(0.0602980362442211,-0.112205559832502,0.006284));
#4320=CARTESIAN_POINT('',(0.0605468219068361,-0.113145416780159,0.006284));
#4321=CARTESIAN_POINT('',(0.0613242771025081,-0.113582519367948,0.006284));
#4322=CARTESIAN_POINT('',(0.0594393801725566,-0.112373144619124,0.006284));
#4323=CARTESIAN_POINT('',(0.0585807241008921,-0.112540729405747,0.006284));
#4324=CARTESIAN_POINT('',(0.0585807241008921,-0.112540729405747,0.006284));
#4325=CARTESIAN_POINT('',(0.0594393801725566,-0.112373144619124,0.006284));
#4326=CARTESIAN_POINT('',(0.0601200853883228,-0.114783255725708,0.006284));
#4327=CARTESIAN_POINT('',(0.0601200853883228,-0.114783255725708,0.00857));
#4328=CARTESIAN_POINT('',(0.0593311123379001,-0.114304112968079,0.006284));
#4329=CARTESIAN_POINT('',(0.0593311123379001,-0.114304112968079,0.00857));
#4330=CARTESIAN_POINT('',(0.0588179919087565,-0.113556604194759,0.006284));
#4331=CARTESIAN_POINT('',(0.0588179919087565,-0.113556604194759,0.00857));
#4332=CARTESIAN_POINT('',(0.0585807241008922,-0.112540729405747,0.006284));
#4333=CARTESIAN_POINT('',(0.0585807241008922,-0.112540729405747,0.00857));
#4334=CARTESIAN_POINT('',(0.0601200853883228,-0.114783255725708,0.006284));
#4335=CARTESIAN_POINT('',(0.0601200853883228,-0.114783255725708,0.006284));
#4336=CARTESIAN_POINT('',(0.0601200853883228,-0.114783255725708,0.006284));
#4337=CARTESIAN_POINT('',(0.0589366258126887,-0.114064541589264,0.006284));
#4338=CARTESIAN_POINT('',(0.0585807241008922,-0.112540729405747,0.006284));
#4339=CARTESIAN_POINT('',(0.0634838748682638,-0.115501969862151,0.006284));
#4340=CARTESIAN_POINT('',(0.0634838748682638,-0.115501969862151,0.00857));
#4341=CARTESIAN_POINT('',(0.0620303215987259,-0.115501969862151,0.006284));
#4342=CARTESIAN_POINT('',(0.0620303215987259,-0.115501969862151,0.00857));
#4343=CARTESIAN_POINT('',(0.0609090584387455,-0.115262398483337,0.006284));
#4344=CARTESIAN_POINT('',(0.0609090584387455,-0.115262398483337,0.00857));
#4345=CARTESIAN_POINT('',(0.0601200853883228,-0.114783255725708,0.006284));
#4346=CARTESIAN_POINT('',(0.0601200853883228,-0.114783255725708,0.00857));
#4347=CARTESIAN_POINT('',(0.0634838748682638,-0.115501969862151,0.006284));
#4348=CARTESIAN_POINT('',(0.0634838748682638,-0.115501969862151,0.006284));
#4349=CARTESIAN_POINT('',(0.0634838748682638,-0.115501969862151,0.006284));
#4350=CARTESIAN_POINT('',(0.0613035449639569,-0.115501969862151,0.006284));
#4351=CARTESIAN_POINT('',(0.0601200853883228,-0.114783255725708,0.006284));
#4352=CARTESIAN_POINT('',(0.0669772402141501,-0.114605304869809,0.006284));
#4353=CARTESIAN_POINT('',(0.0669772402141501,-0.114605304869809,0.00857));
#4354=CARTESIAN_POINT('',(0.0661456511011498,-0.115203081531371,0.006284));
#4355=CARTESIAN_POINT('',(0.0661456511011498,-0.115203081531371,0.00857));
#4356=CARTESIAN_POINT('',(0.0649811959858543,-0.115501969862151,0.006284));
#4357=CARTESIAN_POINT('',(0.0649811959858543,-0.115501969862151,0.00857));
#4358=CARTESIAN_POINT('',(0.0634838748682638,-0.115501969862151,0.006284));
#4359=CARTESIAN_POINT('',(0.0634838748682638,-0.115501969862151,0.00857));
#4360=CARTESIAN_POINT('',(0.0669772402141501,-0.114605304869809,0.006284));
#4361=CARTESIAN_POINT('',(0.0657298565446496,-0.115501969862151,0.006284));
#4362=CARTESIAN_POINT('',(0.0634838748682638,-0.115501969862151,0.006284));
#4363=CARTESIAN_POINT('',(0.05842,-0.148082,0.006284));
#4364=CARTESIAN_POINT('',(0.0505815739765333,-0.114043809450713,0.006284));
#4365=CARTESIAN_POINT('',(0.0505815739765333,-0.114043809450713,0.00857));
#4366=CARTESIAN_POINT('',(0.0512933774001264,-0.114043809450713,0.006284));
#4367=CARTESIAN_POINT('',(0.0512933774001264,-0.114043809450713,0.00857));
#4368=CARTESIAN_POINT('',(0.0519268594114147,-0.113881407698728,0.006284));
#4369=CARTESIAN_POINT('',(0.0519268594114147,-0.113881407698728,0.00857));
#4370=CARTESIAN_POINT('',(0.0524820200103982,-0.113556604194759,0.006284));
#4371=CARTESIAN_POINT('',(0.0524820200103982,-0.113556604194759,0.00857));
#4372=CARTESIAN_POINT('',(0.0505815739765333,-0.114043809450713,0.00857));
#4373=CARTESIAN_POINT('',(0.0516492791119229,-0.114043809450713,0.00857));
#4374=CARTESIAN_POINT('',(0.0524820200103982,-0.113556604194759,0.00857));
#4375=CARTESIAN_POINT('',(0.0505815739765333,-0.114043809450713,0.00857));
#4376=CARTESIAN_POINT('',(0.0524820200103982,-0.113556604194759,0.00857));
#4377=CARTESIAN_POINT('',(0.0505815739765333,-0.114043809450713,0.006284));
#4378=CARTESIAN_POINT('',(0.0505815739765333,-0.114043809450713,0.006284));
#4379=CARTESIAN_POINT('',(0.0505815739765333,-0.114043809450713,0.006284));
#4380=CARTESIAN_POINT('',(0.0516492791119229,-0.114043809450713,0.006284));
#4381=CARTESIAN_POINT('',(0.0524820200103982,-0.113556604194759,0.006284));
#4382=CARTESIAN_POINT('',(0.0524820200103982,-0.113556604194759,0.006284));
#4383=CARTESIAN_POINT('',(0.0524820200103982,-0.113556604194759,0.006284));
#4384=CARTESIAN_POINT('',(0.0491182305304573,-0.113525505986932,0.006284));
#4385=CARTESIAN_POINT('',(0.0491182305304573,-0.113525505986932,0.00857));
#4386=CARTESIAN_POINT('',(0.049460310816553,-0.113871041629453,0.006284));
#4387=CARTESIAN_POINT('',(0.049460310816553,-0.113871041629453,0.00857));
#4388=CARTESIAN_POINT('',(0.049948091965245,-0.114043809450713,0.006284));
#4389=CARTESIAN_POINT('',(0.049948091965245,-0.114043809450713,0.00857));
#4390=CARTESIAN_POINT('',(0.0505815739765333,-0.114043809450713,0.006284));
#4391=CARTESIAN_POINT('',(0.0505815739765333,-0.114043809450713,0.00857));
#4392=CARTESIAN_POINT('',(0.0491182305304573,-0.113525505986932,0.00857));
#4393=CARTESIAN_POINT('',(0.0496313509596008,-0.114043809450713,0.00857));
#4394=CARTESIAN_POINT('',(0.0505815739765333,-0.114043809450713,0.00857));
#4395=CARTESIAN_POINT('',(0.0491182305304573,-0.113525505986932,0.00857));
#4396=CARTESIAN_POINT('',(0.0491182305304573,-0.113525505986932,0.006284));
#4397=CARTESIAN_POINT('',(0.0491182305304573,-0.113525505986932,0.006284));
#4398=CARTESIAN_POINT('',(0.0491182305304573,-0.113525505986932,0.006284));
#4399=CARTESIAN_POINT('',(0.0496313509596008,-0.114043809450713,0.006284));
#4400=CARTESIAN_POINT('',(0.0505815739765333,-0.114043809450713,0.006284));
#4401=CARTESIAN_POINT('',(0.0486051101013137,-0.112056979506218,0.006284));
#4402=CARTESIAN_POINT('',(0.0486051101013137,-0.112056979506218,0.00857));
#4403=CARTESIAN_POINT('',(0.0486051101013137,-0.112690461517506,0.006284));
#4404=CARTESIAN_POINT('',(0.0486051101013137,-0.112690461517506,0.00857));
#4405=CARTESIAN_POINT('',(0.0487761502443616,-0.113179970344411,0.006284));
#4406=CARTESIAN_POINT('',(0.0487761502443616,-0.113179970344411,0.00857));
#4407=CARTESIAN_POINT('',(0.0491182305304573,-0.113525505986932,0.006284));
#4408=CARTESIAN_POINT('',(0.0491182305304573,-0.113525505986932,0.00857));
#4409=CARTESIAN_POINT('',(0.0486051101013137,-0.112056979506218,0.00857));
#4410=CARTESIAN_POINT('',(0.0486051101013137,-0.11300720252315,0.00857));
#4411=CARTESIAN_POINT('',(0.0491182305304573,-0.113525505986932,0.00857));
#4412=CARTESIAN_POINT('',(0.0486051101013137,-0.112056979506218,0.00857));
#4413=CARTESIAN_POINT('',(0.0486051101013137,-0.112056979506218,0.006284));
#4414=CARTESIAN_POINT('',(0.0486051101013137,-0.112056979506218,0.006284));
#4415=CARTESIAN_POINT('',(0.0486051101013137,-0.112056979506218,0.006284));
#4416=CARTESIAN_POINT('',(0.0486051101013137,-0.11300720252315,0.006284));
#4417=CARTESIAN_POINT('',(0.0491182305304573,-0.113525505986932,0.006284));
#4418=CARTESIAN_POINT('',(0.0489834716298741,-0.110640283371882,0.006284));
#4419=CARTESIAN_POINT('',(0.0489834716298741,-0.110640283371882,0.00857));
#4420=CARTESIAN_POINT('',(0.0487312306108338,-0.110999640440104,0.006284));
#4421=CARTESIAN_POINT('',(0.0487312306108338,-0.110999640440104,0.00857));
#4422=CARTESIAN_POINT('',(0.0486051101013137,-0.111471872484883,0.006284));
#4423=CARTESIAN_POINT('',(0.0486051101013137,-0.111471872484883,0.00857));
#4424=CARTESIAN_POINT('',(0.0486051101013137,-0.112056979506218,0.006284));
#4425=CARTESIAN_POINT('',(0.0486051101013137,-0.112056979506218,0.00857));
#4426=CARTESIAN_POINT('',(0.0489834716298741,-0.110640283371882,0.00857));
#4427=CARTESIAN_POINT('',(0.0486051101013137,-0.111179318974215,0.00857));
#4428=CARTESIAN_POINT('',(0.0486051101013137,-0.112056979506218,0.00857));
#4429=CARTESIAN_POINT('',(0.0489834716298741,-0.110640283371882,0.00857));
#4430=CARTESIAN_POINT('',(0.0489834716298741,-0.110640283371882,0.006284));
#4431=CARTESIAN_POINT('',(0.0489834716298741,-0.110640283371882,0.006284));
#4432=CARTESIAN_POINT('',(0.0489834716298741,-0.110640283371882,0.006284));
#4433=CARTESIAN_POINT('',(0.0486051101013137,-0.111179318974215,0.006284));
#4434=CARTESIAN_POINT('',(0.0486051101013137,-0.112056979506218,0.006284));
#4435=CARTESIAN_POINT('',(0.0500684535473898,-0.109842096037659,0.006284));
#4436=CARTESIAN_POINT('',(0.0500684535473898,-0.109842096037659,0.00857));
#4437=CARTESIAN_POINT('',(0.0495973732880863,-0.110014863858919,0.006284));
#4438=CARTESIAN_POINT('',(0.0495973732880863,-0.110014863858919,0.00857));
#4439=CARTESIAN_POINT('',(0.0492357126489144,-0.11028092630366,0.006284));
#4440=CARTESIAN_POINT('',(0.0492357126489144,-0.11028092630366,0.00857));
#4441=CARTESIAN_POINT('',(0.0489834716298741,-0.110640283371882,0.006284));
#4442=CARTESIAN_POINT('',(0.0489834716298741,-0.110640283371882,0.00857));
#4443=CARTESIAN_POINT('',(0.0500684535473898,-0.109842096037659,0.00857));
#4444=CARTESIAN_POINT('',(0.0493618331584345,-0.11010124776955,0.00857));
#4445=CARTESIAN_POINT('',(0.0489834716298741,-0.110640283371882,0.00857));
#4446=CARTESIAN_POINT('',(0.0500684535473898,-0.109842096037659,0.00857));
#4447=CARTESIAN_POINT('',(0.0500684535473898,-0.109842096037659,0.006284));
#4448=CARTESIAN_POINT('',(0.0500684535473898,-0.109842096037659,0.006284));
#4449=CARTESIAN_POINT('',(0.0500684535473898,-0.109842096037659,0.006284));
#4450=CARTESIAN_POINT('',(0.0493618331584345,-0.11010124776955,0.006284));
#4451=CARTESIAN_POINT('',(0.0489834716298741,-0.110640283371882,0.006284));
#4452=CARTESIAN_POINT('',(0.052146850437153,-0.109562212167217,0.006284));
#4453=CARTESIAN_POINT('',(0.052146850437153,-0.109562212167217,0.00857));
#4454=CARTESIAN_POINT('',(0.0512323327699477,-0.109576033592918,0.006284));
#4455=CARTESIAN_POINT('',(0.0512323327699477,-0.109576033592918,0.00857));
#4456=CARTESIAN_POINT('',(0.0505395338066933,-0.109669328216398,0.006284));
#4457=CARTESIAN_POINT('',(0.0505395338066933,-0.109669328216398,0.00857));
#4458=CARTESIAN_POINT('',(0.0500684535473898,-0.109842096037659,0.006284));
#4459=CARTESIAN_POINT('',(0.0500684535473898,-0.109842096037659,0.00857));
#4460=CARTESIAN_POINT('',(0.052146850437153,-0.109562212167217,0.00857));
#4461=CARTESIAN_POINT('',(0.050775073936345,-0.109582944305768,0.00857));
#4462=CARTESIAN_POINT('',(0.0500684535473898,-0.109842096037659,0.00857));
#4463=CARTESIAN_POINT('',(0.052146850437153,-0.109562212167217,0.00857));
#4464=CARTESIAN_POINT('',(0.052146850437153,-0.109562212167217,0.006284));
#4465=CARTESIAN_POINT('',(0.052146850437153,-0.109562212167217,0.006284));
#4466=CARTESIAN_POINT('',(0.052146850437153,-0.109562212167217,0.006284));
#4467=CARTESIAN_POINT('',(0.050775073936345,-0.109582944305768,0.006284));
#4468=CARTESIAN_POINT('',(0.0500684535473898,-0.109842096037659,0.006284));
#4469=CARTESIAN_POINT('',(0.0532111002161174,-0.109539752350453,0.006284));
#4470=CARTESIAN_POINT('',(0.0532111002161174,-0.109539752350453,0.00857));
#4471=CARTESIAN_POINT('',(0.0542753499950817,-0.109517292533689,0.00857));
#4472=CARTESIAN_POINT('',(0.0542753499950817,-0.109517292533689,0.006284));
#4473=CARTESIAN_POINT('',(0.0542753499950817,-0.109517292533689,0.006284));
#4474=CARTESIAN_POINT('',(0.0532111002161174,-0.109539752350453,0.006284));
#4475=CARTESIAN_POINT('',(0.0542753499950817,-0.109997587076793,0.006284));
#4476=CARTESIAN_POINT('',(0.0542753499950817,-0.109997587076793,0.00857));
#4477=CARTESIAN_POINT('',(0.0542753499950817,-0.110477881619897,0.00857));
#4478=CARTESIAN_POINT('',(0.0542753499950817,-0.110477881619897,0.006284));
#4479=CARTESIAN_POINT('',(0.0542753499950817,-0.110477881619897,0.006284));
#4480=CARTESIAN_POINT('',(0.0542753499950817,-0.109997587076793,0.006284));
#4481=CARTESIAN_POINT('',(0.0537950554519777,-0.112222836614628,0.006284));
#4482=CARTESIAN_POINT('',(0.0537950554519777,-0.112222836614628,0.00857));
#4483=CARTESIAN_POINT('',(0.054115251814047,-0.111658461731844,0.006284));
#4484=CARTESIAN_POINT('',(0.054115251814047,-0.111658461731844,0.00857));
#4485=CARTESIAN_POINT('',(0.0542753499950817,-0.111076810066934,0.006284));
#4486=CARTESIAN_POINT('',(0.0542753499950817,-0.111076810066934,0.00857));
#4487=CARTESIAN_POINT('',(0.0542753499950817,-0.110477881619897,0.006284));
#4488=CARTESIAN_POINT('',(0.0542753499950817,-0.110477881619897,0.00857));
#4489=CARTESIAN_POINT('',(0.0537950554519777,-0.112222836614628,0.00857));
#4490=CARTESIAN_POINT('',(0.0542753499950817,-0.111376274290452,0.00857));
#4491=CARTESIAN_POINT('',(0.0542753499950817,-0.110477881619897,0.00857));
#4492=CARTESIAN_POINT('',(0.0537950554519777,-0.112222836614628,0.00857));
#4493=CARTESIAN_POINT('',(0.0537950554519777,-0.112222836614628,0.006284));
#4494=CARTESIAN_POINT('',(0.0537950554519777,-0.112222836614628,0.006284));
#4495=CARTESIAN_POINT('',(0.0537950554519777,-0.112222836614628,0.006284));
#4496=CARTESIAN_POINT('',(0.0542753499950817,-0.111376274290452,0.006284));
#4497=CARTESIAN_POINT('',(0.0542753499950817,-0.110477881619897,0.006284));
#4498=CARTESIAN_POINT('',(0.0501392883541066,-0.115501969862151,0.006284));
#4499=CARTESIAN_POINT('',(0.0501392883541066,-0.115501969862151,0.00857));
#4500=CARTESIAN_POINT('',(0.0489644671695355,-0.115501969862151,0.006284));
#4501=CARTESIAN_POINT('',(0.0489644671695355,-0.115501969862151,0.00857));
#4502=CARTESIAN_POINT('',(0.0480821994956321,-0.115192139569357,0.006284));
#4503=CARTESIAN_POINT('',(0.0480821994956321,-0.115192139569357,0.00857));
#4504=CARTESIAN_POINT('',(0.0474924853323964,-0.11457247898377,0.006284));
#4505=CARTESIAN_POINT('',(0.0474924853323964,-0.11457247898377,0.00857));
#4506=CARTESIAN_POINT('',(0.0501392883541066,-0.115501969862151,0.006284));
#4507=CARTESIAN_POINT('',(0.0501392883541066,-0.115501969862151,0.006284));
#4508=CARTESIAN_POINT('',(0.0501392883541066,-0.115501969862151,0.006284));
#4509=CARTESIAN_POINT('',(0.0483770565772499,-0.115501969862151,0.006284));
#4510=CARTESIAN_POINT('',(0.0474924853323964,-0.11457247898377,0.006284));
#4511=CARTESIAN_POINT('',(0.0474924853323964,-0.11457247898377,0.006284));
#4512=CARTESIAN_POINT('',(0.0474924853323964,-0.11457247898377,0.006284));
#4513=CARTESIAN_POINT('',(0.0525407610696268,-0.114945657477693,0.006284));
#4514=CARTESIAN_POINT('',(0.0525407610696268,-0.114945657477693,0.00857));
#4515=CARTESIAN_POINT('',(0.051881939777887,-0.115316532400665,0.006284));
#4516=CARTESIAN_POINT('',(0.051881939777887,-0.115316532400665,0.00857));
#4517=CARTESIAN_POINT('',(0.0510814488727136,-0.115501969862151,0.006284));
#4518=CARTESIAN_POINT('',(0.0510814488727136,-0.115501969862151,0.00857));
#4519=CARTESIAN_POINT('',(0.0501392883541066,-0.115501969862151,0.006284));
#4520=CARTESIAN_POINT('',(0.0501392883541066,-0.115501969862151,0.00857));
#4521=CARTESIAN_POINT('',(0.0525407610696268,-0.114945657477693,0.006284));
#4522=CARTESIAN_POINT('',(0.0525407610696268,-0.114945657477693,0.006284));
#4523=CARTESIAN_POINT('',(0.0525407610696268,-0.114945657477693,0.006284));
#4524=CARTESIAN_POINT('',(0.0515525291320171,-0.115501969862151,0.006284));
#4525=CARTESIAN_POINT('',(0.0501392883541066,-0.115501969862151,0.006284));
#4526=CARTESIAN_POINT('',(0.0542753499950817,-0.113048666800253,0.006284));
#4527=CARTESIAN_POINT('',(0.0542753499950817,-0.113048666800253,0.00857));
#4528=CARTESIAN_POINT('',(0.0537777786698516,-0.113942452328907,0.006284));
#4529=CARTESIAN_POINT('',(0.0537777786698516,-0.113942452328907,0.00857));
#4530=CARTESIAN_POINT('',(0.0531995823613667,-0.11457478255472,0.006284));
#4531=CARTESIAN_POINT('',(0.0531995823613667,-0.11457478255472,0.00857));
#4532=CARTESIAN_POINT('',(0.0525407610696268,-0.114945657477693,0.006284));
#4533=CARTESIAN_POINT('',(0.0525407610696268,-0.114945657477693,0.00857));
#4534=CARTESIAN_POINT('',(0.0542753499950817,-0.113048666800253,0.006284));
#4535=CARTESIAN_POINT('',(0.0542753499950817,-0.113048666800253,0.006284));
#4536=CARTESIAN_POINT('',(0.0542753499950817,-0.113048666800253,0.006284));
#4537=CARTESIAN_POINT('',(0.0535289930072366,-0.114389345093234,0.006284));
#4538=CARTESIAN_POINT('',(0.0525407610696268,-0.114945657477693,0.006284));
#4539=CARTESIAN_POINT('',(0.0543064482029086,-0.113048666800253,0.006284));
#4540=CARTESIAN_POINT('',(0.0543375464107355,-0.113048666800253,0.006284));
#4541=CARTESIAN_POINT('',(0.0543375464107355,-0.113048666800253,0.006284));
#4542=CARTESIAN_POINT('',(0.0543064482029086,-0.113048666800253,0.006284));
#4543=CARTESIAN_POINT('',(0.0548955864734067,-0.11482472000281,0.006284));
#4544=CARTESIAN_POINT('',(0.0548955864734067,-0.11482472000281,0.00857));
#4545=CARTESIAN_POINT('',(0.0545673276130118,-0.114446934366987,0.006284));
#4546=CARTESIAN_POINT('',(0.0545673276130118,-0.114446934366987,0.00857));
#4547=CARTESIAN_POINT('',(0.0543813142587881,-0.113854916632802,0.006284));
#4548=CARTESIAN_POINT('',(0.0543813142587881,-0.113854916632802,0.00857));
#4549=CARTESIAN_POINT('',(0.0543375464107355,-0.113048666800253,0.006284));
#4550=CARTESIAN_POINT('',(0.0543375464107355,-0.113048666800253,0.00857));
#4551=CARTESIAN_POINT('',(0.0548955864734067,-0.11482472000281,0.006284));
#4552=CARTESIAN_POINT('',(0.0548955864734067,-0.11482472000281,0.006284));
#4553=CARTESIAN_POINT('',(0.0548955864734067,-0.11482472000281,0.006284));
#4554=CARTESIAN_POINT('',(0.0544031981828144,-0.114258041549076,0.006284));
#4555=CARTESIAN_POINT('',(0.0543375464107355,-0.113048666800253,0.006284));
#4556=CARTESIAN_POINT('',(0.0564660459686643,-0.115391398456545,0.006284));
#4557=CARTESIAN_POINT('',(0.0564660459686643,-0.115391398456545,0.00857));
#4558=CARTESIAN_POINT('',(0.0557473318322208,-0.115391398456545,0.006284));
#4559=CARTESIAN_POINT('',(0.0557473318322208,-0.115391398456545,0.00857));
#4560=CARTESIAN_POINT('',(0.0552238453338016,-0.115202505638633,0.006284));
#4561=CARTESIAN_POINT('',(0.0552238453338016,-0.115202505638633,0.00857));
#4562=CARTESIAN_POINT('',(0.0548955864734067,-0.11482472000281,0.006284));
#4563=CARTESIAN_POINT('',(0.0548955864734067,-0.11482472000281,0.00857));
#4564=CARTESIAN_POINT('',(0.0564660459686643,-0.115391398456545,0.006284));
#4565=CARTESIAN_POINT('',(0.0564660459686643,-0.115391398456545,0.006284));
#4566=CARTESIAN_POINT('',(0.0564660459686643,-0.115391398456545,0.006284));
#4567=CARTESIAN_POINT('',(0.055387974763999,-0.115391398456545,0.006284));
#4568=CARTESIAN_POINT('',(0.0548955864734067,-0.11482472000281,0.006284));
#4569=CARTESIAN_POINT('',(0.0564770821922469,-0.108881659232085,0.00628399999999996));
#4570=CARTESIAN_POINT('',(0.057965670657205,-0.115218753342058,0.006284));
#4571=CARTESIAN_POINT('',(0.057965670657205,-0.115218753342058,0.006284));
#4572=CARTESIAN_POINT('',(0.0564770821922469,-0.108881659232085,0.006284));
#4573=CARTESIAN_POINT('',(0.057965670657205,-0.114613943260873,0.006284));
#4574=CARTESIAN_POINT('',(0.057965670657205,-0.114008528355138,0.006284));
#4575=CARTESIAN_POINT('',(0.057965670657205,-0.114009255886461,0.006284));
#4576=CARTESIAN_POINT('',(0.057965670657205,-0.114613943260873,0.006284));
#4577=CARTESIAN_POINT('',(0.0572743088397062,-0.110984166484477,0.006284));
#4578=CARTESIAN_POINT('',(0.0573298850749665,-0.114085273727816,0.006284));
#4579=CARTESIAN_POINT('',(0.0573298850749665,-0.114085273727816,0.006284));
#4580=CARTESIAN_POINT('',(0.0572743088397062,-0.110984166484477,0.006284));
#4581=CARTESIAN_POINT('',(0.0564660459686643,-0.113648171140027,0.006284));
#4582=CARTESIAN_POINT('',(0.0564660459686643,-0.113648171140027,0.00857));
#4583=CARTESIAN_POINT('',(0.0566180816513735,-0.113939572865219,0.006284));
#4584=CARTESIAN_POINT('',(0.0566180816513735,-0.113939572865219,0.00857));
#4585=CARTESIAN_POINT('',(0.0569060280201409,-0.114085273727816,0.006284));
#4586=CARTESIAN_POINT('',(0.0569060280201409,-0.114085273727816,0.00857));
#4587=CARTESIAN_POINT('',(0.0573298850749665,-0.114085273727816,0.006284));
#4588=CARTESIAN_POINT('',(0.0573298850749665,-0.114085273727816,0.00857));
#4589=CARTESIAN_POINT('',(0.0564660459686643,-0.113648171140027,0.006284));
#4590=CARTESIAN_POINT('',(0.0564660459686643,-0.113648171140027,0.006284));
#4591=CARTESIAN_POINT('',(0.0564660459686643,-0.113648171140027,0.006284));
#4592=CARTESIAN_POINT('',(0.0566940994927281,-0.114085273727816,0.006284));
#4593=CARTESIAN_POINT('',(0.0573298850749665,-0.114085273727816,0.006284));
#4594=CARTESIAN_POINT('',(0.0562379924446005,-0.112347229445935,0.006284));
#4595=CARTESIAN_POINT('',(0.0562379924446005,-0.112347229445935,0.00857));
#4596=CARTESIAN_POINT('',(0.0562379924446005,-0.11292312218347,0.006284));
#4597=CARTESIAN_POINT('',(0.0562379924446005,-0.11292312218347,0.00857));
#4598=CARTESIAN_POINT('',(0.0563140102859551,-0.113356769414834,0.006284));
#4599=CARTESIAN_POINT('',(0.0563140102859551,-0.113356769414834,0.00857));
#4600=CARTESIAN_POINT('',(0.0564660459686643,-0.113648171140027,0.006284));
#4601=CARTESIAN_POINT('',(0.0564660459686643,-0.113648171140027,0.00857));
#4602=CARTESIAN_POINT('',(0.0562379924446005,-0.112347229445935,0.006284));
#4603=CARTESIAN_POINT('',(0.0562379924446005,-0.112347229445935,0.006284));
#4604=CARTESIAN_POINT('',(0.0562379924446005,-0.112347229445935,0.006284));
#4605=CARTESIAN_POINT('',(0.0562379924446005,-0.113211068552238,0.006284));
#4606=CARTESIAN_POINT('',(0.0564660459686643,-0.113648171140027,0.006284));
#4607=CARTESIAN_POINT('',(0.0562379924446005,-0.109831729968383,0.006284));
#4608=CARTESIAN_POINT('',(0.0562379924446005,-0.107316230490831,0.006284));
#4609=CARTESIAN_POINT('',(0.0562379924446005,-0.107316230490831,0.006284));
#4610=CARTESIAN_POINT('',(0.0562379924446005,-0.109831729968383,0.006284));
#4611=CARTESIAN_POINT('',(0.0551270953538957,-0.104394726633317,0.006284));
#4612=CARTESIAN_POINT('',(0.0551270953538957,-0.104394726633317,0.00857));
#4613=CARTESIAN_POINT('',(0.0558676934143656,-0.105068521136233,0.006284));
#4614=CARTESIAN_POINT('',(0.0558676934143656,-0.105068521136233,0.00857));
#4615=CARTESIAN_POINT('',(0.0562379924446005,-0.106042355755404,0.006284));
#4616=CARTESIAN_POINT('',(0.0562379924446005,-0.106042355755404,0.00857));
#4617=CARTESIAN_POINT('',(0.0562379924446005,-0.107316230490831,0.006284));
#4618=CARTESIAN_POINT('',(0.0562379924446005,-0.107316230490831,0.00857));
#4619=CARTESIAN_POINT('',(0.0551270953538957,-0.104394726633317,0.006284));
#4620=CARTESIAN_POINT('',(0.0551270953538957,-0.104394726633317,0.006284));
#4621=CARTESIAN_POINT('',(0.0551270953538957,-0.104394726633317,0.006284));
#4622=CARTESIAN_POINT('',(0.0562379924446005,-0.105405418387691,0.006284));
#4623=CARTESIAN_POINT('',(0.0562379924446005,-0.107316230490831,0.006284));
#4624=CARTESIAN_POINT('',(0.0518116808639077,-0.103384034878943,0.006284));
#4625=CARTESIAN_POINT('',(0.0518116808639077,-0.103384034878943,0.00857));
#4626=CARTESIAN_POINT('',(0.0532813591300966,-0.103384034878943,0.006284));
#4627=CARTESIAN_POINT('',(0.0532813591300966,-0.103384034878943,0.00857));
#4628=CARTESIAN_POINT('',(0.054386497293426,-0.103720932130401,0.006284));
#4629=CARTESIAN_POINT('',(0.054386497293426,-0.103720932130401,0.00857));
#4630=CARTESIAN_POINT('',(0.0551270953538957,-0.104394726633317,0.006284));
#4631=CARTESIAN_POINT('',(0.0551270953538957,-0.104394726633317,0.00857));
#4632=CARTESIAN_POINT('',(0.0518116808639077,-0.103384034878943,0.006284));
#4633=CARTESIAN_POINT('',(0.0518116808639077,-0.103384034878943,0.006284));
#4634=CARTESIAN_POINT('',(0.0518116808639077,-0.103384034878943,0.006284));
#4635=CARTESIAN_POINT('',(0.0540161982631911,-0.103384034878943,0.006284));
#4636=CARTESIAN_POINT('',(0.0551270953538957,-0.104394726633317,0.006284));
#4637=CARTESIAN_POINT('',(0.0471262175513243,-0.106538775295159,0.006284));
#4638=CARTESIAN_POINT('',(0.0471262175513243,-0.106538775295159,0.00857));
#4639=CARTESIAN_POINT('',(0.0474579317681444,-0.104435615017682,0.006284));
#4640=CARTESIAN_POINT('',(0.0474579317681444,-0.104435615017682,0.00857));
#4641=CARTESIAN_POINT('',(0.0490197528723388,-0.103384034878943,0.006284));
#4642=CARTESIAN_POINT('',(0.0490197528723388,-0.103384034878943,0.00857));
#4643=CARTESIAN_POINT('',(0.0518116808639077,-0.103384034878943,0.006284));
#4644=CARTESIAN_POINT('',(0.0518116808639077,-0.103384034878943,0.00857));
#4645=CARTESIAN_POINT('',(0.0471262175513243,-0.106538775295159,0.006284));
#4646=CARTESIAN_POINT('',(0.0471262175513243,-0.106538775295159,0.006284));
#4647=CARTESIAN_POINT('',(0.0471262175513243,-0.106538775295159,0.006284));
#4648=CARTESIAN_POINT('',(0.0476237888765544,-0.103384034878943,0.006284));
#4649=CARTESIAN_POINT('',(0.0518116808639077,-0.103384034878943,0.006284));
#4650=CARTESIAN_POINT('',(0.0481403646621231,-0.106630342240427,0.006284));
#4651=CARTESIAN_POINT('',(0.049154511772922,-0.106721909185695,0.006284));
#4652=CARTESIAN_POINT('',(0.049154511772922,-0.106721909185695,0.006284));
#4653=CARTESIAN_POINT('',(0.0481403646621231,-0.106630342240427,0.006284));
#4654=CARTESIAN_POINT('',(0.0498697705529403,-0.105306940729572,0.006284));
#4655=CARTESIAN_POINT('',(0.0498697705529403,-0.105306940729572,0.00857));
#4656=CARTESIAN_POINT('',(0.0494735563495163,-0.105602949596665,0.006284));
#4657=CARTESIAN_POINT('',(0.0494735563495163,-0.105602949596665,0.00857));
#4658=CARTESIAN_POINT('',(0.0492351367561769,-0.106074605748706,0.006284));
#4659=CARTESIAN_POINT('',(0.0492351367561769,-0.106074605748706,0.00857));
#4660=CARTESIAN_POINT('',(0.049154511772922,-0.106721909185695,0.006284));
#4661=CARTESIAN_POINT('',(0.049154511772922,-0.106721909185695,0.00857));
#4662=CARTESIAN_POINT('',(0.0498697705529403,-0.105306940729572,0.006284));
#4663=CARTESIAN_POINT('',(0.0498697705529403,-0.105306940729572,0.006284));
#4664=CARTESIAN_POINT('',(0.0498697705529403,-0.105306940729572,0.006284));
#4665=CARTESIAN_POINT('',(0.0492754492478043,-0.105750954030211,0.006284));
#4666=CARTESIAN_POINT('',(0.049154511772922,-0.106721909185695,0.006284));
#4667=CARTESIAN_POINT('',(0.0517702165868052,-0.104862927428933,0.006284));
#4668=CARTESIAN_POINT('',(0.0517702165868052,-0.104862927428933,0.00857));
#4669=CARTESIAN_POINT('',(0.0508994667676525,-0.104862927428933,0.006284));
#4670=CARTESIAN_POINT('',(0.0508994667676525,-0.104862927428933,0.00857));
#4671=CARTESIAN_POINT('',(0.0502659847563642,-0.105010931862479,0.006284));
#4672=CARTESIAN_POINT('',(0.0502659847563642,-0.105010931862479,0.00857));
#4673=CARTESIAN_POINT('',(0.0498697705529403,-0.105306940729572,0.006284));
#4674=CARTESIAN_POINT('',(0.0498697705529403,-0.105306940729572,0.00857));
#4675=CARTESIAN_POINT('',(0.0517702165868052,-0.104862927428933,0.006284));
#4676=CARTESIAN_POINT('',(0.0517702165868052,-0.104862927428933,0.006284));
#4677=CARTESIAN_POINT('',(0.0517702165868052,-0.104862927428933,0.006284));
#4678=CARTESIAN_POINT('',(0.0504640918580762,-0.104862927428933,0.006284));
#4679=CARTESIAN_POINT('',(0.0498697705529403,-0.105306940729572,0.006284));
#4680=CARTESIAN_POINT('',(0.0536706626206701,-0.105479708550832,0.006284));
#4681=CARTESIAN_POINT('',(0.0536706626206701,-0.105479708550832,0.00857));
#4682=CARTESIAN_POINT('',(0.0532675377043958,-0.105068521136233,0.006284));
#4683=CARTESIAN_POINT('',(0.0532675377043958,-0.105068521136233,0.00857));
#4684=CARTESIAN_POINT('',(0.0526340556931075,-0.104862927428933,0.006284));
#4685=CARTESIAN_POINT('',(0.0526340556931075,-0.104862927428933,0.00857));
#4686=CARTESIAN_POINT('',(0.0517702165868052,-0.104862927428933,0.006284));
#4687=CARTESIAN_POINT('',(0.0517702165868052,-0.104862927428933,0.00857));
#4688=CARTESIAN_POINT('',(0.0536706626206701,-0.105479708550832,0.006284));
#4689=CARTESIAN_POINT('',(0.0536706626206701,-0.105479708550832,0.006284));
#4690=CARTESIAN_POINT('',(0.0536706626206701,-0.105479708550832,0.006284));
#4691=CARTESIAN_POINT('',(0.0530659752462586,-0.104862927428933,0.006284));
#4692=CARTESIAN_POINT('',(0.0517702165868052,-0.104862927428933,0.006284));
#4693=CARTESIAN_POINT('',(0.0542753499950817,-0.107520096519918,0.006284));
#4694=CARTESIAN_POINT('',(0.0542753499950817,-0.107520096519918,0.00857));
#4695=CARTESIAN_POINT('',(0.0542753499950817,-0.106571025288461,0.006284));
#4696=CARTESIAN_POINT('',(0.0542753499950817,-0.106571025288461,0.00857));
#4697=CARTESIAN_POINT('',(0.0540737875369445,-0.105890895965432,0.006284));
#4698=CARTESIAN_POINT('',(0.0540737875369445,-0.105890895965432,0.00857));
#4699=CARTESIAN_POINT('',(0.0536706626206701,-0.105479708550832,0.006284));
#4700=CARTESIAN_POINT('',(0.0536706626206701,-0.105479708550832,0.00857));
#4701=CARTESIAN_POINT('',(0.0542753499950817,-0.107520096519918,0.006284));
#4702=CARTESIAN_POINT('',(0.0542753499950817,-0.107520096519918,0.006284));
#4703=CARTESIAN_POINT('',(0.0542753499950817,-0.107520096519918,0.006284));
#4704=CARTESIAN_POINT('',(0.0542753499950817,-0.106096489672732,0.006284));
#4705=CARTESIAN_POINT('',(0.0536706626206701,-0.105479708550832,0.006284));
#4706=CARTESIAN_POINT('',(0.0542753499950817,-0.107837989311038,0.006284));
#4707=CARTESIAN_POINT('',(0.0542753499950817,-0.108155882102157,0.006284));
#4708=CARTESIAN_POINT('',(0.0542753499950817,-0.108155882102157,0.006284));
#4709=CARTESIAN_POINT('',(0.0542753499950817,-0.107837989311038,0.006284));
#4710=CARTESIAN_POINT('',(0.0529623145535023,-0.108178341918921,0.006284));
#4711=CARTESIAN_POINT('',(0.0516492791119229,-0.108200801735685,0.006284));
#4712=CARTESIAN_POINT('',(0.0516492791119229,-0.108200801735685,0.006284));
#4713=CARTESIAN_POINT('',(0.0529623145535023,-0.108178341918921,0.006284));
#4714=CARTESIAN_POINT('',(0.0478017397324527,-0.109237408663247,0.006284));
#4715=CARTESIAN_POINT('',(0.0478017397324527,-0.109237408663247,0.00857));
#4716=CARTESIAN_POINT('',(0.0485976234957258,-0.108590105226258,0.006284));
#4717=CARTESIAN_POINT('',(0.0485976234957258,-0.108590105226258,0.00857));
#4718=CARTESIAN_POINT('',(0.0498801366222159,-0.108244569583737,0.006284));
#4719=CARTESIAN_POINT('',(0.0498801366222159,-0.108244569583737,0.00857));
#4720=CARTESIAN_POINT('',(0.0516492791119229,-0.108200801735685,0.006284));
#4721=CARTESIAN_POINT('',(0.0516492791119229,-0.108200801735685,0.00857));
#4722=CARTESIAN_POINT('',(0.0478017397324527,-0.109237408663247,0.006284));
#4723=CARTESIAN_POINT('',(0.0478017397324527,-0.109237408663247,0.006284));
#4724=CARTESIAN_POINT('',(0.0478017397324527,-0.109237408663247,0.006284));
#4725=CARTESIAN_POINT('',(0.0489955653773624,-0.108266453507764,0.006284));
#4726=CARTESIAN_POINT('',(0.0516492791119229,-0.108200801735685,0.006284));
#4727=CARTESIAN_POINT('',(0.046607914087543,-0.112022425941966,0.006284));
#4728=CARTESIAN_POINT('',(0.046607914087543,-0.112022425941966,0.00857));
#4729=CARTESIAN_POINT('',(0.046607914087543,-0.110813051193143,0.006284));
#4730=CARTESIAN_POINT('',(0.046607914087543,-0.110813051193143,0.00857));
#4731=CARTESIAN_POINT('',(0.0470058559691796,-0.109884712100236,0.006284));
#4732=CARTESIAN_POINT('',(0.0470058559691796,-0.109884712100236,0.00857));
#4733=CARTESIAN_POINT('',(0.0478017397324527,-0.109237408663247,0.006284));
#4734=CARTESIAN_POINT('',(0.0478017397324527,-0.109237408663247,0.00857));
#4735=CARTESIAN_POINT('',(0.046607914087543,-0.112022425941966,0.006284));
#4736=CARTESIAN_POINT('',(0.046607914087543,-0.112022425941966,0.006284));
#4737=CARTESIAN_POINT('',(0.046607914087543,-0.112022425941966,0.006284));
#4738=CARTESIAN_POINT('',(0.046607914087543,-0.110208363818731,0.006284));
#4739=CARTESIAN_POINT('',(0.0478017397324527,-0.109237408663247,0.006284));
#4740=CARTESIAN_POINT('',(0.0474924853323964,-0.11457247898377,0.006284));
#4741=CARTESIAN_POINT('',(0.0474924853323964,-0.11457247898377,0.00857));
#4742=CARTESIAN_POINT('',(0.0469027711691608,-0.113952818398183,0.006284));
#4743=CARTESIAN_POINT('',(0.0469027711691608,-0.113952818398183,0.00857));
#4744=CARTESIAN_POINT('',(0.046607914087543,-0.113102800717581,0.006284));
#4745=CARTESIAN_POINT('',(0.046607914087543,-0.113102800717581,0.00857));
#4746=CARTESIAN_POINT('',(0.046607914087543,-0.112022425941966,0.006284));
#4747=CARTESIAN_POINT('',(0.046607914087543,-0.112022425941966,0.00857));
#4748=CARTESIAN_POINT('',(0.0474924853323964,-0.11457247898377,0.006284));
#4749=CARTESIAN_POINT('',(0.046607914087543,-0.113642988105389,0.006284));
#4750=CARTESIAN_POINT('',(0.046607914087543,-0.112022425941966,0.006284));
#4751=CARTESIAN_POINT('',(0.0507053762450905,-0.110495430384394,0.00628399999999999));
#4752=CARTESIAN_POINT('',(0.0507053762450905,-0.110495430384394,0.00857));
#4753=CARTESIAN_POINT('',(0.0507053762450905,-0.110495430384394,0.006284));
#4754=CARTESIAN_POINT('',(0.05842,-0.148082,0.006284));
#4755=CARTESIAN_POINT('',(0.0422437989225039,-0.107271310857303,0.006284));
#4756=CARTESIAN_POINT('',(0.0422437989225039,-0.115284282407363,0.006284));
#4757=CARTESIAN_POINT('',(0.0422437989225039,-0.115284282407363,0.006284));
#4758=CARTESIAN_POINT('',(0.0422437989225039,-0.107271310857303,0.006284));
#4759=CARTESIAN_POINT('',(0.0422437989225039,-0.0992583393072437,0.006284));
#4760=CARTESIAN_POINT('',(0.0422437989225039,-0.0992583393072437,0.006284));
#4761=CARTESIAN_POINT('',(0.0432164817562003,-0.115284282407363,0.006284));
#4762=CARTESIAN_POINT('',(0.0441891645898967,-0.115284282407363,0.006284));
#4763=CARTESIAN_POINT('',(0.0441891645898967,-0.115284282407363,0.006284));
#4764=CARTESIAN_POINT('',(0.0432164817562003,-0.115284282407363,0.006284));
#4765=CARTESIAN_POINT('',(0.0441891645898967,-0.107271310857303,0.006284));
#4766=CARTESIAN_POINT('',(0.0441891645898967,-0.0992583393072437,0.006284));
#4767=CARTESIAN_POINT('',(0.0441891645898967,-0.0992583393072437,0.006284));
#4768=CARTESIAN_POINT('',(0.0441891645898967,-0.107271310857303,0.006284));
#4769=CARTESIAN_POINT('',(0.0432164817562003,-0.0992583393072437,0.006284));
#4770=CARTESIAN_POINT('',(0.0432164817562003,-0.0992583393072437,0.006284));
#4771=CARTESIAN_POINT('',(0.05842,-0.148082,0.006284));
#4772=CARTESIAN_POINT('',(0.038638196509368,-0.107956841542635,0.00628399999999997));
#4773=CARTESIAN_POINT('',(0.040592138551254,-0.115197933444418,0.006284));
#4774=CARTESIAN_POINT('',(0.040592138551254,-0.115197933444418,0.006284));
#4775=CARTESIAN_POINT('',(0.038638196509368,-0.107956841542635,0.006284));
#4776=CARTESIAN_POINT('',(0.0386294961017353,-0.115457050228624,0.006284));
#4777=CARTESIAN_POINT('',(0.0386294961017353,-0.115457050228624,0.006284));
#4778=CARTESIAN_POINT('',(0.040592138551254,-0.114479184360289,0.006284));
#4779=CARTESIAN_POINT('',(0.040592138551254,-0.113760470223846,0.006284));
#4780=CARTESIAN_POINT('',(0.040592138551254,-0.113760470223846,0.006284));
#4781=CARTESIAN_POINT('',(0.040592138551254,-0.114479184360289,0.006284));
#4782=CARTESIAN_POINT('',(0.0394691477130611,-0.113912505906555,0.006284));
#4783=CARTESIAN_POINT('',(0.0394691477130611,-0.113912505906555,0.00857));
#4784=CARTESIAN_POINT('',(0.0397294512304269,-0.113912505906555,0.006284));
#4785=CARTESIAN_POINT('',(0.0397294512304269,-0.113912505906555,0.00857));
#4786=CARTESIAN_POINT('',(0.0401037815098245,-0.113861827345652,0.006284));
#4787=CARTESIAN_POINT('',(0.0401037815098245,-0.113861827345652,0.00857));
#4788=CARTESIAN_POINT('',(0.040592138551254,-0.113760470223846,0.006284));
#4789=CARTESIAN_POINT('',(0.040592138551254,-0.113760470223846,0.00857));
#4790=CARTESIAN_POINT('',(0.0394691477130611,-0.113912505906555,0.006284));
#4791=CARTESIAN_POINT('',(0.0394691477130611,-0.113912505906555,0.006284));
#4792=CARTESIAN_POINT('',(0.0394691477130611,-0.113912505906555,0.006284));
#4793=CARTESIAN_POINT('',(0.0398596029891097,-0.113912505906555,0.006284));
#4794=CARTESIAN_POINT('',(0.040592138551254,-0.113760470223846,0.006284));
#4795=CARTESIAN_POINT('',(0.0385137416614908,-0.113572153298672,0.006284));
#4796=CARTESIAN_POINT('',(0.0385137416614908,-0.113572153298672,0.00857));
#4797=CARTESIAN_POINT('',(0.0386968755520269,-0.113799055037261,0.006284));
#4798=CARTESIAN_POINT('',(0.0386968755520269,-0.113799055037261,0.00857));
#4799=CARTESIAN_POINT('',(0.0390153442358837,-0.113912505906555,0.006284));
#4800=CARTESIAN_POINT('',(0.0390153442358837,-0.113912505906555,0.00857));
#4801=CARTESIAN_POINT('',(0.0394691477130611,-0.113912505906555,0.006284));
#4802=CARTESIAN_POINT('',(0.0394691477130611,-0.113912505906555,0.00857));
#4803=CARTESIAN_POINT('',(0.0385137416614908,-0.113572153298672,0.006284));
#4804=CARTESIAN_POINT('',(0.0385137416614908,-0.113572153298672,0.006284));
#4805=CARTESIAN_POINT('',(0.0385137416614908,-0.113572153298672,0.006284));
#4806=CARTESIAN_POINT('',(0.0387884424972949,-0.113912505906555,0.006284));
#4807=CARTESIAN_POINT('',(0.0394691477130611,-0.113912505906555,0.006284));
#4808=CARTESIAN_POINT('',(0.0382390408256867,-0.112388693723038,0.006284));
#4809=CARTESIAN_POINT('',(0.0382390408256867,-0.112388693723038,0.00857));
#4810=CARTESIAN_POINT('',(0.0382390408256867,-0.112950765034872,0.006284));
#4811=CARTESIAN_POINT('',(0.0382390408256867,-0.112950765034872,0.00857));
#4812=CARTESIAN_POINT('',(0.0383306077709547,-0.113345251560083,0.006284));
#4813=CARTESIAN_POINT('',(0.0383306077709547,-0.113345251560083,0.00857));
#4814=CARTESIAN_POINT('',(0.0385137416614908,-0.113572153298672,0.006284));
#4815=CARTESIAN_POINT('',(0.0385137416614908,-0.113572153298672,0.00857));
#4816=CARTESIAN_POINT('',(0.0382390408256867,-0.112388693723038,0.006284));
#4817=CARTESIAN_POINT('',(0.0382390408256867,-0.112388693723038,0.006284));
#4818=CARTESIAN_POINT('',(0.0382390408256867,-0.112388693723038,0.006284));
#4819=CARTESIAN_POINT('',(0.0382390408256867,-0.113231800690789,0.006284));
#4820=CARTESIAN_POINT('',(0.0385137416614908,-0.113572153298672,0.006284));
#4821=CARTESIAN_POINT('',(0.0382390408256867,-0.10870182841734,0.006284));
#4822=CARTESIAN_POINT('',(0.0382390408256867,-0.105014963111642,0.006284));
#4823=CARTESIAN_POINT('',(0.0382390408256867,-0.105014963111642,0.006284));
#4824=CARTESIAN_POINT('',(0.0382390408256867,-0.10870182841734,0.006284));
#4825=CARTESIAN_POINT('',(0.0393188397085645,-0.105014963111642,0.006284));
#4826=CARTESIAN_POINT('',(0.0403986385914423,-0.105014963111642,0.006284));
#4827=CARTESIAN_POINT('',(0.0403986385914423,-0.105014963111642,0.006284));
#4828=CARTESIAN_POINT('',(0.0393188397085645,-0.105014963111642,0.006284));
#4829=CARTESIAN_POINT('',(0.0403986385914423,-0.104308342722687,0.006284));
#4830=CARTESIAN_POINT('',(0.0403986385914423,-0.103601722333731,0.006284));
#4831=CARTESIAN_POINT('',(0.0403986385914423,-0.103601722333731,0.006284));
#4832=CARTESIAN_POINT('',(0.0403986385914423,-0.104308342722687,0.006284));
#4833=CARTESIAN_POINT('',(0.0393188397085645,-0.103601722333731,0.006284));
#4834=CARTESIAN_POINT('',(0.0382390408256867,-0.103601722333731,0.006284));
#4835=CARTESIAN_POINT('',(0.0382390408256867,-0.103601722333731,0.006284));
#4836=CARTESIAN_POINT('',(0.0393188397085645,-0.103601722333731,0.006284));
#4837=CARTESIAN_POINT('',(0.0382390408256867,-0.10229386992679,0.006284));
#4838=CARTESIAN_POINT('',(0.0382390408256867,-0.100986017519848,0.006284));
#4839=CARTESIAN_POINT('',(0.0382390408256867,-0.100986017519848,0.006284));
#4840=CARTESIAN_POINT('',(0.0382390408256867,-0.10229386992679,0.006284));
#4841=CARTESIAN_POINT('',(0.0375911614959601,-0.100986017519848,0.006284));
#4842=CARTESIAN_POINT('',(0.0369432821662334,-0.100986017519848,0.006284));
#4843=CARTESIAN_POINT('',(0.0369432821662334,-0.100986017519848,0.006284));
#4844=CARTESIAN_POINT('',(0.0375911614959601,-0.100986017519848,0.006284));
#4845=CARTESIAN_POINT('',(0.036656487582941,-0.10229386992679,0.006284));
#4846=CARTESIAN_POINT('',(0.0363696929996487,-0.103601722333731,0.006284));
#4847=CARTESIAN_POINT('',(0.0363696929996487,-0.103601722333731,0.006284));
#4848=CARTESIAN_POINT('',(0.036656487582941,-0.10229386992679,0.006284));
#4849=CARTESIAN_POINT('',(0.0356578895760556,-0.103601722333731,0.006284));
#4850=CARTESIAN_POINT('',(0.0349460861524626,-0.103601722333731,0.006284));
#4851=CARTESIAN_POINT('',(0.0349460861524626,-0.103601722333731,0.006284));
#4852=CARTESIAN_POINT('',(0.0356578895760556,-0.103601722333731,0.006284));
#4853=CARTESIAN_POINT('',(0.0349460861524626,-0.104308342722687,0.006284));
#4854=CARTESIAN_POINT('',(0.0349460861524626,-0.105014963111642,0.006284));
#4855=CARTESIAN_POINT('',(0.0349460861524626,-0.105014963111642,0.006284));
#4856=CARTESIAN_POINT('',(0.0349460861524626,-0.104308342722687,0.006284));
#4857=CARTESIAN_POINT('',(0.0356216083335909,-0.105014963111642,0.006284));
#4858=CARTESIAN_POINT('',(0.0362971305147192,-0.105014963111642,0.006284));
#4859=CARTESIAN_POINT('',(0.0362971305147192,-0.105014963111642,0.006284));
#4860=CARTESIAN_POINT('',(0.0356216083335909,-0.105014963111642,0.006284));
#4861=CARTESIAN_POINT('',(0.0362971305147192,-0.108912605159278,0.006284));
#4862=CARTESIAN_POINT('',(0.0362971305147192,-0.112810247206913,0.006284));
#4863=CARTESIAN_POINT('',(0.0362971305147192,-0.112810247206913,0.006284));
#4864=CARTESIAN_POINT('',(0.0362971305147192,-0.108912605159278,0.006284));
#4865=CARTESIAN_POINT('',(0.0386294961017353,-0.115457050228624,0.006284));
#4866=CARTESIAN_POINT('',(0.0386294961017353,-0.115457050228624,0.00857));
#4867=CARTESIAN_POINT('',(0.0370745857103913,-0.115457050228624,0.006284));
#4868=CARTESIAN_POINT('',(0.0370745857103913,-0.115457050228624,0.00857));
#4869=CARTESIAN_POINT('',(0.0362971305147192,-0.11457478255472,0.006284));
#4870=CARTESIAN_POINT('',(0.0362971305147192,-0.11457478255472,0.00857));
#4871=CARTESIAN_POINT('',(0.0362971305147192,-0.112810247206913,0.006284));
#4872=CARTESIAN_POINT('',(0.0362971305147192,-0.112810247206913,0.00857));
#4873=CARTESIAN_POINT('',(0.0386294961017353,-0.115457050228624,0.006284));
#4874=CARTESIAN_POINT('',(0.0362971305147192,-0.115457050228624,0.006284));
#4875=CARTESIAN_POINT('',(0.0362971305147192,-0.112810247206913,0.006284));
#4876=CARTESIAN_POINT('',(0.05842,-0.148082,0.006284));
#4877=CARTESIAN_POINT('',(0.0272095431164196,-0.101775566463008,0.006284));
#4878=CARTESIAN_POINT('',(0.0272095431164196,-0.101775566463008,0.00857));
#4879=CARTESIAN_POINT('',(0.0272579181063725,-0.101625258458512,0.00857));
#4880=CARTESIAN_POINT('',(0.0271611681264666,-0.101925874467505,0.00857));
#4881=CARTESIAN_POINT('',(0.0272579181063725,-0.101625258458512,0.006284));
#4882=CARTESIAN_POINT('',(0.0272579181063725,-0.101625258458512,0.006284));
#4883=CARTESIAN_POINT('',(0.0272095431164196,-0.101775566463008,0.006284));
#4884=CARTESIAN_POINT('',(0.0271611681264666,-0.101925874467505,0.006284));
#4885=CARTESIAN_POINT('',(0.0271611681264666,-0.101925874467505,0.006284));
#4886=CARTESIAN_POINT('',(0.0274030430762312,-0.102072727115576,0.006284));
#4887=CARTESIAN_POINT('',(0.0274030430762312,-0.102072727115576,0.00857));
#4888=CARTESIAN_POINT('',(0.027548414136151,-0.102520117175523,0.00857));
#4889=CARTESIAN_POINT('',(0.02754816804609,-0.102520195772641,0.006284));
#4890=CARTESIAN_POINT('',(0.027548414136151,-0.102520117175523,0.006284));
#4891=CARTESIAN_POINT('',(0.0274030430762312,-0.102072727115576,0.006284));
#4892=CARTESIAN_POINT('',(0.0522290202779606,-0.0946375374484762,0.006284));
#4893=CARTESIAN_POINT('',(0.0522290202779606,-0.0946375374484762,0.00857));
#4894=CARTESIAN_POINT('',(0.0281525956799582,-0.10420651293987,0.00857));
#4895=CARTESIAN_POINT('',(0.0281528554205016,-0.104206409708143,0.006284));
#4896=CARTESIAN_POINT('',(0.028152595679958,-0.10420651293987,0.00628400025));
#4897=CARTESIAN_POINT('',(0.0522290202779606,-0.0946375374484762,0.006284));
#4898=CARTESIAN_POINT('',(0.0291307212888358,-0.106716726151057,0.006284));
#4899=CARTESIAN_POINT('',(0.0291307212888358,-0.106716726151057,0.00857));
#4900=CARTESIAN_POINT('',(0.0301085871571699,-0.109227042593972,0.00857));
#4901=CARTESIAN_POINT('',(0.0301085871571699,-0.109227042593972,0.006284));
#4902=CARTESIAN_POINT('',(0.0301085871571699,-0.109227042593972,0.006284));
#4903=CARTESIAN_POINT('',(0.0291307212888358,-0.106716726151057,0.006284));
#4904=CARTESIAN_POINT('',(0.0272631011410103,-0.109227042593972,0.006284));
#4905=CARTESIAN_POINT('',(0.0272631011410103,-0.109227042593972,0.00857));
#4906=CARTESIAN_POINT('',(0.0244176151248507,-0.109227042593972,0.00857));
#4907=CARTESIAN_POINT('',(0.0244176151248507,-0.109227042593972,0.006284));
#4908=CARTESIAN_POINT('',(0.0244176151248507,-0.109227042593972,0.006284));
#4909=CARTESIAN_POINT('',(0.0272631011410103,-0.109227042593972,0.006284));
#4910=CARTESIAN_POINT('',(0.0253885702803344,-0.106727092220333,0.006284));
#4911=CARTESIAN_POINT('',(0.0253885702803344,-0.106727092220333,0.00857));
#4912=CARTESIAN_POINT('',(0.0263595254358182,-0.104227141846694,0.00857));
#4913=CARTESIAN_POINT('',(0.0263595254358182,-0.104227141846694,0.006284));
#4914=CARTESIAN_POINT('',(0.0263595254358182,-0.104227141846694,0.006284));
#4915=CARTESIAN_POINT('',(0.0253885702803344,-0.106727092220333,0.006284));
#4916=CARTESIAN_POINT('',(0.0315926627417972,-0.113059032869528,0.006284));
#4917=CARTESIAN_POINT('',(0.0324616848827372,-0.115284282407363,0.006284));
#4918=CARTESIAN_POINT('',(0.0324616848827372,-0.115284282407363,0.006284));
#4919=CARTESIAN_POINT('',(0.0315926627417972,-0.113059032869528,0.006284));
#4920=CARTESIAN_POINT('',(0.0307236406008571,-0.110833783331694,0.006284));
#4921=CARTESIAN_POINT('',(0.0307236406008571,-0.110833783331694,0.006284));
#4922=CARTESIAN_POINT('',(0.0335138409142134,-0.115284282407363,0.006284));
#4923=CARTESIAN_POINT('',(0.0345659969456895,-0.115284282407363,0.006284));
#4924=CARTESIAN_POINT('',(0.0345659969456895,-0.115284282407363,0.006284));
#4925=CARTESIAN_POINT('',(0.0335138409142134,-0.115284282407363,0.006284));
#4926=CARTESIAN_POINT('',(0.0315114618658048,-0.107677315237265,0.006284));
#4927=CARTESIAN_POINT('',(0.02845692678592,-0.100070348067168,0.006284));
#4928=CARTESIAN_POINT('',(0.02845692678592,-0.100070348067168,0.006284));
#4929=CARTESIAN_POINT('',(0.0315114618658048,-0.107677315237265,0.006284));
#4930=CARTESIAN_POINT('',(0.0272838332795615,-0.100070348067168,0.006284));
#4931=CARTESIAN_POINT('',(0.0261107397732031,-0.100070348067168,0.006284));
#4932=CARTESIAN_POINT('',(0.0261107397732031,-0.100070348067168,0.006284));
#4933=CARTESIAN_POINT('',(0.0272838332795615,-0.100070348067168,0.006284));
#4934=CARTESIAN_POINT('',(0.0230078297033654,-0.107677315237265,0.006284));
#4935=CARTESIAN_POINT('',(0.0199049196335277,-0.115284282407363,0.006284));
#4936=CARTESIAN_POINT('',(0.0199049196335277,-0.115284282407363,0.006284));
#4937=CARTESIAN_POINT('',(0.0230078297033654,-0.107677315237265,0.006284));
#4938=CARTESIAN_POINT('',(0.0209726247689173,-0.115284282407363,0.006284));
#4939=CARTESIAN_POINT('',(0.0220403299043069,-0.115284282407363,0.006284));
#4940=CARTESIAN_POINT('',(0.0220403299043069,-0.115284282407363,0.006284));
#4941=CARTESIAN_POINT('',(0.0209726247689173,-0.115284282407363,0.006284));
#4942=CARTESIAN_POINT('',(0.0229162627580973,-0.113059032869528,0.006284));
#4943=CARTESIAN_POINT('',(0.0237921956118878,-0.110833783331694,0.006284));
#4944=CARTESIAN_POINT('',(0.0237921956118878,-0.110833783331694,0.006284));
#4945=CARTESIAN_POINT('',(0.0229162627580973,-0.113059032869528,0.006284));
#4946=CARTESIAN_POINT('',(0.0272579181063725,-0.110833783331694,0.006284));
#4947=CARTESIAN_POINT('',(0.0272579181063725,-0.110833783331694,0.006284));
#4948=CARTESIAN_POINT('',(0.0271611681264666,-0.101925874467505,0.006284));
#4949=CARTESIAN_POINT('',(0.0271611681264666,-0.101925874467505,0.00857));
#4950=CARTESIAN_POINT('',(0.0269791860214056,-0.102524802914541,0.006284));
#4951=CARTESIAN_POINT('',(0.0269791860214056,-0.102524802914541,0.00857));
#4952=CARTESIAN_POINT('',(0.0267119717911895,-0.103291892040938,0.006284));
#4953=CARTESIAN_POINT('',(0.0267119717911895,-0.103291892040938,0.00857));
#4954=CARTESIAN_POINT('',(0.0263595254358182,-0.104227141846694,0.006284));
#4955=CARTESIAN_POINT('',(0.0263595254358182,-0.104227141846694,0.00857));
#4956=CARTESIAN_POINT('',(0.0271611681264666,-0.101925874467505,0.00857));
#4957=CARTESIAN_POINT('',(0.0268881949688751,-0.102824267138059,0.00857));
#4958=CARTESIAN_POINT('',(0.0263595254358182,-0.104227141846694,0.00857));
#4959=CARTESIAN_POINT('',(0.0271611681264666,-0.101925874467505,0.006284));
#4960=CARTESIAN_POINT('',(0.0268881949688751,-0.102824267138059,0.006284));
#4961=CARTESIAN_POINT('',(0.0263595254358182,-0.104227141846694,0.006284));
#4962=CARTESIAN_POINT('',(0.05842,-0.148082,0.006284));
#4963=CARTESIAN_POINT('',(0.05842,-0.158242,0.00857));
#4964=CARTESIAN_POINT('',(0.05842,-0.158242,0.00857));
#4965=CARTESIAN_POINT('',(0.0846394045854139,-0.108481997244031,-0.00159));
#4966=CARTESIAN_POINT('',(0.0846394045854139,-0.108481997244031,-0.000574));
#4967=CARTESIAN_POINT('',(0.0886394045854139,-0.108481997244031,-0.000574));
#4968=CARTESIAN_POINT('',(0.0846394045854139,-0.108481997244031,0.007554));
#4969=CARTESIAN_POINT('',(0.0886394045854139,-0.108481997244031,0.007554));
#4970=CARTESIAN_POINT('',(0.05842,-0.148082,-0.00159));
#4971=CARTESIAN_POINT('',(0.0846394045854139,-0.108481997244031,-0.00159));
#4972=CARTESIAN_POINT('',(0.0876234045854139,-0.108481997244031,-0.00159));
#4973=CARTESIAN_POINT('',(0.02875,-0.198326,0.00349));
#4974=CARTESIAN_POINT('',(0.02875,-0.198326,0.007554));
#4975=CARTESIAN_POINT('',(0.0316278928172458,-0.198326,0.00635946492092956));
#4976=CARTESIAN_POINT('',(0.0401098117512147,-0.198326,-0.00214736623023239));
#4977=CARTESIAN_POINT('',(0.0485917306851836,-0.198326,-0.0106541973813943));
#4978=CARTESIAN_POINT('',(0.05842,-0.198326,0.007554));
#4979=CARTESIAN_POINT('',(0.018336,-0.198326,0.007554));
#4980=CARTESIAN_POINT('',(0.018336,-0.198326,-0.01343));
#4981=CARTESIAN_POINT('',(0.018336,-0.198326,0.007554));
#4982=CARTESIAN_POINT('',(0.0529085699110523,-0.198326,-0.00635));
#4983=CARTESIAN_POINT('',(0.0529085699110523,-0.198326,-0.012446));
#4984=CARTESIAN_POINT('',(0.018336,-0.198326,0.007554));
#4985=CARTESIAN_POINT('',(0.018336,-0.198326,0.007554));
#4986=CARTESIAN_POINT('',(0.09802,-0.198326,-0.012446));
#4987=CARTESIAN_POINT('',(0.0639314300889477,-0.198326,-0.012446));
#4988=CARTESIAN_POINT('',(0.018336,-0.118642,0.007554));
#4989=CARTESIAN_POINT('',(0.018336,-0.097838,0.007554));
#4990=CARTESIAN_POINT('',(0.018336,-0.097838,-0.00243));
#4991=CARTESIAN_POINT('',(0.018336,-0.097838,0.007554));
#4992=CARTESIAN_POINT('',(0.0639314300889477,-0.198326,-0.00635));
#4993=CARTESIAN_POINT('',(0.0682482693148163,-0.198326,-0.0106541973813943));
#4994=CARTESIAN_POINT('',(0.018336,-0.097838,0.007554));
#4995=CARTESIAN_POINT('',(0.018336,-0.097838,0.007554));
#4996=CARTESIAN_POINT('',(0.0817025822955298,-0.198326,0.00283963221929247));
#4997=CARTESIAN_POINT('',(0.0852121071827542,-0.198326,0.00635946492092956));
#4998=CARTESIAN_POINT('',(0.05842,-0.097838,0.007554));
#4999=CARTESIAN_POINT('',(0.098504,-0.097838,0.007554));
#5000=CARTESIAN_POINT('',(0.098504,-0.097838,-0.01343));
#5001=CARTESIAN_POINT('',(0.098504,-0.097838,0.007554));
#5002=CARTESIAN_POINT('',(0.08809,-0.198326,0.00349));
#5003=CARTESIAN_POINT('',(0.08809,-0.198326,0.007554));
#5004=CARTESIAN_POINT('',(0.098504,-0.097838,0.007554));
#5005=CARTESIAN_POINT('',(0.098504,-0.097838,0.007554));
#5006=CARTESIAN_POINT('',(0.05842,-0.198326,0.007554));
#5007=CARTESIAN_POINT('',(0.098504,-0.198326,0.007554));
#5008=CARTESIAN_POINT('',(0.098504,-0.158242,0.007554));
#5009=CARTESIAN_POINT('',(0.098504,-0.198326,0.007554));
#5010=CARTESIAN_POINT('',(0.098504,-0.198326,0.007554));
#5011=CARTESIAN_POINT('',(0.098504,-0.198326,0.007554));
#5012=CARTESIAN_POINT('',(0.098504,-0.198326,-0.01343));
#5013=CARTESIAN_POINT('',(0.0529085699110523,-0.197358,-0.00635));
#5014=CARTESIAN_POINT('',(0.0485917306851836,-0.197358,-0.0106541973813943));
#5015=CARTESIAN_POINT('',(0.0401098117512147,-0.197358,-0.00214736623023239));
#5016=CARTESIAN_POINT('',(0.0316278928172458,-0.197358,0.00635946492092956));
#5017=CARTESIAN_POINT('',(0.02875,-0.197358,0.00349));
#5018=CARTESIAN_POINT('',(0.02875,-0.197358,0.007554));
#5019=CARTESIAN_POINT('',(0.05842,-0.197358,0.007554));
#5020=CARTESIAN_POINT('',(0.019304,-0.197358,0.007554));
#5021=CARTESIAN_POINT('',(0.019304,-0.158242,0.007554));
#5022=CARTESIAN_POINT('',(0.019304,-0.119126,0.007554));
#5023=CARTESIAN_POINT('',(0.097536,-0.158242,0.007554));
#5024=CARTESIAN_POINT('',(0.097536,-0.119126,0.007554));
#5025=CARTESIAN_POINT('',(0.05842,-0.119126,0.007554));
#5026=CARTESIAN_POINT('',(0.0846394045854139,-0.108481997244031,-0.000574));
#5027=CARTESIAN_POINT('',(0.0846394045854139,-0.108481997244031,0.007554));
#5028=MECHANICAL_DESIGN_GEOMETRIC_PRESENTATION_REPRESENTATION('',(#2826),
#5029);
#5029=(
GEOMETRIC_REPRESENTATION_CONTEXT(3)
GLOBAL_UNCERTAINTY_ASSIGNED_CONTEXT((#5030))
GLOBAL_UNIT_ASSIGNED_CONTEXT((#5033,#5032,#5031))
REPRESENTATION_CONTEXT('Stationery Holder','TOP_LEVEL_ASSEMBLY_PART')
);
#5030=UNCERTAINTY_MEASURE_WITH_UNIT(LENGTH_MEASURE(2.E-5),#5033,
'DISTANCE_ACCURACY_VALUE','Maximum Tolerance applied to model');
#5031=(
NAMED_UNIT(*)
SI_UNIT($,.STERADIAN.)
SOLID_ANGLE_UNIT()
);
#5032=(
NAMED_UNIT(*)
PLANE_ANGLE_UNIT()
SI_UNIT($,.RADIAN.)
);
#5033=(
LENGTH_UNIT()
NAMED_UNIT(*)
SI_UNIT($,.METRE.)
);
#5034=PRODUCT_DEFINITION_SHAPE('','',#5035);
#5035=PRODUCT_DEFINITION('','',#5037,#5036);
#5036=PRODUCT_DEFINITION_CONTEXT('',#5043,'design');
#5037=PRODUCT_DEFINITION_FORMATION_WITH_SPECIFIED_SOURCE('','',#5039,
 .NOT_KNOWN.);
#5038=PRODUCT_RELATED_PRODUCT_CATEGORY('','',(#5039));
#5039=PRODUCT('Stationery Holder','Stationery Holder',
'Stationery Holder',(#5041));
#5040=PRODUCT_CATEGORY('','');
#5041=PRODUCT_CONTEXT('',#5043,'mechanical');
#5042=APPLICATION_PROTOCOL_DEFINITION('international standard',
'ap242_managed_model_based_3d_engineering',2020,#5043);
#5043=APPLICATION_CONTEXT('managed model based 3d engineering');
ENDSEC;
END-ISO-10303-21;
