ISO-10303-21;
HEADER;
/* Generated by software containing ST-Developer
 * from STEP Tools, Inc. (www.steptools.com) 
 */
/* OPTION: using custom renumber hook */

FILE_DESCRIPTION(
/* description */ ('STEP AP242 Edition 2',
'CAx-IF Rec.Pracs.---Representation and Presentation of Product Manufa
cturing Information (PMI)---4.0---2014-10-13',
'CAx-IF Rec.Pracs.---3D Tessellated Geometry---0.4---2014-09-14','2;1',
'CAx-IF Rec.Pracs.---User Defined Attributes---1.5---2016-08-15'),
/* implementation_level */ '2;1');

FILE_NAME(
/* name */ 'Part Studio 1 - Vertical Laptop Stand',
/* time_stamp */ '2026-08-05T21:19:13Z',
/* author */ (''),
/* organization */ (''),
/* preprocessor_version */ 'ST-DEVELOPER v20',
/* originating_system */ 'ONSHAPE BY PTC INC, 1.218',
/* authorisation */ '  ');

FILE_SCHEMA (('AP242_MANAGED_MODEL_BASED_3D_ENGINEERING_MIM_LF { 1 0 10303 442 3 1 4 }'));
ENDSEC;

DATA;
#10=SHAPE_REPRESENTATION_RELATIONSHIP('','',#1089,#11);
#11=ADVANCED_BREP_SHAPE_REPRESENTATION('',(#1087),#2183);
#12=DEGENERATE_TOROIDAL_SURFACE('',#1166,0.00031698868555975,0.0014,.T.);
#13=DEGENERATE_TOROIDAL_SURFACE('',#1206,0.00031698868555975,0.0014,.T.);
#14=(
BOUNDED_SURFACE()
B_SPLINE_SURFACE(3,2,((#1815,#1816,#1817),(#1818,#1819,#1820),(#1821,#1822,
#1823),(#1824,#1825,#1826),(#1827,#1828,#1829),(#1830,#1831,#1832),(#1833,
#1834,#1835)),.UNSPECIFIED.,.F.,.F.,.F.)
B_SPLINE_SURFACE_WITH_KNOTS((4,1,1,1,4),(3,3),(6.28318530717959,6.67588438887831,
7.06858347057703,7.46128255227576,7.85398163397448),(0.,1.),
 .UNSPECIFIED.)
GEOMETRIC_REPRESENTATION_ITEM()
RATIONAL_B_SPLINE_SURFACE(((1.,0.707106781186548,1.),(1.,0.707106784047147,
1.),(1.,0.746571859511177,1.),(1.,0.869029034731867,1.),(1.,0.973464424268056,
1.),(1.,0.999999999744587,1.),(1.,1.,1.)))
REPRESENTATION_ITEM('')
SURFACE()
);
#15=(
BOUNDED_SURFACE()
B_SPLINE_SURFACE(3,2,((#1841,#1842,#1843),(#1844,#1845,#1846),(#1847,#1848,
#1849),(#1850,#1851,#1852),(#1853,#1854,#1855),(#1856,#1857,#1858),(#1859,
#1860,#1861)),.UNSPECIFIED.,.F.,.F.,.F.)
B_SPLINE_SURFACE_WITH_KNOTS((4,1,1,1,4),(3,3),(6.28318530717959,6.67588438887831,
7.06858347057703,7.46128255227576,7.85398163397448),(0.,1.),
 .UNSPECIFIED.)
GEOMETRIC_REPRESENTATION_ITEM()
RATIONAL_B_SPLINE_SURFACE(((1.,0.707106781186548,1.),(1.,0.707106784047203,
1.),(1.,0.746571859511151,1.),(1.,0.869029034731873,1.),(1.,0.973464424268052,
1.),(1.,0.999999999744587,1.),(1.,1.,1.)))
REPRESENTATION_ITEM('')
SURFACE()
);
#16=(
BOUNDED_SURFACE()
B_SPLINE_SURFACE(3,2,((#1869,#1870,#1871),(#1872,#1873,#1874),(#1875,#1876,
#1877),(#1878,#1879,#1880),(#1881,#1882,#1883),(#1884,#1885,#1886),(#1887,
#1888,#1889)),.UNSPECIFIED.,.F.,.F.,.F.)
B_SPLINE_SURFACE_WITH_KNOTS((4,1,1,1,4),(3,3),(6.28318530717959,6.67588438887831,
7.06858347057703,7.46128255227576,7.85398163397448),(0.,1.),
 .UNSPECIFIED.)
GEOMETRIC_REPRESENTATION_ITEM()
RATIONAL_B_SPLINE_SURFACE(((1.,0.707106781186547,1.),(1.,0.707106784047182,
1.),(1.,0.74657185951118,1.),(1.,0.869029034731866,1.),(1.,0.973464424268053,
1.),(1.,0.999999999744587,1.),(1.,1.,1.)))
REPRESENTATION_ITEM('')
SURFACE()
);
#17=(
BOUNDED_SURFACE()
B_SPLINE_SURFACE(3,2,((#1899,#1900,#1901),(#1902,#1903,#1904),(#1905,#1906,
#1907),(#1908,#1909,#1910),(#1911,#1912,#1913),(#1914,#1915,#1916),(#1917,
#1918,#1919)),.UNSPECIFIED.,.F.,.F.,.F.)
B_SPLINE_SURFACE_WITH_KNOTS((4,1,1,1,4),(3,3),(6.28318530717959,6.67588438887831,
7.06858347057703,7.46128255227576,7.85398163397448),(0.,1.),
 .UNSPECIFIED.)
GEOMETRIC_REPRESENTATION_ITEM()
RATIONAL_B_SPLINE_SURFACE(((1.,0.708431443506974,1.),(1.,0.708431446342463,
1.),(1.,0.747668235685154,1.),(1.,0.869542166398923,1.),(1.,0.973562293115501,
1.),(1.,0.999999999743532,1.),(1.,1.,1.)))
REPRESENTATION_ITEM('')
SURFACE()
);
#18=(
BOUNDED_SURFACE()
B_SPLINE_SURFACE(3,2,((#1925,#1926,#1927),(#1928,#1929,#1930),(#1931,#1932,
#1933),(#1934,#1935,#1936),(#1937,#1938,#1939),(#1940,#1941,#1942),(#1943,
#1944,#1945)),.UNSPECIFIED.,.F.,.F.,.F.)
B_SPLINE_SURFACE_WITH_KNOTS((4,1,1,1,4),(3,3),(6.28318530717959,6.67588438887831,
7.06858347057703,7.46128255227576,7.85398163397448),(0.,1.),
 .UNSPECIFIED.)
GEOMETRIC_REPRESENTATION_ITEM()
RATIONAL_B_SPLINE_SURFACE(((1.,0.707106781186548,1.),(1.,0.707106784047024,
1.),(1.,0.746571859511234,1.),(1.,0.869029034731851,1.),(1.,0.973464424268058,
1.),(1.,0.999999999744587,1.),(1.,1.,1.)))
REPRESENTATION_ITEM('')
SURFACE()
);
#19=(
BOUNDED_SURFACE()
B_SPLINE_SURFACE(3,2,((#1947,#1948,#1949),(#1950,#1951,#1952),(#1953,#1954,
#1955),(#1956,#1957,#1958),(#1959,#1960,#1961),(#1962,#1963,#1964),(#1965,
#1966,#1967)),.UNSPECIFIED.,.F.,.F.,.F.)
B_SPLINE_SURFACE_WITH_KNOTS((4,1,1,1,4),(3,3),(6.28318530717959,6.67588438887831,
7.06858347057703,7.46128255227576,7.85398163397448),(0.,1.),
 .UNSPECIFIED.)
GEOMETRIC_REPRESENTATION_ITEM()
RATIONAL_B_SPLINE_SURFACE(((1.,0.705779632640831,1.),(1.,0.705779635526872,
1.),(1.,0.745474063392786,1.),(1.,0.868515748574777,1.),(1.,0.973366563338575,
1.),(1.,0.999999999745636,1.),(1.,1.,1.)))
REPRESENTATION_ITEM('')
SURFACE()
);
#20=(
BOUNDED_SURFACE()
B_SPLINE_SURFACE(3,2,((#1973,#1974,#1975),(#1976,#1977,#1978),(#1979,#1980,
#1981),(#1982,#1983,#1984),(#1985,#1986,#1987),(#1988,#1989,#1990),(#1991,
#1992,#1993)),.UNSPECIFIED.,.F.,.F.,.F.)
B_SPLINE_SURFACE_WITH_KNOTS((4,1,1,1,4),(3,3),(6.28318530717959,6.67588438887831,
7.06858347057703,7.46128255227576,7.85398163397448),(0.,1.),
 .UNSPECIFIED.)
GEOMETRIC_REPRESENTATION_ITEM()
RATIONAL_B_SPLINE_SURFACE(((1.,0.707106781186548,1.),(1.,0.707106784047024,
1.),(1.,0.746571859511233,1.),(1.,0.869029034731851,1.),(1.,0.973464424268058,
1.),(1.,0.999999999744587,1.),(1.,1.,1.)))
REPRESENTATION_ITEM('')
SURFACE()
);
#21=(
BOUNDED_SURFACE()
B_SPLINE_SURFACE(3,2,((#2001,#2002,#2003),(#2004,#2005,#2006),(#2007,#2008,
#2009),(#2010,#2011,#2012),(#2013,#2014,#2015),(#2016,#2017,#2018),(#2019,
#2020,#2021)),.UNSPECIFIED.,.F.,.F.,.F.)
B_SPLINE_SURFACE_WITH_KNOTS((4,1,1,1,4),(3,3),(6.28318530717959,6.67588438887831,
7.06858347057703,7.46128255227576,7.85398163397448),(0.,1.),
 .UNSPECIFIED.)
GEOMETRIC_REPRESENTATION_ITEM()
RATIONAL_B_SPLINE_SURFACE(((1.,0.707106781186548,1.),(1.,0.707106784047147,
1.),(1.,0.746571859511155,1.),(1.,0.869029034731873,1.),(1.,0.973464424268054,
1.),(1.,0.999999999744587,1.),(1.,1.,1.)))
REPRESENTATION_ITEM('')
SURFACE()
);
#22=(
BOUNDED_SURFACE()
B_SPLINE_SURFACE(3,2,((#2031,#2032,#2033),(#2034,#2035,#2036),(#2037,#2038,
#2039),(#2040,#2041,#2042),(#2043,#2044,#2045),(#2046,#2047,#2048),(#2049,
#2050,#2051)),.UNSPECIFIED.,.F.,.F.,.F.)
B_SPLINE_SURFACE_WITH_KNOTS((4,1,1,1,4),(3,3),(6.28318530717959,6.67588438887831,
7.06858347057703,7.46128255227576,7.85398163397448),(0.,1.),
 .UNSPECIFIED.)
GEOMETRIC_REPRESENTATION_ITEM()
RATIONAL_B_SPLINE_SURFACE(((1.,0.707106781186548,1.),(1.,0.707106784047203,
1.),(1.,0.746571859511129,1.),(1.,0.869029034731879,1.),(1.,0.973464424268051,
1.),(1.,0.999999999744587,1.),(1.,1.,1.)))
REPRESENTATION_ITEM('')
SURFACE()
);
#23=(
BOUNDED_SURFACE()
B_SPLINE_SURFACE(3,2,((#2059,#2060,#2061),(#2062,#2063,#2064),(#2065,#2066,
#2067),(#2068,#2069,#2070),(#2071,#2072,#2073),(#2074,#2075,#2076),(#2077,
#2078,#2079)),.UNSPECIFIED.,.F.,.F.,.F.)
B_SPLINE_SURFACE_WITH_KNOTS((4,1,1,1,4),(3,3),(6.28318530717959,6.67588438887831,
7.06858347057703,7.46128255227576,7.85398163397448),(0.,1.),
 .UNSPECIFIED.)
GEOMETRIC_REPRESENTATION_ITEM()
RATIONAL_B_SPLINE_SURFACE(((1.,0.707106781186547,1.),(1.,0.707106784047182,
1.),(1.,0.746571859511158,1.),(1.,0.869029034731872,1.),(1.,0.973464424268052,
1.),(1.,0.999999999744587,1.),(1.,1.,1.)))
REPRESENTATION_ITEM('')
SURFACE()
);
#24=(
BOUNDED_SURFACE()
B_SPLINE_SURFACE(3,2,((#2085,#2086,#2087),(#2088,#2089,#2090),(#2091,#2092,
#2093),(#2094,#2095,#2096),(#2097,#2098,#2099),(#2100,#2101,#2102),(#2103,
#2104,#2105)),.UNSPECIFIED.,.F.,.F.,.F.)
B_SPLINE_SURFACE_WITH_KNOTS((4,1,1,1,4),(3,3),(6.28318530717959,6.67588438887831,
7.06858347057703,7.46128255227576,7.85398163397448),(0.,1.),
 .UNSPECIFIED.)
GEOMETRIC_REPRESENTATION_ITEM()
RATIONAL_B_SPLINE_SURFACE(((1.,0.70843144350696,1.),(1.,0.708431446341423,
1.),(1.,0.7476682356856,1.),(1.,0.869542166398795,1.),(1.,0.973562293115535,
1.),(1.,0.999999999743532,1.),(1.,1.,1.)))
REPRESENTATION_ITEM('')
SURFACE()
);
#25=(
BOUNDED_SURFACE()
B_SPLINE_SURFACE(3,2,((#2113,#2114,#2115),(#2116,#2117,#2118),(#2119,#2120,
#2121),(#2122,#2123,#2124),(#2125,#2126,#2127),(#2128,#2129,#2130),(#2131,
#2132,#2133)),.UNSPECIFIED.,.F.,.F.,.F.)
B_SPLINE_SURFACE_WITH_KNOTS((4,1,1,1,4),(3,3),(6.28318530717959,6.67588438887831,
7.06858347057703,7.46128255227576,7.85398163397448),(0.,1.),
 .UNSPECIFIED.)
GEOMETRIC_REPRESENTATION_ITEM()
RATIONAL_B_SPLINE_SURFACE(((1.,0.705779632640851,1.),(1.,0.705779635527505,
1.),(1.,0.7454740633925,1.),(1.,0.868515748574881,1.),(1.,0.973366563338574,
1.),(1.,0.999999999745648,1.),(1.,1.,1.)))
REPRESENTATION_ITEM('')
SURFACE()
);
#26=(
BOUNDED_SURFACE()
B_SPLINE_SURFACE(3,2,((#2135,#2136,#2137),(#2138,#2139,#2140),(#2141,#2142,
#2143),(#2144,#2145,#2146),(#2147,#2148,#2149),(#2150,#2151,#2152),(#2153,
#2154,#2155)),.UNSPECIFIED.,.F.,.F.,.F.)
B_SPLINE_SURFACE_WITH_KNOTS((4,1,1,1,4),(3,3),(6.28318530717959,6.67588438887831,
7.06858347057703,7.46128255227576,7.85398163397448),(0.,1.),
 .UNSPECIFIED.)
GEOMETRIC_REPRESENTATION_ITEM()
RATIONAL_B_SPLINE_SURFACE(((1.,0.707106781186548,1.),(1.,0.707106784047024,
1.),(1.,0.746571859511213,1.),(1.,0.869029034731856,1.),(1.,0.973464424268055,
1.),(1.,0.999999999744587,1.),(1.,1.,1.)))
REPRESENTATION_ITEM('')
SURFACE()
);
#27=(
BOUNDED_SURFACE()
B_SPLINE_SURFACE(3,2,((#2161,#2162,#2163),(#2164,#2165,#2166),(#2167,#2168,
#2169),(#2170,#2171,#2172),(#2173,#2174,#2175),(#2176,#2177,#2178),(#2179,
#2180,#2181)),.UNSPECIFIED.,.F.,.F.,.F.)
B_SPLINE_SURFACE_WITH_KNOTS((4,1,1,1,4),(3,3),(6.28318530717959,6.67588438887831,
7.06858347057703,7.46128255227576,7.85398163397448),(0.,1.),
 .UNSPECIFIED.)
GEOMETRIC_REPRESENTATION_ITEM()
RATIONAL_B_SPLINE_SURFACE(((1.,0.707106781186548,1.),(1.,0.707106784047024,
1.),(1.,0.746571859511211,1.),(1.,0.869029034731858,1.),(1.,0.973464424268058,
1.),(1.,0.999999999744587,1.),(1.,1.,1.)))
REPRESENTATION_ITEM('')
SURFACE()
);
#28=ELLIPSE('',#1157,0.00145170795961171,0.0014);
#29=ELLIPSE('',#1160,0.00145170795961171,0.0014);
#30=ELLIPSE('',#1162,0.00145170795961171,0.0014);
#31=ELLIPSE('',#1165,0.00145170795961171,0.0014);
#32=ELLIPSE('',#1169,0.0014517079596117,0.0014);
#33=ELLIPSE('',#1172,0.00145170795961171,0.0014);
#34=ELLIPSE('',#1178,0.00145132840777748,0.0014);
#35=ELLIPSE('',#1181,0.00145132840777748,0.0014);
#36=ELLIPSE('',#1183,0.00145170795961171,0.0014);
#37=ELLIPSE('',#1185,0.00145209026863667,0.0014);
#38=ELLIPSE('',#1186,0.00145170795961171,0.0014);
#39=ELLIPSE('',#1187,0.00145209026863667,0.0014);
#40=ELLIPSE('',#1189,0.00145170795961171,0.0014);
#41=ELLIPSE('',#1191,0.00145170795961171,0.0014);
#42=ELLIPSE('',#1196,0.00145170795961171,0.0014);
#43=ELLIPSE('',#1199,0.00145170795961171,0.0014);
#44=ELLIPSE('',#1205,0.00145170795961171,0.0014);
#45=ELLIPSE('',#1208,0.00145170795961171,0.0014);
#46=ELLIPSE('',#1212,0.0014517079596117,0.0014);
#47=ELLIPSE('',#1215,0.00145170795961171,0.0014);
#48=ELLIPSE('',#1217,0.00145132840777748,0.0014);
#49=ELLIPSE('',#1220,0.00145132840777748,0.0014);
#50=ELLIPSE('',#1224,0.00145209026863667,0.0014);
#51=ELLIPSE('',#1226,0.00145170795961171,0.0014);
#52=ELLIPSE('',#1227,0.00145209026863667,0.0014);
#53=ELLIPSE('',#1228,0.00145170795961171,0.0014);
#54=ELLIPSE('',#1230,0.00145170795961171,0.0014);
#55=ELLIPSE('',#1232,0.00145170795961171,0.0014);
#56=TOROIDAL_SURFACE('',#1151,0.00394,0.0014);
#57=TOROIDAL_SURFACE('',#1158,0.00394,0.0014);
#58=TOROIDAL_SURFACE('',#1173,0.00394,0.0014);
#59=TOROIDAL_SURFACE('',#1179,0.00394,0.0014);
#60=TOROIDAL_SURFACE('',#1192,0.00394,0.0014);
#61=TOROIDAL_SURFACE('',#1200,0.00394,0.0014);
#62=TOROIDAL_SURFACE('',#1213,0.00394,0.0014);
#63=TOROIDAL_SURFACE('',#1221,0.00394,0.0014);
#64=PLANE('',#1094);
#65=PLANE('',#1098);
#66=PLANE('',#1102);
#67=PLANE('',#1106);
#68=PLANE('',#1110);
#69=PLANE('',#1114);
#70=PLANE('',#1118);
#71=PLANE('',#1122);
#72=PLANE('',#1126);
#73=PLANE('',#1130);
#74=PLANE('',#1134);
#75=PLANE('',#1138);
#76=PLANE('',#1139);
#77=PLANE('',#1145);
#78=CIRCLE('',#1092,0.00254);
#79=CIRCLE('',#1093,0.00254);
#80=CIRCLE('',#1096,0.001016);
#81=CIRCLE('',#1097,0.001016);
#82=CIRCLE('',#1100,0.001016);
#83=CIRCLE('',#1101,0.001016);
#84=CIRCLE('',#1104,0.001016);
#85=CIRCLE('',#1105,0.001016);
#86=CIRCLE('',#1108,0.001016);
#87=CIRCLE('',#1109,0.001016);
#88=CIRCLE('',#1112,0.00254);
#89=CIRCLE('',#1113,0.00254);
#90=CIRCLE('',#1116,0.00101600000000002);
#91=CIRCLE('',#1117,0.00101600000000002);
#92=CIRCLE('',#1120,0.001016);
#93=CIRCLE('',#1121,0.001016);
#94=CIRCLE('',#1124,0.00254);
#95=CIRCLE('',#1125,0.00254);
#96=CIRCLE('',#1128,0.00254);
#97=CIRCLE('',#1129,0.00254);
#98=CIRCLE('',#1132,0.001016);
#99=CIRCLE('',#1133,0.001016);
#100=CIRCLE('',#1136,0.00171698868555975);
#101=CIRCLE('',#1137,0.00171698868555975);
#102=CIRCLE('',#1140,0.00394);
#103=CIRCLE('',#1141,0.00394);
#104=CIRCLE('',#1142,0.00394);
#105=CIRCLE('',#1143,0.00031698868555975);
#106=CIRCLE('',#1144,0.00394);
#107=CIRCLE('',#1146,0.00394);
#108=CIRCLE('',#1147,0.00031698868555975);
#109=CIRCLE('',#1148,0.00394);
#110=CIRCLE('',#1149,0.00394);
#111=CIRCLE('',#1150,0.00394);
#112=CIRCLE('',#1152,0.0014);
#113=CIRCLE('',#1153,0.0014);
#114=CIRCLE('',#1155,0.0014);
#115=CIRCLE('',#1159,0.0014);
#116=CIRCLE('',#1164,0.0014);
#117=CIRCLE('',#1167,0.0014);
#118=CIRCLE('',#1171,0.0014);
#119=CIRCLE('',#1174,0.0014);
#120=CIRCLE('',#1176,0.0014);
#121=CIRCLE('',#1180,0.0014);
#122=CIRCLE('',#1193,0.0014);
#123=CIRCLE('',#1194,0.0014);
#124=CIRCLE('',#1198,0.0014);
#125=CIRCLE('',#1201,0.0014);
#126=CIRCLE('',#1203,0.0014);
#127=CIRCLE('',#1207,0.0014);
#128=CIRCLE('',#1210,0.0014);
#129=CIRCLE('',#1214,0.0014);
#130=CIRCLE('',#1219,0.0014);
#131=CIRCLE('',#1222,0.0014);
#132=ORIENTED_EDGE('',*,*,#440,.F.);
#133=ORIENTED_EDGE('',*,*,#441,.T.);
#134=ORIENTED_EDGE('',*,*,#442,.T.);
#135=ORIENTED_EDGE('',*,*,#443,.T.);
#136=ORIENTED_EDGE('',*,*,#444,.F.);
#137=ORIENTED_EDGE('',*,*,#445,.T.);
#138=ORIENTED_EDGE('',*,*,#440,.T.);
#139=ORIENTED_EDGE('',*,*,#446,.T.);
#140=ORIENTED_EDGE('',*,*,#447,.F.);
#141=ORIENTED_EDGE('',*,*,#448,.T.);
#142=ORIENTED_EDGE('',*,*,#444,.T.);
#143=ORIENTED_EDGE('',*,*,#449,.T.);
#144=ORIENTED_EDGE('',*,*,#450,.F.);
#145=ORIENTED_EDGE('',*,*,#451,.T.);
#146=ORIENTED_EDGE('',*,*,#447,.T.);
#147=ORIENTED_EDGE('',*,*,#452,.T.);
#148=ORIENTED_EDGE('',*,*,#453,.F.);
#149=ORIENTED_EDGE('',*,*,#454,.T.);
#150=ORIENTED_EDGE('',*,*,#450,.T.);
#151=ORIENTED_EDGE('',*,*,#455,.T.);
#152=ORIENTED_EDGE('',*,*,#456,.F.);
#153=ORIENTED_EDGE('',*,*,#457,.T.);
#154=ORIENTED_EDGE('',*,*,#453,.T.);
#155=ORIENTED_EDGE('',*,*,#458,.T.);
#156=ORIENTED_EDGE('',*,*,#459,.F.);
#157=ORIENTED_EDGE('',*,*,#460,.T.);
#158=ORIENTED_EDGE('',*,*,#456,.T.);
#159=ORIENTED_EDGE('',*,*,#461,.T.);
#160=ORIENTED_EDGE('',*,*,#462,.F.);
#161=ORIENTED_EDGE('',*,*,#463,.T.);
#162=ORIENTED_EDGE('',*,*,#459,.T.);
#163=ORIENTED_EDGE('',*,*,#464,.T.);
#164=ORIENTED_EDGE('',*,*,#465,.F.);
#165=ORIENTED_EDGE('',*,*,#466,.T.);
#166=ORIENTED_EDGE('',*,*,#462,.T.);
#167=ORIENTED_EDGE('',*,*,#467,.T.);
#168=ORIENTED_EDGE('',*,*,#468,.F.);
#169=ORIENTED_EDGE('',*,*,#469,.T.);
#170=ORIENTED_EDGE('',*,*,#465,.T.);
#171=ORIENTED_EDGE('',*,*,#470,.T.);
#172=ORIENTED_EDGE('',*,*,#471,.F.);
#173=ORIENTED_EDGE('',*,*,#472,.T.);
#174=ORIENTED_EDGE('',*,*,#468,.T.);
#175=ORIENTED_EDGE('',*,*,#473,.T.);
#176=ORIENTED_EDGE('',*,*,#474,.F.);
#177=ORIENTED_EDGE('',*,*,#475,.T.);
#178=ORIENTED_EDGE('',*,*,#471,.T.);
#179=ORIENTED_EDGE('',*,*,#476,.T.);
#180=ORIENTED_EDGE('',*,*,#477,.F.);
#181=ORIENTED_EDGE('',*,*,#478,.T.);
#182=ORIENTED_EDGE('',*,*,#474,.T.);
#183=ORIENTED_EDGE('',*,*,#479,.T.);
#184=ORIENTED_EDGE('',*,*,#480,.F.);
#185=ORIENTED_EDGE('',*,*,#481,.T.);
#186=ORIENTED_EDGE('',*,*,#477,.T.);
#187=ORIENTED_EDGE('',*,*,#482,.T.);
#188=ORIENTED_EDGE('',*,*,#483,.F.);
#189=ORIENTED_EDGE('',*,*,#484,.T.);
#190=ORIENTED_EDGE('',*,*,#480,.T.);
#191=ORIENTED_EDGE('',*,*,#485,.T.);
#192=ORIENTED_EDGE('',*,*,#486,.F.);
#193=ORIENTED_EDGE('',*,*,#487,.T.);
#194=ORIENTED_EDGE('',*,*,#483,.T.);
#195=ORIENTED_EDGE('',*,*,#488,.T.);
#196=ORIENTED_EDGE('',*,*,#489,.F.);
#197=ORIENTED_EDGE('',*,*,#490,.T.);
#198=ORIENTED_EDGE('',*,*,#486,.T.);
#199=ORIENTED_EDGE('',*,*,#491,.T.);
#200=ORIENTED_EDGE('',*,*,#492,.F.);
#201=ORIENTED_EDGE('',*,*,#493,.T.);
#202=ORIENTED_EDGE('',*,*,#489,.T.);
#203=ORIENTED_EDGE('',*,*,#494,.T.);
#204=ORIENTED_EDGE('',*,*,#495,.F.);
#205=ORIENTED_EDGE('',*,*,#496,.T.);
#206=ORIENTED_EDGE('',*,*,#492,.T.);
#207=ORIENTED_EDGE('',*,*,#497,.T.);
#208=ORIENTED_EDGE('',*,*,#498,.F.);
#209=ORIENTED_EDGE('',*,*,#499,.T.);
#210=ORIENTED_EDGE('',*,*,#495,.T.);
#211=ORIENTED_EDGE('',*,*,#500,.T.);
#212=ORIENTED_EDGE('',*,*,#501,.F.);
#213=ORIENTED_EDGE('',*,*,#502,.T.);
#214=ORIENTED_EDGE('',*,*,#498,.T.);
#215=ORIENTED_EDGE('',*,*,#503,.T.);
#216=ORIENTED_EDGE('',*,*,#504,.F.);
#217=ORIENTED_EDGE('',*,*,#505,.T.);
#218=ORIENTED_EDGE('',*,*,#501,.T.);
#219=ORIENTED_EDGE('',*,*,#506,.T.);
#220=ORIENTED_EDGE('',*,*,#507,.F.);
#221=ORIENTED_EDGE('',*,*,#508,.T.);
#222=ORIENTED_EDGE('',*,*,#504,.T.);
#223=ORIENTED_EDGE('',*,*,#509,.T.);
#224=ORIENTED_EDGE('',*,*,#442,.F.);
#225=ORIENTED_EDGE('',*,*,#510,.T.);
#226=ORIENTED_EDGE('',*,*,#507,.T.);
#227=ORIENTED_EDGE('',*,*,#511,.T.);
#228=ORIENTED_EDGE('',*,*,#512,.T.);
#229=ORIENTED_EDGE('',*,*,#513,.T.);
#230=ORIENTED_EDGE('',*,*,#514,.T.);
#231=ORIENTED_EDGE('',*,*,#515,.T.);
#232=ORIENTED_EDGE('',*,*,#516,.T.);
#233=ORIENTED_EDGE('',*,*,#517,.T.);
#234=ORIENTED_EDGE('',*,*,#518,.T.);
#235=ORIENTED_EDGE('',*,*,#519,.T.);
#236=ORIENTED_EDGE('',*,*,#520,.T.);
#237=ORIENTED_EDGE('',*,*,#521,.T.);
#238=ORIENTED_EDGE('',*,*,#522,.T.);
#239=ORIENTED_EDGE('',*,*,#523,.T.);
#240=ORIENTED_EDGE('',*,*,#524,.T.);
#241=ORIENTED_EDGE('',*,*,#525,.T.);
#242=ORIENTED_EDGE('',*,*,#526,.T.);
#243=ORIENTED_EDGE('',*,*,#527,.T.);
#244=ORIENTED_EDGE('',*,*,#528,.T.);
#245=ORIENTED_EDGE('',*,*,#529,.T.);
#246=ORIENTED_EDGE('',*,*,#530,.T.);
#247=ORIENTED_EDGE('',*,*,#531,.T.);
#248=ORIENTED_EDGE('',*,*,#532,.T.);
#249=ORIENTED_EDGE('',*,*,#533,.T.);
#250=ORIENTED_EDGE('',*,*,#534,.T.);
#251=ORIENTED_EDGE('',*,*,#535,.T.);
#252=ORIENTED_EDGE('',*,*,#536,.T.);
#253=ORIENTED_EDGE('',*,*,#537,.T.);
#254=ORIENTED_EDGE('',*,*,#538,.T.);
#255=ORIENTED_EDGE('',*,*,#539,.T.);
#256=ORIENTED_EDGE('',*,*,#540,.T.);
#257=ORIENTED_EDGE('',*,*,#541,.T.);
#258=ORIENTED_EDGE('',*,*,#542,.T.);
#259=ORIENTED_EDGE('',*,*,#543,.T.);
#260=ORIENTED_EDGE('',*,*,#544,.T.);
#261=ORIENTED_EDGE('',*,*,#545,.T.);
#262=ORIENTED_EDGE('',*,*,#546,.F.);
#263=ORIENTED_EDGE('',*,*,#497,.F.);
#264=ORIENTED_EDGE('',*,*,#547,.F.);
#265=ORIENTED_EDGE('',*,*,#539,.F.);
#266=ORIENTED_EDGE('',*,*,#547,.T.);
#267=ORIENTED_EDGE('',*,*,#494,.F.);
#268=ORIENTED_EDGE('',*,*,#548,.F.);
#269=ORIENTED_EDGE('',*,*,#540,.F.);
#270=ORIENTED_EDGE('',*,*,#546,.T.);
#271=ORIENTED_EDGE('',*,*,#538,.F.);
#272=ORIENTED_EDGE('',*,*,#549,.F.);
#273=ORIENTED_EDGE('',*,*,#500,.F.);
#274=ORIENTED_EDGE('',*,*,#548,.T.);
#275=ORIENTED_EDGE('',*,*,#491,.F.);
#276=ORIENTED_EDGE('',*,*,#550,.F.);
#277=ORIENTED_EDGE('',*,*,#541,.F.);
#278=ORIENTED_EDGE('',*,*,#503,.F.);
#279=ORIENTED_EDGE('',*,*,#549,.T.);
#280=ORIENTED_EDGE('',*,*,#551,.F.);
#281=ORIENTED_EDGE('',*,*,#550,.T.);
#282=ORIENTED_EDGE('',*,*,#488,.F.);
#283=ORIENTED_EDGE('',*,*,#552,.F.);
#284=ORIENTED_EDGE('',*,*,#542,.F.);
#285=ORIENTED_EDGE('',*,*,#551,.T.);
#286=ORIENTED_EDGE('',*,*,#537,.F.);
#287=ORIENTED_EDGE('',*,*,#553,.F.);
#288=ORIENTED_EDGE('',*,*,#506,.F.);
#289=ORIENTED_EDGE('',*,*,#552,.T.);
#290=ORIENTED_EDGE('',*,*,#485,.F.);
#291=ORIENTED_EDGE('',*,*,#554,.F.);
#292=ORIENTED_EDGE('',*,*,#553,.T.);
#293=ORIENTED_EDGE('',*,*,#536,.F.);
#294=ORIENTED_EDGE('',*,*,#555,.F.);
#295=ORIENTED_EDGE('',*,*,#509,.F.);
#296=ORIENTED_EDGE('',*,*,#554,.T.);
#297=ORIENTED_EDGE('',*,*,#482,.F.);
#298=ORIENTED_EDGE('',*,*,#556,.F.);
#299=ORIENTED_EDGE('',*,*,#543,.F.);
#300=ORIENTED_EDGE('',*,*,#555,.T.);
#301=ORIENTED_EDGE('',*,*,#535,.F.);
#302=ORIENTED_EDGE('',*,*,#557,.F.);
#303=ORIENTED_EDGE('',*,*,#511,.F.);
#304=ORIENTED_EDGE('',*,*,#556,.T.);
#305=ORIENTED_EDGE('',*,*,#479,.F.);
#306=ORIENTED_EDGE('',*,*,#558,.F.);
#307=ORIENTED_EDGE('',*,*,#557,.T.);
#308=ORIENTED_EDGE('',*,*,#534,.F.);
#309=ORIENTED_EDGE('',*,*,#559,.F.);
#310=ORIENTED_EDGE('',*,*,#443,.F.);
#311=ORIENTED_EDGE('',*,*,#558,.T.);
#312=ORIENTED_EDGE('',*,*,#476,.F.);
#313=ORIENTED_EDGE('',*,*,#560,.F.);
#314=ORIENTED_EDGE('',*,*,#544,.F.);
#315=ORIENTED_EDGE('',*,*,#559,.T.);
#316=ORIENTED_EDGE('',*,*,#533,.F.);
#317=ORIENTED_EDGE('',*,*,#561,.F.);
#318=ORIENTED_EDGE('',*,*,#446,.F.);
#319=ORIENTED_EDGE('',*,*,#560,.T.);
#320=ORIENTED_EDGE('',*,*,#473,.F.);
#321=ORIENTED_EDGE('',*,*,#562,.F.);
#322=ORIENTED_EDGE('',*,*,#545,.F.);
#323=ORIENTED_EDGE('',*,*,#449,.F.);
#324=ORIENTED_EDGE('',*,*,#561,.T.);
#325=ORIENTED_EDGE('',*,*,#563,.F.);
#326=ORIENTED_EDGE('',*,*,#562,.T.);
#327=ORIENTED_EDGE('',*,*,#470,.F.);
#328=ORIENTED_EDGE('',*,*,#564,.F.);
#329=ORIENTED_EDGE('',*,*,#529,.F.);
#330=ORIENTED_EDGE('',*,*,#563,.T.);
#331=ORIENTED_EDGE('',*,*,#532,.F.);
#332=ORIENTED_EDGE('',*,*,#565,.F.);
#333=ORIENTED_EDGE('',*,*,#452,.F.);
#334=ORIENTED_EDGE('',*,*,#564,.T.);
#335=ORIENTED_EDGE('',*,*,#467,.F.);
#336=ORIENTED_EDGE('',*,*,#566,.F.);
#337=ORIENTED_EDGE('',*,*,#455,.F.);
#338=ORIENTED_EDGE('',*,*,#565,.T.);
#339=ORIENTED_EDGE('',*,*,#567,.F.);
#340=ORIENTED_EDGE('',*,*,#566,.T.);
#341=ORIENTED_EDGE('',*,*,#464,.F.);
#342=ORIENTED_EDGE('',*,*,#568,.F.);
#343=ORIENTED_EDGE('',*,*,#530,.F.);
#344=ORIENTED_EDGE('',*,*,#567,.T.);
#345=ORIENTED_EDGE('',*,*,#531,.F.);
#346=ORIENTED_EDGE('',*,*,#569,.F.);
#347=ORIENTED_EDGE('',*,*,#458,.F.);
#348=ORIENTED_EDGE('',*,*,#569,.T.);
#349=ORIENTED_EDGE('',*,*,#568,.T.);
#350=ORIENTED_EDGE('',*,*,#461,.F.);
#351=ORIENTED_EDGE('',*,*,#570,.F.);
#352=ORIENTED_EDGE('',*,*,#496,.F.);
#353=ORIENTED_EDGE('',*,*,#571,.F.);
#354=ORIENTED_EDGE('',*,*,#521,.F.);
#355=ORIENTED_EDGE('',*,*,#571,.T.);
#356=ORIENTED_EDGE('',*,*,#499,.F.);
#357=ORIENTED_EDGE('',*,*,#572,.F.);
#358=ORIENTED_EDGE('',*,*,#522,.F.);
#359=ORIENTED_EDGE('',*,*,#570,.T.);
#360=ORIENTED_EDGE('',*,*,#520,.F.);
#361=ORIENTED_EDGE('',*,*,#573,.F.);
#362=ORIENTED_EDGE('',*,*,#493,.F.);
#363=ORIENTED_EDGE('',*,*,#572,.T.);
#364=ORIENTED_EDGE('',*,*,#502,.F.);
#365=ORIENTED_EDGE('',*,*,#574,.F.);
#366=ORIENTED_EDGE('',*,*,#573,.T.);
#367=ORIENTED_EDGE('',*,*,#519,.F.);
#368=ORIENTED_EDGE('',*,*,#575,.F.);
#369=ORIENTED_EDGE('',*,*,#490,.F.);
#370=ORIENTED_EDGE('',*,*,#574,.T.);
#371=ORIENTED_EDGE('',*,*,#505,.F.);
#372=ORIENTED_EDGE('',*,*,#576,.F.);
#373=ORIENTED_EDGE('',*,*,#523,.F.);
#374=ORIENTED_EDGE('',*,*,#575,.T.);
#375=ORIENTED_EDGE('',*,*,#518,.F.);
#376=ORIENTED_EDGE('',*,*,#577,.F.);
#377=ORIENTED_EDGE('',*,*,#487,.F.);
#378=ORIENTED_EDGE('',*,*,#576,.T.);
#379=ORIENTED_EDGE('',*,*,#508,.F.);
#380=ORIENTED_EDGE('',*,*,#578,.F.);
#381=ORIENTED_EDGE('',*,*,#524,.F.);
#382=ORIENTED_EDGE('',*,*,#484,.F.);
#383=ORIENTED_EDGE('',*,*,#577,.T.);
#384=ORIENTED_EDGE('',*,*,#579,.F.);
#385=ORIENTED_EDGE('',*,*,#578,.T.);
#386=ORIENTED_EDGE('',*,*,#510,.F.);
#387=ORIENTED_EDGE('',*,*,#580,.F.);
#388=ORIENTED_EDGE('',*,*,#525,.F.);
#389=ORIENTED_EDGE('',*,*,#579,.T.);
#390=ORIENTED_EDGE('',*,*,#517,.F.);
#391=ORIENTED_EDGE('',*,*,#581,.F.);
#392=ORIENTED_EDGE('',*,*,#481,.F.);
#393=ORIENTED_EDGE('',*,*,#580,.T.);
#394=ORIENTED_EDGE('',*,*,#441,.F.);
#395=ORIENTED_EDGE('',*,*,#582,.F.);
#396=ORIENTED_EDGE('',*,*,#526,.F.);
#397=ORIENTED_EDGE('',*,*,#478,.F.);
#398=ORIENTED_EDGE('',*,*,#581,.T.);
#399=ORIENTED_EDGE('',*,*,#583,.F.);
#400=ORIENTED_EDGE('',*,*,#582,.T.);
#401=ORIENTED_EDGE('',*,*,#445,.F.);
#402=ORIENTED_EDGE('',*,*,#584,.F.);
#403=ORIENTED_EDGE('',*,*,#527,.F.);
#404=ORIENTED_EDGE('',*,*,#583,.T.);
#405=ORIENTED_EDGE('',*,*,#516,.F.);
#406=ORIENTED_EDGE('',*,*,#585,.F.);
#407=ORIENTED_EDGE('',*,*,#475,.F.);
#408=ORIENTED_EDGE('',*,*,#584,.T.);
#409=ORIENTED_EDGE('',*,*,#448,.F.);
#410=ORIENTED_EDGE('',*,*,#586,.F.);
#411=ORIENTED_EDGE('',*,*,#585,.T.);
#412=ORIENTED_EDGE('',*,*,#515,.F.);
#413=ORIENTED_EDGE('',*,*,#587,.F.);
#414=ORIENTED_EDGE('',*,*,#472,.F.);
#415=ORIENTED_EDGE('',*,*,#586,.T.);
#416=ORIENTED_EDGE('',*,*,#451,.F.);
#417=ORIENTED_EDGE('',*,*,#588,.F.);
#418=ORIENTED_EDGE('',*,*,#528,.F.);
#419=ORIENTED_EDGE('',*,*,#587,.T.);
#420=ORIENTED_EDGE('',*,*,#514,.F.);
#421=ORIENTED_EDGE('',*,*,#589,.F.);
#422=ORIENTED_EDGE('',*,*,#469,.F.);
#423=ORIENTED_EDGE('',*,*,#588,.T.);
#424=ORIENTED_EDGE('',*,*,#454,.F.);
#425=ORIENTED_EDGE('',*,*,#590,.F.);
#426=ORIENTED_EDGE('',*,*,#466,.F.);
#427=ORIENTED_EDGE('',*,*,#589,.T.);
#428=ORIENTED_EDGE('',*,*,#591,.F.);
#429=ORIENTED_EDGE('',*,*,#590,.T.);
#430=ORIENTED_EDGE('',*,*,#457,.F.);
#431=ORIENTED_EDGE('',*,*,#592,.F.);
#432=ORIENTED_EDGE('',*,*,#512,.F.);
#433=ORIENTED_EDGE('',*,*,#591,.T.);
#434=ORIENTED_EDGE('',*,*,#513,.F.);
#435=ORIENTED_EDGE('',*,*,#593,.F.);
#436=ORIENTED_EDGE('',*,*,#463,.F.);
#437=ORIENTED_EDGE('',*,*,#460,.F.);
#438=ORIENTED_EDGE('',*,*,#593,.T.);
#439=ORIENTED_EDGE('',*,*,#592,.T.);
#440=EDGE_CURVE('',#594,#595,#676,.T.);
#441=EDGE_CURVE('',#594,#596,#78,.T.);
#442=EDGE_CURVE('',#596,#597,#677,.T.);
#443=EDGE_CURVE('',#597,#595,#79,.F.);
#444=EDGE_CURVE('',#598,#599,#678,.T.);
#445=EDGE_CURVE('',#598,#594,#679,.F.);
#446=EDGE_CURVE('',#595,#599,#680,.T.);
#447=EDGE_CURVE('',#600,#601,#681,.T.);
#448=EDGE_CURVE('',#600,#598,#80,.T.);
#449=EDGE_CURVE('',#599,#601,#81,.T.);
#450=EDGE_CURVE('',#602,#603,#682,.T.);
#451=EDGE_CURVE('',#602,#600,#683,.F.);
#452=EDGE_CURVE('',#601,#603,#684,.T.);
#453=EDGE_CURVE('',#604,#605,#685,.T.);
#454=EDGE_CURVE('',#604,#602,#82,.T.);
#455=EDGE_CURVE('',#603,#605,#83,.T.);
#456=EDGE_CURVE('',#606,#607,#686,.T.);
#457=EDGE_CURVE('',#606,#604,#687,.T.);
#458=EDGE_CURVE('',#605,#607,#688,.F.);
#459=EDGE_CURVE('',#608,#609,#689,.T.);
#460=EDGE_CURVE('',#608,#606,#84,.T.);
#461=EDGE_CURVE('',#607,#609,#85,.T.);
#462=EDGE_CURVE('',#610,#611,#690,.T.);
#463=EDGE_CURVE('',#610,#608,#691,.F.);
#464=EDGE_CURVE('',#609,#611,#692,.T.);
#465=EDGE_CURVE('',#612,#613,#693,.T.);
#466=EDGE_CURVE('',#612,#610,#86,.T.);
#467=EDGE_CURVE('',#611,#613,#87,.T.);
#468=EDGE_CURVE('',#614,#615,#694,.T.);
#469=EDGE_CURVE('',#614,#612,#695,.F.);
#470=EDGE_CURVE('',#613,#615,#696,.T.);
#471=EDGE_CURVE('',#616,#617,#697,.T.);
#472=EDGE_CURVE('',#616,#614,#88,.T.);
#473=EDGE_CURVE('',#615,#617,#89,.F.);
#474=EDGE_CURVE('',#618,#619,#698,.T.);
#475=EDGE_CURVE('',#618,#616,#699,.T.);
#476=EDGE_CURVE('',#617,#619,#700,.F.);
#477=EDGE_CURVE('',#620,#621,#701,.T.);
#478=EDGE_CURVE('',#620,#618,#90,.T.);
#479=EDGE_CURVE('',#619,#621,#91,.T.);
#480=EDGE_CURVE('',#622,#623,#702,.T.);
#481=EDGE_CURVE('',#622,#620,#703,.T.);
#482=EDGE_CURVE('',#621,#623,#704,.F.);
#483=EDGE_CURVE('',#624,#625,#705,.T.);
#484=EDGE_CURVE('',#624,#622,#92,.T.);
#485=EDGE_CURVE('',#623,#625,#93,.T.);
#486=EDGE_CURVE('',#626,#627,#706,.T.);
#487=EDGE_CURVE('',#626,#624,#707,.T.);
#488=EDGE_CURVE('',#625,#627,#708,.F.);
#489=EDGE_CURVE('',#628,#629,#709,.T.);
#490=EDGE_CURVE('',#628,#626,#94,.T.);
#491=EDGE_CURVE('',#627,#629,#95,.F.);
#492=EDGE_CURVE('',#630,#631,#710,.T.);
#493=EDGE_CURVE('',#630,#628,#711,.F.);
#494=EDGE_CURVE('',#629,#631,#712,.T.);
#495=EDGE_CURVE('',#632,#633,#713,.T.);
#496=EDGE_CURVE('',#632,#630,#96,.T.);
#497=EDGE_CURVE('',#631,#633,#97,.F.);
#498=EDGE_CURVE('',#634,#635,#714,.T.);
#499=EDGE_CURVE('',#634,#632,#715,.T.);
#500=EDGE_CURVE('',#633,#635,#716,.F.);
#501=EDGE_CURVE('',#636,#637,#717,.T.);
#502=EDGE_CURVE('',#636,#634,#98,.T.);
#503=EDGE_CURVE('',#635,#637,#99,.T.);
#504=EDGE_CURVE('',#638,#639,#718,.T.);
#505=EDGE_CURVE('',#638,#636,#719,.T.);
#506=EDGE_CURVE('',#637,#639,#720,.F.);
#507=EDGE_CURVE('',#640,#641,#721,.T.);
#508=EDGE_CURVE('',#640,#638,#100,.F.);
#509=EDGE_CURVE('',#639,#641,#101,.T.);
#510=EDGE_CURVE('',#596,#640,#722,.T.);
#511=EDGE_CURVE('',#641,#597,#723,.F.);
#512=EDGE_CURVE('',#642,#643,#724,.F.);
#513=EDGE_CURVE('',#643,#644,#725,.T.);
#514=EDGE_CURVE('',#644,#645,#726,.T.);
#515=EDGE_CURVE('',#645,#646,#102,.F.);
#516=EDGE_CURVE('',#646,#647,#727,.F.);
#517=EDGE_CURVE('',#647,#648,#728,.F.);
#518=EDGE_CURVE('',#648,#649,#729,.F.);
#519=EDGE_CURVE('',#649,#650,#103,.F.);
#520=EDGE_CURVE('',#650,#651,#730,.T.);
#521=EDGE_CURVE('',#651,#652,#104,.F.);
#522=EDGE_CURVE('',#652,#653,#731,.F.);
#523=EDGE_CURVE('',#653,#654,#732,.F.);
#524=EDGE_CURVE('',#654,#655,#105,.T.);
#525=EDGE_CURVE('',#655,#656,#733,.F.);
#526=EDGE_CURVE('',#656,#657,#106,.F.);
#527=EDGE_CURVE('',#657,#658,#734,.T.);
#528=EDGE_CURVE('',#658,#642,#735,.T.);
#529=EDGE_CURVE('',#659,#660,#736,.F.);
#530=EDGE_CURVE('',#660,#661,#737,.F.);
#531=EDGE_CURVE('',#661,#662,#738,.T.);
#532=EDGE_CURVE('',#662,#663,#739,.F.);
#533=EDGE_CURVE('',#663,#664,#740,.F.);
#534=EDGE_CURVE('',#664,#665,#107,.T.);
#535=EDGE_CURVE('',#665,#666,#741,.T.);
#536=EDGE_CURVE('',#666,#667,#108,.F.);
#537=EDGE_CURVE('',#667,#668,#742,.T.);
#538=EDGE_CURVE('',#668,#669,#743,.T.);
#539=EDGE_CURVE('',#669,#670,#109,.T.);
#540=EDGE_CURVE('',#670,#671,#744,.F.);
#541=EDGE_CURVE('',#671,#672,#110,.T.);
#542=EDGE_CURVE('',#672,#673,#745,.T.);
#543=EDGE_CURVE('',#673,#674,#746,.T.);
#544=EDGE_CURVE('',#674,#675,#747,.T.);
#545=EDGE_CURVE('',#675,#659,#111,.T.);
#546=EDGE_CURVE('',#633,#669,#112,.T.);
#547=EDGE_CURVE('',#670,#631,#113,.T.);
#548=EDGE_CURVE('',#671,#629,#114,.T.);
#549=EDGE_CURVE('',#635,#668,#28,.F.);
#550=EDGE_CURVE('',#672,#627,#115,.T.);
#551=EDGE_CURVE('',#637,#668,#29,.F.);
#552=EDGE_CURVE('',#673,#625,#30,.T.);
#553=EDGE_CURVE('',#639,#667,#116,.T.);
#554=EDGE_CURVE('',#673,#623,#31,.T.);
#555=EDGE_CURVE('',#641,#666,#117,.T.);
#556=EDGE_CURVE('',#674,#621,#32,.T.);
#557=EDGE_CURVE('',#597,#665,#118,.T.);
#558=EDGE_CURVE('',#674,#619,#33,.T.);
#559=EDGE_CURVE('',#595,#664,#119,.T.);
#560=EDGE_CURVE('',#675,#617,#120,.T.);
#561=EDGE_CURVE('',#599,#663,#34,.F.);
#562=EDGE_CURVE('',#659,#615,#121,.T.);
#563=EDGE_CURVE('',#601,#663,#35,.F.);
#564=EDGE_CURVE('',#660,#613,#36,.T.);
#565=EDGE_CURVE('',#603,#662,#37,.F.);
#566=EDGE_CURVE('',#660,#611,#38,.T.);
#567=EDGE_CURVE('',#605,#662,#39,.F.);
#568=EDGE_CURVE('',#661,#609,#40,.T.);
#569=EDGE_CURVE('',#607,#661,#41,.F.);
#570=EDGE_CURVE('',#630,#651,#122,.T.);
#571=EDGE_CURVE('',#652,#632,#123,.T.);
#572=EDGE_CURVE('',#653,#634,#42,.T.);
#573=EDGE_CURVE('',#628,#650,#124,.T.);
#574=EDGE_CURVE('',#653,#636,#43,.T.);
#575=EDGE_CURVE('',#626,#649,#125,.T.);
#576=EDGE_CURVE('',#654,#638,#126,.T.);
#577=EDGE_CURVE('',#624,#648,#44,.F.);
#578=EDGE_CURVE('',#655,#640,#127,.T.);
#579=EDGE_CURVE('',#622,#648,#45,.F.);
#580=EDGE_CURVE('',#656,#596,#128,.T.);
#581=EDGE_CURVE('',#620,#647,#46,.F.);
#582=EDGE_CURVE('',#657,#594,#129,.T.);
#583=EDGE_CURVE('',#618,#647,#47,.F.);
#584=EDGE_CURVE('',#658,#598,#48,.T.);
#585=EDGE_CURVE('',#616,#646,#130,.T.);
#586=EDGE_CURVE('',#658,#600,#49,.T.);
#587=EDGE_CURVE('',#614,#645,#131,.T.);
#588=EDGE_CURVE('',#642,#602,#50,.T.);
#589=EDGE_CURVE('',#612,#644,#51,.F.);
#590=EDGE_CURVE('',#642,#604,#52,.T.);
#591=EDGE_CURVE('',#610,#644,#53,.F.);
#592=EDGE_CURVE('',#643,#606,#54,.T.);
#593=EDGE_CURVE('',#608,#643,#55,.F.);
#594=VERTEX_POINT('',#1594);
#595=VERTEX_POINT('',#1595);
#596=VERTEX_POINT('',#1597);
#597=VERTEX_POINT('',#1599);
#598=VERTEX_POINT('',#1603);
#599=VERTEX_POINT('',#1604);
#600=VERTEX_POINT('',#1609);
#601=VERTEX_POINT('',#1610);
#602=VERTEX_POINT('',#1615);
#603=VERTEX_POINT('',#1616);
#604=VERTEX_POINT('',#1621);
#605=VERTEX_POINT('',#1622);
#606=VERTEX_POINT('',#1627);
#607=VERTEX_POINT('',#1628);
#608=VERTEX_POINT('',#1633);
#609=VERTEX_POINT('',#1634);
#610=VERTEX_POINT('',#1639);
#611=VERTEX_POINT('',#1640);
#612=VERTEX_POINT('',#1645);
#613=VERTEX_POINT('',#1646);
#614=VERTEX_POINT('',#1651);
#615=VERTEX_POINT('',#1652);
#616=VERTEX_POINT('',#1657);
#617=VERTEX_POINT('',#1658);
#618=VERTEX_POINT('',#1663);
#619=VERTEX_POINT('',#1664);
#620=VERTEX_POINT('',#1669);
#621=VERTEX_POINT('',#1670);
#622=VERTEX_POINT('',#1675);
#623=VERTEX_POINT('',#1676);
#624=VERTEX_POINT('',#1681);
#625=VERTEX_POINT('',#1682);
#626=VERTEX_POINT('',#1687);
#627=VERTEX_POINT('',#1688);
#628=VERTEX_POINT('',#1693);
#629=VERTEX_POINT('',#1694);
#630=VERTEX_POINT('',#1699);
#631=VERTEX_POINT('',#1700);
#632=VERTEX_POINT('',#1705);
#633=VERTEX_POINT('',#1706);
#634=VERTEX_POINT('',#1711);
#635=VERTEX_POINT('',#1712);
#636=VERTEX_POINT('',#1717);
#637=VERTEX_POINT('',#1718);
#638=VERTEX_POINT('',#1723);
#639=VERTEX_POINT('',#1724);
#640=VERTEX_POINT('',#1729);
#641=VERTEX_POINT('',#1730);
#642=VERTEX_POINT('',#1738);
#643=VERTEX_POINT('',#1739);
#644=VERTEX_POINT('',#1741);
#645=VERTEX_POINT('',#1743);
#646=VERTEX_POINT('',#1745);
#647=VERTEX_POINT('',#1747);
#648=VERTEX_POINT('',#1749);
#649=VERTEX_POINT('',#1751);
#650=VERTEX_POINT('',#1753);
#651=VERTEX_POINT('',#1755);
#652=VERTEX_POINT('',#1757);
#653=VERTEX_POINT('',#1759);
#654=VERTEX_POINT('',#1761);
#655=VERTEX_POINT('',#1763);
#656=VERTEX_POINT('',#1765);
#657=VERTEX_POINT('',#1767);
#658=VERTEX_POINT('',#1769);
#659=VERTEX_POINT('',#1773);
#660=VERTEX_POINT('',#1774);
#661=VERTEX_POINT('',#1776);
#662=VERTEX_POINT('',#1778);
#663=VERTEX_POINT('',#1780);
#664=VERTEX_POINT('',#1782);
#665=VERTEX_POINT('',#1784);
#666=VERTEX_POINT('',#1786);
#667=VERTEX_POINT('',#1788);
#668=VERTEX_POINT('',#1790);
#669=VERTEX_POINT('',#1792);
#670=VERTEX_POINT('',#1794);
#671=VERTEX_POINT('',#1796);
#672=VERTEX_POINT('',#1798);
#673=VERTEX_POINT('',#1800);
#674=VERTEX_POINT('',#1802);
#675=VERTEX_POINT('',#1804);
#676=LINE('',#1593,#748);
#677=LINE('',#1598,#749);
#678=LINE('',#1602,#750);
#679=LINE('',#1605,#751);
#680=LINE('',#1606,#752);
#681=LINE('',#1608,#753);
#682=LINE('',#1614,#754);
#683=LINE('',#1617,#755);
#684=LINE('',#1618,#756);
#685=LINE('',#1620,#757);
#686=LINE('',#1626,#758);
#687=LINE('',#1629,#759);
#688=LINE('',#1630,#760);
#689=LINE('',#1632,#761);
#690=LINE('',#1638,#762);
#691=LINE('',#1641,#763);
#692=LINE('',#1642,#764);
#693=LINE('',#1644,#765);
#694=LINE('',#1650,#766);
#695=LINE('',#1653,#767);
#696=LINE('',#1654,#768);
#697=LINE('',#1656,#769);
#698=LINE('',#1662,#770);
#699=LINE('',#1665,#771);
#700=LINE('',#1666,#772);
#701=LINE('',#1668,#773);
#702=LINE('',#1674,#774);
#703=LINE('',#1677,#775);
#704=LINE('',#1678,#776);
#705=LINE('',#1680,#777);
#706=LINE('',#1686,#778);
#707=LINE('',#1689,#779);
#708=LINE('',#1690,#780);
#709=LINE('',#1692,#781);
#710=LINE('',#1698,#782);
#711=LINE('',#1701,#783);
#712=LINE('',#1702,#784);
#713=LINE('',#1704,#785);
#714=LINE('',#1710,#786);
#715=LINE('',#1713,#787);
#716=LINE('',#1714,#788);
#717=LINE('',#1716,#789);
#718=LINE('',#1722,#790);
#719=LINE('',#1725,#791);
#720=LINE('',#1726,#792);
#721=LINE('',#1728,#793);
#722=LINE('',#1734,#794);
#723=LINE('',#1735,#795);
#724=LINE('',#1737,#796);
#725=LINE('',#1740,#797);
#726=LINE('',#1742,#798);
#727=LINE('',#1746,#799);
#728=LINE('',#1748,#800);
#729=LINE('',#1750,#801);
#730=LINE('',#1754,#802);
#731=LINE('',#1758,#803);
#732=LINE('',#1760,#804);
#733=LINE('',#1764,#805);
#734=LINE('',#1768,#806);
#735=LINE('',#1770,#807);
#736=LINE('',#1772,#808);
#737=LINE('',#1775,#809);
#738=LINE('',#1777,#810);
#739=LINE('',#1779,#811);
#740=LINE('',#1781,#812);
#741=LINE('',#1785,#813);
#742=LINE('',#1789,#814);
#743=LINE('',#1791,#815);
#744=LINE('',#1795,#816);
#745=LINE('',#1799,#817);
#746=LINE('',#1801,#818);
#747=LINE('',#1803,#819);
#748=VECTOR('',#1237,1.);
#749=VECTOR('',#1240,1.);
#750=VECTOR('',#1245,1.);
#751=VECTOR('',#1246,1.);
#752=VECTOR('',#1247,1.);
#753=VECTOR('',#1250,1.);
#754=VECTOR('',#1257,1.);
#755=VECTOR('',#1258,1.);
#756=VECTOR('',#1259,1.);
#757=VECTOR('',#1262,1.);
#758=VECTOR('',#1269,1.);
#759=VECTOR('',#1270,1.);
#760=VECTOR('',#1271,1.);
#761=VECTOR('',#1274,1.);
#762=VECTOR('',#1281,1.);
#763=VECTOR('',#1282,1.);
#764=VECTOR('',#1283,1.);
#765=VECTOR('',#1286,1.);
#766=VECTOR('',#1293,1.);
#767=VECTOR('',#1294,1.);
#768=VECTOR('',#1295,1.);
#769=VECTOR('',#1298,1.);
#770=VECTOR('',#1305,1.);
#771=VECTOR('',#1306,1.);
#772=VECTOR('',#1307,1.);
#773=VECTOR('',#1310,1.);
#774=VECTOR('',#1317,1.);
#775=VECTOR('',#1318,1.);
#776=VECTOR('',#1319,1.);
#777=VECTOR('',#1322,1.);
#778=VECTOR('',#1329,1.);
#779=VECTOR('',#1330,1.);
#780=VECTOR('',#1331,1.);
#781=VECTOR('',#1334,1.);
#782=VECTOR('',#1341,1.);
#783=VECTOR('',#1342,1.);
#784=VECTOR('',#1343,1.);
#785=VECTOR('',#1346,1.);
#786=VECTOR('',#1353,1.);
#787=VECTOR('',#1354,1.);
#788=VECTOR('',#1355,1.);
#789=VECTOR('',#1358,1.);
#790=VECTOR('',#1365,1.);
#791=VECTOR('',#1366,1.);
#792=VECTOR('',#1367,1.);
#793=VECTOR('',#1370,1.);
#794=VECTOR('',#1377,1.);
#795=VECTOR('',#1378,1.);
#796=VECTOR('',#1381,1.);
#797=VECTOR('',#1382,1.);
#798=VECTOR('',#1383,1.);
#799=VECTOR('',#1386,1.);
#800=VECTOR('',#1387,1.);
#801=VECTOR('',#1388,1.);
#802=VECTOR('',#1391,1.);
#803=VECTOR('',#1394,1.);
#804=VECTOR('',#1395,1.);
#805=VECTOR('',#1398,1.);
#806=VECTOR('',#1401,1.);
#807=VECTOR('',#1402,1.);
#808=VECTOR('',#1405,1.);
#809=VECTOR('',#1406,1.);
#810=VECTOR('',#1407,1.);
#811=VECTOR('',#1408,1.);
#812=VECTOR('',#1409,1.);
#813=VECTOR('',#1412,1.);
#814=VECTOR('',#1415,1.);
#815=VECTOR('',#1416,1.);
#816=VECTOR('',#1419,1.);
#817=VECTOR('',#1422,1.);
#818=VECTOR('',#1423,1.);
#819=VECTOR('',#1424,1.);
#820=EDGE_LOOP('',(#132,#133,#134,#135));
#821=EDGE_LOOP('',(#136,#137,#138,#139));
#822=EDGE_LOOP('',(#140,#141,#142,#143));
#823=EDGE_LOOP('',(#144,#145,#146,#147));
#824=EDGE_LOOP('',(#148,#149,#150,#151));
#825=EDGE_LOOP('',(#152,#153,#154,#155));
#826=EDGE_LOOP('',(#156,#157,#158,#159));
#827=EDGE_LOOP('',(#160,#161,#162,#163));
#828=EDGE_LOOP('',(#164,#165,#166,#167));
#829=EDGE_LOOP('',(#168,#169,#170,#171));
#830=EDGE_LOOP('',(#172,#173,#174,#175));
#831=EDGE_LOOP('',(#176,#177,#178,#179));
#832=EDGE_LOOP('',(#180,#181,#182,#183));
#833=EDGE_LOOP('',(#184,#185,#186,#187));
#834=EDGE_LOOP('',(#188,#189,#190,#191));
#835=EDGE_LOOP('',(#192,#193,#194,#195));
#836=EDGE_LOOP('',(#196,#197,#198,#199));
#837=EDGE_LOOP('',(#200,#201,#202,#203));
#838=EDGE_LOOP('',(#204,#205,#206,#207));
#839=EDGE_LOOP('',(#208,#209,#210,#211));
#840=EDGE_LOOP('',(#212,#213,#214,#215));
#841=EDGE_LOOP('',(#216,#217,#218,#219));
#842=EDGE_LOOP('',(#220,#221,#222,#223));
#843=EDGE_LOOP('',(#224,#225,#226,#227));
#844=EDGE_LOOP('',(#228,#229,#230,#231,#232,#233,#234,#235,#236,#237,#238,
#239,#240,#241,#242,#243,#244));
#845=EDGE_LOOP('',(#245,#246,#247,#248,#249,#250,#251,#252,#253,#254,#255,
#256,#257,#258,#259,#260,#261));
#846=EDGE_LOOP('',(#262,#263,#264,#265));
#847=EDGE_LOOP('',(#266,#267,#268,#269));
#848=EDGE_LOOP('',(#270,#271,#272,#273));
#849=EDGE_LOOP('',(#274,#275,#276,#277));
#850=EDGE_LOOP('',(#278,#279,#280));
#851=EDGE_LOOP('',(#281,#282,#283,#284));
#852=EDGE_LOOP('',(#285,#286,#287,#288));
#853=EDGE_LOOP('',(#289,#290,#291));
#854=EDGE_LOOP('',(#292,#293,#294,#295));
#855=EDGE_LOOP('',(#296,#297,#298,#299));
#856=EDGE_LOOP('',(#300,#301,#302,#303));
#857=EDGE_LOOP('',(#304,#305,#306));
#858=EDGE_LOOP('',(#307,#308,#309,#310));
#859=EDGE_LOOP('',(#311,#312,#313,#314));
#860=EDGE_LOOP('',(#315,#316,#317,#318));
#861=EDGE_LOOP('',(#319,#320,#321,#322));
#862=EDGE_LOOP('',(#323,#324,#325));
#863=EDGE_LOOP('',(#326,#327,#328,#329));
#864=EDGE_LOOP('',(#330,#331,#332,#333));
#865=EDGE_LOOP('',(#334,#335,#336));
#866=EDGE_LOOP('',(#337,#338,#339));
#867=EDGE_LOOP('',(#340,#341,#342,#343));
#868=EDGE_LOOP('',(#344,#345,#346,#347));
#869=EDGE_LOOP('',(#348,#349,#350));
#870=EDGE_LOOP('',(#351,#352,#353,#354));
#871=EDGE_LOOP('',(#355,#356,#357,#358));
#872=EDGE_LOOP('',(#359,#360,#361,#362));
#873=EDGE_LOOP('',(#363,#364,#365));
#874=EDGE_LOOP('',(#366,#367,#368,#369));
#875=EDGE_LOOP('',(#370,#371,#372,#373));
#876=EDGE_LOOP('',(#374,#375,#376,#377));
#877=EDGE_LOOP('',(#378,#379,#380,#381));
#878=EDGE_LOOP('',(#382,#383,#384));
#879=EDGE_LOOP('',(#385,#386,#387,#388));
#880=EDGE_LOOP('',(#389,#390,#391,#392));
#881=EDGE_LOOP('',(#393,#394,#395,#396));
#882=EDGE_LOOP('',(#397,#398,#399));
#883=EDGE_LOOP('',(#400,#401,#402,#403));
#884=EDGE_LOOP('',(#404,#405,#406,#407));
#885=EDGE_LOOP('',(#408,#409,#410));
#886=EDGE_LOOP('',(#411,#412,#413,#414));
#887=EDGE_LOOP('',(#415,#416,#417,#418));
#888=EDGE_LOOP('',(#419,#420,#421,#422));
#889=EDGE_LOOP('',(#423,#424,#425));
#890=EDGE_LOOP('',(#426,#427,#428));
#891=EDGE_LOOP('',(#429,#430,#431,#432));
#892=EDGE_LOOP('',(#433,#434,#435,#436));
#893=EDGE_LOOP('',(#437,#438,#439));
#894=FACE_BOUND('',#820,.T.);
#895=FACE_BOUND('',#821,.T.);
#896=FACE_BOUND('',#822,.T.);
#897=FACE_BOUND('',#823,.T.);
#898=FACE_BOUND('',#824,.T.);
#899=FACE_BOUND('',#825,.T.);
#900=FACE_BOUND('',#826,.T.);
#901=FACE_BOUND('',#827,.T.);
#902=FACE_BOUND('',#828,.T.);
#903=FACE_BOUND('',#829,.T.);
#904=FACE_BOUND('',#830,.T.);
#905=FACE_BOUND('',#831,.T.);
#906=FACE_BOUND('',#832,.T.);
#907=FACE_BOUND('',#833,.T.);
#908=FACE_BOUND('',#834,.T.);
#909=FACE_BOUND('',#835,.T.);
#910=FACE_BOUND('',#836,.T.);
#911=FACE_BOUND('',#837,.T.);
#912=FACE_BOUND('',#838,.T.);
#913=FACE_BOUND('',#839,.T.);
#914=FACE_BOUND('',#840,.T.);
#915=FACE_BOUND('',#841,.T.);
#916=FACE_BOUND('',#842,.T.);
#917=FACE_BOUND('',#843,.T.);
#918=FACE_BOUND('',#844,.T.);
#919=FACE_BOUND('',#845,.T.);
#920=FACE_BOUND('',#846,.T.);
#921=FACE_BOUND('',#847,.T.);
#922=FACE_BOUND('',#848,.T.);
#923=FACE_BOUND('',#849,.T.);
#924=FACE_BOUND('',#850,.T.);
#925=FACE_BOUND('',#851,.T.);
#926=FACE_BOUND('',#852,.T.);
#927=FACE_BOUND('',#853,.T.);
#928=FACE_BOUND('',#854,.T.);
#929=FACE_BOUND('',#855,.T.);
#930=FACE_BOUND('',#856,.T.);
#931=FACE_BOUND('',#857,.T.);
#932=FACE_BOUND('',#858,.T.);
#933=FACE_BOUND('',#859,.T.);
#934=FACE_BOUND('',#860,.T.);
#935=FACE_BOUND('',#861,.T.);
#936=FACE_BOUND('',#862,.T.);
#937=FACE_BOUND('',#863,.T.);
#938=FACE_BOUND('',#864,.T.);
#939=FACE_BOUND('',#865,.T.);
#940=FACE_BOUND('',#866,.T.);
#941=FACE_BOUND('',#867,.T.);
#942=FACE_BOUND('',#868,.T.);
#943=FACE_BOUND('',#869,.T.);
#944=FACE_BOUND('',#870,.T.);
#945=FACE_BOUND('',#871,.T.);
#946=FACE_BOUND('',#872,.T.);
#947=FACE_BOUND('',#873,.T.);
#948=FACE_BOUND('',#874,.T.);
#949=FACE_BOUND('',#875,.T.);
#950=FACE_BOUND('',#876,.T.);
#951=FACE_BOUND('',#877,.T.);
#952=FACE_BOUND('',#878,.T.);
#953=FACE_BOUND('',#879,.T.);
#954=FACE_BOUND('',#880,.T.);
#955=FACE_BOUND('',#881,.T.);
#956=FACE_BOUND('',#882,.T.);
#957=FACE_BOUND('',#883,.T.);
#958=FACE_BOUND('',#884,.T.);
#959=FACE_BOUND('',#885,.T.);
#960=FACE_BOUND('',#886,.T.);
#961=FACE_BOUND('',#887,.T.);
#962=FACE_BOUND('',#888,.T.);
#963=FACE_BOUND('',#889,.T.);
#964=FACE_BOUND('',#890,.T.);
#965=FACE_BOUND('',#891,.T.);
#966=FACE_BOUND('',#892,.T.);
#967=FACE_BOUND('',#893,.T.);
#968=CYLINDRICAL_SURFACE('',#1091,0.00254);
#969=CYLINDRICAL_SURFACE('',#1095,0.001016);
#970=CYLINDRICAL_SURFACE('',#1099,0.001016);
#971=CYLINDRICAL_SURFACE('',#1103,0.001016);
#972=CYLINDRICAL_SURFACE('',#1107,0.001016);
#973=CYLINDRICAL_SURFACE('',#1111,0.00254);
#974=CYLINDRICAL_SURFACE('',#1115,0.00101600000000002);
#975=CYLINDRICAL_SURFACE('',#1119,0.001016);
#976=CYLINDRICAL_SURFACE('',#1123,0.00254);
#977=CYLINDRICAL_SURFACE('',#1127,0.00254);
#978=CYLINDRICAL_SURFACE('',#1131,0.001016);
#979=CYLINDRICAL_SURFACE('',#1135,0.00171698868555975);
#980=CYLINDRICAL_SURFACE('',#1154,0.0014);
#981=CYLINDRICAL_SURFACE('',#1156,0.0014);
#982=CYLINDRICAL_SURFACE('',#1161,0.0014);
#983=CYLINDRICAL_SURFACE('',#1163,0.0014);
#984=CYLINDRICAL_SURFACE('',#1168,0.0014);
#985=CYLINDRICAL_SURFACE('',#1170,0.0014);
#986=CYLINDRICAL_SURFACE('',#1175,0.0014);
#987=CYLINDRICAL_SURFACE('',#1177,0.0014);
#988=CYLINDRICAL_SURFACE('',#1182,0.0014);
#989=CYLINDRICAL_SURFACE('',#1184,0.0014);
#990=CYLINDRICAL_SURFACE('',#1188,0.0014);
#991=CYLINDRICAL_SURFACE('',#1190,0.0014);
#992=CYLINDRICAL_SURFACE('',#1195,0.0014);
#993=CYLINDRICAL_SURFACE('',#1197,0.0014);
#994=CYLINDRICAL_SURFACE('',#1202,0.0014);
#995=CYLINDRICAL_SURFACE('',#1204,0.0014);
#996=CYLINDRICAL_SURFACE('',#1209,0.0014);
#997=CYLINDRICAL_SURFACE('',#1211,0.0014);
#998=CYLINDRICAL_SURFACE('',#1216,0.0014);
#999=CYLINDRICAL_SURFACE('',#1218,0.0014);
#1000=CYLINDRICAL_SURFACE('',#1223,0.0014);
#1001=CYLINDRICAL_SURFACE('',#1225,0.0014);
#1002=CYLINDRICAL_SURFACE('',#1229,0.0014);
#1003=CYLINDRICAL_SURFACE('',#1231,0.0014);
#1004=ADVANCED_FACE('',(#894),#968,.F.);
#1005=ADVANCED_FACE('',(#895),#64,.F.);
#1006=ADVANCED_FACE('',(#896),#969,.T.);
#1007=ADVANCED_FACE('',(#897),#65,.F.);
#1008=ADVANCED_FACE('',(#898),#970,.T.);
#1009=ADVANCED_FACE('',(#899),#66,.T.);
#1010=ADVANCED_FACE('',(#900),#971,.T.);
#1011=ADVANCED_FACE('',(#901),#67,.F.);
#1012=ADVANCED_FACE('',(#902),#972,.T.);
#1013=ADVANCED_FACE('',(#903),#68,.F.);
#1014=ADVANCED_FACE('',(#904),#973,.F.);
#1015=ADVANCED_FACE('',(#905),#69,.T.);
#1016=ADVANCED_FACE('',(#906),#974,.T.);
#1017=ADVANCED_FACE('',(#907),#70,.T.);
#1018=ADVANCED_FACE('',(#908),#975,.T.);
#1019=ADVANCED_FACE('',(#909),#71,.T.);
#1020=ADVANCED_FACE('',(#910),#976,.F.);
#1021=ADVANCED_FACE('',(#911),#72,.F.);
#1022=ADVANCED_FACE('',(#912),#977,.F.);
#1023=ADVANCED_FACE('',(#913),#73,.T.);
#1024=ADVANCED_FACE('',(#914),#978,.T.);
#1025=ADVANCED_FACE('',(#915),#74,.T.);
#1026=ADVANCED_FACE('',(#916),#979,.T.);
#1027=ADVANCED_FACE('',(#917),#75,.T.);
#1028=ADVANCED_FACE('',(#918),#76,.T.);
#1029=ADVANCED_FACE('',(#919),#77,.F.);
#1030=ADVANCED_FACE('',(#920),#56,.T.);
#1031=ADVANCED_FACE('',(#921),#980,.T.);
#1032=ADVANCED_FACE('',(#922),#981,.T.);
#1033=ADVANCED_FACE('',(#923),#57,.T.);
#1034=ADVANCED_FACE('',(#924),#14,.T.);
#1035=ADVANCED_FACE('',(#925),#982,.T.);
#1036=ADVANCED_FACE('',(#926),#983,.T.);
#1037=ADVANCED_FACE('',(#927),#15,.T.);
#1038=ADVANCED_FACE('',(#928),#12,.T.);
#1039=ADVANCED_FACE('',(#929),#984,.T.);
#1040=ADVANCED_FACE('',(#930),#985,.T.);
#1041=ADVANCED_FACE('',(#931),#16,.T.);
#1042=ADVANCED_FACE('',(#932),#58,.T.);
#1043=ADVANCED_FACE('',(#933),#986,.T.);
#1044=ADVANCED_FACE('',(#934),#987,.T.);
#1045=ADVANCED_FACE('',(#935),#59,.T.);
#1046=ADVANCED_FACE('',(#936),#17,.T.);
#1047=ADVANCED_FACE('',(#937),#988,.T.);
#1048=ADVANCED_FACE('',(#938),#989,.T.);
#1049=ADVANCED_FACE('',(#939),#18,.T.);
#1050=ADVANCED_FACE('',(#940),#19,.T.);
#1051=ADVANCED_FACE('',(#941),#990,.T.);
#1052=ADVANCED_FACE('',(#942),#991,.T.);
#1053=ADVANCED_FACE('',(#943),#20,.T.);
#1054=ADVANCED_FACE('',(#944),#60,.T.);
#1055=ADVANCED_FACE('',(#945),#992,.T.);
#1056=ADVANCED_FACE('',(#946),#993,.T.);
#1057=ADVANCED_FACE('',(#947),#21,.T.);
#1058=ADVANCED_FACE('',(#948),#61,.T.);
#1059=ADVANCED_FACE('',(#949),#994,.T.);
#1060=ADVANCED_FACE('',(#950),#995,.T.);
#1061=ADVANCED_FACE('',(#951),#13,.T.);
#1062=ADVANCED_FACE('',(#952),#22,.T.);
#1063=ADVANCED_FACE('',(#953),#996,.T.);
#1064=ADVANCED_FACE('',(#954),#997,.T.);
#1065=ADVANCED_FACE('',(#955),#62,.T.);
#1066=ADVANCED_FACE('',(#956),#23,.T.);
#1067=ADVANCED_FACE('',(#957),#998,.T.);
#1068=ADVANCED_FACE('',(#958),#999,.T.);
#1069=ADVANCED_FACE('',(#959),#24,.T.);
#1070=ADVANCED_FACE('',(#960),#63,.T.);
#1071=ADVANCED_FACE('',(#961),#1000,.T.);
#1072=ADVANCED_FACE('',(#962),#1001,.T.);
#1073=ADVANCED_FACE('',(#963),#25,.T.);
#1074=ADVANCED_FACE('',(#964),#26,.T.);
#1075=ADVANCED_FACE('',(#965),#1002,.T.);
#1076=ADVANCED_FACE('',(#966),#1003,.T.);
#1077=ADVANCED_FACE('',(#967),#27,.T.);
#1078=CLOSED_SHELL('',(#1004,#1005,#1006,#1007,#1008,#1009,#1010,#1011,
#1012,#1013,#1014,#1015,#1016,#1017,#1018,#1019,#1020,#1021,#1022,#1023,
#1024,#1025,#1026,#1027,#1028,#1029,#1030,#1031,#1032,#1033,#1034,#1035,
#1036,#1037,#1038,#1039,#1040,#1041,#1042,#1043,#1044,#1045,#1046,#1047,
#1048,#1049,#1050,#1051,#1052,#1053,#1054,#1055,#1056,#1057,#1058,#1059,
#1060,#1061,#1062,#1063,#1064,#1065,#1066,#1067,#1068,#1069,#1070,#1071,
#1072,#1073,#1074,#1075,#1076,#1077));
#1079=STYLED_ITEM('',(#1080),#1087);
#1080=PRESENTATION_STYLE_ASSIGNMENT((#1081));
#1081=SURFACE_STYLE_USAGE(.BOTH.,#1082);
#1082=SURFACE_SIDE_STYLE('',(#1083));
#1083=SURFACE_STYLE_FILL_AREA(#1084);
#1084=FILL_AREA_STYLE('',(#1085));
#1085=FILL_AREA_STYLE_COLOUR('',#1086);
#1086=COLOUR_RGB('',0.647058823529412,0.647058823529412,0.647058823529412);
#1087=MANIFOLD_SOLID_BREP('Vertical Laptop Stand',#1078);
#1088=SHAPE_DEFINITION_REPRESENTATION(#2188,#1089);
#1089=SHAPE_REPRESENTATION('Vertical Laptop Stand',(#1090),#2183);
#1090=AXIS2_PLACEMENT_3D('',#1591,#1233,#1234);
#1091=AXIS2_PLACEMENT_3D('',#1592,#1235,#1236);
#1092=AXIS2_PLACEMENT_3D('',#1596,#1238,#1239);
#1093=AXIS2_PLACEMENT_3D('',#1600,#1241,#1242);
#1094=AXIS2_PLACEMENT_3D('',#1601,#1243,#1244);
#1095=AXIS2_PLACEMENT_3D('',#1607,#1248,#1249);
#1096=AXIS2_PLACEMENT_3D('',#1611,#1251,#1252);
#1097=AXIS2_PLACEMENT_3D('',#1612,#1253,#1254);
#1098=AXIS2_PLACEMENT_3D('',#1613,#1255,#1256);
#1099=AXIS2_PLACEMENT_3D('',#1619,#1260,#1261);
#1100=AXIS2_PLACEMENT_3D('',#1623,#1263,#1264);
#1101=AXIS2_PLACEMENT_3D('',#1624,#1265,#1266);
#1102=AXIS2_PLACEMENT_3D('',#1625,#1267,#1268);
#1103=AXIS2_PLACEMENT_3D('',#1631,#1272,#1273);
#1104=AXIS2_PLACEMENT_3D('',#1635,#1275,#1276);
#1105=AXIS2_PLACEMENT_3D('',#1636,#1277,#1278);
#1106=AXIS2_PLACEMENT_3D('',#1637,#1279,#1280);
#1107=AXIS2_PLACEMENT_3D('',#1643,#1284,#1285);
#1108=AXIS2_PLACEMENT_3D('',#1647,#1287,#1288);
#1109=AXIS2_PLACEMENT_3D('',#1648,#1289,#1290);
#1110=AXIS2_PLACEMENT_3D('',#1649,#1291,#1292);
#1111=AXIS2_PLACEMENT_3D('',#1655,#1296,#1297);
#1112=AXIS2_PLACEMENT_3D('',#1659,#1299,#1300);
#1113=AXIS2_PLACEMENT_3D('',#1660,#1301,#1302);
#1114=AXIS2_PLACEMENT_3D('',#1661,#1303,#1304);
#1115=AXIS2_PLACEMENT_3D('',#1667,#1308,#1309);
#1116=AXIS2_PLACEMENT_3D('',#1671,#1311,#1312);
#1117=AXIS2_PLACEMENT_3D('',#1672,#1313,#1314);
#1118=AXIS2_PLACEMENT_3D('',#1673,#1315,#1316);
#1119=AXIS2_PLACEMENT_3D('',#1679,#1320,#1321);
#1120=AXIS2_PLACEMENT_3D('',#1683,#1323,#1324);
#1121=AXIS2_PLACEMENT_3D('',#1684,#1325,#1326);
#1122=AXIS2_PLACEMENT_3D('',#1685,#1327,#1328);
#1123=AXIS2_PLACEMENT_3D('',#1691,#1332,#1333);
#1124=AXIS2_PLACEMENT_3D('',#1695,#1335,#1336);
#1125=AXIS2_PLACEMENT_3D('',#1696,#1337,#1338);
#1126=AXIS2_PLACEMENT_3D('',#1697,#1339,#1340);
#1127=AXIS2_PLACEMENT_3D('',#1703,#1344,#1345);
#1128=AXIS2_PLACEMENT_3D('',#1707,#1347,#1348);
#1129=AXIS2_PLACEMENT_3D('',#1708,#1349,#1350);
#1130=AXIS2_PLACEMENT_3D('',#1709,#1351,#1352);
#1131=AXIS2_PLACEMENT_3D('',#1715,#1356,#1357);
#1132=AXIS2_PLACEMENT_3D('',#1719,#1359,#1360);
#1133=AXIS2_PLACEMENT_3D('',#1720,#1361,#1362);
#1134=AXIS2_PLACEMENT_3D('',#1721,#1363,#1364);
#1135=AXIS2_PLACEMENT_3D('',#1727,#1368,#1369);
#1136=AXIS2_PLACEMENT_3D('',#1731,#1371,#1372);
#1137=AXIS2_PLACEMENT_3D('',#1732,#1373,#1374);
#1138=AXIS2_PLACEMENT_3D('',#1733,#1375,#1376);
#1139=AXIS2_PLACEMENT_3D('',#1736,#1379,#1380);
#1140=AXIS2_PLACEMENT_3D('',#1744,#1384,#1385);
#1141=AXIS2_PLACEMENT_3D('',#1752,#1389,#1390);
#1142=AXIS2_PLACEMENT_3D('',#1756,#1392,#1393);
#1143=AXIS2_PLACEMENT_3D('',#1762,#1396,#1397);
#1144=AXIS2_PLACEMENT_3D('',#1766,#1399,#1400);
#1145=AXIS2_PLACEMENT_3D('',#1771,#1403,#1404);
#1146=AXIS2_PLACEMENT_3D('',#1783,#1410,#1411);
#1147=AXIS2_PLACEMENT_3D('',#1787,#1413,#1414);
#1148=AXIS2_PLACEMENT_3D('',#1793,#1417,#1418);
#1149=AXIS2_PLACEMENT_3D('',#1797,#1420,#1421);
#1150=AXIS2_PLACEMENT_3D('',#1805,#1425,#1426);
#1151=AXIS2_PLACEMENT_3D('',#1806,#1427,#1428);
#1152=AXIS2_PLACEMENT_3D('',#1807,#1429,#1430);
#1153=AXIS2_PLACEMENT_3D('',#1808,#1431,#1432);
#1154=AXIS2_PLACEMENT_3D('',#1809,#1433,#1434);
#1155=AXIS2_PLACEMENT_3D('',#1810,#1435,#1436);
#1156=AXIS2_PLACEMENT_3D('',#1811,#1437,#1438);
#1157=AXIS2_PLACEMENT_3D('',#1812,#1439,#1440);
#1158=AXIS2_PLACEMENT_3D('',#1813,#1441,#1442);
#1159=AXIS2_PLACEMENT_3D('',#1814,#1443,#1444);
#1160=AXIS2_PLACEMENT_3D('',#1836,#1445,#1446);
#1161=AXIS2_PLACEMENT_3D('',#1837,#1447,#1448);
#1162=AXIS2_PLACEMENT_3D('',#1838,#1449,#1450);
#1163=AXIS2_PLACEMENT_3D('',#1839,#1451,#1452);
#1164=AXIS2_PLACEMENT_3D('',#1840,#1453,#1454);
#1165=AXIS2_PLACEMENT_3D('',#1862,#1455,#1456);
#1166=AXIS2_PLACEMENT_3D('',#1863,#1457,#1458);
#1167=AXIS2_PLACEMENT_3D('',#1864,#1459,#1460);
#1168=AXIS2_PLACEMENT_3D('',#1865,#1461,#1462);
#1169=AXIS2_PLACEMENT_3D('',#1866,#1463,#1464);
#1170=AXIS2_PLACEMENT_3D('',#1867,#1465,#1466);
#1171=AXIS2_PLACEMENT_3D('',#1868,#1467,#1468);
#1172=AXIS2_PLACEMENT_3D('',#1890,#1469,#1470);
#1173=AXIS2_PLACEMENT_3D('',#1891,#1471,#1472);
#1174=AXIS2_PLACEMENT_3D('',#1892,#1473,#1474);
#1175=AXIS2_PLACEMENT_3D('',#1893,#1475,#1476);
#1176=AXIS2_PLACEMENT_3D('',#1894,#1477,#1478);
#1177=AXIS2_PLACEMENT_3D('',#1895,#1479,#1480);
#1178=AXIS2_PLACEMENT_3D('',#1896,#1481,#1482);
#1179=AXIS2_PLACEMENT_3D('',#1897,#1483,#1484);
#1180=AXIS2_PLACEMENT_3D('',#1898,#1485,#1486);
#1181=AXIS2_PLACEMENT_3D('',#1920,#1487,#1488);
#1182=AXIS2_PLACEMENT_3D('',#1921,#1489,#1490);
#1183=AXIS2_PLACEMENT_3D('',#1922,#1491,#1492);
#1184=AXIS2_PLACEMENT_3D('',#1923,#1493,#1494);
#1185=AXIS2_PLACEMENT_3D('',#1924,#1495,#1496);
#1186=AXIS2_PLACEMENT_3D('',#1946,#1497,#1498);
#1187=AXIS2_PLACEMENT_3D('',#1968,#1499,#1500);
#1188=AXIS2_PLACEMENT_3D('',#1969,#1501,#1502);
#1189=AXIS2_PLACEMENT_3D('',#1970,#1503,#1504);
#1190=AXIS2_PLACEMENT_3D('',#1971,#1505,#1506);
#1191=AXIS2_PLACEMENT_3D('',#1972,#1507,#1508);
#1192=AXIS2_PLACEMENT_3D('',#1994,#1509,#1510);
#1193=AXIS2_PLACEMENT_3D('',#1995,#1511,#1512);
#1194=AXIS2_PLACEMENT_3D('',#1996,#1513,#1514);
#1195=AXIS2_PLACEMENT_3D('',#1997,#1515,#1516);
#1196=AXIS2_PLACEMENT_3D('',#1998,#1517,#1518);
#1197=AXIS2_PLACEMENT_3D('',#1999,#1519,#1520);
#1198=AXIS2_PLACEMENT_3D('',#2000,#1521,#1522);
#1199=AXIS2_PLACEMENT_3D('',#2022,#1523,#1524);
#1200=AXIS2_PLACEMENT_3D('',#2023,#1525,#1526);
#1201=AXIS2_PLACEMENT_3D('',#2024,#1527,#1528);
#1202=AXIS2_PLACEMENT_3D('',#2025,#1529,#1530);
#1203=AXIS2_PLACEMENT_3D('',#2026,#1531,#1532);
#1204=AXIS2_PLACEMENT_3D('',#2027,#1533,#1534);
#1205=AXIS2_PLACEMENT_3D('',#2028,#1535,#1536);
#1206=AXIS2_PLACEMENT_3D('',#2029,#1537,#1538);
#1207=AXIS2_PLACEMENT_3D('',#2030,#1539,#1540);
#1208=AXIS2_PLACEMENT_3D('',#2052,#1541,#1542);
#1209=AXIS2_PLACEMENT_3D('',#2053,#1543,#1544);
#1210=AXIS2_PLACEMENT_3D('',#2054,#1545,#1546);
#1211=AXIS2_PLACEMENT_3D('',#2055,#1547,#1548);
#1212=AXIS2_PLACEMENT_3D('',#2056,#1549,#1550);
#1213=AXIS2_PLACEMENT_3D('',#2057,#1551,#1552);
#1214=AXIS2_PLACEMENT_3D('',#2058,#1553,#1554);
#1215=AXIS2_PLACEMENT_3D('',#2080,#1555,#1556);
#1216=AXIS2_PLACEMENT_3D('',#2081,#1557,#1558);
#1217=AXIS2_PLACEMENT_3D('',#2082,#1559,#1560);
#1218=AXIS2_PLACEMENT_3D('',#2083,#1561,#1562);
#1219=AXIS2_PLACEMENT_3D('',#2084,#1563,#1564);
#1220=AXIS2_PLACEMENT_3D('',#2106,#1565,#1566);
#1221=AXIS2_PLACEMENT_3D('',#2107,#1567,#1568);
#1222=AXIS2_PLACEMENT_3D('',#2108,#1569,#1570);
#1223=AXIS2_PLACEMENT_3D('',#2109,#1571,#1572);
#1224=AXIS2_PLACEMENT_3D('',#2110,#1573,#1574);
#1225=AXIS2_PLACEMENT_3D('',#2111,#1575,#1576);
#1226=AXIS2_PLACEMENT_3D('',#2112,#1577,#1578);
#1227=AXIS2_PLACEMENT_3D('',#2134,#1579,#1580);
#1228=AXIS2_PLACEMENT_3D('',#2156,#1581,#1582);
#1229=AXIS2_PLACEMENT_3D('',#2157,#1583,#1584);
#1230=AXIS2_PLACEMENT_3D('',#2158,#1585,#1586);
#1231=AXIS2_PLACEMENT_3D('',#2159,#1587,#1588);
#1232=AXIS2_PLACEMENT_3D('',#2160,#1589,#1590);
#1233=DIRECTION('',(0.,0.,1.));
#1234=DIRECTION('',(1.,0.,0.));
#1235=DIRECTION('',(-1.,0.,0.));
#1236=DIRECTION('',(0.,0.,1.));
#1237=DIRECTION('',(-1.,0.,0.));
#1238=DIRECTION('',(1.,0.,0.));
#1239=DIRECTION('',(0.,0.,-1.));
#1240=DIRECTION('',(-1.,0.,0.));
#1241=DIRECTION('',(1.,0.,0.));
#1242=DIRECTION('',(0.,0.,-1.));
#1243=DIRECTION('',(0.,6.09624501779548E-17,-1.));
#1244=DIRECTION('',(0.,1.,6.09624501779548E-17));
#1245=DIRECTION('',(-1.,0.,0.));
#1246=DIRECTION('',(0.,-1.,-6.09624501779548E-17));
#1247=DIRECTION('',(0.,-1.,-6.09624501779548E-17));
#1248=DIRECTION('',(-1.,0.,0.));
#1249=DIRECTION('',(0.,0.,1.));
#1250=DIRECTION('',(-1.,0.,0.));
#1251=DIRECTION('',(-1.,0.,0.));
#1252=DIRECTION('',(0.,0.,1.));
#1253=DIRECTION('',(1.,0.,0.));
#1254=DIRECTION('',(0.,0.,-1.));
#1255=DIRECTION('',(0.,0.99999296789913,-0.00375022029874839));
#1256=DIRECTION('',(0.,0.00375022029874839,0.99999296789913));
#1257=DIRECTION('',(-1.,0.,0.));
#1258=DIRECTION('',(0.,-0.00375022029874839,-0.99999296789913));
#1259=DIRECTION('',(0.,-0.00375022029874839,-0.99999296789913));
#1260=DIRECTION('',(-1.,0.,0.));
#1261=DIRECTION('',(0.,0.,1.));
#1262=DIRECTION('',(-1.,0.,0.));
#1263=DIRECTION('',(-1.,0.,0.));
#1264=DIRECTION('',(0.,0.,1.));
#1265=DIRECTION('',(1.,0.,0.));
#1266=DIRECTION('',(0.,0.,-1.));
#1267=DIRECTION('',(0.,1.22154069675789E-16,-1.));
#1268=DIRECTION('',(0.,1.,1.22154069675789E-16));
#1269=DIRECTION('',(-1.,0.,0.));
#1270=DIRECTION('',(0.,-1.,-1.22154069675789E-16));
#1271=DIRECTION('',(0.,-1.,-1.22154069675789E-16));
#1272=DIRECTION('',(-1.,0.,0.));
#1273=DIRECTION('',(0.,0.,1.));
#1274=DIRECTION('',(-1.,0.,0.));
#1275=DIRECTION('',(-1.,0.,0.));
#1276=DIRECTION('',(0.,0.,1.));
#1277=DIRECTION('',(1.,0.,0.));
#1278=DIRECTION('',(0.,0.,-1.));
#1279=DIRECTION('',(0.,-1.,0.));
#1280=DIRECTION('',(0.,0.,-1.));
#1281=DIRECTION('',(-1.,0.,0.));
#1282=DIRECTION('',(0.,0.,1.));
#1283=DIRECTION('',(0.,0.,1.));
#1284=DIRECTION('',(-1.,0.,0.));
#1285=DIRECTION('',(0.,0.,1.));
#1286=DIRECTION('',(-1.,0.,0.));
#1287=DIRECTION('',(-1.,0.,0.));
#1288=DIRECTION('',(0.,0.,1.));
#1289=DIRECTION('',(1.,0.,0.));
#1290=DIRECTION('',(0.,0.,-1.));
#1291=DIRECTION('',(0.,1.22080132916811E-16,-1.));
#1292=DIRECTION('',(0.,1.,1.22080132916811E-16));
#1293=DIRECTION('',(-1.,0.,0.));
#1294=DIRECTION('',(0.,-1.,-1.22080132916811E-16));
#1295=DIRECTION('',(0.,-1.,-1.22080132916811E-16));
#1296=DIRECTION('',(-1.,0.,0.));
#1297=DIRECTION('',(0.,0.,1.));
#1298=DIRECTION('',(-1.,0.,0.));
#1299=DIRECTION('',(1.,0.,0.));
#1300=DIRECTION('',(0.,0.,-1.));
#1301=DIRECTION('',(1.,0.,0.));
#1302=DIRECTION('',(0.,0.,-1.));
#1303=DIRECTION('',(0.,1.,4.77595803088158E-17));
#1304=DIRECTION('',(0.,-4.77595803088158E-17,1.));
#1305=DIRECTION('',(-1.,0.,0.));
#1306=DIRECTION('',(0.,4.77595803088158E-17,-1.));
#1307=DIRECTION('',(0.,4.77595803088158E-17,-1.));
#1308=DIRECTION('',(-1.,0.,0.));
#1309=DIRECTION('',(0.,0.,1.));
#1310=DIRECTION('',(-1.,0.,0.));
#1311=DIRECTION('',(-1.,0.,0.));
#1312=DIRECTION('',(0.,0.,1.));
#1313=DIRECTION('',(1.,0.,0.));
#1314=DIRECTION('',(0.,0.,-1.));
#1315=DIRECTION('',(0.,0.,1.));
#1316=DIRECTION('',(1.,0.,0.));
#1317=DIRECTION('',(-1.,0.,0.));
#1318=DIRECTION('',(0.,1.,0.));
#1319=DIRECTION('',(0.,1.,0.));
#1320=DIRECTION('',(-1.,0.,0.));
#1321=DIRECTION('',(0.,0.,1.));
#1322=DIRECTION('',(-1.,0.,0.));
#1323=DIRECTION('',(-1.,0.,0.));
#1324=DIRECTION('',(0.,0.,1.));
#1325=DIRECTION('',(1.,0.,0.));
#1326=DIRECTION('',(0.,0.,-1.));
#1327=DIRECTION('',(0.,-1.,0.));
#1328=DIRECTION('',(0.,0.,-1.));
#1329=DIRECTION('',(-1.,0.,0.));
#1330=DIRECTION('',(0.,0.,1.));
#1331=DIRECTION('',(0.,0.,1.));
#1332=DIRECTION('',(-1.,0.,0.));
#1333=DIRECTION('',(0.,0.,1.));
#1334=DIRECTION('',(-1.,0.,0.));
#1335=DIRECTION('',(1.,0.,0.));
#1336=DIRECTION('',(0.,0.,-1.));
#1337=DIRECTION('',(1.,0.,0.));
#1338=DIRECTION('',(0.,0.,-1.));
#1339=DIRECTION('',(0.,0.,-1.));
#1340=DIRECTION('',(-1.,0.,0.));
#1341=DIRECTION('',(-1.,0.,0.));
#1342=DIRECTION('',(0.,-1.,0.));
#1343=DIRECTION('',(0.,-1.,0.));
#1344=DIRECTION('',(-1.,0.,0.));
#1345=DIRECTION('',(0.,0.,1.));
#1346=DIRECTION('',(-1.,0.,0.));
#1347=DIRECTION('',(1.,0.,0.));
#1348=DIRECTION('',(0.,0.,-1.));
#1349=DIRECTION('',(1.,0.,0.));
#1350=DIRECTION('',(0.,0.,-1.));
#1351=DIRECTION('',(0.,1.,1.43278740926447E-16));
#1352=DIRECTION('',(0.,-1.43278740926447E-16,1.));
#1353=DIRECTION('',(-1.,0.,0.));
#1354=DIRECTION('',(0.,1.43278740926447E-16,-1.));
#1355=DIRECTION('',(0.,1.43278740926447E-16,-1.));
#1356=DIRECTION('',(-1.,0.,0.));
#1357=DIRECTION('',(0.,0.,1.));
#1358=DIRECTION('',(-1.,0.,0.));
#1359=DIRECTION('',(-1.,0.,0.));
#1360=DIRECTION('',(0.,0.,1.));
#1361=DIRECTION('',(1.,0.,0.));
#1362=DIRECTION('',(0.,0.,-1.));
#1363=DIRECTION('',(0.,0.,1.));
#1364=DIRECTION('',(1.,0.,0.));
#1365=DIRECTION('',(-1.,0.,0.));
#1366=DIRECTION('',(0.,1.,0.));
#1367=DIRECTION('',(0.,1.,0.));
#1368=DIRECTION('',(-1.,0.,0.));
#1369=DIRECTION('',(0.,0.,1.));
#1370=DIRECTION('',(-1.,0.,0.));
#1371=DIRECTION('',(1.,0.,0.));
#1372=DIRECTION('',(0.,0.,-1.));
#1373=DIRECTION('',(1.,0.,0.));
#1374=DIRECTION('',(0.,0.,-1.));
#1375=DIRECTION('',(0.,-1.,-4.09911936584262E-16));
#1376=DIRECTION('',(0.,4.09911936584262E-16,-1.));
#1377=DIRECTION('',(0.,-4.09911936584262E-16,1.));
#1378=DIRECTION('',(0.,-4.09911936584262E-16,1.));
#1379=DIRECTION('',(1.,0.,0.));
#1380=DIRECTION('',(0.,1.,0.));
#1381=DIRECTION('',(0.,-1.,-1.22154069675789E-16));
#1382=DIRECTION('',(0.,0.,1.));
#1383=DIRECTION('',(0.,-1.,-1.22080132916811E-16));
#1384=DIRECTION('',(1.,0.,0.));
#1385=DIRECTION('',(0.,0.,-1.));
#1386=DIRECTION('',(0.,4.77595803088158E-17,-1.));
#1387=DIRECTION('',(0.,1.,0.));
#1388=DIRECTION('',(0.,0.,1.));
#1389=DIRECTION('',(1.,0.,0.));
#1390=DIRECTION('',(0.,0.,-1.));
#1391=DIRECTION('',(0.,-1.,0.));
#1392=DIRECTION('',(1.,0.,0.));
#1393=DIRECTION('',(0.,0.,-1.));
#1394=DIRECTION('',(0.,1.43278740926447E-16,-1.));
#1395=DIRECTION('',(0.,1.,0.));
#1396=DIRECTION('',(1.,0.,0.));
#1397=DIRECTION('',(0.,0.,-1.));
#1398=DIRECTION('',(0.,-4.09911936584262E-16,1.));
#1399=DIRECTION('',(1.,0.,0.));
#1400=DIRECTION('',(0.,0.,-1.));
#1401=DIRECTION('',(0.,-1.,-6.09624501779548E-17));
#1402=DIRECTION('',(0.,-0.00375022029874839,-0.99999296789913));
#1403=DIRECTION('',(1.,0.,0.));
#1404=DIRECTION('',(0.,1.,0.));
#1405=DIRECTION('',(0.,-1.,-1.22080132916811E-16));
#1406=DIRECTION('',(0.,0.,1.));
#1407=DIRECTION('',(0.,-1.,-1.22154069675789E-16));
#1408=DIRECTION('',(0.,-0.00375022029874839,-0.99999296789913));
#1409=DIRECTION('',(0.,-1.,-6.09624501779548E-17));
#1410=DIRECTION('',(1.,0.,0.));
#1411=DIRECTION('',(0.,0.,-1.));
#1412=DIRECTION('',(0.,-4.09911936584262E-16,1.));
#1413=DIRECTION('',(1.,0.,0.));
#1414=DIRECTION('',(0.,0.,-1.));
#1415=DIRECTION('',(0.,1.,0.));
#1416=DIRECTION('',(0.,1.43278740926447E-16,-1.));
#1417=DIRECTION('',(1.,0.,0.));
#1418=DIRECTION('',(0.,0.,-1.));
#1419=DIRECTION('',(0.,-1.,0.));
#1420=DIRECTION('',(1.,0.,0.));
#1421=DIRECTION('',(0.,0.,-1.));
#1422=DIRECTION('',(0.,0.,1.));
#1423=DIRECTION('',(0.,1.,0.));
#1424=DIRECTION('',(0.,4.77595803088158E-17,-1.));
#1425=DIRECTION('',(1.,0.,0.));
#1426=DIRECTION('',(0.,0.,-1.));
#1427=DIRECTION('',(1.,0.,0.));
#1428=DIRECTION('',(0.,0.,-1.));
#1429=DIRECTION('',(0.,-1.85863229568943E-15,1.));
#1430=DIRECTION('',(0.,-1.,-1.85863229568943E-15));
#1431=DIRECTION('',(0.,1.,0.));
#1432=DIRECTION('',(0.,0.,1.));
#1433=DIRECTION('',(0.,-1.,0.));
#1434=DIRECTION('',(0.,0.,-1.));
#1435=DIRECTION('',(0.,1.,0.));
#1436=DIRECTION('',(0.,0.,1.));
#1437=DIRECTION('',(0.,-1.43278740926447E-16,1.));
#1438=DIRECTION('',(0.,-1.,-1.43278740926447E-16));
#1439=DIRECTION('',(0.,0.264516011955121,-0.96438129358639));
#1440=DIRECTION('',(0.,0.96438129358639,0.264516011955121));
#1441=DIRECTION('',(1.,0.,0.));
#1442=DIRECTION('',(0.,0.,-1.));
#1443=DIRECTION('',(0.,0.,1.));
#1444=DIRECTION('',(1.,0.,0.));
#1445=DIRECTION('',(0.,0.964381293586389,-0.264516011955123));
#1446=DIRECTION('',(0.,0.264516011955123,0.964381293586389));
#1447=DIRECTION('',(0.,0.,-1.));
#1448=DIRECTION('',(-1.,0.,0.));
#1449=DIRECTION('',(0.,0.264516011955121,0.964381293586389));
#1450=DIRECTION('',(0.,-0.96438129358639,0.264516011955121));
#1451=DIRECTION('',(0.,-1.,0.));
#1452=DIRECTION('',(0.,0.,-1.));
#1453=DIRECTION('',(0.,-1.,0.));
#1454=DIRECTION('',(0.,0.,-1.));
#1455=DIRECTION('',(0.,0.964381293586389,0.264516011955123));
#1456=DIRECTION('',(0.,-0.264516011955123,0.964381293586389));
#1457=DIRECTION('',(1.,0.,0.));
#1458=DIRECTION('',(0.,0.,-1.));
#1459=DIRECTION('',(0.,0.,-1.));
#1460=DIRECTION('',(-1.,0.,0.));
#1461=DIRECTION('',(0.,-1.,0.));
#1462=DIRECTION('',(0.,0.,-1.));
#1463=DIRECTION('',(0.,0.964381293586392,-0.264516011955111));
#1464=DIRECTION('',(0.,0.264516011955111,0.964381293586392));
#1465=DIRECTION('',(0.,4.09911936584262E-16,-1.));
#1466=DIRECTION('',(0.,1.,4.09911936584262E-16));
#1467=DIRECTION('',(0.,6.19544098563145E-16,-1.));
#1468=DIRECTION('',(0.,1.,6.19544098563145E-16));
#1469=DIRECTION('',(0.,0.264516011955112,-0.964381293586392));
#1470=DIRECTION('',(0.,0.964381293586392,0.264516011955112));
#1471=DIRECTION('',(1.,0.,0.));
#1472=DIRECTION('',(0.,0.,-1.));
#1473=DIRECTION('',(0.,-1.,0.));
#1474=DIRECTION('',(0.,0.,-1.));
#1475=DIRECTION('',(0.,-4.77595803088158E-17,1.));
#1476=DIRECTION('',(0.,-1.,-4.77595803088158E-17));
#1477=DIRECTION('',(0.,-1.23908819712629E-15,-1.));
#1478=DIRECTION('',(0.,1.,-1.23908819712629E-15));
#1479=DIRECTION('',(0.,-1.,-6.09624501779548E-17));
#1480=DIRECTION('',(0.,6.09624501779548E-17,-1.));
#1481=DIRECTION('',(0.,0.964633498867371,0.263594789142148));
#1482=DIRECTION('',(0.,-0.263594789142148,0.964633498867371));
#1483=DIRECTION('',(1.,0.,0.));
#1484=DIRECTION('',(0.,0.,-1.));
#1485=DIRECTION('',(0.,1.,0.));
#1486=DIRECTION('',(0.,0.,1.));
#1487=DIRECTION('',(0.,0.267210523645306,0.96363817693842));
#1488=DIRECTION('',(0.,-0.96363817693842,0.267210523645306));
#1489=DIRECTION('',(0.,-1.,-1.22080132916811E-16));
#1490=DIRECTION('',(0.,1.22080132916811E-16,-1.));
#1491=DIRECTION('',(0.,0.964381293586389,-0.264516011955123));
#1492=DIRECTION('',(0.,0.264516011955123,0.964381293586389));
#1493=DIRECTION('',(0.,-0.00375022029874839,-0.99999296789913));
#1494=DIRECTION('',(0.,0.99999296789913,-0.00375022029874839));
#1495=DIRECTION('',(0.,-0.261822411724737,0.965116068003555));
#1496=DIRECTION('',(0.,-0.965116068003555,-0.261822411724737));
#1497=DIRECTION('',(0.,0.264516011955124,-0.964381293586389));
#1498=DIRECTION('',(0.,0.964381293586389,0.264516011955124));
#1499=DIRECTION('',(0.,-0.964127389486896,0.265439968432004));
#1500=DIRECTION('',(0.,-0.265439968432004,-0.964127389486896));
#1501=DIRECTION('',(0.,0.,1.));
#1502=DIRECTION('',(1.,0.,0.));
#1503=DIRECTION('',(0.,-0.264516011955123,-0.964381293586389));
#1504=DIRECTION('',(0.,0.964381293586389,-0.264516011955123));
#1505=DIRECTION('',(0.,1.,1.22154069675789E-16));
#1506=DIRECTION('',(0.,-1.22154069675789E-16,1.));
#1507=DIRECTION('',(0.,-0.964381293586389,-0.264516011955123));
#1508=DIRECTION('',(0.,0.264516011955123,-0.964381293586389));
#1509=DIRECTION('',(1.,0.,0.));
#1510=DIRECTION('',(0.,0.,-1.));
#1511=DIRECTION('',(1.23908819712628E-15,1.,1.23908819712629E-15));
#1512=DIRECTION('',(0.,-1.23908819712629E-15,1.));
#1513=DIRECTION('',(0.,-1.85863229568943E-15,1.));
#1514=DIRECTION('',(0.,-1.,-1.85863229568943E-15));
#1515=DIRECTION('',(0.,1.43278740926447E-16,-1.));
#1516=DIRECTION('',(0.,1.,1.43278740926447E-16));
#1517=DIRECTION('',(0.,-0.264516011955121,0.96438129358639));
#1518=DIRECTION('',(0.,0.96438129358639,0.264516011955121));
#1519=DIRECTION('',(0.,1.,0.));
#1520=DIRECTION('',(0.,0.,1.));
#1521=DIRECTION('',(0.,1.,0.));
#1522=DIRECTION('',(0.,0.,1.));
#1523=DIRECTION('',(0.,-0.964381293586389,0.264516011955123));
#1524=DIRECTION('',(0.,0.264516011955123,0.964381293586389));
#1525=DIRECTION('',(1.,0.,0.));
#1526=DIRECTION('',(0.,0.,-1.));
#1527=DIRECTION('',(-1.23908819712628E-15,1.23908819712629E-15,1.));
#1528=DIRECTION('',(0.,-1.,1.23908819712629E-15));
#1529=DIRECTION('',(0.,1.,0.));
#1530=DIRECTION('',(0.,0.,1.));
#1531=DIRECTION('',(0.,-1.,0.));
#1532=DIRECTION('',(0.,0.,-1.));
#1533=DIRECTION('',(0.,0.,1.));
#1534=DIRECTION('',(1.,0.,0.));
#1535=DIRECTION('',(0.,-0.264516011955121,-0.964381293586389));
#1536=DIRECTION('',(0.,-0.96438129358639,0.264516011955121));
#1537=DIRECTION('',(1.,0.,0.));
#1538=DIRECTION('',(0.,0.,-1.));
#1539=DIRECTION('',(0.,0.,-1.));
#1540=DIRECTION('',(-1.,0.,0.));
#1541=DIRECTION('',(0.,-0.964381293586389,-0.264516011955123));
#1542=DIRECTION('',(0.,-0.264516011955123,0.964381293586389));
#1543=DIRECTION('',(0.,-4.09911936584262E-16,1.));
#1544=DIRECTION('',(0.,-1.,-4.09911936584262E-16));
#1545=DIRECTION('',(0.,6.19544098563145E-16,-1.));
#1546=DIRECTION('',(0.,1.,6.19544098563145E-16));
#1547=DIRECTION('',(0.,1.,0.));
#1548=DIRECTION('',(0.,0.,1.));
#1549=DIRECTION('',(0.,-0.964381293586392,0.264516011955111));
#1550=DIRECTION('',(0.,0.264516011955111,0.964381293586392));
#1551=DIRECTION('',(1.,0.,0.));
#1552=DIRECTION('',(0.,0.,-1.));
#1553=DIRECTION('',(0.,-1.,0.));
#1554=DIRECTION('',(0.,0.,-1.));
#1555=DIRECTION('',(0.,-0.264516011955112,0.964381293586392));
#1556=DIRECTION('',(0.,0.964381293586392,0.264516011955112));
#1557=DIRECTION('',(0.,1.,6.09624501779548E-17));
#1558=DIRECTION('',(0.,-6.09624501779548E-17,1.));
#1559=DIRECTION('',(0.,-0.964633498867371,-0.263594789142148));
#1560=DIRECTION('',(0.,-0.263594789142148,0.964633498867371));
#1561=DIRECTION('',(0.,4.77595803088158E-17,-1.));
#1562=DIRECTION('',(0.,1.,4.77595803088158E-17));
#1563=DIRECTION('',(1.23908819712628E-15,0.,-1.));
#1564=DIRECTION('',(-1.,0.,-1.23908819712628E-15));
#1565=DIRECTION('',(0.,-0.267210523645315,-0.963638176938417));
#1566=DIRECTION('',(0.,-0.963638176938417,0.267210523645315));
#1567=DIRECTION('',(1.,0.,0.));
#1568=DIRECTION('',(0.,0.,-1.));
#1569=DIRECTION('',(2.47817639425256E-15,1.,2.47817639425258E-15));
#1570=DIRECTION('',(0.,-2.47817639425258E-15,1.));
#1571=DIRECTION('',(0.,0.00375022029874839,0.99999296789913));
#1572=DIRECTION('',(0.,-0.99999296789913,0.00375022029874839));
#1573=DIRECTION('',(0.,0.261822411724741,-0.965116068003554));
#1574=DIRECTION('',(0.,-0.965116068003554,-0.261822411724741));
#1575=DIRECTION('',(0.,1.,1.22080132916811E-16));
#1576=DIRECTION('',(0.,-1.22080132916811E-16,1.));
#1577=DIRECTION('',(0.,-0.964381293586389,0.264516011955123));
#1578=DIRECTION('',(0.,0.264516011955123,0.964381293586389));
#1579=DIRECTION('',(0.,0.964127389486896,-0.265439968432004));
#1580=DIRECTION('',(0.,-0.265439968432004,-0.964127389486896));
#1581=DIRECTION('',(0.,-0.264516011955125,0.964381293586388));
#1582=DIRECTION('',(0.,0.964381293586388,0.264516011955125));
#1583=DIRECTION('',(0.,-1.,-1.22154069675789E-16));
#1584=DIRECTION('',(0.,1.22154069675789E-16,-1.));
#1585=DIRECTION('',(0.,0.964381293586389,0.264516011955123));
#1586=DIRECTION('',(0.,0.264516011955123,-0.964381293586389));
#1587=DIRECTION('',(0.,0.,-1.));
#1588=DIRECTION('',(-1.,0.,0.));
#1589=DIRECTION('',(0.,0.264516011955122,0.964381293586389));
#1590=DIRECTION('',(0.,0.964381293586389,-0.264516011955122));
#1591=CARTESIAN_POINT('',(0.,0.,0.));
#1592=CARTESIAN_POINT('',(-0.262382,-0.0159928475272131,0.00658978616071542));
#1593=CARTESIAN_POINT('',(-0.262382,-0.0159928475272131,0.00404978616071542));
#1594=CARTESIAN_POINT('',(-0.263782,-0.0159928475272131,0.00404978616071542));
#1595=CARTESIAN_POINT('',(-0.387982,-0.0159928475272131,0.00404978616071542));
#1596=CARTESIAN_POINT('',(-0.263782,-0.0159928475272131,0.00658978616071542));
#1597=CARTESIAN_POINT('',(-0.263782,-0.0134528475272132,0.00658978616071542));
#1598=CARTESIAN_POINT('',(-0.262382,-0.0134528475272132,0.00658978616071542));
#1599=CARTESIAN_POINT('',(-0.387982,-0.0134528475272132,0.00658978616071542));
#1600=CARTESIAN_POINT('',(-0.387982,-0.0159928475272131,0.00658978616071542));
#1601=CARTESIAN_POINT('',(-0.262382,-0.0231067490801896,0.00404978616071542));
#1602=CARTESIAN_POINT('',(-0.262382,-0.0302206506331661,0.00404978616071542));
#1603=CARTESIAN_POINT('',(-0.263782,-0.0302206506331661,0.00404978616071542));
#1604=CARTESIAN_POINT('',(-0.387982,-0.0302206506331661,0.00404978616071542));
#1605=CARTESIAN_POINT('',(-0.263782,-0.0159928475272131,0.00404978616071542));
#1606=CARTESIAN_POINT('',(-0.387982,-0.0231067490801896,0.00404978616071542));
#1607=CARTESIAN_POINT('',(-0.262382,-0.0302206506331661,0.00303378616071542));
#1608=CARTESIAN_POINT('',(-0.262382,-0.0312366434885516,0.00303759638453895));
#1609=CARTESIAN_POINT('',(-0.263782,-0.0312366434885516,0.00303759638453895));
#1610=CARTESIAN_POINT('',(-0.387982,-0.0312366434885516,0.00303759638453895));
#1611=CARTESIAN_POINT('',(-0.263782,-0.0302206506331661,0.00303378616071542));
#1612=CARTESIAN_POINT('',(-0.387982,-0.0302206506331661,0.00303378616071542));
#1613=CARTESIAN_POINT('',(-0.262382,-0.031239977457842,0.00214859638453894));
#1614=CARTESIAN_POINT('',(-0.262382,-0.0312433114271324,0.00125959638453894));
#1615=CARTESIAN_POINT('',(-0.263782,-0.0312433114271324,0.00125959638453894));
#1616=CARTESIAN_POINT('',(-0.387982,-0.0312433114271324,0.00125959638453894));
#1617=CARTESIAN_POINT('',(-0.263782,-0.0312366434885516,0.00303759638453893));
#1618=CARTESIAN_POINT('',(-0.387982,-0.031239977457842,0.00214859638453894));
#1619=CARTESIAN_POINT('',(-0.262382,-0.0302273185717469,0.00125578616071541));
#1620=CARTESIAN_POINT('',(-0.262382,-0.0302273185717469,0.000239786160715419));
#1621=CARTESIAN_POINT('',(-0.263782,-0.0302273185717469,0.000239786160715419));
#1622=CARTESIAN_POINT('',(-0.387982,-0.0302273185717469,0.000239786160715419));
#1623=CARTESIAN_POINT('',(-0.263782,-0.0302273185717469,0.00125578616071541));
#1624=CARTESIAN_POINT('',(-0.387982,-0.0302273185717469,0.00125578616071541));
#1625=CARTESIAN_POINT('',(-0.262382,0.000504772730611983,0.000239786160715422));
#1626=CARTESIAN_POINT('',(-0.262382,0.0312368640329708,0.000239786160715426));
#1627=CARTESIAN_POINT('',(-0.263782,0.0312368640329708,0.000239786160715426));
#1628=CARTESIAN_POINT('',(-0.387982,0.0312368640329708,0.000239786160715426));
#1629=CARTESIAN_POINT('',(-0.263782,0.000504772730611983,0.000239786160715422));
#1630=CARTESIAN_POINT('',(-0.387982,0.0312368640329708,0.000239786160715426));
#1631=CARTESIAN_POINT('',(-0.262382,0.0312368640329708,0.00125578616071543));
#1632=CARTESIAN_POINT('',(-0.262382,0.0322528640329708,0.00125578616071543));
#1633=CARTESIAN_POINT('',(-0.263782,0.0322528640329708,0.00125578616071543));
#1634=CARTESIAN_POINT('',(-0.387982,0.0322528640329708,0.00125578616071543));
#1635=CARTESIAN_POINT('',(-0.263782,0.0312368640329708,0.00125578616071543));
#1636=CARTESIAN_POINT('',(-0.387982,0.0312368640329708,0.00125578616071543));
#1637=CARTESIAN_POINT('',(-0.262382,0.0322528640329708,0.00214478616071542));
#1638=CARTESIAN_POINT('',(-0.262382,0.0322528640329708,0.00303378616071543));
#1639=CARTESIAN_POINT('',(-0.263782,0.0322528640329708,0.00303378616071543));
#1640=CARTESIAN_POINT('',(-0.387982,0.0322528640329708,0.00303378616071543));
#1641=CARTESIAN_POINT('',(-0.263782,0.0322528640329708,0.00125578616071543));
#1642=CARTESIAN_POINT('',(-0.387982,0.0322528640329708,0.00214478616071542));
#1643=CARTESIAN_POINT('',(-0.262382,0.0312368640329708,0.00303378616071543));
#1644=CARTESIAN_POINT('',(-0.262382,0.0312368640329708,0.00404978616071543));
#1645=CARTESIAN_POINT('',(-0.263782,0.0312368640329708,0.00404978616071543));
#1646=CARTESIAN_POINT('',(-0.387982,0.0312368640329708,0.00404978616071543));
#1647=CARTESIAN_POINT('',(-0.263782,0.0312368640329708,0.00303378616071543));
#1648=CARTESIAN_POINT('',(-0.387982,0.0312368640329708,0.00303378616071543));
#1649=CARTESIAN_POINT('',(-0.262382,0.0241320082528788,0.00404978616071543));
#1650=CARTESIAN_POINT('',(-0.262382,0.0170271524727868,0.00404978616071543));
#1651=CARTESIAN_POINT('',(-0.263782,0.0170271524727868,0.00404978616071543));
#1652=CARTESIAN_POINT('',(-0.387982,0.0170271524727868,0.00404978616071543));
#1653=CARTESIAN_POINT('',(-0.263782,0.0312368640329708,0.00404978616071543));
#1654=CARTESIAN_POINT('',(-0.387982,0.0241320082528788,0.00404978616071543));
#1655=CARTESIAN_POINT('',(-0.262382,0.0170271524727868,0.00658978616071542));
#1656=CARTESIAN_POINT('',(-0.262382,0.0144871524727868,0.00658978616071543));
#1657=CARTESIAN_POINT('',(-0.263782,0.0144871524727868,0.00658978616071543));
#1658=CARTESIAN_POINT('',(-0.387982,0.0144871524727868,0.00658978616071543));
#1659=CARTESIAN_POINT('',(-0.263782,0.0170271524727868,0.00658978616071542));
#1660=CARTESIAN_POINT('',(-0.387982,0.0170271524727868,0.00658978616071542));
#1661=CARTESIAN_POINT('',(-0.262382,0.0144871524727868,0.0429117861607154));
#1662=CARTESIAN_POINT('',(-0.262382,0.0144871524727868,0.0792337861607154));
#1663=CARTESIAN_POINT('',(-0.263782,0.0144871524727868,0.0792337861607154));
#1664=CARTESIAN_POINT('',(-0.387982,0.0144871524727868,0.0792337861607154));
#1665=CARTESIAN_POINT('',(-0.263782,0.0144871524727868,0.0429117861607154));
#1666=CARTESIAN_POINT('',(-0.387982,0.0144871524727868,0.0792337861607154));
#1667=CARTESIAN_POINT('',(-0.262382,0.0134711524727868,0.0792337861607154));
#1668=CARTESIAN_POINT('',(-0.262382,0.0134711524727868,0.0802497861607154));
#1669=CARTESIAN_POINT('',(-0.263782,0.0134711524727868,0.0802497861607154));
#1670=CARTESIAN_POINT('',(-0.387982,0.0134711524727868,0.0802497861607154));
#1671=CARTESIAN_POINT('',(-0.263782,0.0134711524727868,0.0792337861607154));
#1672=CARTESIAN_POINT('',(-0.387982,0.0134711524727868,0.0792337861607154));
#1673=CARTESIAN_POINT('',(-0.262382,0.0119471524727868,0.0802497861607154));
#1674=CARTESIAN_POINT('',(-0.262382,0.0104231524727868,0.0802497861607154));
#1675=CARTESIAN_POINT('',(-0.263782,0.0104231524727868,0.0802497861607154));
#1676=CARTESIAN_POINT('',(-0.387982,0.0104231524727868,0.0802497861607154));
#1677=CARTESIAN_POINT('',(-0.263782,0.0119471524727868,0.0802497861607154));
#1678=CARTESIAN_POINT('',(-0.387982,0.0104231524727868,0.0802497861607154));
#1679=CARTESIAN_POINT('',(-0.262382,0.0104231524727868,0.0792337861607154));
#1680=CARTESIAN_POINT('',(-0.262382,0.00940715247278681,0.0792337861607154));
#1681=CARTESIAN_POINT('',(-0.263782,0.00940715247278681,0.0792337861607154));
#1682=CARTESIAN_POINT('',(-0.387982,0.00940715247278681,0.0792337861607154));
#1683=CARTESIAN_POINT('',(-0.263782,0.0104231524727868,0.0792337861607154));
#1684=CARTESIAN_POINT('',(-0.387982,0.0104231524727868,0.0792337861607154));
#1685=CARTESIAN_POINT('',(-0.262382,0.00940715247278681,0.0429117861607154));
#1686=CARTESIAN_POINT('',(-0.262382,0.00940715247278681,0.00658978616071542));
#1687=CARTESIAN_POINT('',(-0.263782,0.00940715247278681,0.00658978616071542));
#1688=CARTESIAN_POINT('',(-0.387982,0.00940715247278681,0.00658978616071542));
#1689=CARTESIAN_POINT('',(-0.263782,0.00940715247278681,0.0429117861607154));
#1690=CARTESIAN_POINT('',(-0.387982,0.00940715247278681,0.00658978616071542));
#1691=CARTESIAN_POINT('',(-0.262382,0.00686715247278681,0.00658978616071542));
#1692=CARTESIAN_POINT('',(-0.262382,0.00686715247278681,0.00404978616071542));
#1693=CARTESIAN_POINT('',(-0.263782,0.00686715247278681,0.00404978616071542));
#1694=CARTESIAN_POINT('',(-0.387982,0.00686715247278681,0.00404978616071542));
#1695=CARTESIAN_POINT('',(-0.263782,0.00686715247278681,0.00658978616071542));
#1696=CARTESIAN_POINT('',(-0.387982,0.00686715247278681,0.00658978616071542));
#1697=CARTESIAN_POINT('',(-0.262382,0.00369215247278681,0.00404978616071543));
#1698=CARTESIAN_POINT('',(-0.262382,-0.00583284752721319,0.00404978616071541));
#1699=CARTESIAN_POINT('',(-0.263782,-0.00583284752721319,0.00404978616071541));
#1700=CARTESIAN_POINT('',(-0.387982,-0.00583284752721319,0.00404978616071541));
#1701=CARTESIAN_POINT('',(-0.263782,0.00686715247278681,0.00404978616071543));
#1702=CARTESIAN_POINT('',(-0.387982,0.00369215247278681,0.00404978616071543));
#1703=CARTESIAN_POINT('',(-0.262382,-0.00583284752721319,0.00658978616071542));
#1704=CARTESIAN_POINT('',(-0.262382,-0.00837284752721319,0.00658978616071541));
#1705=CARTESIAN_POINT('',(-0.263782,-0.00837284752721319,0.00658978616071541));
#1706=CARTESIAN_POINT('',(-0.387982,-0.00837284752721319,0.00658978616071541));
#1707=CARTESIAN_POINT('',(-0.263782,-0.00583284752721319,0.00658978616071542));
#1708=CARTESIAN_POINT('',(-0.387982,-0.00583284752721319,0.00658978616071542));
#1709=CARTESIAN_POINT('',(-0.262382,-0.00837284752721319,0.0429117861607154));
#1710=CARTESIAN_POINT('',(-0.262382,-0.0083728475272132,0.0792337861607154));
#1711=CARTESIAN_POINT('',(-0.263782,-0.0083728475272132,0.0792337861607154));
#1712=CARTESIAN_POINT('',(-0.387982,-0.0083728475272132,0.0792337861607154));
#1713=CARTESIAN_POINT('',(-0.263782,-0.00837284752721319,0.0429117861607154));
#1714=CARTESIAN_POINT('',(-0.387982,-0.0083728475272132,0.0792337861607154));
#1715=CARTESIAN_POINT('',(-0.262382,-0.0093888475272132,0.0792337861607154));
#1716=CARTESIAN_POINT('',(-0.262382,-0.0093888475272132,0.0802497861607154));
#1717=CARTESIAN_POINT('',(-0.263782,-0.0093888475272132,0.0802497861607154));
#1718=CARTESIAN_POINT('',(-0.387982,-0.0093888475272132,0.0802497861607154));
#1719=CARTESIAN_POINT('',(-0.263782,-0.0093888475272132,0.0792337861607154));
#1720=CARTESIAN_POINT('',(-0.387982,-0.0093888475272132,0.0792337861607154));
#1721=CARTESIAN_POINT('',(-0.262382,-0.0105623531844333,0.0802497861607154));
#1722=CARTESIAN_POINT('',(-0.262382,-0.0117358588416534,0.0802497861607154));
#1723=CARTESIAN_POINT('',(-0.263782,-0.0117358588416534,0.0802497861607154));
#1724=CARTESIAN_POINT('',(-0.387982,-0.0117358588416534,0.0802497861607154));
#1725=CARTESIAN_POINT('',(-0.263782,-0.0105623531844333,0.0802497861607154));
#1726=CARTESIAN_POINT('',(-0.387982,-0.0117358588416534,0.0802497861607154));
#1727=CARTESIAN_POINT('',(-0.262382,-0.0117358588416534,0.0785327974751557));
#1728=CARTESIAN_POINT('',(-0.262382,-0.0134528475272132,0.0785327974751557));
#1729=CARTESIAN_POINT('',(-0.263782,-0.0134528475272132,0.0785327974751557));
#1730=CARTESIAN_POINT('',(-0.387982,-0.0134528475272132,0.0785327974751557));
#1731=CARTESIAN_POINT('',(-0.263782,-0.0117358588416534,0.0785327974751557));
#1732=CARTESIAN_POINT('',(-0.387982,-0.0117358588416534,0.0785327974751557));
#1733=CARTESIAN_POINT('',(-0.262382,-0.0134528475272132,0.0425612918179355));
#1734=CARTESIAN_POINT('',(-0.263782,-0.0134528475272132,0.0425612918179355));
#1735=CARTESIAN_POINT('',(-0.387982,-0.0134528475272132,0.00658978616071542));
#1736=CARTESIAN_POINT('',(-0.262382,0.000504772730611981,0.0402447861607154));
#1737=CARTESIAN_POINT('',(-0.262382,0.000504772730611986,0.00163978616071542));
#1738=CARTESIAN_POINT('',(-0.262382,-0.0298418757766796,0.00163978616071542));
#1739=CARTESIAN_POINT('',(-0.262382,0.0308528640329708,0.00163978616071542));
#1740=CARTESIAN_POINT('',(-0.262382,0.0308528640329708,0.00303378616071543));
#1741=CARTESIAN_POINT('',(-0.262382,0.0308528640329708,0.00264978616071543));
#1742=CARTESIAN_POINT('',(-0.262382,0.0170271524727868,0.00264978616071543));
#1743=CARTESIAN_POINT('',(-0.262382,0.0170271524727868,0.00264978616071543));
#1744=CARTESIAN_POINT('',(-0.262382,0.0170271524727868,0.00658978616071542));
#1745=CARTESIAN_POINT('',(-0.262382,0.0130871524727868,0.00658978616071543));
#1746=CARTESIAN_POINT('',(-0.262382,0.0130871524727868,0.0402447861607154));
#1747=CARTESIAN_POINT('',(-0.262382,0.0130871524727868,0.0788497861607155));
#1748=CARTESIAN_POINT('',(-0.262382,0.000504772730611981,0.0788497861607155));
#1749=CARTESIAN_POINT('',(-0.262382,0.0108071524727868,0.0788497861607155));
#1750=CARTESIAN_POINT('',(-0.262382,0.0108071524727868,0.0402447861607154));
#1751=CARTESIAN_POINT('',(-0.262382,0.0108071524727868,0.00658978616071542));
#1752=CARTESIAN_POINT('',(-0.262382,0.00686715247278681,0.00658978616071542));
#1753=CARTESIAN_POINT('',(-0.262382,0.00686715247278681,0.00264978616071542));
#1754=CARTESIAN_POINT('',(-0.262382,-0.00583284752721319,0.00264978616071542));
#1755=CARTESIAN_POINT('',(-0.262382,-0.00583284752721319,0.00264978616071542));
#1756=CARTESIAN_POINT('',(-0.262382,-0.00583284752721319,0.00658978616071542));
#1757=CARTESIAN_POINT('',(-0.262382,-0.00977284752721319,0.00658978616071541));
#1758=CARTESIAN_POINT('',(-0.262382,-0.00977284752721319,0.0402447861607154));
#1759=CARTESIAN_POINT('',(-0.262382,-0.0097728475272132,0.0788497861607154));
#1760=CARTESIAN_POINT('',(-0.262382,0.000504772730611981,0.0788497861607154));
#1761=CARTESIAN_POINT('',(-0.262382,-0.0117358588416534,0.0788497861607154));
#1762=CARTESIAN_POINT('',(-0.262382,-0.0117358588416534,0.0785327974751557));
#1763=CARTESIAN_POINT('',(-0.262382,-0.0120528475272132,0.0785327974751557));
#1764=CARTESIAN_POINT('',(-0.262382,-0.0120528475272132,0.0402447861607154));
#1765=CARTESIAN_POINT('',(-0.262382,-0.0120528475272132,0.00658978616071542));
#1766=CARTESIAN_POINT('',(-0.262382,-0.0159928475272131,0.00658978616071542));
#1767=CARTESIAN_POINT('',(-0.262382,-0.0159928475272131,0.00264978616071542));
#1768=CARTESIAN_POINT('',(-0.262382,-0.0302206506331661,0.00264978616071542));
#1769=CARTESIAN_POINT('',(-0.262382,-0.029838088027542,0.00264978616071542));
#1770=CARTESIAN_POINT('',(-0.262382,-0.0298433212720736,0.00125434607612068));
#1771=CARTESIAN_POINT('',(-0.389382,0.000504772730611981,0.0402447861607154));
#1772=CARTESIAN_POINT('',(-0.389382,0.000504772730611986,0.00264978616071542));
#1773=CARTESIAN_POINT('',(-0.389382,0.0170271524727868,0.00264978616071543));
#1774=CARTESIAN_POINT('',(-0.389382,0.0308528640329708,0.00264978616071543));
#1775=CARTESIAN_POINT('',(-0.389382,0.0308528640329708,0.0402447861607154));
#1776=CARTESIAN_POINT('',(-0.389382,0.0308528640329708,0.00163978616071543));
#1777=CARTESIAN_POINT('',(-0.389382,-0.0302273185717469,0.00163978616071542));
#1778=CARTESIAN_POINT('',(-0.389382,-0.0298418757766796,0.00163978616071542));
#1779=CARTESIAN_POINT('',(-0.389382,-0.0296966727402486,0.0403580490310477));
#1780=CARTESIAN_POINT('',(-0.389382,-0.029838088027542,0.00264978616071542));
#1781=CARTESIAN_POINT('',(-0.389382,0.000504772730611984,0.00264978616071542));
#1782=CARTESIAN_POINT('',(-0.389382,-0.0159928475272131,0.00264978616071542));
#1783=CARTESIAN_POINT('',(-0.389382,-0.0159928475272131,0.00658978616071542));
#1784=CARTESIAN_POINT('',(-0.389382,-0.0120528475272132,0.00658978616071542));
#1785=CARTESIAN_POINT('',(-0.389382,-0.0120528475272132,0.0785327974751557));
#1786=CARTESIAN_POINT('',(-0.389382,-0.0120528475272132,0.0785327974751557));
#1787=CARTESIAN_POINT('',(-0.389382,-0.0117358588416534,0.0785327974751557));
#1788=CARTESIAN_POINT('',(-0.389382,-0.0117358588416534,0.0788497861607154));
#1789=CARTESIAN_POINT('',(-0.389382,-0.0093888475272132,0.0788497861607154));
#1790=CARTESIAN_POINT('',(-0.389382,-0.0097728475272132,0.0788497861607154));
#1791=CARTESIAN_POINT('',(-0.389382,-0.00977284752721319,0.00658978616071541));
#1792=CARTESIAN_POINT('',(-0.389382,-0.00977284752721319,0.00658978616071541));
#1793=CARTESIAN_POINT('',(-0.389382,-0.00583284752721319,0.00658978616071542));
#1794=CARTESIAN_POINT('',(-0.389382,-0.00583284752721319,0.00264978616071542));
#1795=CARTESIAN_POINT('',(-0.389382,0.000504772730611981,0.00264978616071542));
#1796=CARTESIAN_POINT('',(-0.389382,0.00686715247278681,0.00264978616071542));
#1797=CARTESIAN_POINT('',(-0.389382,0.00686715247278681,0.00658978616071542));
#1798=CARTESIAN_POINT('',(-0.389382,0.0108071524727868,0.00658978616071542));
#1799=CARTESIAN_POINT('',(-0.389382,0.0108071524727868,0.0792337861607154));
#1800=CARTESIAN_POINT('',(-0.389382,0.0108071524727868,0.0788497861607155));
#1801=CARTESIAN_POINT('',(-0.389382,0.0134711524727868,0.0788497861607155));
#1802=CARTESIAN_POINT('',(-0.389382,0.0130871524727868,0.0788497861607155));
#1803=CARTESIAN_POINT('',(-0.389382,0.0130871524727868,0.00658978616071543));
#1804=CARTESIAN_POINT('',(-0.389382,0.0130871524727868,0.00658978616071543));
#1805=CARTESIAN_POINT('',(-0.389382,0.0170271524727868,0.00658978616071542));
#1806=CARTESIAN_POINT('',(-0.387982,-0.00583284752721319,0.00658978616071542));
#1807=CARTESIAN_POINT('',(-0.387982,-0.00977284752721319,0.00658978616071541));
#1808=CARTESIAN_POINT('',(-0.387982,-0.00583284752721319,0.00264978616071542));
#1809=CARTESIAN_POINT('',(-0.387982,0.00369215247278681,0.00264978616071542));
#1810=CARTESIAN_POINT('',(-0.387982,0.00686715247278681,0.00264978616071542));
#1811=CARTESIAN_POINT('',(-0.387982,-0.00977284752721319,0.0402447861607154));
#1812=CARTESIAN_POINT('',(-0.387982,-0.0097728475272132,0.0788497861607154));
#1813=CARTESIAN_POINT('',(-0.387982,0.00686715247278681,0.00658978616071542));
#1814=CARTESIAN_POINT('',(-0.387982,0.0108071524727868,0.00658978616071542));
#1815=CARTESIAN_POINT('',(-0.387982,-0.0083728475272132,0.0792337861607154));
#1816=CARTESIAN_POINT('',(-0.387982,-0.0083728475272132,0.0802497861607154));
#1817=CARTESIAN_POINT('',(-0.387982,-0.0093888475272132,0.0802497861607154));
#1818=CARTESIAN_POINT('',(-0.388165259985721,-0.0083728475272132,0.0792337861604936));
#1819=CARTESIAN_POINT('',(-0.388298255836944,-0.00837284754195737,0.0802497861459711));
#1820=CARTESIAN_POINT('',(-0.388165259985721,-0.00938884752743521,0.0802497861607154));
#1821=CARTESIAN_POINT('',(-0.388531693090451,-0.00844574379513405,0.079213791755903));
#1822=CARTESIAN_POINT('',(-0.388869031781192,-0.00855345374839541,0.0800691799395333));
#1823=CARTESIAN_POINT('',(-0.388531693090451,-0.00940884193202557,0.0801768898927945));
#1824=CARTESIAN_POINT('',(-0.388997725036709,-0.00875712251639549,0.0791283850207977));
#1825=CARTESIAN_POINT('',(-0.38924261953371,-0.0090136454174913,0.0796089882704372));
#1826=CARTESIAN_POINT('',(-0.388997725036709,-0.00949424866713094,0.0798655111715333));
#1827=CARTESIAN_POINT('',(-0.389309103724682,-0.00922315434059632,0.0790005591490523));
#1828=CARTESIAN_POINT('',(-0.389362611703077,-0.00941315499552817,0.0792094786924006));
#1829=CARTESIAN_POINT('',(-0.389309103724682,-0.0096220745388761,0.0793994793473314));
#1830=CARTESIAN_POINT('',(-0.389382,-0.00958958774861988,0.0789000516999872));
#1831=CARTESIAN_POINT('',(-0.389382000003534,-0.00965608489576689,0.0789665487921613));
#1832=CARTESIAN_POINT('',(-0.389382,-0.00972258198794184,0.0790330459393107));
#1833=CARTESIAN_POINT('',(-0.389382,-0.00977284752721322,0.0788497861607154));
#1834=CARTESIAN_POINT('',(-0.389382,-0.00977284752721321,0.0788497861607154));
#1835=CARTESIAN_POINT('',(-0.389382,-0.0097728475272132,0.0788497861607154));
#1836=CARTESIAN_POINT('',(-0.387982,-0.0097728475272132,0.0788497861607154));
#1837=CARTESIAN_POINT('',(-0.387982,0.0108071524727868,0.0402447861607154));
#1838=CARTESIAN_POINT('',(-0.387982,0.0108071524727868,0.0788497861607155));
#1839=CARTESIAN_POINT('',(-0.387982,0.000504772730611981,0.0788497861607154));
#1840=CARTESIAN_POINT('',(-0.387982,-0.0117358588416534,0.0788497861607154));
#1841=CARTESIAN_POINT('',(-0.387982,0.0104231524727868,0.0802497861607155));
#1842=CARTESIAN_POINT('',(-0.387982,0.0094071524727868,0.0802497861607155));
#1843=CARTESIAN_POINT('',(-0.387982,0.0094071524727868,0.0792337861607155));
#1844=CARTESIAN_POINT('',(-0.388165259985721,0.0104231524730088,0.0802497861607155));
#1845=CARTESIAN_POINT('',(-0.388298255836945,0.00940715248753101,0.0802497861459708));
#1846=CARTESIAN_POINT('',(-0.388165259985721,0.0094071524727868,0.0792337861604937));
#1847=CARTESIAN_POINT('',(-0.388531693090451,0.0104431468775992,0.0801768898927946));
#1848=CARTESIAN_POINT('',(-0.388869031781192,0.00958775869396893,0.0800691799395335));
#1849=CARTESIAN_POINT('',(-0.388531693090451,0.00948004874070766,0.0792137917559031));
#1850=CARTESIAN_POINT('',(-0.388997725036709,0.0105285536127045,0.0798655111715335));
#1851=CARTESIAN_POINT('',(-0.38924261953371,0.0100479503630651,0.0796089882704375));
#1852=CARTESIAN_POINT('',(-0.388997725036709,0.00979142746196906,0.0791283850207978));
#1853=CARTESIAN_POINT('',(-0.389309103724682,0.0106563794844497,0.0793994793473315));
#1854=CARTESIAN_POINT('',(-0.389362611703077,0.0104474599411012,0.0792094786924));
#1855=CARTESIAN_POINT('',(-0.389309103724682,0.01025745928617,0.0790005591490524));
#1856=CARTESIAN_POINT('',(-0.389382,0.0107568869335154,0.0790330459393108));
#1857=CARTESIAN_POINT('',(-0.389382000003534,0.0106903898413416,0.0789665487921629));
#1858=CARTESIAN_POINT('',(-0.389382,0.0106238926941933,0.0789000516999873));
#1859=CARTESIAN_POINT('',(-0.389382,0.0108071524727868,0.0788497861607155));
#1860=CARTESIAN_POINT('',(-0.389382,0.0108071524727868,0.0788497861607155));
#1861=CARTESIAN_POINT('',(-0.389382,0.0108071524727868,0.0788497861607155));
#1862=CARTESIAN_POINT('',(-0.387982,0.0108071524727868,0.0788497861607155));
#1863=CARTESIAN_POINT('',(-0.387982,-0.0117358588416534,0.0785327974751557));
#1864=CARTESIAN_POINT('',(-0.387982,-0.0120528475272132,0.0785327974751557));
#1865=CARTESIAN_POINT('',(-0.387982,0.000504772730611981,0.0788497861607155));
#1866=CARTESIAN_POINT('',(-0.387982,0.0130871524727868,0.0788497861607155));
#1867=CARTESIAN_POINT('',(-0.387982,-0.0120528475272132,0.0402447861607154));
#1868=CARTESIAN_POINT('',(-0.387982,-0.0120528475272132,0.00658978616071542));
#1869=CARTESIAN_POINT('',(-0.387982,0.0144871524727868,0.0792337861607155));
#1870=CARTESIAN_POINT('',(-0.387982,0.0144871524727868,0.0802497861607155));
#1871=CARTESIAN_POINT('',(-0.387982,0.0134711524727868,0.0802497861607155));
#1872=CARTESIAN_POINT('',(-0.388165259985721,0.0144871524727868,0.079233786160494));
#1873=CARTESIAN_POINT('',(-0.388298255836946,0.0144871524580426,0.0802497861459728));
#1874=CARTESIAN_POINT('',(-0.388165259985721,0.0134711524725648,0.0802497861607155));
#1875=CARTESIAN_POINT('',(-0.388531693090451,0.014414256204866,0.0792137917559029));
#1876=CARTESIAN_POINT('',(-0.388869031781191,0.0143065462516046,0.0800691799395326));
#1877=CARTESIAN_POINT('',(-0.388531693090451,0.0134511580679744,0.0801768898927946));
#1878=CARTESIAN_POINT('',(-0.388997725036709,0.0141028774836046,0.0791283850207979));
#1879=CARTESIAN_POINT('',(-0.389242619533713,0.0138463545825086,0.0796089882704377));
#1880=CARTESIAN_POINT('',(-0.388997725036709,0.0133657513328691,0.0798655111715334));
#1881=CARTESIAN_POINT('',(-0.389309103724682,0.0136368456594036,0.0790005591490524));
#1882=CARTESIAN_POINT('',(-0.389362611703067,0.0134468450044724,0.0792094786924));
#1883=CARTESIAN_POINT('',(-0.389309103724682,0.0132379254611239,0.0793994793473315));
#1884=CARTESIAN_POINT('',(-0.389382,0.0132704122513804,0.0789000516999873));
#1885=CARTESIAN_POINT('',(-0.389382000003556,0.013203915104232,0.0789665487921629));
#1886=CARTESIAN_POINT('',(-0.389382,0.0131374180120582,0.0790330459393108));
#1887=CARTESIAN_POINT('',(-0.389382,0.0130871524727868,0.0788497861607155));
#1888=CARTESIAN_POINT('',(-0.389382,0.0130871524727868,0.0788497861607155));
#1889=CARTESIAN_POINT('',(-0.389382,0.0130871524727868,0.0788497861607155));
#1890=CARTESIAN_POINT('',(-0.387982,0.0130871524727868,0.0788497861607155));
#1891=CARTESIAN_POINT('',(-0.387982,-0.0159928475272131,0.00658978616071542));
#1892=CARTESIAN_POINT('',(-0.387982,-0.0159928475272131,0.00264978616071542));
#1893=CARTESIAN_POINT('',(-0.387982,0.0130871524727868,0.0402447861607154));
#1894=CARTESIAN_POINT('',(-0.387982,0.0130871524727868,0.00658978616071543));
#1895=CARTESIAN_POINT('',(-0.387982,-0.0231067490801896,0.00264978616071542));
#1896=CARTESIAN_POINT('',(-0.387982,-0.029838088027542,0.00264978616071542));
#1897=CARTESIAN_POINT('',(-0.387982,0.0170271524727868,0.00658978616071542));
#1898=CARTESIAN_POINT('',(-0.387982,0.0170271524727868,0.00264978616071543));
#1899=CARTESIAN_POINT('',(-0.387982,-0.0302206506331661,0.00404978616071542));
#1900=CARTESIAN_POINT('',(-0.387982,-0.0312328475272132,0.00404978616071542));
#1901=CARTESIAN_POINT('',(-0.387982,-0.0312366434885516,0.00303759638453895));
#1902=CARTESIAN_POINT('',(-0.388165259985721,-0.0302206506329451,0.00404978616071542));
#1903=CARTESIAN_POINT('',(-0.388297262029757,-0.031232847512681,0.00404978614612768));
#1904=CARTESIAN_POINT('',(-0.388165259985721,-0.0312366434885524,0.00303759638431786));
#1905=CARTESIAN_POINT('',(-0.388531693090451,-0.0302007310716925,0.00397688989276681));
#1906=CARTESIAN_POINT('',(-0.388866746803988,-0.0310536931878263,0.00386995868852301));
#1907=CARTESIAN_POINT('',(-0.388531693090451,-0.0311638224359607,0.003017403586078));
#1908=CARTESIAN_POINT('',(-0.388997725036709,-0.0301156440323523,0.00366551117163032));
#1909=CARTESIAN_POINT('',(-0.389241463882842,-0.0305957169484949,0.00341026170476984));
#1910=CARTESIAN_POINT('',(-0.388997725036709,-0.0308527649996127,0.00293114940627784));
#1911=CARTESIAN_POINT('',(-0.389309103724682,-0.0299882966401413,0.00319947934697137));
#1912=CARTESIAN_POINT('',(-0.389362412774465,-0.0301971637156511,0.00301021099629445));
#1913=CARTESIAN_POINT('',(-0.389309103724682,-0.0303872140329123,0.00280205518757773));
#1914=CARTESIAN_POINT('',(-0.389382,-0.0298881654123291,0.00283304594008619));
#1915=CARTESIAN_POINT('',(-0.389382000003262,-0.0299546620368439,0.00276679817109102));
#1916=CARTESIAN_POINT('',(-0.389382,-0.0300211587169858,0.002700550457898));
#1917=CARTESIAN_POINT('',(-0.389382,-0.029838088027542,0.00264978616071542));
#1918=CARTESIAN_POINT('',(-0.389382,-0.0298380880275419,0.00264978616071542));
#1919=CARTESIAN_POINT('',(-0.389382,-0.0298380880275419,0.00264978616071542));
#1920=CARTESIAN_POINT('',(-0.387982,-0.029838088027542,0.00264978616071542));
#1921=CARTESIAN_POINT('',(-0.387982,0.0241320082528788,0.00264978616071543));
#1922=CARTESIAN_POINT('',(-0.387982,0.0308528640329708,0.00264978616071543));
#1923=CARTESIAN_POINT('',(-0.387982,-0.0298399873027832,0.0021433460761207));
#1924=CARTESIAN_POINT('',(-0.387982,-0.0298418757766796,0.00163978616071542));
#1925=CARTESIAN_POINT('',(-0.387982,0.0322528640329709,0.00303378616071543));
#1926=CARTESIAN_POINT('',(-0.387982,0.0322528640329708,0.00404978616071543));
#1927=CARTESIAN_POINT('',(-0.387982,0.0312368640329709,0.00404978616071543));
#1928=CARTESIAN_POINT('',(-0.388165259985721,0.0322528640329709,0.00303378616049349));
#1929=CARTESIAN_POINT('',(-0.38829825583694,0.0322528640182269,0.00404978614597183));
#1930=CARTESIAN_POINT('',(-0.388165259985721,0.0312368640327488,0.00404978616071543));
#1931=CARTESIAN_POINT('',(-0.388531693090451,0.03217996776505,0.00301379175590303));
#1932=CARTESIAN_POINT('',(-0.388869031781193,0.0320722578117887,0.00386917993953302));
#1933=CARTESIAN_POINT('',(-0.388531693090451,0.0312168696281585,0.00397688989279456));
#1934=CARTESIAN_POINT('',(-0.388997725036709,0.0318685890437886,0.00292838502079771));
#1935=CARTESIAN_POINT('',(-0.389242619533712,0.0316120661426926,0.00340898827043728));
#1936=CARTESIAN_POINT('',(-0.388997725036709,0.0311314628930531,0.00366551117153322));
#1937=CARTESIAN_POINT('',(-0.389309103724682,0.0314025572195874,0.00280055914905247));
#1938=CARTESIAN_POINT('',(-0.389362611703067,0.0312125565646564,0.00300947869240077));
#1939=CARTESIAN_POINT('',(-0.389309103724682,0.0310036370213079,0.00319947934733204));
#1940=CARTESIAN_POINT('',(-0.389382,0.0310361238115649,0.00270005169998691));
#1941=CARTESIAN_POINT('',(-0.389382000003556,0.0309696266644161,0.00276654879216107));
#1942=CARTESIAN_POINT('',(-0.389382,0.0309031295722424,0.00283304593930936));
#1943=CARTESIAN_POINT('',(-0.389382,0.0308528640329709,0.00264978616071542));
#1944=CARTESIAN_POINT('',(-0.389382,0.0308528640329708,0.00264978616071542));
#1945=CARTESIAN_POINT('',(-0.389382,0.0308528640329709,0.00264978616071542));
#1946=CARTESIAN_POINT('',(-0.387982,0.0308528640329708,0.00264978616071543));
#1947=CARTESIAN_POINT('',(-0.387982,-0.0312433114271324,0.00125959638453894));
#1948=CARTESIAN_POINT('',(-0.387982,-0.0312471359670292,0.000239786160715416));
#1949=CARTESIAN_POINT('',(-0.387982,-0.0302273185717469,0.000239786160715416));
#1950=CARTESIAN_POINT('',(-0.388165259985721,-0.0312433114271316,0.00125959638476162));
#1951=CARTESIAN_POINT('',(-0.388299257126295,-0.0312471359520705,0.000239786175617712));
#1952=CARTESIAN_POINT('',(-0.388165259985721,-0.030227318571524,0.000239786160715416));
#1953=CARTESIAN_POINT('',(-0.388531693090451,-0.0311703404066969,0.00127939239570298));
#1954=CARTESIAN_POINT('',(-0.388871330376091,-0.0310650642151266,0.000421176378991976));
#1955=CARTESIAN_POINT('',(-0.388531693090451,-0.0302072490423885,0.000312682428608539));
#1956=CARTESIAN_POINT('',(-0.388997725036709,-0.0308586423774512,0.00136395168611271));
#1957=CARTESIAN_POINT('',(-0.389243777179275,-0.030602649270847,0.000881860404940428));
#1958=CARTESIAN_POINT('',(-0.388997725036709,-0.0301215214103316,0.00062406114999472));
#1959=CARTESIAN_POINT('',(-0.389309103724682,-0.0303921326545666,0.00149050921090559));
#1960=CARTESIAN_POINT('',(-0.389362810658302,-0.0302021845852792,0.00128082606527236));
#1961=CARTESIAN_POINT('',(-0.389309103724682,-0.0299932152612719,0.00109009297373814));
#1962=CARTESIAN_POINT('',(-0.389382,-0.0300253234809121,0.00159001937935084));
#1963=CARTESIAN_POINT('',(-0.3893820000012,-0.0299588268019878,0.00152327290819927));
#1964=CARTESIAN_POINT('',(-0.389382,-0.029892330177383,0.00145652638289828));
#1965=CARTESIAN_POINT('',(-0.389382,-0.0298418757766796,0.00163978616071542));
#1966=CARTESIAN_POINT('',(-0.389382,-0.0298418757766796,0.00163978616071542));
#1967=CARTESIAN_POINT('',(-0.389382,-0.0298418757766796,0.00163978616071542));
#1968=CARTESIAN_POINT('',(-0.387982,-0.0298418757766796,0.00163978616071542));
#1969=CARTESIAN_POINT('',(-0.387982,0.0308528640329708,0.00214478616071542));
#1970=CARTESIAN_POINT('',(-0.387982,0.0308528640329708,0.00163978616071543));
#1971=CARTESIAN_POINT('',(-0.387982,0.000504772730611986,0.00163978616071542));
#1972=CARTESIAN_POINT('',(-0.387982,0.0308528640329708,0.00163978616071543));
#1973=CARTESIAN_POINT('',(-0.387982,0.0312368640329709,0.000239786160715432));
#1974=CARTESIAN_POINT('',(-0.387982,0.0322528640329708,0.000239786160715432));
#1975=CARTESIAN_POINT('',(-0.387982,0.0322528640329709,0.00125578616071543));
#1976=CARTESIAN_POINT('',(-0.388165259985721,0.0312368640327488,0.000239786160715432));
#1977=CARTESIAN_POINT('',(-0.38829825583694,0.0322528640182269,0.000239786175459083));
#1978=CARTESIAN_POINT('',(-0.388165259985721,0.0322528640329709,0.00125578616093737));
#1979=CARTESIAN_POINT('',(-0.388531693090451,0.0312168696281585,0.000312682428636298));
#1980=CARTESIAN_POINT('',(-0.388869031781193,0.0320722578117886,0.000420392381897805));
#1981=CARTESIAN_POINT('',(-0.388531693090451,0.03217996776505,0.00127578056552783));
#1982=CARTESIAN_POINT('',(-0.388997725036709,0.0311314628930531,0.000624061149897647));
#1983=CARTESIAN_POINT('',(-0.389242619533712,0.0316120661426926,0.000880584050993593));
#1984=CARTESIAN_POINT('',(-0.388997725036709,0.0318685890437887,0.00136118730063314));
#1985=CARTESIAN_POINT('',(-0.389309103724682,0.0310036370213079,0.0010900929740988));
#1986=CARTESIAN_POINT('',(-0.389362611703067,0.0312125565646564,0.00128009362903005));
#1987=CARTESIAN_POINT('',(-0.389309103724682,0.0314025572195874,0.00148901317237838));
#1988=CARTESIAN_POINT('',(-0.389382,0.0309031295722424,0.00145652638212153));
#1989=CARTESIAN_POINT('',(-0.389382000003556,0.0309696266644161,0.00152302352926987));
#1990=CARTESIAN_POINT('',(-0.389382,0.0310361238115649,0.00158952062144396));
#1991=CARTESIAN_POINT('',(-0.389382,0.0308528640329709,0.00163978616071544));
#1992=CARTESIAN_POINT('',(-0.389382,0.0308528640329708,0.00163978616071543));
#1993=CARTESIAN_POINT('',(-0.389382,0.0308528640329709,0.00163978616071543));
#1994=CARTESIAN_POINT('',(-0.263782,-0.00583284752721319,0.00658978616071542));
#1995=CARTESIAN_POINT('',(-0.263782,-0.00583284752721319,0.00264978616071542));
#1996=CARTESIAN_POINT('',(-0.263782,-0.00977284752721319,0.00658978616071541));
#1997=CARTESIAN_POINT('',(-0.263782,-0.00977284752721319,0.0429117861607154));
#1998=CARTESIAN_POINT('',(-0.263782,-0.0097728475272132,0.0788497861607154));
#1999=CARTESIAN_POINT('',(-0.263782,0.000504772730611981,0.00264978616071542));
#2000=CARTESIAN_POINT('',(-0.263782,0.00686715247278681,0.00264978616071542));
#2001=CARTESIAN_POINT('',(-0.263782,-0.0093888475272132,0.0802497861607154));
#2002=CARTESIAN_POINT('',(-0.263782,-0.0083728475272132,0.0802497861607154));
#2003=CARTESIAN_POINT('',(-0.263782,-0.0083728475272132,0.0792337861607154));
#2004=CARTESIAN_POINT('',(-0.263598740014279,-0.00938884752743521,0.0802497861607154));
#2005=CARTESIAN_POINT('',(-0.263465744163057,-0.00837284754195737,0.0802497861459711));
#2006=CARTESIAN_POINT('',(-0.263598740014279,-0.0083728475272132,0.0792337861604936));
#2007=CARTESIAN_POINT('',(-0.26323230690955,-0.00940884193202557,0.0801768898927945));
#2008=CARTESIAN_POINT('',(-0.262894968218807,-0.00855345374839535,0.0800691799395334));
#2009=CARTESIAN_POINT('',(-0.26323230690955,-0.00844574379513406,0.079213791755903));
#2010=CARTESIAN_POINT('',(-0.262766274963291,-0.00949424866713094,0.0798655111715333));
#2011=CARTESIAN_POINT('',(-0.262521380466291,-0.00901364541749131,0.0796089882704372));
#2012=CARTESIAN_POINT('',(-0.262766274963291,-0.00875712251639547,0.0791283850207977));
#2013=CARTESIAN_POINT('',(-0.262454896275318,-0.0096220745388761,0.0793994793473314));
#2014=CARTESIAN_POINT('',(-0.262401388296922,-0.00941315499552817,0.0792094786924006));
#2015=CARTESIAN_POINT('',(-0.262454896275318,-0.0092231543405964,0.0790005591490523));
#2016=CARTESIAN_POINT('',(-0.262382,-0.00972258198794184,0.0790330459393107));
#2017=CARTESIAN_POINT('',(-0.262381999996468,-0.00965608489576689,0.0789665487921613));
#2018=CARTESIAN_POINT('',(-0.262382,-0.0095895877486197,0.0789000516999872));
#2019=CARTESIAN_POINT('',(-0.262382,-0.0097728475272132,0.0788497861607154));
#2020=CARTESIAN_POINT('',(-0.262382,-0.00977284752721321,0.0788497861607154));
#2021=CARTESIAN_POINT('',(-0.262382,-0.00977284752721322,0.0788497861607154));
#2022=CARTESIAN_POINT('',(-0.263782,-0.0097728475272132,0.0788497861607154));
#2023=CARTESIAN_POINT('',(-0.263782,0.00686715247278681,0.00658978616071542));
#2024=CARTESIAN_POINT('',(-0.263782,0.0108071524727868,0.00658978616071542));
#2025=CARTESIAN_POINT('',(-0.263782,-0.0105623531844333,0.0788497861607154));
#2026=CARTESIAN_POINT('',(-0.263782,-0.0117358588416534,0.0788497861607154));
#2027=CARTESIAN_POINT('',(-0.263782,0.0108071524727868,0.0429117861607154));
#2028=CARTESIAN_POINT('',(-0.263782,0.0108071524727868,0.0788497861607155));
#2029=CARTESIAN_POINT('',(-0.263782,-0.0117358588416534,0.0785327974751557));
#2030=CARTESIAN_POINT('',(-0.263782,-0.0120528475272132,0.0785327974751557));
#2031=CARTESIAN_POINT('',(-0.263782,0.0094071524727868,0.0792337861607155));
#2032=CARTESIAN_POINT('',(-0.263782,0.0094071524727868,0.0802497861607155));
#2033=CARTESIAN_POINT('',(-0.263782,0.0104231524727868,0.0802497861607155));
#2034=CARTESIAN_POINT('',(-0.263598740014279,0.0094071524727868,0.0792337861604937));
#2035=CARTESIAN_POINT('',(-0.263465744163056,0.00940715248753076,0.0802497861459708));
#2036=CARTESIAN_POINT('',(-0.263598740014279,0.0104231524730088,0.0802497861607155));
#2037=CARTESIAN_POINT('',(-0.26323230690955,0.00948004874070766,0.0792137917559031));
#2038=CARTESIAN_POINT('',(-0.262894968218808,0.009587758693969,0.0800691799395336));
#2039=CARTESIAN_POINT('',(-0.26323230690955,0.0104431468775992,0.0801768898927946));
#2040=CARTESIAN_POINT('',(-0.262766274963291,0.00979142746196906,0.0791283850207978));
#2041=CARTESIAN_POINT('',(-0.262521380466291,0.010047950363065,0.0796089882704375));
#2042=CARTESIAN_POINT('',(-0.262766274963291,0.0105285536127045,0.0798655111715335));
#2043=CARTESIAN_POINT('',(-0.262454896275318,0.01025745928617,0.0790005591490524));
#2044=CARTESIAN_POINT('',(-0.262401388296922,0.0104474599411012,0.0792094786924));
#2045=CARTESIAN_POINT('',(-0.262454896275318,0.0106563794844497,0.0793994793473315));
#2046=CARTESIAN_POINT('',(-0.262382,0.0106238926941933,0.0789000516999873));
#2047=CARTESIAN_POINT('',(-0.262381999996468,0.0106903898413416,0.0789665487921629));
#2048=CARTESIAN_POINT('',(-0.262382,0.0107568869335154,0.0790330459393108));
#2049=CARTESIAN_POINT('',(-0.262382,0.0108071524727868,0.0788497861607155));
#2050=CARTESIAN_POINT('',(-0.262382,0.0108071524727868,0.0788497861607155));
#2051=CARTESIAN_POINT('',(-0.262382,0.0108071524727868,0.0788497861607155));
#2052=CARTESIAN_POINT('',(-0.263782,0.0108071524727868,0.0788497861607155));
#2053=CARTESIAN_POINT('',(-0.263782,-0.0120528475272132,0.0425612918179355));
#2054=CARTESIAN_POINT('',(-0.263782,-0.0120528475272132,0.00658978616071542));
#2055=CARTESIAN_POINT('',(-0.263782,0.0119471524727868,0.0788497861607155));
#2056=CARTESIAN_POINT('',(-0.263782,0.0130871524727868,0.0788497861607155));
#2057=CARTESIAN_POINT('',(-0.263782,-0.0159928475272131,0.00658978616071542));
#2058=CARTESIAN_POINT('',(-0.263782,-0.0159928475272131,0.00264978616071542));
#2059=CARTESIAN_POINT('',(-0.263782,0.0134711524727868,0.0802497861607155));
#2060=CARTESIAN_POINT('',(-0.263782,0.0144871524727868,0.0802497861607155));
#2061=CARTESIAN_POINT('',(-0.263782,0.0144871524727868,0.0792337861607155));
#2062=CARTESIAN_POINT('',(-0.263598740014279,0.0134711524725648,0.0802497861607155));
#2063=CARTESIAN_POINT('',(-0.263465744163056,0.0144871524580427,0.0802497861459728));
#2064=CARTESIAN_POINT('',(-0.263598740014279,0.0144871524727868,0.079233786160494));
#2065=CARTESIAN_POINT('',(-0.26323230690955,0.0134511580679744,0.0801768898927946));
#2066=CARTESIAN_POINT('',(-0.262894968218809,0.0143065462516046,0.0800691799395327));
#2067=CARTESIAN_POINT('',(-0.26323230690955,0.014414256204866,0.0792137917559029));
#2068=CARTESIAN_POINT('',(-0.262766274963291,0.0133657513328691,0.0798655111715334));
#2069=CARTESIAN_POINT('',(-0.262521380466288,0.0138463545825086,0.0796089882704377));
#2070=CARTESIAN_POINT('',(-0.262766274963291,0.0141028774836046,0.0791283850207979));
#2071=CARTESIAN_POINT('',(-0.262454896275318,0.0132379254611239,0.0793994793473315));
#2072=CARTESIAN_POINT('',(-0.262401388296932,0.0134468450044724,0.0792094786924));
#2073=CARTESIAN_POINT('',(-0.262454896275318,0.0136368456594036,0.0790005591490524));
#2074=CARTESIAN_POINT('',(-0.262382,0.0131374180120582,0.0790330459393108));
#2075=CARTESIAN_POINT('',(-0.262381999996446,0.013203915104232,0.0789665487921629));
#2076=CARTESIAN_POINT('',(-0.262382,0.0132704122513804,0.0789000516999873));
#2077=CARTESIAN_POINT('',(-0.262382,0.0130871524727868,0.0788497861607155));
#2078=CARTESIAN_POINT('',(-0.262382,0.0130871524727868,0.0788497861607155));
#2079=CARTESIAN_POINT('',(-0.262382,0.0130871524727868,0.0788497861607155));
#2080=CARTESIAN_POINT('',(-0.263782,0.0130871524727868,0.0788497861607155));
#2081=CARTESIAN_POINT('',(-0.263782,0.000504772730611984,0.00264978616071542));
#2082=CARTESIAN_POINT('',(-0.263782,-0.029838088027542,0.00264978616071542));
#2083=CARTESIAN_POINT('',(-0.263782,0.0130871524727868,0.0429117861607154));
#2084=CARTESIAN_POINT('',(-0.263782,0.0130871524727868,0.00658978616071543));
#2085=CARTESIAN_POINT('',(-0.263782,-0.0312366434885516,0.00303759638453891));
#2086=CARTESIAN_POINT('',(-0.263782,-0.0312328475272132,0.00404978616071542));
#2087=CARTESIAN_POINT('',(-0.263782,-0.0302206506331661,0.00404978616071542));
#2088=CARTESIAN_POINT('',(-0.263598740014279,-0.0312366434885524,0.00303759638431491));
#2089=CARTESIAN_POINT('',(-0.263466737970241,-0.0312328475126835,0.00404978614612779));
#2090=CARTESIAN_POINT('',(-0.263598740014279,-0.0302206506329451,0.00404978616071542));
#2091=CARTESIAN_POINT('',(-0.26323230690955,-0.0311638224359607,0.00301740358607942));
#2092=CARTESIAN_POINT('',(-0.262897253195819,-0.0310536931878251,0.0038699586885238));
#2093=CARTESIAN_POINT('',(-0.26323230690955,-0.0302007310716925,0.00397688989276681));
#2094=CARTESIAN_POINT('',(-0.262766274963291,-0.0308527649996127,0.00293114940627693));
#2095=CARTESIAN_POINT('',(-0.262522536117744,-0.030595716948496,0.00341026170476757));
#2096=CARTESIAN_POINT('',(-0.262766274963291,-0.0301156440323523,0.00366551117163031));
#2097=CARTESIAN_POINT('',(-0.262454896275318,-0.0303872140329122,0.00280205518757965));
#2098=CARTESIAN_POINT('',(-0.262401587223592,-0.0301971637156481,0.00301021099630165));
#2099=CARTESIAN_POINT('',(-0.262454896275318,-0.0299882966401413,0.00319947934697136));
#2100=CARTESIAN_POINT('',(-0.262382,-0.0300211587169859,0.00270055045789389));
#2101=CARTESIAN_POINT('',(-0.262382000000813,-0.02995466203685,0.00276679817107592));
#2102=CARTESIAN_POINT('',(-0.262382,-0.0298881654123291,0.00283304594008617));
#2103=CARTESIAN_POINT('',(-0.262382,-0.0298380880275419,0.00264978616071538));
#2104=CARTESIAN_POINT('',(-0.262382,-0.0298380880275419,0.00264978616071539));
#2105=CARTESIAN_POINT('',(-0.262382,-0.029838088027542,0.0026497861607154));
#2106=CARTESIAN_POINT('',(-0.263782,-0.029838088027542,0.00264978616071542));
#2107=CARTESIAN_POINT('',(-0.263782,0.0170271524727868,0.00658978616071542));
#2108=CARTESIAN_POINT('',(-0.263782,0.0170271524727869,0.00264978616071543));
#2109=CARTESIAN_POINT('',(-0.263782,-0.0296966727402486,0.0403580490310477));
#2110=CARTESIAN_POINT('',(-0.263782,-0.0298418757766795,0.00163978616071541));
#2111=CARTESIAN_POINT('',(-0.263782,0.000504772730611986,0.00264978616071542));
#2112=CARTESIAN_POINT('',(-0.263782,0.0308528640329708,0.00264978616071543));
#2113=CARTESIAN_POINT('',(-0.263782,-0.0302273185717468,0.000239786160715406));
#2114=CARTESIAN_POINT('',(-0.263782,-0.0312471359670291,0.000239786160715406));
#2115=CARTESIAN_POINT('',(-0.263782,-0.0312433114271324,0.00125959638453888));
#2116=CARTESIAN_POINT('',(-0.263598740014279,-0.030227318571524,0.000239786160715406));
#2117=CARTESIAN_POINT('',(-0.263464742873706,-0.0312471359520691,0.000239786175618082));
#2118=CARTESIAN_POINT('',(-0.263598740014279,-0.0312433114271315,0.00125959638476013));
#2119=CARTESIAN_POINT('',(-0.26323230690955,-0.0302072490423884,0.000312682428608527));
#2120=CARTESIAN_POINT('',(-0.262892669623741,-0.0310650642151277,0.000421176378992349));
#2121=CARTESIAN_POINT('',(-0.26323230690955,-0.0311703404066968,0.00127939239570361));
#2122=CARTESIAN_POINT('',(-0.262766274963291,-0.0301215214103316,0.000624061149994703));
#2123=CARTESIAN_POINT('',(-0.26252022282123,-0.0306026492708446,0.000881860404938813));
#2124=CARTESIAN_POINT('',(-0.262766274963291,-0.0308586423774511,0.00136395168611237));
#2125=CARTESIAN_POINT('',(-0.262454896275318,-0.0299932152612719,0.00109009297373812));
#2126=CARTESIAN_POINT('',(-0.262401189340023,-0.0302021845852865,0.00128082606527773));
#2127=CARTESIAN_POINT('',(-0.262454896275318,-0.0303921326545661,0.00149050921090604));
#2128=CARTESIAN_POINT('',(-0.262382,-0.029892330177383,0.00145652638289826));
#2129=CARTESIAN_POINT('',(-0.262382000002311,-0.0299588268019719,0.00152327290818783));
#2130=CARTESIAN_POINT('',(-0.262382,-0.0300253234809124,0.00159001937934976));
#2131=CARTESIAN_POINT('',(-0.262382,-0.0298418757766795,0.0016397861607154));
#2132=CARTESIAN_POINT('',(-0.262382,-0.0298418757766794,0.00163978616071538));
#2133=CARTESIAN_POINT('',(-0.262382,-0.0298418757766794,0.00163978616071536));
#2134=CARTESIAN_POINT('',(-0.263782,-0.0298418757766795,0.00163978616071541));
#2135=CARTESIAN_POINT('',(-0.263782,0.0312368640329709,0.00404978616071543));
#2136=CARTESIAN_POINT('',(-0.263782,0.0322528640329708,0.00404978616071543));
#2137=CARTESIAN_POINT('',(-0.263782,0.0322528640329709,0.00303378616071543));
#2138=CARTESIAN_POINT('',(-0.263598740014279,0.0312368640327488,0.00404978616071543));
#2139=CARTESIAN_POINT('',(-0.263465744163055,0.0322528640182269,0.00404978614597183));
#2140=CARTESIAN_POINT('',(-0.263598740014279,0.0322528640329709,0.00303378616049349));
#2141=CARTESIAN_POINT('',(-0.26323230690955,0.0312168696281585,0.00397688989279456));
#2142=CARTESIAN_POINT('',(-0.26289496821881,0.0320722578117887,0.00386917993953307));
#2143=CARTESIAN_POINT('',(-0.26323230690955,0.03217996776505,0.00301379175590303));
#2144=CARTESIAN_POINT('',(-0.262766274963291,0.0311314628930531,0.00366551117153322));
#2145=CARTESIAN_POINT('',(-0.262521380466284,0.0316120661426926,0.00340898827043728));
#2146=CARTESIAN_POINT('',(-0.262766274963291,0.0318685890437886,0.00292838502079771));
#2147=CARTESIAN_POINT('',(-0.262454896275318,0.0310036370213079,0.00319947934733205));
#2148=CARTESIAN_POINT('',(-0.262401388296943,0.0312125565646564,0.00300947869240076));
#2149=CARTESIAN_POINT('',(-0.262454896275318,0.0314025572195874,0.00280055914905247));
#2150=CARTESIAN_POINT('',(-0.262382,0.0309031295722424,0.00283304593930936));
#2151=CARTESIAN_POINT('',(-0.262381999996425,0.0309696266644161,0.0027665487921611));
#2152=CARTESIAN_POINT('',(-0.262382,0.0310361238115649,0.00270005169998691));
#2153=CARTESIAN_POINT('',(-0.262382,0.0308528640329709,0.00264978616071543));
#2154=CARTESIAN_POINT('',(-0.262382,0.0308528640329708,0.00264978616071543));
#2155=CARTESIAN_POINT('',(-0.262382,0.0308528640329709,0.00264978616071542));
#2156=CARTESIAN_POINT('',(-0.263782,0.0308528640329708,0.00264978616071543));
#2157=CARTESIAN_POINT('',(-0.263782,0.000504772730611983,0.00163978616071542));
#2158=CARTESIAN_POINT('',(-0.263782,0.0308528640329708,0.00163978616071543));
#2159=CARTESIAN_POINT('',(-0.263782,0.0308528640329708,0.0402447861607154));
#2160=CARTESIAN_POINT('',(-0.263782,0.0308528640329708,0.00163978616071543));
#2161=CARTESIAN_POINT('',(-0.263782,0.0322528640329709,0.00125578616071543));
#2162=CARTESIAN_POINT('',(-0.263782,0.0322528640329708,0.000239786160715432));
#2163=CARTESIAN_POINT('',(-0.263782,0.0312368640329709,0.000239786160715432));
#2164=CARTESIAN_POINT('',(-0.263598740014279,0.0322528640329709,0.00125578616093737));
#2165=CARTESIAN_POINT('',(-0.263465744163055,0.0322528640182269,0.000239786175459054));
#2166=CARTESIAN_POINT('',(-0.263598740014279,0.0312368640327488,0.000239786160715432));
#2167=CARTESIAN_POINT('',(-0.26323230690955,0.03217996776505,0.00127578056552783));
#2168=CARTESIAN_POINT('',(-0.262894968218809,0.0320722578117887,0.000420392381897819));
#2169=CARTESIAN_POINT('',(-0.26323230690955,0.0312168696281585,0.000312682428636299));
#2170=CARTESIAN_POINT('',(-0.262766274963291,0.0318685890437887,0.00136118730063314));
#2171=CARTESIAN_POINT('',(-0.262521380466287,0.0316120661426924,0.000880584050993455));
#2172=CARTESIAN_POINT('',(-0.262766274963291,0.0311314628930531,0.000624061149897655));
#2173=CARTESIAN_POINT('',(-0.262454896275318,0.0314025572195874,0.00148901317237838));
#2174=CARTESIAN_POINT('',(-0.262401388296933,0.0312125565646569,0.00128009362903056));
#2175=CARTESIAN_POINT('',(-0.262454896275318,0.0310036370213079,0.00109009297409881));
#2176=CARTESIAN_POINT('',(-0.262382,0.0310361238115649,0.00158952062144396));
#2177=CARTESIAN_POINT('',(-0.262381999996444,0.030969626664415,0.00152302352926883));
#2178=CARTESIAN_POINT('',(-0.262382,0.0309031295722424,0.00145652638212155));
#2179=CARTESIAN_POINT('',(-0.262382,0.0308528640329709,0.00163978616071543));
#2180=CARTESIAN_POINT('',(-0.262382,0.0308528640329708,0.00163978616071544));
#2181=CARTESIAN_POINT('',(-0.262382,0.0308528640329709,0.00163978616071545));
#2182=MECHANICAL_DESIGN_GEOMETRIC_PRESENTATION_REPRESENTATION('',(#1079),
#2183);
#2183=(
GEOMETRIC_REPRESENTATION_CONTEXT(3)
GLOBAL_UNCERTAINTY_ASSIGNED_CONTEXT((#2184))
GLOBAL_UNIT_ASSIGNED_CONTEXT((#2187,#2186,#2185))
REPRESENTATION_CONTEXT('Vertical Laptop Stand',
'TOP_LEVEL_ASSEMBLY_PART')
);
#2184=UNCERTAINTY_MEASURE_WITH_UNIT(LENGTH_MEASURE(2.E-5),#2187,
'DISTANCE_ACCURACY_VALUE','Maximum Tolerance applied to model');
#2185=(
NAMED_UNIT(*)
SI_UNIT($,.STERADIAN.)
SOLID_ANGLE_UNIT()
);
#2186=(
NAMED_UNIT(*)
PLANE_ANGLE_UNIT()
SI_UNIT($,.RADIAN.)
);
#2187=(
LENGTH_UNIT()
NAMED_UNIT(*)
SI_UNIT($,.METRE.)
);
#2188=PRODUCT_DEFINITION_SHAPE('','',#2189);
#2189=PRODUCT_DEFINITION('','',#2191,#2190);
#2190=PRODUCT_DEFINITION_CONTEXT('',#2197,'design');
#2191=PRODUCT_DEFINITION_FORMATION_WITH_SPECIFIED_SOURCE('','',#2193,
 .NOT_KNOWN.);
#2192=PRODUCT_RELATED_PRODUCT_CATEGORY('','',(#2193));
#2193=PRODUCT('Vertical Laptop Stand','Vertical Laptop Stand',
'Vertical Laptop Stand',(#2195));
#2194=PRODUCT_CATEGORY('','');
#2195=PRODUCT_CONTEXT('',#2197,'mechanical');
#2196=APPLICATION_PROTOCOL_DEFINITION('international standard',
'ap242_managed_model_based_3d_engineering',2020,#2197);
#2197=APPLICATION_CONTEXT('managed model based 3d engineering');
ENDSEC;
END-ISO-10303-21;
